entity,available_at,doc_type,text
tok01,2021-01-10T06:00:00Z,post,The mainnet upgrade shipped on schedule and fees fell.
tok01,2021-02-14T06:00:00Z,post,The foundation published its monthly community update.
tok01,2021-02-21T06:00:00Z,post,The foundation published its monthly community update.
tok01,2021-02-28T06:00:00Z,post,The mainnet upgrade shipped on schedule and fees fell.
tok01,2021-04-04T06:00:00Z,post,The foundation published its monthly community update.
tok01,2021-04-25T06:00:00Z,post,The foundation published its monthly community update.
tok01,2021-05-09T06:00:00Z,post,The foundation published its monthly community update.
tok01,2021-05-16T06:00:00Z,post,The foundation published its monthly community update.
tok01,2021-05-23T06:00:00Z,post,The foundation published its monthly community update.
tok01,2021-05-30T06:00:00Z,post,The team reports a security exploit; withdrawals are paused.
tok01,2021-06-20T06:00:00Z,post,The foundation published its monthly community update.
tok01,2021-06-27T06:00:00Z,post,The foundation published its monthly community update.
tok01,2021-07-04T06:00:00Z,post,The foundation published its monthly community update.
tok01,2021-07-11T06:00:00Z,post,The mainnet upgrade shipped on schedule and fees fell.
tok01,2021-07-18T06:00:00Z,post,The foundation published its monthly community update.
tok01,2021-08-29T06:00:00Z,post,The foundation published its monthly community update.
tok01,2021-09-05T06:00:00Z,post,The foundation published its monthly community update.
tok01,2021-09-12T06:00:00Z,post,The foundation published its monthly community update.
tok01,2021-09-19T06:00:00Z,post,The foundation published its monthly community update.
tok01,2021-10-10T06:00:00Z,post,The team reports a security exploit; withdrawals are paused.
tok01,2021-10-17T06:00:00Z,post,The team reports a security exploit; withdrawals are paused.
tok01,2021-10-24T06:00:00Z,post,The foundation published its monthly community update.
tok01,2021-10-31T06:00:00Z,post,The foundation published its monthly community update.
tok01,2021-11-21T06:00:00Z,post,The foundation published its monthly community update.
tok01,2021-11-28T06:00:00Z,post,The team reports a security exploit; withdrawals are paused.
tok01,2021-12-12T06:00:00Z,post,The team reports a security exploit; withdrawals are paused.
tok01,2021-12-26T06:00:00Z,post,The mainnet upgrade shipped on schedule and fees fell.
tok01,2022-01-02T06:00:00Z,post,The foundation published its monthly community update.
tok01,2022-01-09T06:00:00Z,post,The mainnet upgrade shipped on schedule and fees fell.
tok01,2022-01-23T06:00:00Z,post,The mainnet upgrade shipped on schedule and fees fell.
tok01,2022-02-06T06:00:00Z,post,The foundation published its monthly community update.
tok01,2022-02-13T06:00:00Z,post,The team reports a security exploit; withdrawals are paused.
tok01,2022-02-20T06:00:00Z,post,The mainnet upgrade shipped on schedule and fees fell.
tok01,2022-02-27T06:00:00Z,post,The team reports a security exploit; withdrawals are paused.
tok01,2022-03-13T06:00:00Z,post,The mainnet upgrade shipped on schedule and fees fell.
tok01,2022-03-20T06:00:00Z,post,The team reports a security exploit; withdrawals are paused.
tok01,2022-03-27T06:00:00Z,post,The foundation published its monthly community update.
tok01,2022-04-10T06:00:00Z,post,The foundation published its monthly community update.
tok01,2022-05-15T06:00:00Z,post,The team reports a security exploit; withdrawals are paused.
tok01,2022-05-29T06:00:00Z,post,The team reports a security exploit; withdrawals are paused.
tok01,2022-06-05T06:00:00Z,post,The foundation published its monthly community update.
tok01,2022-06-12T06:00:00Z,post,The foundation published its monthly community update.
tok01,2022-06-26T06:00:00Z,post,The foundation published its monthly community update.
tok01,2022-07-03T06:00:00Z,post,The foundation published its monthly community update.
tok01,2022-07-10T06:00:00Z,post,The mainnet upgrade shipped on schedule and fees fell.
tok01,2022-07-17T06:00:00Z,post,The mainnet upgrade shipped on schedule and fees fell.
tok01,2022-07-31T06:00:00Z,post,The foundation published its monthly community update.
tok01,2022-08-21T06:00:00Z,post,The foundation published its monthly community update.
tok01,2022-08-28T06:00:00Z,post,The foundation published its monthly community update.
tok01,2022-09-04T06:00:00Z,post,The foundation published its monthly community update.
tok01,2022-09-11T06:00:00Z,post,The foundation published its monthly community update.
tok01,2022-09-18T06:00:00Z,post,The mainnet upgrade shipped on schedule and fees fell.
tok01,2022-09-25T06:00:00Z,post,The mainnet upgrade shipped on schedule and fees fell.
tok01,2022-10-02T06:00:00Z,post,The team reports a security exploit; withdrawals are paused.
tok01,2022-10-16T06:00:00Z,post,The foundation published its monthly community update.
tok01,2022-10-23T06:00:00Z,post,The foundation published its monthly community update.
tok01,2022-11-20T06:00:00Z,post,The foundation published its monthly community update.
tok01,2022-11-27T06:00:00Z,post,The foundation published its monthly community update.
tok01,2022-12-18T06:00:00Z,post,The mainnet upgrade shipped on schedule and fees fell.
tok01,2023-01-15T06:00:00Z,post,The foundation published its monthly community update.
tok01,2023-02-12T06:00:00Z,post,The foundation published its monthly community update.
tok01,2023-02-26T06:00:00Z,post,The mainnet upgrade shipped on schedule and fees fell.
tok01,2023-03-05T06:00:00Z,post,The foundation published its monthly community update.
tok01,2023-03-12T06:00:00Z,post,The foundation published its monthly community update.
tok01,2023-03-19T06:00:00Z,post,The foundation published its monthly community update.
tok01,2023-04-16T06:00:00Z,post,The foundation published its monthly community update.
tok01,2023-04-23T06:00:00Z,post,The team reports a security exploit; withdrawals are paused.
tok01,2023-05-07T06:00:00Z,post,The foundation published its monthly community update.
tok01,2023-05-21T06:00:00Z,post,The foundation published its monthly community update.
tok01,2023-05-28T06:00:00Z,post,The foundation published its monthly community update.
tok01,2023-06-04T06:00:00Z,post,The foundation published its monthly community update.
tok01,2023-06-25T06:00:00Z,post,The foundation published its monthly community update.
tok01,2023-07-23T06:00:00Z,post,The team reports a security exploit; withdrawals are paused.
tok01,2023-08-06T06:00:00Z,post,The mainnet upgrade shipped on schedule and fees fell.
tok01,2023-08-13T06:00:00Z,post,The foundation published its monthly community update.
tok01,2023-08-20T06:00:00Z,post,The team reports a security exploit; withdrawals are paused.
tok01,2023-08-27T06:00:00Z,post,The foundation published its monthly community update.
tok01,2023-09-17T06:00:00Z,post,The foundation published its monthly community update.
tok01,2023-09-24T06:00:00Z,post,The foundation published its monthly community update.
tok01,2023-10-22T06:00:00Z,post,The foundation published its monthly community update.
tok01,2023-10-29T06:00:00Z,post,The foundation published its monthly community update.
tok01,2023-11-12T06:00:00Z,post,The foundation published its monthly community update.
tok01,2023-11-19T06:00:00Z,post,The mainnet upgrade shipped on schedule and fees fell.
tok01,2023-12-03T06:00:00Z,post,The foundation published its monthly community update.
tok01,2023-12-24T06:00:00Z,post,The foundation published its monthly community update.
tok01,2023-12-31T06:00:00Z,post,The foundation published its monthly community update.
tok02,2021-01-03T06:00:00Z,post,The foundation published its monthly community update.
tok02,2021-01-10T06:00:00Z,post,The team reports a security exploit; withdrawals are paused.
tok02,2021-01-17T06:00:00Z,post,The mainnet upgrade shipped on schedule and fees fell.
tok02,2021-01-31T06:00:00Z,post,The foundation published its monthly community update.
tok02,2021-02-21T06:00:00Z,post,The mainnet upgrade shipped on schedule and fees fell.
tok02,2021-03-21T06:00:00Z,post,The mainnet upgrade shipped on schedule and fees fell.
tok02,2021-03-28T06:00:00Z,post,The foundation published its monthly community update.
tok02,2021-04-25T06:00:00Z,post,The foundation published its monthly community update.
tok02,2021-05-02T06:00:00Z,post,The foundation published its monthly community update.
tok02,2021-05-23T06:00:00Z,post,The foundation published its monthly community update.
tok02,2021-05-30T06:00:00Z,post,The foundation published its monthly community update.
tok02,2021-06-06T06:00:00Z,post,The mainnet upgrade shipped on schedule and fees fell.
tok02,2021-06-20T06:00:00Z,post,The foundation published its monthly community update.
tok02,2021-06-27T06:00:00Z,post,The foundation published its monthly community update.
tok02,2021-07-04T06:00:00Z,post,The foundation published its monthly community update.
tok02,2021-07-11T06:00:00Z,post,The foundation published its monthly community update.
tok02,2021-07-18T06:00:00Z,post,The mainnet upgrade shipped on schedule and fees fell.
tok02,2021-07-25T06:00:00Z,post,The team reports a security exploit; withdrawals are paused.
tok02,2021-08-15T06:00:00Z,post,The foundation published its monthly community update.
tok02,2021-09-19T06:00:00Z,post,The foundation published its monthly community update.
tok02,2021-10-03T06:00:00Z,post,The foundation published its monthly community update.
tok02,2021-10-10T06:00:00Z,post,The foundation published its monthly community update.
tok02,2021-10-17T06:00:00Z,post,The mainnet upgrade shipped on schedule and fees fell.
tok02,2021-12-05T06:00:00Z,post,The mainnet upgrade shipped on schedule and fees fell.
tok02,2021-12-12T06:00:00Z,post,The foundation published its monthly community update.
tok02,2021-12-19T06:00:00Z,post,The foundation published its monthly community update.
tok02,2021-12-26T06:00:00Z,post,The foundation published its monthly community update.
tok02,2022-01-16T06:00:00Z,post,The foundation published its monthly community update.
tok02,2022-02-13T06:00:00Z,post,The foundation published its monthly community update.
tok02,2022-02-20T06:00:00Z,post,The foundation published its monthly community update.
tok02,2022-02-27T06:00:00Z,post,The mainnet upgrade shipped on schedule and fees fell.
tok02,2022-03-20T06:00:00Z,post,The mainnet upgrade shipped on schedule and fees fell.
tok02,2022-03-27T06:00:00Z,post,The foundation published its monthly community update.
tok02,2022-04-03T06:00:00Z,post,The foundation published its monthly community update.
tok02,2022-05-01T06:00:00Z,post,The mainnet upgrade shipped on schedule and fees fell.
tok02,2022-05-08T06:00:00Z,post,The team reports a security exploit; withdrawals are paused.
tok02,2022-06-05T06:00:00Z,post,The foundation published its monthly community update.
tok02,2022-06-12T06:00:00Z,post,The foundation published its monthly community update.
tok02,2022-06-19T06:00:00Z,post,The mainnet upgrade shipped on schedule and fees fell.
tok02,2022-07-10T06:00:00Z,post,The team reports a security exploit; withdrawals are paused.
tok02,2022-07-17T06:00:00Z,post,The foundation published its monthly community update.
tok02,2022-07-24T06:00:00Z,post,The foundation published its monthly community update.
tok02,2022-09-04T06:00:00Z,post,The foundation published its monthly community update.
tok02,2022-09-18T06:00:00Z,post,The mainnet upgrade shipped on schedule and fees fell.
tok02,2022-11-06T06:00:00Z,post,The mainnet upgrade shipped on schedule and fees fell.
tok02,2022-12-04T06:00:00Z,post,The foundation published its monthly community update.
tok02,2022-12-11T06:00:00Z,post,The foundation published its monthly community update.
tok02,2022-12-18T06:00:00Z,post,The mainnet upgrade shipped on schedule and fees fell.
tok02,2022-12-25T06:00:00Z,post,The foundation published its monthly community update.
tok02,2023-01-08T06:00:00Z,post,The team reports a security exploit; withdrawals are paused.
tok02,2023-01-15T06:00:00Z,post,The mainnet upgrade shipped on schedule and fees fell.
tok02,2023-01-22T06:00:00Z,post,The foundation published its monthly community update.
tok02,2023-01-29T06:00:00Z,post,The team reports a security exploit; withdrawals are paused.
tok02,2023-02-19T06:00:00Z,post,The foundation published its monthly community update.
tok02,2023-02-26T06:00:00Z,post,The team reports a security exploit; withdrawals are paused.
tok02,2023-03-26T06:00:00Z,post,The foundation published its monthly community update.
tok02,2023-04-16T06:00:00Z,post,The foundation published its monthly community update.
tok02,2023-04-23T06:00:00Z,post,The mainnet upgrade shipped on schedule and fees fell.
tok02,2023-05-07T06:00:00Z,post,The team reports a security exploit; withdrawals are paused.
tok02,2023-05-14T06:00:00Z,post,The foundation published its monthly community update.
tok02,2023-05-28T06:00:00Z,post,The foundation published its monthly community update.
tok02,2023-06-18T06:00:00Z,post,The mainnet upgrade shipped on schedule and fees fell.
tok02,2023-07-09T06:00:00Z,post,The mainnet upgrade shipped on schedule and fees fell.
tok02,2023-07-16T06:00:00Z,post,The mainnet upgrade shipped on schedule and fees fell.
tok02,2023-07-30T06:00:00Z,post,The mainnet upgrade shipped on schedule and fees fell.
tok02,2023-08-13T06:00:00Z,post,The foundation published its monthly community update.
tok02,2023-08-20T06:00:00Z,post,The team reports a security exploit; withdrawals are paused.
tok02,2023-09-17T06:00:00Z,post,The foundation published its monthly community update.
tok02,2023-09-24T06:00:00Z,post,The mainnet upgrade shipped on schedule and fees fell.
tok02,2023-10-01T06:00:00Z,post,The foundation published its monthly community update.
tok02,2023-10-08T06:00:00Z,post,The mainnet upgrade shipped on schedule and fees fell.
tok02,2023-10-22T06:00:00Z,post,The mainnet upgrade shipped on schedule and fees fell.
tok02,2023-11-12T06:00:00Z,post,The mainnet upgrade shipped on schedule and fees fell.
tok02,2023-11-19T06:00:00Z,post,The team reports a security exploit; withdrawals are paused.
tok02,2023-11-26T06:00:00Z,post,The foundation published its monthly community update.
tok02,2023-12-03T06:00:00Z,post,The foundation published its monthly community update.
tok02,2023-12-10T06:00:00Z,post,The foundation published its monthly community update.
tok02,2023-12-24T06:00:00Z,post,The foundation published its monthly community update.
tok02,2023-12-31T06:00:00Z,post,The foundation published its monthly community update.
tok03,2021-01-03T06:00:00Z,post,The mainnet upgrade shipped on schedule and fees fell.
tok03,2021-01-17T06:00:00Z,post,The foundation published its monthly community update.
tok03,2021-01-24T06:00:00Z,post,The foundation published its monthly community update.
tok03,2021-02-07T06:00:00Z,post,The mainnet upgrade shipped on schedule and fees fell.
tok03,2021-02-14T06:00:00Z,post,The foundation published its monthly community update.
tok03,2021-02-28T06:00:00Z,post,The foundation published its monthly community update.
tok03,2021-03-07T06:00:00Z,post,The mainnet upgrade shipped on schedule and fees fell.
tok03,2021-03-21T06:00:00Z,post,The mainnet upgrade shipped on schedule and fees fell.
tok03,2021-04-04T06:00:00Z,post,The mainnet upgrade shipped on schedule and fees fell.
tok03,2021-04-11T06:00:00Z,post,The team reports a security exploit; withdrawals are paused.
tok03,2021-04-18T06:00:00Z,post,The mainnet upgrade shipped on schedule and fees fell.
tok03,2021-04-25T06:00:00Z,post,The mainnet upgrade shipped on schedule and fees fell.
tok03,2021-05-30T06:00:00Z,post,The team reports a security exploit; withdrawals are paused.
tok03,2021-06-06T06:00:00Z,post,The mainnet upgrade shipped on schedule and fees fell.
tok03,2021-06-20T06:00:00Z,post,The foundation published its monthly community update.
tok03,2021-07-18T06:00:00Z,post,The foundation published its monthly community update.
tok03,2021-07-25T06:00:00Z,post,The foundation published its monthly community update.
tok03,2021-08-01T06:00:00Z,post,The foundation published its monthly community update.
tok03,2021-08-08T06:00:00Z,post,The foundation published its monthly community update.
tok03,2021-08-15T06:00:00Z,post,The foundation published its monthly community update.
tok03,2021-08-22T06:00:00Z,post,The team reports a security exploit; withdrawals are paused.
tok03,2021-09-05T06:00:00Z,post,The foundation published its monthly community update.
tok03,2021-10-03T06:00:00Z,post,The foundation published its monthly community update.
tok03,2021-10-10T06:00:00Z,post,The foundation published its monthly community update.
tok03,2021-10-17T06:00:00Z,post,The team reports a security exploit; withdrawals are paused.
tok03,2021-10-31T06:00:00Z,post,The mainnet upgrade shipped on schedule and fees fell.
tok03,2021-11-21T06:00:00Z,post,The foundation published its monthly community update.
tok03,2021-12-05T06:00:00Z,post,The mainnet upgrade shipped on schedule and fees fell.
tok03,2021-12-19T06:00:00Z,post,The foundation published its monthly community update.
tok03,2022-01-02T06:00:00Z,post,The mainnet upgrade shipped on schedule and fees fell.
tok03,2022-01-09T06:00:00Z,post,The foundation published its monthly community update.
tok03,2022-01-16T06:00:00Z,post,The foundation published its monthly community update.
tok03,2022-02-06T06:00:00Z,post,The foundation published its monthly community update.
tok03,2022-02-27T06:00:00Z,post,The foundation published its monthly community update.
tok03,2022-03-06T06:00:00Z,post,The mainnet upgrade shipped on schedule and fees fell.
tok03,2022-03-13T06:00:00Z,post,The team reports a security exploit; withdrawals are paused.
tok03,2022-03-20T06:00:00Z,post,The foundation published its monthly community update.
tok03,2022-03-27T06:00:00Z,post,The team reports a security exploit; withdrawals are paused.
tok03,2022-04-03T06:00:00Z,post,The foundation published its monthly community update.
tok03,2022-04-24T06:00:00Z,post,The foundation published its monthly community update.
tok03,2022-05-15T06:00:00Z,post,The foundation published its monthly community update.
tok03,2022-05-22T06:00:00Z,post,The foundation published its monthly community update.
tok03,2022-05-29T06:00:00Z,post,The foundation published its monthly community update.
tok03,2022-06-26T06:00:00Z,post,The foundation published its monthly community update.
tok03,2022-07-03T06:00:00Z,post,The mainnet upgrade shipped on schedule and fees fell.
tok03,2022-07-17T06:00:00Z,post,The foundation published its monthly community update.
tok03,2022-07-24T06:00:00Z,post,The foundation published its monthly community update.
tok03,2022-07-31T06:00:00Z,post,The foundation published its monthly community update.
tok03,2022-08-21T06:00:00Z,post,The foundation published its monthly community update.
tok03,2022-09-04T06:00:00Z,post,The foundation published its monthly community update.
tok03,2022-09-11T06:00:00Z,post,The foundation published its monthly community update.
tok03,2022-09-18T06:00:00Z,post,The mainnet upgrade shipped on schedule and fees fell.
tok03,2022-10-02T06:00:00Z,post,The foundation published its monthly community update.
tok03,2022-10-16T06:00:00Z,post,The mainnet upgrade shipped on schedule and fees fell.
tok03,2022-12-11T06:00:00Z,post,The mainnet upgrade shipped on schedule and fees fell.
tok03,2022-12-18T06:00:00Z,post,The foundation published its monthly community update.
tok03,2022-12-25T06:00:00Z,post,The mainnet upgrade shipped on schedule and fees fell.
tok03,2023-01-01T06:00:00Z,post,The mainnet upgrade shipped on schedule and fees fell.
tok03,2023-01-22T06:00:00Z,post,The foundation published its monthly community update.
tok03,2023-02-12T06:00:00Z,post,The foundation published its monthly community update.
tok03,2023-03-19T06:00:00Z,post,The team reports a security exploit; withdrawals are paused.
tok03,2023-03-26T06:00:00Z,post,The foundation published its monthly community update.
tok03,2023-04-02T06:00:00Z,post,The foundation published its monthly community update.
tok03,2023-04-09T06:00:00Z,post,The foundation published its monthly community update.
tok03,2023-04-30T06:00:00Z,post,The mainnet upgrade shipped on schedule and fees fell.
tok03,2023-05-14T06:00:00Z,post,The foundation published its monthly community update.
tok03,2023-05-21T06:00:00Z,post,The mainnet upgrade shipped on schedule and fees fell.
tok03,2023-05-28T06:00:00Z,post,The mainnet upgrade shipped on schedule and fees fell.
tok03,2023-06-18T06:00:00Z,post,The foundation published its monthly community update.
tok03,2023-06-25T06:00:00Z,post,The mainnet upgrade shipped on schedule and fees fell.
tok03,2023-07-23T06:00:00Z,post,The foundation published its monthly community update.
tok03,2023-08-06T06:00:00Z,post,The team reports a security exploit; withdrawals are paused.
tok03,2023-08-20T06:00:00Z,post,The foundation published its monthly community update.
tok03,2023-09-10T06:00:00Z,post,The foundation published its monthly community update.
tok03,2023-10-08T06:00:00Z,post,The foundation published its monthly community update.
tok03,2023-10-22T06:00:00Z,post,The foundation published its monthly community update.
tok03,2023-12-03T06:00:00Z,post,The mainnet upgrade shipped on schedule and fees fell.
tok03,2023-12-17T06:00:00Z,post,The foundation published its monthly community update.
tok04,2021-01-10T06:00:00Z,post,The foundation published its monthly community update.
tok04,2021-02-07T06:00:00Z,post,The mainnet upgrade shipped on schedule and fees fell.
tok04,2021-02-28T06:00:00Z,post,The team reports a security exploit; withdrawals are paused.
tok04,2021-03-07T06:00:00Z,post,The mainnet upgrade shipped on schedule and fees fell.
tok04,2021-04-04T06:00:00Z,post,The mainnet upgrade shipped on schedule and fees fell.
tok04,2021-04-11T06:00:00Z,post,The foundation published its monthly community update.
tok04,2021-05-02T06:00:00Z,post,The foundation published its monthly community update.
tok04,2021-05-23T06:00:00Z,post,The foundation published its monthly community update.
tok04,2021-06-06T06:00:00Z,post,The foundation published its monthly community update.
tok04,2021-06-13T06:00:00Z,post,The mainnet upgrade shipped on schedule and fees fell.
tok04,2021-07-04T06:00:00Z,post,The foundation published its monthly community update.
tok04,2021-07-11T06:00:00Z,post,The foundation published its monthly community update.
tok04,2021-07-18T06:00:00Z,post,The team reports a security exploit; withdrawals are paused.
tok04,2021-07-25T06:00:00Z,post,The mainnet upgrade shipped on schedule and fees fell.
tok04,2021-08-29T06:00:00Z,post,The mainnet upgrade shipped on schedule and fees fell.
tok04,2021-09-05T06:00:00Z,post,The foundation published its monthly community update.
tok04,2021-09-19T06:00:00Z,post,The foundation published its monthly community update.
tok04,2021-10-03T06:00:00Z,post,The foundation published its monthly community update.
tok04,2021-10-31T06:00:00Z,post,The mainnet upgrade shipped on schedule and fees fell.
tok04,2021-11-14T06:00:00Z,post,The mainnet upgrade shipped on schedule and fees fell.
tok04,2021-11-21T06:00:00Z,post,The foundation published its monthly community update.
tok04,2021-11-28T06:00:00Z,post,The mainnet upgrade shipped on schedule and fees fell.
tok04,2021-12-19T06:00:00Z,post,The mainnet upgrade shipped on schedule and fees fell.
tok04,2021-12-26T06:00:00Z,post,The mainnet upgrade shipped on schedule and fees fell.
tok04,2022-01-16T06:00:00Z,post,The team reports a security exploit; withdrawals are paused.
tok04,2022-01-23T06:00:00Z,post,The mainnet upgrade shipped on schedule and fees fell.
tok04,2022-01-30T06:00:00Z,post,The team reports a security exploit; withdrawals are paused.
tok04,2022-02-27T06:00:00Z,post,The foundation published its monthly community update.
tok04,2022-03-06T06:00:00Z,post,The mainnet upgrade shipped on schedule and fees fell.
tok04,2022-04-24T06:00:00Z,post,The foundation published its monthly community update.
tok04,2022-05-01T06:00:00Z,post,The foundation published its monthly community update.
tok04,2022-05-08T06:00:00Z,post,The mainnet upgrade shipped on schedule and fees fell.
tok04,2022-05-15T06:00:00Z,post,The foundation published its monthly community update.
tok04,2022-05-22T06:00:00Z,post,The foundation published its monthly community update.
tok04,2022-06-19T06:00:00Z,post,The team reports a security exploit; withdrawals are paused.
tok04,2022-07-03T06:00:00Z,post,The foundation published its monthly community update.
tok04,2022-07-24T06:00:00Z,post,The mainnet upgrade shipped on schedule and fees fell.
tok04,2022-08-07T06:00:00Z,post,The mainnet upgrade shipped on schedule and fees fell.
tok04,2022-08-28T06:00:00Z,post,The foundation published its monthly community update.
tok04,2022-10-09T06:00:00Z,post,The team reports a security exploit; withdrawals are paused.
tok04,2022-10-30T06:00:00Z,post,The foundation published its monthly community update.
tok04,2022-12-25T06:00:00Z,post,The foundation published its monthly community update.
tok04,2023-01-22T06:00:00Z,post,The mainnet upgrade shipped on schedule and fees fell.
tok04,2023-01-29T06:00:00Z,post,The mainnet upgrade shipped on schedule and fees fell.
tok04,2023-02-19T06:00:00Z,post,The foundation published its monthly community update.
tok04,2023-03-12T06:00:00Z,post,The foundation published its monthly community update.
tok04,2023-03-19T06:00:00Z,post,The foundation published its monthly community update.
tok04,2023-04-02T06:00:00Z,post,The foundation published its monthly community update.
tok04,2023-04-09T06:00:00Z,post,The foundation published its monthly community update.
tok04,2023-04-16T06:00:00Z,post,The mainnet upgrade shipped on schedule and fees fell.
tok04,2023-04-23T06:00:00Z,post,The foundation published its monthly community update.
tok04,2023-04-30T06:00:00Z,post,The team reports a security exploit; withdrawals are paused.
tok04,2023-05-21T06:00:00Z,post,The team reports a security exploit; withdrawals are paused.
tok04,2023-06-04T06:00:00Z,post,The foundation published its monthly community update.
tok04,2023-06-11T06:00:00Z,post,The mainnet upgrade shipped on schedule and fees fell.
tok04,2023-06-25T06:00:00Z,post,The mainnet upgrade shipped on schedule and fees fell.
tok04,2023-07-23T06:00:00Z,post,The mainnet upgrade shipped on schedule and fees fell.
tok04,2023-07-30T06:00:00Z,post,The foundation published its monthly community update.
tok04,2023-09-17T06:00:00Z,post,The mainnet upgrade shipped on schedule and fees fell.
tok04,2023-09-24T06:00:00Z,post,The mainnet upgrade shipped on schedule and fees fell.
tok04,2023-10-08T06:00:00Z,post,The foundation published its monthly community update.
tok04,2023-10-22T06:00:00Z,post,The foundation published its monthly community update.
tok04,2023-11-05T06:00:00Z,post,The foundation published its monthly community update.
tok04,2023-11-19T06:00:00Z,post,The mainnet upgrade shipped on schedule and fees fell.
tok04,2023-12-10T06:00:00Z,post,The mainnet upgrade shipped on schedule and fees fell.
tok04,2023-12-17T06:00:00Z,post,The mainnet upgrade shipped on schedule and fees fell.
tok04,2023-12-31T06:00:00Z,post,The mainnet upgrade shipped on schedule and fees fell.
tok05,2021-01-03T06:00:00Z,post,The mainnet upgrade shipped on schedule and fees fell.
tok05,2021-01-10T06:00:00Z,post,The mainnet upgrade shipped on schedule and fees fell.
tok05,2021-01-17T06:00:00Z,post,The mainnet upgrade shipped on schedule and fees fell.
tok05,2021-02-14T06:00:00Z,post,The foundation published its monthly community update.
tok05,2021-03-07T06:00:00Z,post,The foundation published its monthly community update.
tok05,2021-03-28T06:00:00Z,post,The mainnet upgrade shipped on schedule and fees fell.
tok05,2021-04-11T06:00:00Z,post,The mainnet upgrade shipped on schedule and fees fell.
tok05,2021-05-09T06:00:00Z,post,The mainnet upgrade shipped on schedule and fees fell.
tok05,2021-05-30T06:00:00Z,post,The foundation published its monthly community update.
tok05,2021-06-06T06:00:00Z,post,The foundation published its monthly community update.
tok05,2021-06-13T06:00:00Z,post,The team reports a security exploit; withdrawals are paused.
tok05,2021-06-20T06:00:00Z,post,The mainnet upgrade shipped on schedule and fees fell.
tok05,2021-07-04T06:00:00Z,post,The foundation published its monthly community update.
tok05,2021-07-11T06:00:00Z,post,The foundation published its monthly community update.
tok05,2021-07-25T06:00:00Z,post,The foundation published its monthly community update.
tok05,2021-08-08T06:00:00Z,post,The foundation published its monthly community update.
tok05,2021-08-15T06:00:00Z,post,The mainnet upgrade shipped on schedule and fees fell.
tok05,2021-08-22T06:00:00Z,post,The foundation published its monthly community update.
tok05,2021-09-12T06:00:00Z,post,The foundation published its monthly community update.
tok05,2021-10-10T06:00:00Z,post,The foundation published its monthly community update.
tok05,2021-10-17T06:00:00Z,post,The foundation published its monthly community update.
tok05,2021-10-31T06:00:00Z,post,The team reports a security exploit; withdrawals are paused.
tok05,2021-11-14T06:00:00Z,post,The foundation published its monthly community update.
tok05,2021-11-28T06:00:00Z,post,The mainnet upgrade shipped on schedule and fees fell.
tok05,2022-02-06T06:00:00Z,post,The foundation published its monthly community update.
tok05,2022-02-13T06:00:00Z,post,The foundation published its monthly community update.
tok05,2022-02-27T06:00:00Z,post,The mainnet upgrade shipped on schedule and fees fell.
tok05,2022-03-06T06:00:00Z,post,The mainnet upgrade shipped on schedule and fees fell.
tok05,2022-03-27T06:00:00Z,post,The foundation published its monthly community update.
tok05,2022-04-10T06:00:00Z,post,The mainnet upgrade shipped on schedule and fees fell.
tok05,2022-04-17T06:00:00Z,post,The team reports a security exploit; withdrawals are paused.
tok05,2022-05-15T06:00:00Z,post,The team reports a security exploit; withdrawals are paused.
tok05,2022-05-29T06:00:00Z,post,The foundation published its monthly community update.
tok05,2022-06-26T06:00:00Z,post,The foundation published its monthly community update.
tok05,2022-07-17T06:00:00Z,post,The foundation published its monthly community update.
tok05,2022-07-24T06:00:00Z,post,The foundation published its monthly community update.
tok05,2022-07-31T06:00:00Z,post,The team reports a security exploit; withdrawals are paused.
tok05,2022-08-07T06:00:00Z,post,The foundation published its monthly community update.
tok05,2022-09-04T06:00:00Z,post,The foundation published its monthly community update.
tok05,2022-10-09T06:00:00Z,post,The foundation published its monthly community update.
tok05,2022-10-16T06:00:00Z,post,The mainnet upgrade shipped on schedule and fees fell.
tok05,2022-10-23T06:00:00Z,post,The foundation published its monthly community update.
tok05,2022-11-13T06:00:00Z,post,The foundation published its monthly community update.
tok05,2022-11-27T06:00:00Z,post,The mainnet upgrade shipped on schedule and fees fell.
tok05,2022-12-04T06:00:00Z,post,The team reports a security exploit; withdrawals are paused.
tok05,2022-12-11T06:00:00Z,post,The foundation published its monthly community update.
tok05,2022-12-25T06:00:00Z,post,The foundation published its monthly community update.
tok05,2023-01-01T06:00:00Z,post,The foundation published its monthly community update.
tok05,2023-02-05T06:00:00Z,post,The foundation published its monthly community update.
tok05,2023-02-12T06:00:00Z,post,The mainnet upgrade shipped on schedule and fees fell.
tok05,2023-02-26T06:00:00Z,post,The foundation published its monthly community update.
tok05,2023-03-26T06:00:00Z,post,The mainnet upgrade shipped on schedule and fees fell.
tok05,2023-04-02T06:00:00Z,post,The foundation published its monthly community update.
tok05,2023-04-09T06:00:00Z,post,The foundation published its monthly community update.
tok05,2023-04-23T06:00:00Z,post,The foundation published its monthly community update.
tok05,2023-04-30T06:00:00Z,post,The mainnet upgrade shipped on schedule and fees fell.
tok05,2023-05-07T06:00:00Z,post,The foundation published its monthly community update.
tok05,2023-05-14T06:00:00Z,post,The team reports a security exploit; withdrawals are paused.
tok05,2023-05-28T06:00:00Z,post,The mainnet upgrade shipped on schedule and fees fell.
tok05,2023-06-18T06:00:00Z,post,The foundation published its monthly community update.
tok05,2023-07-02T06:00:00Z,post,The mainnet upgrade shipped on schedule and fees fell.
tok05,2023-07-23T06:00:00Z,post,The foundation published its monthly community update.
tok05,2023-07-30T06:00:00Z,post,The foundation published its monthly community update.
tok05,2023-08-06T06:00:00Z,post,The team reports a security exploit; withdrawals are paused.
tok05,2023-09-03T06:00:00Z,post,The foundation published its monthly community update.
tok05,2023-09-10T06:00:00Z,post,The team reports a security exploit; withdrawals are paused.
tok05,2023-10-22T06:00:00Z,post,The foundation published its monthly community update.
tok05,2023-10-29T06:00:00Z,post,The foundation published its monthly community update.
tok05,2023-11-12T06:00:00Z,post,The mainnet upgrade shipped on schedule and fees fell.
tok05,2023-11-26T06:00:00Z,post,The foundation published its monthly community update.
tok05,2023-12-17T06:00:00Z,post,The mainnet upgrade shipped on schedule and fees fell.
tok05,2023-12-24T06:00:00Z,post,The foundation published its monthly community update.
tok06,2021-01-03T06:00:00Z,post,The mainnet upgrade shipped on schedule and fees fell.
tok06,2021-01-17T06:00:00Z,post,The foundation published its monthly community update.
tok06,2021-01-31T06:00:00Z,post,The foundation published its monthly community update.
tok06,2021-02-07T06:00:00Z,post,The foundation published its monthly community update.
tok06,2021-02-14T06:00:00Z,post,The team reports a security exploit; withdrawals are paused.
tok06,2021-02-21T06:00:00Z,post,The mainnet upgrade shipped on schedule and fees fell.
tok06,2021-02-28T06:00:00Z,post,The mainnet upgrade shipped on schedule and fees fell.
tok06,2021-03-21T06:00:00Z,post,The mainnet upgrade shipped on schedule and fees fell.
tok06,2021-04-04T06:00:00Z,post,The foundation published its monthly community update.
tok06,2021-04-11T06:00:00Z,post,The foundation published its monthly community update.
tok06,2021-04-25T06:00:00Z,post,The mainnet upgrade shipped on schedule and fees fell.
tok06,2021-05-02T06:00:00Z,post,The foundation published its monthly community update.
tok06,2021-05-16T06:00:00Z,post,The foundation published its monthly community update.
tok06,2021-05-23T06:00:00Z,post,The team reports a security exploit; withdrawals are paused.
tok06,2021-05-30T06:00:00Z,post,The foundation published its monthly community update.
tok06,2021-06-06T06:00:00Z,post,The foundation published its monthly community update.
tok06,2021-06-13T06:00:00Z,post,The mainnet upgrade shipped on schedule and fees fell.
tok06,2021-06-20T06:00:00Z,post,The foundation published its monthly community update.
tok06,2021-06-27T06:00:00Z,post,The foundation published its monthly community update.
tok06,2021-07-04T06:00:00Z,post,The team reports a security exploit; withdrawals are paused.
tok06,2021-07-18T06:00:00Z,post,The foundation published its monthly community update.
tok06,2021-07-25T06:00:00Z,post,The foundation published its monthly community update.
tok06,2021-08-08T06:00:00Z,post,The foundation published its monthly community update.
tok06,2021-08-29T06:00:00Z,post,The mainnet upgrade shipped on schedule and fees fell.
tok06,2021-09-05T06:00:00Z,post,The team reports a security exploit; withdrawals are paused.
tok06,2021-10-03T06:00:00Z,post,The foundation published its monthly community update.
tok06,2021-10-10T06:00:00Z,post,The foundation published its monthly community update.
tok06,2021-10-31T06:00:00Z,post,The team reports a security exploit; withdrawals are paused.
tok06,2021-12-12T06:00:00Z,post,The mainnet upgrade shipped on schedule and fees fell.
tok06,2021-12-19T06:00:00Z,post,The foundation published its monthly community update.
tok06,2021-12-26T06:00:00Z,post,The foundation published its monthly community update.
tok06,2022-01-02T06:00:00Z,post,The mainnet upgrade shipped on schedule and fees fell.
tok06,2022-01-09T06:00:00Z,post,The foundation published its monthly community update.
tok06,2022-01-30T06:00:00Z,post,The team reports a security exploit; withdrawals are paused.
tok06,2022-02-27T06:00:00Z,post,The foundation published its monthly community update.
tok06,2022-03-13T06:00:00Z,post,The mainnet upgrade shipped on schedule and fees fell.
tok06,2022-03-20T06:00:00Z,post,The foundation published its monthly community update.
tok06,2022-03-27T06:00:00Z,post,The foundation published its monthly community update.
tok06,2022-05-08T06:00:00Z,post,The foundation published its monthly community update.
tok06,2022-05-15T06:00:00Z,post,The team reports a security exploit; withdrawals are paused.
tok06,2022-05-22T06:00:00Z,post,The foundation published its monthly community update.
tok06,2022-06-05T06:00:00Z,post,The mainnet upgrade shipped on schedule and fees fell.
tok06,2022-06-12T06:00:00Z,post,The foundation published its monthly community update.
tok06,2022-06-19T06:00:00Z,post,The foundation published its monthly community update.
tok06,2022-08-07T06:00:00Z,post,The foundation published its monthly community update.
tok06,2022-08-14T06:00:00Z,post,The mainnet upgrade shipped on schedule and fees fell.
tok06,2022-08-21T06:00:00Z,post,The foundation published its monthly community update.
tok06,2022-08-28T06:00:00Z,post,The foundation published its monthly community update.
tok06,2022-09-04T06:00:00Z,post,The foundation published its monthly community update.
tok06,2022-09-18T06:00:00Z,post,The foundation published its monthly community update.
tok06,2022-09-25T06:00:00Z,post,The foundation published its monthly community update.
tok06,2022-10-02T06:00:00Z,post,The mainnet upgrade shipped on schedule and fees fell.
tok06,2022-10-16T06:00:00Z,post,The foundation published its monthly community update.
tok06,2022-10-23T06:00:00Z,post,The foundation published its monthly community update.
tok06,2022-10-30T06:00:00Z,post,The foundation published its monthly community update.
tok06,2022-11-13T06:00:00Z,post,The foundation published its monthly community update.
tok06,2022-11-20T06:00:00Z,post,The foundation published its monthly community update.
tok06,2022-11-27T06:00:00Z,post,The mainnet upgrade shipped on schedule and fees fell.
tok06,2022-12-18T06:00:00Z,post,The foundation published its monthly community update.
tok06,2022-12-25T06:00:00Z,post,The mainnet upgrade shipped on schedule and fees fell.
tok06,2023-01-01T06:00:00Z,post,The foundation published its monthly community update.
tok06,2023-02-19T06:00:00Z,post,The mainnet upgrade shipped on schedule and fees fell.
tok06,2023-02-26T06:00:00Z,post,The mainnet upgrade shipped on schedule and fees fell.
tok06,2023-03-19T06:00:00Z,post,The foundation published its monthly community update.
tok06,2023-03-26T06:00:00Z,post,The mainnet upgrade shipped on schedule and fees fell.
tok06,2023-04-09T06:00:00Z,post,The foundation published its monthly community update.
tok06,2023-04-16T06:00:00Z,post,The foundation published its monthly community update.
tok06,2023-05-21T06:00:00Z,post,The mainnet upgrade shipped on schedule and fees fell.
tok06,2023-05-28T06:00:00Z,post,The foundation published its monthly community update.
tok06,2023-06-04T06:00:00Z,post,The mainnet upgrade shipped on schedule and fees fell.
tok06,2023-06-11T06:00:00Z,post,The mainnet upgrade shipped on schedule and fees fell.
tok06,2023-06-18T06:00:00Z,post,The mainnet upgrade shipped on schedule and fees fell.
tok06,2023-07-02T06:00:00Z,post,The team reports a security exploit; withdrawals are paused.
tok06,2023-08-20T06:00:00Z,post,The foundation published its monthly community update.
tok06,2023-08-27T06:00:00Z,post,The foundation published its monthly community update.
tok06,2023-09-03T06:00:00Z,post,The foundation published its monthly community update.
tok06,2023-09-10T06:00:00Z,post,The foundation published its monthly community update.
tok06,2023-09-24T06:00:00Z,post,The team reports a security exploit; withdrawals are paused.
tok06,2023-10-22T06:00:00Z,post,The mainnet upgrade shipped on schedule and fees fell.
tok06,2023-10-29T06:00:00Z,post,The foundation published its monthly community update.
tok06,2023-11-26T06:00:00Z,post,The mainnet upgrade shipped on schedule and fees fell.
tok06,2023-12-17T06:00:00Z,post,The foundation published its monthly community update.
tok06,2023-12-31T06:00:00Z,post,The foundation published its monthly community update.
tok07,2021-01-03T06:00:00Z,post,The team reports a security exploit; withdrawals are paused.
tok07,2021-01-17T06:00:00Z,post,The team reports a security exploit; withdrawals are paused.
tok07,2021-01-24T06:00:00Z,post,The mainnet upgrade shipped on schedule and fees fell.
tok07,2021-01-31T06:00:00Z,post,The foundation published its monthly community update.
tok07,2021-02-28T06:00:00Z,post,The mainnet upgrade shipped on schedule and fees fell.
tok07,2021-03-28T06:00:00Z,post,The team reports a security exploit; withdrawals are paused.
tok07,2021-04-25T06:00:00Z,post,The mainnet upgrade shipped on schedule and fees fell.
tok07,2021-05-02T06:00:00Z,post,The foundation published its monthly community update.
tok07,2021-05-16T06:00:00Z,post,The foundation published its monthly community update.
tok07,2021-06-06T06:00:00Z,post,The mainnet upgrade shipped on schedule and fees fell.
tok07,2021-07-04T06:00:00Z,post,The foundation published its monthly community update.
tok07,2021-07-11T06:00:00Z,post,The mainnet upgrade shipped on schedule and fees fell.
tok07,2021-07-25T06:00:00Z,post,The team reports a security exploit; withdrawals are paused.
tok07,2021-08-01T06:00:00Z,post,The team reports a security exploit; withdrawals are paused.
tok07,2021-08-15T06:00:00Z,post,The foundation published its monthly community update.
tok07,2021-08-22T06:00:00Z,post,The mainnet upgrade shipped on schedule and fees fell.
tok07,2021-08-29T06:00:00Z,post,The mainnet upgrade shipped on schedule and fees fell.
tok07,2021-09-12T06:00:00Z,post,The team reports a security exploit; withdrawals are paused.
tok07,2021-10-24T06:00:00Z,post,The foundation published its monthly community update.
tok07,2021-10-31T06:00:00Z,post,The foundation published its monthly community update.
tok07,2021-11-21T06:00:00Z,post,The foundation published its monthly community update.
tok07,2021-12-05T06:00:00Z,post,The mainnet upgrade shipped on schedule and fees fell.
tok07,2021-12-12T06:00:00Z,post,The mainnet upgrade shipped on schedule and fees fell.
tok07,2021-12-26T06:00:00Z,post,The foundation published its monthly community update.
tok07,2022-01-16T06:00:00Z,post,The mainnet upgrade shipped on schedule and fees fell.
tok07,2022-02-13T06:00:00Z,post,The foundation published its monthly community update.
tok07,2022-02-27T06:00:00Z,post,The foundation published its monthly community update.
tok07,2022-03-06T06:00:00Z,post,The team reports a security exploit; withdrawals are paused.
tok07,2022-03-20T06:00:00Z,post,The team reports a security exploit; withdrawals are paused.
tok07,2022-03-27T06:00:00Z,post,The foundation published its monthly community update.
tok07,2022-04-10T06:00:00Z,post,The foundation published its monthly community update.
tok07,2022-05-29T06:00:00Z,post,The team reports a security exploit; withdrawals are paused.
tok07,2022-06-12T06:00:00Z,post,The foundation published its monthly community update.
tok07,2022-06-26T06:00:00Z,post,The foundation published its monthly community update.
tok07,2022-07-10T06:00:00Z,post,The foundation published its monthly community update.
tok07,2022-07-17T06:00:00Z,post,The foundation published its monthly community update.
tok07,2022-07-31T06:00:00Z,post,The mainnet upgrade shipped on schedule and fees fell.
tok07,2022-08-14T06:00:00Z,post,The mainnet upgrade shipped on schedule and fees fell.
tok07,2022-08-28T06:00:00Z,post,The foundation published its monthly community update.
tok07,2022-09-25T06:00:00Z,post,The mainnet upgrade shipped on schedule and fees fell.
tok07,2022-10-02T06:00:00Z,post,The foundation published its monthly community update.
tok07,2022-11-06T06:00:00Z,post,The foundation published its monthly community update.
tok07,2022-11-13T06:00:00Z,post,The foundation published its monthly community update.
tok07,2022-11-20T06:00:00Z,post,The foundation published its monthly community update.
tok07,2022-11-27T06:00:00Z,post,The mainnet upgrade shipped on schedule and fees fell.
tok07,2022-12-11T06:00:00Z,post,The mainnet upgrade shipped on schedule and fees fell.
tok07,2022-12-25T06:00:00Z,post,The mainnet upgrade shipped on schedule and fees fell.
tok07,2023-01-01T06:00:00Z,post,The mainnet upgrade shipped on schedule and fees fell.
tok07,2023-01-08T06:00:00Z,post,The team reports a security exploit; withdrawals are paused.
tok07,2023-01-22T06:00:00Z,post,The mainnet upgrade shipped on schedule and fees fell.
tok07,2023-02-05T06:00:00Z,post,The mainnet upgrade shipped on schedule and fees fell.
tok07,2023-02-12T06:00:00Z,post,The team reports a security exploit; withdrawals are paused.
tok07,2023-02-26T06:00:00Z,post,The foundation published its monthly community update.
tok07,2023-03-05T06:00:00Z,post,The foundation published its monthly community update.
tok07,2023-03-26T06:00:00Z,post,The foundation published its monthly community update.
tok07,2023-04-02T06:00:00Z,post,The team reports a security exploit; withdrawals are paused.
tok07,2023-04-23T06:00:00Z,post,The mainnet upgrade shipped on schedule and fees fell.
tok07,2023-05-07T06:00:00Z,post,The foundation published its monthly community update.
tok07,2023-06-04T06:00:00Z,post,The mainnet upgrade shipped on schedule and fees fell.
tok07,2023-06-18T06:00:00Z,post,The foundation published its monthly community update.
tok07,2023-07-02T06:00:00Z,post,The team reports a security exploit; withdrawals are paused.
tok07,2023-07-16T06:00:00Z,post,The mainnet upgrade shipped on schedule and fees fell.
tok07,2023-07-23T06:00:00Z,post,The foundation published its monthly community update.
tok07,2023-09-03T06:00:00Z,post,The foundation published its monthly community update.
tok07,2023-09-24T06:00:00Z,post,The foundation published its monthly community update.
tok07,2023-10-01T06:00:00Z,post,The mainnet upgrade shipped on schedule and fees fell.
tok07,2023-10-08T06:00:00Z,post,The foundation published its monthly community update.
tok07,2023-10-15T06:00:00Z,post,The foundation published its monthly community update.
tok07,2023-10-22T06:00:00Z,post,The foundation published its monthly community update.
tok07,2023-10-29T06:00:00Z,post,The foundation published its monthly community update.
tok07,2023-11-05T06:00:00Z,post,The team reports a security exploit; withdrawals are paused.
tok07,2023-11-12T06:00:00Z,post,The mainnet upgrade shipped on schedule and fees fell.
tok07,2023-11-19T06:00:00Z,post,The foundation published its monthly community update.
tok07,2023-11-26T06:00:00Z,post,The foundation published its monthly community update.
tok07,2023-12-03T06:00:00Z,post,The foundation published its monthly community update.
tok07,2023-12-10T06:00:00Z,post,The foundation published its monthly community update.
tok07,2023-12-24T06:00:00Z,post,The foundation published its monthly community update.
tok08,2021-01-24T06:00:00Z,post,The mainnet upgrade shipped on schedule and fees fell.
tok08,2021-02-28T06:00:00Z,post,The foundation published its monthly community update.
tok08,2021-03-07T06:00:00Z,post,The team reports a security exploit; withdrawals are paused.
tok08,2021-03-14T06:00:00Z,post,The team reports a security exploit; withdrawals are paused.
tok08,2021-03-21T06:00:00Z,post,The foundation published its monthly community update.
tok08,2021-03-28T06:00:00Z,post,The foundation published its monthly community update.
tok08,2021-04-04T06:00:00Z,post,The team reports a security exploit; withdrawals are paused.
tok08,2021-04-11T06:00:00Z,post,The foundation published its monthly community update.
tok08,2021-04-18T06:00:00Z,post,The foundation published its monthly community update.
tok08,2021-05-09T06:00:00Z,post,The foundation published its monthly community update.
tok08,2021-06-06T06:00:00Z,post,The team reports a security exploit; withdrawals are paused.
tok08,2021-06-13T06:00:00Z,post,The team reports a security exploit; withdrawals are paused.
tok08,2021-06-20T06:00:00Z,post,The foundation published its monthly community update.
tok08,2021-07-04T06:00:00Z,post,The foundation published its monthly community update.
tok08,2021-07-11T06:00:00Z,post,The foundation published its monthly community update.
tok08,2021-07-25T06:00:00Z,post,The foundation published its monthly community update.
tok08,2021-08-01T06:00:00Z,post,The foundation published its monthly community update.
tok08,2021-08-15T06:00:00Z,post,The team reports a security exploit; withdrawals are paused.
tok08,2021-09-05T06:00:00Z,post,The team reports a security exploit; withdrawals are paused.
tok08,2021-09-12T06:00:00Z,post,The team reports a security exploit; withdrawals are paused.
tok08,2021-10-03T06:00:00Z,post,The mainnet upgrade shipped on schedule and fees fell.
tok08,2021-10-24T06:00:00Z,post,The foundation published its monthly community update.
tok08,2021-11-07T06:00:00Z,post,The team reports a security exploit; withdrawals are paused.
tok08,2021-11-21T06:00:00Z,post,The foundation published its monthly community update.
tok08,2021-12-19T06:00:00Z,post,The foundation published its monthly community update.
tok08,2021-12-26T06:00:00Z,post,The mainnet upgrade shipped on schedule and fees fell.
tok08,2022-01-02T06:00:00Z,post,The foundation published its monthly community update.
tok08,2022-01-23T06:00:00Z,post,The mainnet upgrade shipped on schedule and fees fell.
tok08,2022-01-30T06:00:00Z,post,The foundation published its monthly community update.
tok08,2022-02-13T06:00:00Z,post,The foundation published its monthly community update.
tok08,2022-02-20T06:00:00Z,post,The foundation published its monthly community update.
tok08,2022-03-13T06:00:00Z,post,The mainnet upgrade shipped on schedule and fees fell.
tok08,2022-03-20T06:00:00Z,post,The mainnet upgrade shipped on schedule and fees fell.
tok08,2022-03-27T06:00:00Z,post,The team reports a security exploit; withdrawals are paused.
tok08,2022-04-03T06:00:00Z,post,The foundation published its monthly community update.
tok08,2022-04-10T06:00:00Z,post,The foundation published its monthly community update.
tok08,2022-05-01T06:00:00Z,post,The foundation published its monthly community update.
tok08,2022-05-22T06:00:00Z,post,The foundation published its monthly community update.
tok08,2022-05-29T06:00:00Z,post,The team reports a security exploit; withdrawals are paused.
tok08,2022-06-26T06:00:00Z,post,The foundation published its monthly community update.
tok08,2022-07-03T06:00:00Z,post,The team reports a security exploit; withdrawals are paused.
tok08,2022-07-10T06:00:00Z,post,The foundation published its monthly community update.
tok08,2022-07-17T06:00:00Z,post,The foundation published its monthly community update.
tok08,2022-08-07T06:00:00Z,post,The foundation published its monthly community update.
tok08,2022-08-28T06:00:00Z,post,The foundation published its monthly community update.
tok08,2022-09-11T06:00:00Z,post,The foundation published its monthly community update.
tok08,2022-09-18T06:00:00Z,post,The mainnet upgrade shipped on schedule and fees fell.
tok08,2022-09-25T06:00:00Z,post,The team reports a security exploit; withdrawals are paused.
tok08,2022-10-09T06:00:00Z,post,The mainnet upgrade shipped on schedule and fees fell.
tok08,2022-10-30T06:00:00Z,post,The mainnet upgrade shipped on schedule and fees fell.
tok08,2022-11-13T06:00:00Z,post,The foundation published its monthly community update.
tok08,2022-11-20T06:00:00Z,post,The mainnet upgrade shipped on schedule and fees fell.
tok08,2022-11-27T06:00:00Z,post,The team reports a security exploit; withdrawals are paused.
tok08,2022-12-04T06:00:00Z,post,The foundation published its monthly community update.
tok08,2023-01-01T06:00:00Z,post,The foundation published its monthly community update.
tok08,2023-01-08T06:00:00Z,post,The mainnet upgrade shipped on schedule and fees fell.
tok08,2023-01-15T06:00:00Z,post,The team reports a security exploit; withdrawals are paused.
tok08,2023-01-29T06:00:00Z,post,The team reports a security exploit; withdrawals are paused.
tok08,2023-02-05T06:00:00Z,post,The mainnet upgrade shipped on schedule and fees fell.
tok08,2023-02-12T06:00:00Z,post,The mainnet upgrade shipped on schedule and fees fell.
tok08,2023-02-19T06:00:00Z,post,The foundation published its monthly community update.
tok08,2023-03-19T06:00:00Z,post,The foundation published its monthly community update.
tok08,2023-03-26T06:00:00Z,post,The foundation published its monthly community update.
tok08,2023-04-02T06:00:00Z,post,The foundation published its monthly community update.
tok08,2023-04-09T06:00:00Z,post,The foundation published its monthly community update.
tok08,2023-04-16T06:00:00Z,post,The mainnet upgrade shipped on schedule and fees fell.
tok08,2023-05-07T06:00:00Z,post,The foundation published its monthly community update.
tok08,2023-05-14T06:00:00Z,post,The team reports a security exploit; withdrawals are paused.
tok08,2023-05-21T06:00:00Z,post,The foundation published its monthly community update.
tok08,2023-05-28T06:00:00Z,post,The mainnet upgrade shipped on schedule and fees fell.
tok08,2023-06-04T06:00:00Z,post,The foundation published its monthly community update.
tok08,2023-06-11T06:00:00Z,post,The team reports a security exploit; withdrawals are paused.
tok08,2023-06-18T06:00:00Z,post,The foundation published its monthly community update.
tok08,2023-06-25T06:00:00Z,post,The foundation published its monthly community update.
tok08,2023-07-09T06:00:00Z,post,The mainnet upgrade shipped on schedule and fees fell.
tok08,2023-07-23T06:00:00Z,post,The foundation published its monthly community update.
tok08,2023-08-06T06:00:00Z,post,The mainnet upgrade shipped on schedule and fees fell.
tok08,2023-08-13T06:00:00Z,post,The team reports a security exploit; withdrawals are paused.
tok08,2023-08-20T06:00:00Z,post,The team reports a security exploit; withdrawals are paused.
tok08,2023-08-27T06:00:00Z,post,The foundation published its monthly community update.
tok08,2023-09-03T06:00:00Z,post,The foundation published its monthly community update.
tok08,2023-09-17T06:00:00Z,post,The foundation published its monthly community update.
tok08,2023-09-24T06:00:00Z,post,The mainnet upgrade shipped on schedule and fees fell.
tok08,2023-10-01T06:00:00Z,post,The team reports a security exploit; withdrawals are paused.
tok08,2023-10-08T06:00:00Z,post,The foundation published its monthly community update.
tok08,2023-10-15T06:00:00Z,post,The team reports a security exploit; withdrawals are paused.
tok08,2023-10-29T06:00:00Z,post,The foundation published its monthly community update.
tok08,2023-11-05T06:00:00Z,post,The foundation published its monthly community update.
tok08,2023-11-12T06:00:00Z,post,The foundation published its monthly community update.
tok08,2023-11-19T06:00:00Z,post,The foundation published its monthly community update.
tok08,2023-12-03T06:00:00Z,post,The team reports a security exploit; withdrawals are paused.
tok09,2021-01-03T06:00:00Z,post,The foundation published its monthly community update.
tok09,2021-01-10T06:00:00Z,post,The foundation published its monthly community update.
tok09,2021-01-24T06:00:00Z,post,The mainnet upgrade shipped on schedule and fees fell.
tok09,2021-01-31T06:00:00Z,post,The foundation published its monthly community update.
tok09,2021-02-07T06:00:00Z,post,The foundation published its monthly community update.
tok09,2021-02-14T06:00:00Z,post,The foundation published its monthly community update.
tok09,2021-03-07T06:00:00Z,post,The team reports a security exploit; withdrawals are paused.
tok09,2021-03-21T06:00:00Z,post,The foundation published its monthly community update.
tok09,2021-04-04T06:00:00Z,post,The foundation published its monthly community update.
tok09,2021-04-11T06:00:00Z,post,The foundation published its monthly community update.
tok09,2021-04-18T06:00:00Z,post,The foundation published its monthly community update.
tok09,2021-05-02T06:00:00Z,post,The team reports a security exploit; withdrawals are paused.
tok09,2021-05-09T06:00:00Z,post,The mainnet upgrade shipped on schedule and fees fell.
tok09,2021-05-16T06:00:00Z,post,The foundation published its monthly community update.
tok09,2021-05-23T06:00:00Z,post,The mainnet upgrade shipped on schedule and fees fell.
tok09,2021-05-30T06:00:00Z,post,The foundation published its monthly community update.
tok09,2021-06-13T06:00:00Z,post,The foundation published its monthly community update.
tok09,2021-06-20T06:00:00Z,post,The foundation published its monthly community update.
tok09,2021-07-04T06:00:00Z,post,The foundation published its monthly community update.
tok09,2021-07-18T06:00:00Z,post,The foundation published its monthly community update.
tok09,2021-07-25T06:00:00Z,post,The team reports a security exploit; withdrawals are paused.
tok09,2021-08-08T06:00:00Z,post,The team reports a security exploit; withdrawals are paused.
tok09,2021-08-29T06:00:00Z,post,The foundation published its monthly community update.
tok09,2021-09-05T06:00:00Z,post,The mainnet upgrade shipped on schedule and fees fell.
tok09,2021-09-12T06:00:00Z,post,The team reports a security exploit; withdrawals are paused.
tok09,2021-09-26T06:00:00Z,post,The mainnet upgrade shipped on schedule and fees fell.
tok09,2021-10-03T06:00:00Z,post,The mainnet upgrade shipped on schedule and fees fell.
tok09,2021-10-10T06:00:00Z,post,The mainnet upgrade shipped on schedule and fees fell.
tok09,2021-10-17T06:00:00Z,post,The mainnet upgrade shipped on schedule and fees fell.
tok09,2021-10-24T06:00:00Z,post,The foundation published its monthly community update.
tok09,2021-11-07T06:00:00Z,post,The foundation published its monthly community update.
tok09,2021-12-05T06:00:00Z,post,The foundation published its monthly community update.
tok09,2021-12-19T06:00:00Z,post,The foundation published its monthly community update.
tok09,2022-01-09T06:00:00Z,post,The foundation published its monthly community update.
tok09,2022-01-30T06:00:00Z,post,The foundation published its monthly community update.
tok09,2022-02-06T06:00:00Z,post,The foundation published its monthly community update.
tok09,2022-02-20T06:00:00Z,post,The team reports a security exploit; withdrawals are paused.
tok09,2022-03-06T06:00:00Z,post,The mainnet upgrade shipped on schedule and fees fell.
tok09,2022-03-13T06:00:00Z,post,The team reports a security exploit; withdrawals are paused.
tok09,2022-03-20T06:00:00Z,post,The foundation published its monthly community update.
tok09,2022-03-27T06:00:00Z,post,The foundation published its monthly community update.
tok09,2022-04-03T06:00:00Z,post,The foundation published its monthly community update.
tok09,2022-04-24T06:00:00Z,post,The foundation published its monthly community update.
tok09,2022-05-01T06:00:00Z,post,The foundation published its monthly community update.
tok09,2022-05-08T06:00:00Z,post,The foundation published its monthly community update.
tok09,2022-05-22T06:00:00Z,post,The foundation published its monthly community update.
tok09,2022-06-12T06:00:00Z,post,The foundation published its monthly community update.
tok09,2022-07-10T06:00:00Z,post,The mainnet upgrade shipped on schedule and fees fell.
tok09,2022-07-17T06:00:00Z,post,The mainnet upgrade shipped on schedule and fees fell.
tok09,2022-07-31T06:00:00Z,post,The foundation published its monthly community update.
tok09,2022-09-04T06:00:00Z,post,The team reports a security exploit; withdrawals are paused.
tok09,2022-10-09T06:00:00Z,post,The mainnet upgrade shipped on schedule and fees fell.
tok09,2022-10-16T06:00:00Z,post,The team reports a security exploit; withdrawals are paused.
tok09,2022-10-30T06:00:00Z,post,The mainnet upgrade shipped on schedule and fees fell.
tok09,2022-11-06T06:00:00Z,post,The foundation published its monthly community update.
tok09,2022-11-13T06:00:00Z,post,The foundation published its monthly community update.
tok09,2022-12-11T06:00:00Z,post,The foundation published its monthly community update.
tok09,2022-12-25T06:00:00Z,post,The foundation published its monthly community update.
tok09,2023-01-08T06:00:00Z,post,The team reports a security exploit; withdrawals are paused.
tok09,2023-01-22T06:00:00Z,post,The mainnet upgrade shipped on schedule and fees fell.
tok09,2023-01-29T06:00:00Z,post,The team reports a security exploit; withdrawals are paused.
tok09,2023-02-12T06:00:00Z,post,The team reports a security exploit; withdrawals are paused.
tok09,2023-02-19T06:00:00Z,post,The team reports a security exploit; withdrawals are paused.
tok09,2023-02-26T06:00:00Z,post,The mainnet upgrade shipped on schedule and fees fell.
tok09,2023-04-16T06:00:00Z,post,The mainnet upgrade shipped on schedule and fees fell.
tok09,2023-05-07T06:00:00Z,post,The foundation published its monthly community update.
tok09,2023-05-14T06:00:00Z,post,The foundation published its monthly community update.
tok09,2023-05-28T06:00:00Z,post,The foundation published its monthly community update.
tok09,2023-06-11T06:00:00Z,post,The foundation published its monthly community update.
tok09,2023-06-25T06:00:00Z,post,The foundation published its monthly community update.
tok09,2023-07-02T06:00:00Z,post,The mainnet upgrade shipped on schedule and fees fell.
tok09,2023-07-16T06:00:00Z,post,The foundation published its monthly community update.
tok09,2023-08-06T06:00:00Z,post,The foundation published its monthly community update.
tok09,2023-08-13T06:00:00Z,post,The team reports a security exploit; withdrawals are paused.
tok09,2023-08-20T06:00:00Z,post,The foundation published its monthly community update.
tok09,2023-08-27T06:00:00Z,post,The mainnet upgrade shipped on schedule and fees fell.
tok09,2023-09-03T06:00:00Z,post,The foundation published its monthly community update.
tok09,2023-09-17T06:00:00Z,post,The mainnet upgrade shipped on schedule and fees fell.
tok09,2023-10-01T06:00:00Z,post,The team reports a security exploit; withdrawals are paused.
tok09,2023-10-29T06:00:00Z,post,The foundation published its monthly community update.
tok09,2023-11-12T06:00:00Z,post,The team reports a security exploit; withdrawals are paused.
tok09,2023-12-03T06:00:00Z,post,The team reports a security exploit; withdrawals are paused.
tok09,2023-12-17T06:00:00Z,post,The team reports a security exploit; withdrawals are paused.
tok09,2023-12-24T06:00:00Z,post,The foundation published its monthly community update.
tok09,2023-12-31T06:00:00Z,post,The team reports a security exploit; withdrawals are paused.
tok10,2021-01-10T06:00:00Z,post,The foundation published its monthly community update.
tok10,2021-01-17T06:00:00Z,post,The team reports a security exploit; withdrawals are paused.
tok10,2021-02-07T06:00:00Z,post,The foundation published its monthly community update.
tok10,2021-02-21T06:00:00Z,post,The team reports a security exploit; withdrawals are paused.
tok10,2021-02-28T06:00:00Z,post,The foundation published its monthly community update.
tok10,2021-03-07T06:00:00Z,post,The foundation published its monthly community update.
tok10,2021-03-14T06:00:00Z,post,The foundation published its monthly community update.
tok10,2021-03-28T06:00:00Z,post,The mainnet upgrade shipped on schedule and fees fell.
tok10,2021-04-04T06:00:00Z,post,The foundation published its monthly community update.
tok10,2021-04-11T06:00:00Z,post,The foundation published its monthly community update.
tok10,2021-04-18T06:00:00Z,post,The foundation published its monthly community update.
tok10,2021-05-09T06:00:00Z,post,The foundation published its monthly community update.
tok10,2021-05-16T06:00:00Z,post,The foundation published its monthly community update.
tok10,2021-05-30T06:00:00Z,post,The foundation published its monthly community update.
tok10,2021-06-13T06:00:00Z,post,The foundation published its monthly community update.
tok10,2021-06-27T06:00:00Z,post,The foundation published its monthly community update.
tok10,2021-07-11T06:00:00Z,post,The mainnet upgrade shipped on schedule and fees fell.
tok10,2021-08-01T06:00:00Z,post,The foundation published its monthly community update.
tok10,2021-08-08T06:00:00Z,post,The foundation published its monthly community update.
tok10,2021-08-15T06:00:00Z,post,The mainnet upgrade shipped on schedule and fees fell.
tok10,2021-08-29T06:00:00Z,post,The mainnet upgrade shipped on schedule and fees fell.
tok10,2021-10-17T06:00:00Z,post,The team reports a security exploit; withdrawals are paused.
tok10,2021-11-14T06:00:00Z,post,The foundation published its monthly community update.
tok10,2021-11-21T06:00:00Z,post,The team reports a security exploit; withdrawals are paused.
tok10,2021-12-19T06:00:00Z,post,The mainnet upgrade shipped on schedule and fees fell.
tok10,2021-12-26T06:00:00Z,post,The team reports a security exploit; withdrawals are paused.
tok10,2022-01-09T06:00:00Z,post,The foundation published its monthly community update.
tok10,2022-01-16T06:00:00Z,post,The foundation published its monthly community update.
tok10,2022-01-23T06:00:00Z,post,The foundation published its monthly community update.
tok10,2022-01-30T06:00:00Z,post,The foundation published its monthly community update.
tok10,2022-02-06T06:00:00Z,post,The mainnet upgrade shipped on schedule and fees fell.
tok10,2022-02-13T06:00:00Z,post,The foundation published its monthly community update.
tok10,2022-03-13T06:00:00Z,post,The foundation published its monthly community update.
tok10,2022-03-20T06:00:00Z,post,The foundation published its monthly community update.
tok10,2022-03-27T06:00:00Z,post,The team reports a security exploit; withdrawals are paused.
tok10,2022-04-03T06:00:00Z,post,The mainnet upgrade shipped on schedule and fees fell.
tok10,2022-04-17T06:00:00Z,post,The foundation published its monthly community update.
tok10,2022-05-08T06:00:00Z,post,The mainnet upgrade shipped on schedule and fees fell.
tok10,2022-05-22T06:00:00Z,post,The mainnet upgrade shipped on schedule and fees fell.
tok10,2022-05-29T06:00:00Z,post,The mainnet upgrade shipped on schedule and fees fell.
tok10,2022-06-12T06:00:00Z,post,The team reports a security exploit; withdrawals are paused.
tok10,2022-07-03T06:00:00Z,post,The foundation published its monthly community update.
tok10,2022-07-17T06:00:00Z,post,The foundation published its monthly community update.
tok10,2022-08-21T06:00:00Z,post,The foundation published its monthly community update.
tok10,2022-09-04T06:00:00Z,post,The mainnet upgrade shipped on schedule and fees fell.
tok10,2022-09-18T06:00:00Z,post,The mainnet upgrade shipped on schedule and fees fell.
tok10,2022-09-25T06:00:00Z,post,The mainnet upgrade shipped on schedule and fees fell.
tok10,2022-10-09T06:00:00Z,post,The foundation published its monthly community update.
tok10,2022-10-23T06:00:00Z,post,The team reports a security exploit; withdrawals are paused.
tok10,2022-11-06T06:00:00Z,post,The foundation published its monthly community update.
tok10,2022-11-13T06:00:00Z,post,The foundation published its monthly community update.
tok10,2022-11-20T06:00:00Z,post,The mainnet upgrade shipped on schedule and fees fell.
tok10,2022-11-27T06:00:00Z,post,The team reports a security exploit; withdrawals are paused.
tok10,2022-12-04T06:00:00Z,post,The team reports a security exploit; withdrawals are paused.
tok10,2022-12-11T06:00:00Z,post,The foundation published its monthly community update.
tok10,2022-12-18T06:00:00Z,post,The foundation published its monthly community update.
tok10,2023-01-08T06:00:00Z,post,The foundation published its monthly community update.
tok10,2023-02-19T06:00:00Z,post,The foundation published its monthly community update.
tok10,2023-02-26T06:00:00Z,post,The foundation published its monthly community update.
tok10,2023-03-12T06:00:00Z,post,The foundation published its monthly community update.
tok10,2023-03-19T06:00:00Z,post,The team reports a security exploit; withdrawals are paused.
tok10,2023-03-26T06:00:00Z,post,The foundation published its monthly community update.
tok10,2023-04-02T06:00:00Z,post,The foundation published its monthly community update.
tok10,2023-04-16T06:00:00Z,post,The team reports a security exploit; withdrawals are paused.
tok10,2023-04-30T06:00:00Z,post,The team reports a security exploit; withdrawals are paused.
tok10,2023-05-14T06:00:00Z,post,The foundation published its monthly community update.
tok10,2023-05-28T06:00:00Z,post,The foundation published its monthly community update.
tok10,2023-06-04T06:00:00Z,post,The foundation published its monthly community update.
tok10,2023-06-11T06:00:00Z,post,The foundation published its monthly community update.
tok10,2023-07-02T06:00:00Z,post,The foundation published its monthly community update.
tok10,2023-07-23T06:00:00Z,post,The mainnet upgrade shipped on schedule and fees fell.
tok10,2023-08-06T06:00:00Z,post,The foundation published its monthly community update.
tok10,2023-08-13T06:00:00Z,post,The foundation published its monthly community update.
tok10,2023-08-20T06:00:00Z,post,The foundation published its monthly community update.
tok10,2023-09-10T06:00:00Z,post,The foundation published its monthly community update.
tok10,2023-09-17T06:00:00Z,post,The foundation published its monthly community update.
tok10,2023-09-24T06:00:00Z,post,The team reports a security exploit; withdrawals are paused.
tok10,2023-10-01T06:00:00Z,post,The team reports a security exploit; withdrawals are paused.
tok10,2023-10-22T06:00:00Z,post,The mainnet upgrade shipped on schedule and fees fell.
tok10,2023-10-29T06:00:00Z,post,The team reports a security exploit; withdrawals are paused.
tok10,2023-11-05T06:00:00Z,post,The foundation published its monthly community update.
tok10,2023-11-12T06:00:00Z,post,The mainnet upgrade shipped on schedule and fees fell.
tok10,2023-11-26T06:00:00Z,post,The mainnet upgrade shipped on schedule and fees fell.
tok10,2023-12-10T06:00:00Z,post,The foundation published its monthly community update.
tok10,2023-12-17T06:00:00Z,post,The foundation published its monthly community update.
tok10,2023-12-24T06:00:00Z,post,The foundation published its monthly community update.
tok11,2021-01-03T06:00:00Z,post,The mainnet upgrade shipped on schedule and fees fell.
tok11,2021-01-17T06:00:00Z,post,The foundation published its monthly community update.
tok11,2021-02-07T06:00:00Z,post,The foundation published its monthly community update.
tok11,2021-02-21T06:00:00Z,post,The team reports a security exploit; withdrawals are paused.
tok11,2021-02-28T06:00:00Z,post,The foundation published its monthly community update.
tok11,2021-03-14T06:00:00Z,post,The foundation published its monthly community update.
tok11,2021-03-28T06:00:00Z,post,The mainnet upgrade shipped on schedule and fees fell.
tok11,2021-04-04T06:00:00Z,post,The foundation published its monthly community update.
tok11,2021-04-18T06:00:00Z,post,The foundation published its monthly community update.
tok11,2021-04-25T06:00:00Z,post,The foundation published its monthly community update.
tok11,2021-05-09T06:00:00Z,post,The foundation published its monthly community update.
tok11,2021-05-16T06:00:00Z,post,The foundation published its monthly community update.
tok11,2021-05-23T06:00:00Z,post,The foundation published its monthly community update.
tok11,2021-05-30T06:00:00Z,post,The foundation published its monthly community update.
tok11,2021-06-13T06:00:00Z,post,The team reports a security exploit; withdrawals are paused.
tok11,2021-07-18T06:00:00Z,post,The foundation published its monthly community update.
tok11,2021-07-25T06:00:00Z,post,The foundation published its monthly community update.
tok11,2021-08-01T06:00:00Z,post,The foundation published its monthly community update.
tok11,2021-08-08T06:00:00Z,post,The mainnet upgrade shipped on schedule and fees fell.
tok11,2021-08-22T06:00:00Z,post,The foundation published its monthly community update.
tok11,2021-08-29T06:00:00Z,post,The team reports a security exploit; withdrawals are paused.
tok11,2021-09-19T06:00:00Z,post,The mainnet upgrade shipped on schedule and fees fell.
tok11,2021-10-31T06:00:00Z,post,The foundation published its monthly community update.
tok11,2021-11-21T06:00:00Z,post,The mainnet upgrade shipped on schedule and fees fell.
tok11,2021-12-19T06:00:00Z,post,The foundation published its monthly community update.
tok11,2022-01-02T06:00:00Z,post,The foundation published its monthly community update.
tok11,2022-01-16T06:00:00Z,post,The team reports a security exploit; withdrawals are paused.
tok11,2022-02-20T06:00:00Z,post,The team reports a security exploit; withdrawals are paused.
tok11,2022-03-13T06:00:00Z,post,The mainnet upgrade shipped on schedule and fees fell.
tok11,2022-03-20T06:00:00Z,post,The foundation published its monthly community update.
tok11,2022-03-27T06:00:00Z,post,The foundation published its monthly community update.
tok11,2022-04-24T06:00:00Z,post,The team reports a security exploit; withdrawals are paused.
tok11,2022-05-15T06:00:00Z,post,The team reports a security exploit; withdrawals are paused.
tok11,2022-05-22T06:00:00Z,post,The mainnet upgrade shipped on schedule and fees fell.
tok11,2022-05-29T06:00:00Z,post,The foundation published its monthly community update.
tok11,2022-06-05T06:00:00Z,post,The team reports a security exploit; withdrawals are paused.
tok11,2022-06-12T06:00:00Z,post,The foundation published its monthly community update.
tok11,2022-06-19T06:00:00Z,post,The foundation published its monthly community update.
tok11,2022-06-26T06:00:00Z,post,The mainnet upgrade shipped on schedule and fees fell.
tok11,2022-07-03T06:00:00Z,post,The foundation published its monthly community update.
tok11,2022-07-24T06:00:00Z,post,The mainnet upgrade shipped on schedule and fees fell.
tok11,2022-08-07T06:00:00Z,post,The foundation published its monthly community update.
tok11,2022-08-14T06:00:00Z,post,The foundation published its monthly community update.
tok11,2022-08-21T06:00:00Z,post,The team reports a security exploit; withdrawals are paused.
tok11,2022-09-04T06:00:00Z,post,The foundation published its monthly community update.
tok11,2022-09-11T06:00:00Z,post,The team reports a security exploit; withdrawals are paused.
tok11,2022-10-02T06:00:00Z,post,The foundation published its monthly community update.
tok11,2022-10-16T06:00:00Z,post,The foundation published its monthly community update.
tok11,2022-10-30T06:00:00Z,post,The foundation published its monthly community update.
tok11,2022-11-13T06:00:00Z,post,The mainnet upgrade shipped on schedule and fees fell.
tok11,2022-11-20T06:00:00Z,post,The foundation published its monthly community update.
tok11,2022-11-27T06:00:00Z,post,The foundation published its monthly community update.
tok11,2022-12-04T06:00:00Z,post,The foundation published its monthly community update.
tok11,2022-12-11T06:00:00Z,post,The foundation published its monthly community update.
tok11,2023-01-15T06:00:00Z,post,The mainnet upgrade shipped on schedule and fees fell.
tok11,2023-01-22T06:00:00Z,post,The team reports a security exploit; withdrawals are paused.
tok11,2023-02-12T06:00:00Z,post,The mainnet upgrade shipped on schedule and fees fell.
tok11,2023-02-19T06:00:00Z,post,The foundation published its monthly community update.
tok11,2023-04-30T06:00:00Z,post,The team reports a security exploit; withdrawals are paused.
tok11,2023-05-14T06:00:00Z,post,The foundation published its monthly community update.
tok11,2023-05-21T06:00:00Z,post,The foundation published its monthly community update.
tok11,2023-05-28T06:00:00Z,post,The mainnet upgrade shipped on schedule and fees fell.
tok11,2023-06-04T06:00:00Z,post,The foundation published its monthly community update.
tok11,2023-06-11T06:00:00Z,post,The foundation published its monthly community update.
tok11,2023-07-02T06:00:00Z,post,The team reports a security exploit; withdrawals are paused.
tok11,2023-07-16T06:00:00Z,post,The foundation published its monthly community update.
tok11,2023-07-23T06:00:00Z,post,The mainnet upgrade shipped on schedule and fees fell.
tok11,2023-07-30T06:00:00Z,post,The foundation published its monthly community update.
tok11,2023-08-06T06:00:00Z,post,The foundation published its monthly community update.
tok11,2023-08-20T06:00:00Z,post,The foundation published its monthly community update.
tok11,2023-09-03T06:00:00Z,post,The team reports a security exploit; withdrawals are paused.
tok11,2023-09-17T06:00:00Z,post,The foundation published its monthly community update.
tok11,2023-09-24T06:00:00Z,post,The mainnet upgrade shipped on schedule and fees fell.
tok11,2023-10-01T06:00:00Z,post,The foundation published its monthly community update.
tok11,2023-10-08T06:00:00Z,post,The foundation published its monthly community update.
tok11,2023-10-15T06:00:00Z,post,The foundation published its monthly community update.
tok11,2023-10-29T06:00:00Z,post,The foundation published its monthly community update.
tok11,2023-11-05T06:00:00Z,post,The mainnet upgrade shipped on schedule and fees fell.
tok11,2023-11-12T06:00:00Z,post,The team reports a security exploit; withdrawals are paused.
tok11,2023-11-19T06:00:00Z,post,The foundation published its monthly community update.
tok11,2023-12-10T06:00:00Z,post,The mainnet upgrade shipped on schedule and fees fell.
tok11,2023-12-17T06:00:00Z,post,The mainnet upgrade shipped on schedule and fees fell.
tok11,2023-12-24T06:00:00Z,post,The mainnet upgrade shipped on schedule and fees fell.
tok12,2021-01-17T06:00:00Z,post,The foundation published its monthly community update.
tok12,2021-02-07T06:00:00Z,post,The mainnet upgrade shipped on schedule and fees fell.
tok12,2021-02-21T06:00:00Z,post,The foundation published its monthly community update.
tok12,2021-03-14T06:00:00Z,post,The mainnet upgrade shipped on schedule and fees fell.
tok12,2021-05-02T06:00:00Z,post,The team reports a security exploit; withdrawals are paused.
tok12,2021-05-09T06:00:00Z,post,The mainnet upgrade shipped on schedule and fees fell.
tok12,2021-05-30T06:00:00Z,post,The team reports a security exploit; withdrawals are paused.
tok12,2021-06-06T06:00:00Z,post,The mainnet upgrade shipped on schedule and fees fell.
tok12,2021-06-20T06:00:00Z,post,The foundation published its monthly community update.
tok12,2021-07-11T06:00:00Z,post,The mainnet upgrade shipped on schedule and fees fell.
tok12,2021-07-18T06:00:00Z,post,The mainnet upgrade shipped on schedule and fees fell.
tok12,2021-07-25T06:00:00Z,post,The foundation published its monthly community update.
tok12,2021-08-08T06:00:00Z,post,The foundation published its monthly community update.
tok12,2021-08-15T06:00:00Z,post,The foundation published its monthly community update.
tok12,2021-08-22T06:00:00Z,post,The foundation published its monthly community update.
tok12,2021-09-12T06:00:00Z,post,The foundation published its monthly community update.
tok12,2021-09-19T06:00:00Z,post,The foundation published its monthly community update.
tok12,2021-09-26T06:00:00Z,post,The foundation published its monthly community update.
tok12,2021-10-17T06:00:00Z,post,The foundation published its monthly community update.
tok12,2021-11-07T06:00:00Z,post,The foundation published its monthly community update.
tok12,2021-11-14T06:00:00Z,post,The foundation published its monthly community update.
tok12,2021-11-28T06:00:00Z,post,The mainnet upgrade shipped on schedule and fees fell.
tok12,2021-12-26T06:00:00Z,post,The team reports a security exploit; withdrawals are paused.
tok12,2022-01-02T06:00:00Z,post,The mainnet upgrade shipped on schedule and fees fell.
tok12,2022-01-09T06:00:00Z,post,The mainnet upgrade shipped on schedule and fees fell.
tok12,2022-01-16T06:00:00Z,post,The team reports a security exploit; withdrawals are paused.
tok12,2022-01-23T06:00:00Z,post,The foundation published its monthly community update.
tok12,2022-01-30T06:00:00Z,post,The foundation published its monthly community update.
tok12,2022-02-20T06:00:00Z,post,The team reports a security exploit; withdrawals are paused.
tok12,2022-02-27T06:00:00Z,post,The foundation published its monthly community update.
tok12,2022-03-06T06:00:00Z,post,The foundation published its monthly community update.
tok12,2022-03-20T06:00:00Z,post,The foundation published its monthly community update.
tok12,2022-05-22T06:00:00Z,post,The foundation published its monthly community update.
tok12,2022-06-05T06:00:00Z,post,The team reports a security exploit; withdrawals are paused.
tok12,2022-06-12T06:00:00Z,post,The foundation published its monthly community update.
tok12,2022-07-31T06:00:00Z,post,The foundation published its monthly community update.
tok12,2022-08-21T06:00:00Z,post,The team reports a security exploit; withdrawals are paused.
tok12,2022-09-11T06:00:00Z,post,The foundation published its monthly community update.
tok12,2022-09-18T06:00:00Z,post,The foundation published its monthly community update.
tok12,2022-09-25T06:00:00Z,post,The foundation published its monthly community update.
tok12,2022-10-02T06:00:00Z,post,The foundation published its monthly community update.
tok12,2022-10-23T06:00:00Z,post,The foundation published its monthly community update.
tok12,2022-11-06T06:00:00Z,post,The foundation published its monthly community update.
tok12,2022-11-13T06:00:00Z,post,The foundation published its monthly community update.
tok12,2022-11-27T06:00:00Z,post,The foundation published its monthly community update.
tok12,2022-12-04T06:00:00Z,post,The mainnet upgrade shipped on schedule and fees fell.
tok12,2022-12-11T06:00:00Z,post,The foundation published its monthly community update.
tok12,2022-12-18T06:00:00Z,post,The foundation published its monthly community update.
tok12,2022-12-25T06:00:00Z,post,The team reports a security exploit; withdrawals are paused.
tok12,2023-01-01T06:00:00Z,post,The mainnet upgrade shipped on schedule and fees fell.
tok12,2023-01-22T06:00:00Z,post,The foundation published its monthly community update.
tok12,2023-02-12T06:00:00Z,post,The foundation published its monthly community update.
tok12,2023-02-19T06:00:00Z,post,The foundation published its monthly community update.
tok12,2023-02-26T06:00:00Z,post,The foundation published its monthly community update.
tok12,2023-03-05T06:00:00Z,post,The team reports a security exploit; withdrawals are paused.
tok12,2023-03-12T06:00:00Z,post,The mainnet upgrade shipped on schedule and fees fell.
tok12,2023-04-23T06:00:00Z,post,The foundation published its monthly community update.
tok12,2023-05-07T06:00:00Z,post,The team reports a security exploit; withdrawals are paused.
tok12,2023-05-14T06:00:00Z,post,The foundation published its monthly community update.
tok12,2023-05-28T06:00:00Z,post,The foundation published its monthly community update.
tok12,2023-06-11T06:00:00Z,post,The team reports a security exploit; withdrawals are paused.
tok12,2023-06-18T06:00:00Z,post,The mainnet upgrade shipped on schedule and fees fell.
tok12,2023-06-25T06:00:00Z,post,The foundation published its monthly community update.
tok12,2023-07-02T06:00:00Z,post,The mainnet upgrade shipped on schedule and fees fell.
tok12,2023-07-23T06:00:00Z,post,The team reports a security exploit; withdrawals are paused.
tok12,2023-07-30T06:00:00Z,post,The foundation published its monthly community update.
tok12,2023-08-06T06:00:00Z,post,The mainnet upgrade shipped on schedule and fees fell.
tok12,2023-08-27T06:00:00Z,post,The team reports a security exploit; withdrawals are paused.
tok12,2023-09-03T06:00:00Z,post,The foundation published its monthly community update.
tok12,2023-09-10T06:00:00Z,post,The foundation published its monthly community update.
tok12,2023-09-17T06:00:00Z,post,The foundation published its monthly community update.
tok12,2023-10-08T06:00:00Z,post,The foundation published its monthly community update.
tok12,2023-10-15T06:00:00Z,post,The mainnet upgrade shipped on schedule and fees fell.
tok12,2023-11-19T06:00:00Z,post,The team reports a security exploit; withdrawals are paused.
tok12,2023-11-26T06:00:00Z,post,The foundation published its monthly community update.
tok12,2023-12-03T06:00:00Z,post,The team reports a security exploit; withdrawals are paused.
tok12,2023-12-31T06:00:00Z,post,The foundation published its monthly community update.
tok13,2021-01-03T06:00:00Z,post,The mainnet upgrade shipped on schedule and fees fell.
tok13,2021-01-10T06:00:00Z,post,The foundation published its monthly community update.
tok13,2021-01-17T06:00:00Z,post,The mainnet upgrade shipped on schedule and fees fell.
tok13,2021-01-31T06:00:00Z,post,The foundation published its monthly community update.
tok13,2021-02-07T06:00:00Z,post,The foundation published its monthly community update.
tok13,2021-02-14T06:00:00Z,post,The team reports a security exploit; withdrawals are paused.
tok13,2021-03-07T06:00:00Z,post,The foundation published its monthly community update.
tok13,2021-03-28T06:00:00Z,post,The team reports a security exploit; withdrawals are paused.
tok13,2021-04-04T06:00:00Z,post,The foundation published its monthly community update.
tok13,2021-04-18T06:00:00Z,post,The foundation published its monthly community update.
tok13,2021-04-25T06:00:00Z,post,The team reports a security exploit; withdrawals are paused.
tok13,2021-05-09T06:00:00Z,post,The foundation published its monthly community update.
tok13,2021-06-06T06:00:00Z,post,The foundation published its monthly community update.
tok13,2021-06-13T06:00:00Z,post,The foundation published its monthly community update.
tok13,2021-06-20T06:00:00Z,post,The mainnet upgrade shipped on schedule and fees fell.
tok13,2021-08-08T06:00:00Z,post,The mainnet upgrade shipped on schedule and fees fell.
tok13,2021-08-15T06:00:00Z,post,The team reports a security exploit; withdrawals are paused.
tok13,2021-08-22T06:00:00Z,post,The foundation published its monthly community update.
tok13,2021-08-29T06:00:00Z,post,The foundation published its monthly community update.
tok13,2021-09-12T06:00:00Z,post,The foundation published its monthly community update.
tok13,2021-09-26T06:00:00Z,post,The foundation published its monthly community update.
tok13,2021-10-17T06:00:00Z,post,The foundation published its monthly community update.
tok13,2021-10-31T06:00:00Z,post,The mainnet upgrade shipped on schedule and fees fell.
tok13,2021-11-21T06:00:00Z,post,The foundation published its monthly community update.
tok13,2021-12-12T06:00:00Z,post,The foundation published its monthly community update.
tok13,2022-01-09T06:00:00Z,post,The foundation published its monthly community update.
tok13,2022-01-23T06:00:00Z,post,The foundation published its monthly community update.
tok13,2022-03-06T06:00:00Z,post,The mainnet upgrade shipped on schedule and fees fell.
tok13,2022-03-13T06:00:00Z,post,The foundation published its monthly community update.
tok13,2022-04-10T06:00:00Z,post,The foundation published its monthly community update.
tok13,2022-04-24T06:00:00Z,post,The foundation published its monthly community update.
tok13,2022-05-01T06:00:00Z,post,The team reports a security exploit; withdrawals are paused.
tok13,2022-05-08T06:00:00Z,post,The foundation published its monthly community update.
tok13,2022-05-15T06:00:00Z,post,The foundation published its monthly community update.
tok13,2022-05-22T06:00:00Z,post,The team reports a security exploit; withdrawals are paused.
tok13,2022-05-29T06:00:00Z,post,The foundation published its monthly community update.
tok13,2022-06-05T06:00:00Z,post,The team reports a security exploit; withdrawals are paused.
tok13,2022-06-12T06:00:00Z,post,The foundation published its monthly community update.
tok13,2022-07-24T06:00:00Z,post,The foundation published its monthly community update.
tok13,2022-07-31T06:00:00Z,post,The foundation published its monthly community update.
tok13,2022-08-14T06:00:00Z,post,The team reports a security exploit; withdrawals are paused.
tok13,2022-09-04T06:00:00Z,post,The foundation published its monthly community update.
tok13,2022-09-11T06:00:00Z,post,The foundation published its monthly community update.
tok13,2022-09-18T06:00:00Z,post,The foundation published its monthly community update.
tok13,2022-09-25T06:00:00Z,post,The team reports a security exploit; withdrawals are paused.
tok13,2022-10-02T06:00:00Z,post,The mainnet upgrade shipped on schedule and fees fell.
tok13,2022-10-16T06:00:00Z,post,The mainnet upgrade shipped on schedule and fees fell.
tok13,2022-11-06T06:00:00Z,post,The foundation published its monthly community update.
tok13,2022-11-20T06:00:00Z,post,The foundation published its monthly community update.
tok13,2022-11-27T06:00:00Z,post,The foundation published its monthly community update.
tok13,2022-12-11T06:00:00Z,post,The foundation published its monthly community update.
tok13,2022-12-18T06:00:00Z,post,The team reports a security exploit; withdrawals are paused.
tok13,2022-12-25T06:00:00Z,post,The foundation published its monthly community update.
tok13,2023-01-01T06:00:00Z,post,The mainnet upgrade shipped on schedule and fees fell.
tok13,2023-01-15T06:00:00Z,post,The foundation published its monthly community update.
tok13,2023-02-05T06:00:00Z,post,The mainnet upgrade shipped on schedule and fees fell.
tok13,2023-03-26T06:00:00Z,post,The foundation published its monthly community update.
tok13,2023-04-02T06:00:00Z,post,The mainnet upgrade shipped on schedule and fees fell.
tok13,2023-04-30T06:00:00Z,post,The foundation published its monthly community update.
tok13,2023-05-07T06:00:00Z,post,The mainnet upgrade shipped on schedule and fees fell.
tok13,2023-05-14T06:00:00Z,post,The foundation published its monthly community update.
tok13,2023-05-21T06:00:00Z,post,The foundation published its monthly community update.
tok13,2023-06-11T06:00:00Z,post,The mainnet upgrade shipped on schedule and fees fell.
tok13,2023-06-18T06:00:00Z,post,The mainnet upgrade shipped on schedule and fees fell.
tok13,2023-07-02T06:00:00Z,post,The mainnet upgrade shipped on schedule and fees fell.
tok13,2023-07-23T06:00:00Z,post,The foundation published its monthly community update.
tok13,2023-07-30T06:00:00Z,post,The foundation published its monthly community update.
tok13,2023-08-06T06:00:00Z,post,The foundation published its monthly community update.
tok13,2023-09-10T06:00:00Z,post,The mainnet upgrade shipped on schedule and fees fell.
tok13,2023-10-08T06:00:00Z,post,The team reports a security exploit; withdrawals are paused.
tok13,2023-10-15T06:00:00Z,post,The foundation published its monthly community update.
tok13,2023-10-29T06:00:00Z,post,The team reports a security exploit; withdrawals are paused.
tok13,2023-11-05T06:00:00Z,post,The mainnet upgrade shipped on schedule and fees fell.
tok13,2023-11-26T06:00:00Z,post,The foundation published its monthly community update.
tok13,2023-12-10T06:00:00Z,post,The foundation published its monthly community update.
tok13,2023-12-17T06:00:00Z,post,The foundation published its monthly community update.
tok13,2023-12-24T06:00:00Z,post,The mainnet upgrade shipped on schedule and fees fell.
tok14,2021-01-03T06:00:00Z,post,The foundation published its monthly community update.
tok14,2021-01-17T06:00:00Z,post,The foundation published its monthly community update.
tok14,2021-01-24T06:00:00Z,post,The foundation published its monthly community update.
tok14,2021-01-31T06:00:00Z,post,The foundation published its monthly community update.
tok14,2021-02-07T06:00:00Z,post,The mainnet upgrade shipped on schedule and fees fell.
tok14,2021-02-14T06:00:00Z,post,The foundation published its monthly community update.
tok14,2021-03-21T06:00:00Z,post,The foundation published its monthly community update.
tok14,2021-03-28T06:00:00Z,post,The mainnet upgrade shipped on schedule and fees fell.
tok14,2021-04-25T06:00:00Z,post,The foundation published its monthly community update.
tok14,2021-05-09T06:00:00Z,post,The foundation published its monthly community update.
tok14,2021-05-30T06:00:00Z,post,The team reports a security exploit; withdrawals are paused.
tok14,2021-06-06T06:00:00Z,post,The foundation published its monthly community update.
tok14,2021-06-20T06:00:00Z,post,The mainnet upgrade shipped on schedule and fees fell.
tok14,2021-06-27T06:00:00Z,post,The foundation published its monthly community update.
tok14,2021-07-18T06:00:00Z,post,The team reports a security exploit; withdrawals are paused.
tok14,2021-08-15T06:00:00Z,post,The foundation published its monthly community update.
tok14,2021-09-05T06:00:00Z,post,The mainnet upgrade shipped on schedule and fees fell.
tok14,2021-09-12T06:00:00Z,post,The foundation published its monthly community update.
tok14,2021-09-19T06:00:00Z,post,The foundation published its monthly community update.
tok14,2021-09-26T06:00:00Z,post,The foundation published its monthly community update.
tok14,2021-10-03T06:00:00Z,post,The foundation published its monthly community update.
tok14,2021-10-17T06:00:00Z,post,The foundation published its monthly community update.
tok14,2021-10-24T06:00:00Z,post,The foundation published its monthly community update.
tok14,2021-10-31T06:00:00Z,post,The mainnet upgrade shipped on schedule and fees fell.
tok14,2021-11-14T06:00:00Z,post,The foundation published its monthly community update.
tok14,2021-11-21T06:00:00Z,post,The foundation published its monthly community update.
tok14,2021-11-28T06:00:00Z,post,The foundation published its monthly community update.
tok14,2022-01-09T06:00:00Z,post,The foundation published its monthly community update.
tok14,2022-01-16T06:00:00Z,post,The foundation published its monthly community update.
tok14,2022-01-23T06:00:00Z,post,The mainnet upgrade shipped on schedule and fees fell.
tok14,2022-02-06T06:00:00Z,post,The foundation published its monthly community update.
tok14,2022-02-13T06:00:00Z,post,The foundation published its monthly community update.
tok14,2022-02-20T06:00:00Z,post,The foundation published its monthly community update.
tok14,2022-02-27T06:00:00Z,post,The foundation published its monthly community update.
tok14,2022-03-06T06:00:00Z,post,The mainnet upgrade shipped on schedule and fees fell.
tok14,2022-03-20T06:00:00Z,post,The team reports a security exploit; withdrawals are paused.
tok14,2022-03-27T06:00:00Z,post,The foundation published its monthly community update.
tok14,2022-04-03T06:00:00Z,post,The foundation published its monthly community update.
tok14,2022-04-10T06:00:00Z,post,The foundation published its monthly community update.
tok14,2022-04-24T06:00:00Z,post,The mainnet upgrade shipped on schedule and fees fell.
tok14,2022-05-08T06:00:00Z,post,The mainnet upgrade shipped on schedule and fees fell.
tok14,2022-05-15T06:00:00Z,post,The mainnet upgrade shipped on schedule and fees fell.
tok14,2022-05-29T06:00:00Z,post,The team reports a security exploit; withdrawals are paused.
tok14,2022-06-26T06:00:00Z,post,The mainnet upgrade shipped on schedule and fees fell.
tok14,2022-07-10T06:00:00Z,post,The foundation published its monthly community update.
tok14,2022-07-17T06:00:00Z,post,The mainnet upgrade shipped on schedule and fees fell.
tok14,2022-07-24T06:00:00Z,post,The mainnet upgrade shipped on schedule and fees fell.
tok14,2022-08-14T06:00:00Z,post,The mainnet upgrade shipped on schedule and fees fell.
tok14,2022-09-18T06:00:00Z,post,The foundation published its monthly community update.
tok14,2022-09-25T06:00:00Z,post,The mainnet upgrade shipped on schedule and fees fell.
tok14,2022-10-09T06:00:00Z,post,The team reports a security exploit; withdrawals are paused.
tok14,2022-10-16T06:00:00Z,post,The team reports a security exploit; withdrawals are paused.
tok14,2022-10-30T06:00:00Z,post,The team reports a security exploit; withdrawals are paused.
tok14,2022-11-13T06:00:00Z,post,The foundation published its monthly community update.
tok14,2022-11-20T06:00:00Z,post,The mainnet upgrade shipped on schedule and fees fell.
tok14,2022-11-27T06:00:00Z,post,The mainnet upgrade shipped on schedule and fees fell.
tok14,2022-12-25T06:00:00Z,post,The team reports a security exploit; withdrawals are paused.
tok14,2023-01-08T06:00:00Z,post,The mainnet upgrade shipped on schedule and fees fell.
tok14,2023-01-22T06:00:00Z,post,The foundation published its monthly community update.
tok14,2023-01-29T06:00:00Z,post,The mainnet upgrade shipped on schedule and fees fell.
tok14,2023-02-05T06:00:00Z,post,The mainnet upgrade shipped on schedule and fees fell.
tok14,2023-02-26T06:00:00Z,post,The team reports a security exploit; withdrawals are paused.
tok14,2023-03-12T06:00:00Z,post,The foundation published its monthly community update.
tok14,2023-03-19T06:00:00Z,post,The foundation published its monthly community update.
tok14,2023-03-26T06:00:00Z,post,The team reports a security exploit; withdrawals are paused.
tok14,2023-04-09T06:00:00Z,post,The foundation published its monthly community update.
tok14,2023-04-23T06:00:00Z,post,The foundation published its monthly community update.
tok14,2023-04-30T06:00:00Z,post,The mainnet upgrade shipped on schedule and fees fell.
tok14,2023-05-07T06:00:00Z,post,The team reports a security exploit; withdrawals are paused.
tok14,2023-06-04T06:00:00Z,post,The mainnet upgrade shipped on schedule and fees fell.
tok14,2023-06-11T06:00:00Z,post,The foundation published its monthly community update.
tok14,2023-06-18T06:00:00Z,post,The foundation published its monthly community update.
tok14,2023-07-16T06:00:00Z,post,The foundation published its monthly community update.
tok14,2023-07-23T06:00:00Z,post,The mainnet upgrade shipped on schedule and fees fell.
tok14,2023-08-13T06:00:00Z,post,The foundation published its monthly community update.
tok14,2023-08-20T06:00:00Z,post,The foundation published its monthly community update.
tok14,2023-09-10T06:00:00Z,post,The mainnet upgrade shipped on schedule and fees fell.
tok14,2023-09-17T06:00:00Z,post,The mainnet upgrade shipped on schedule and fees fell.
tok14,2023-10-08T06:00:00Z,post,The mainnet upgrade shipped on schedule and fees fell.
tok14,2023-10-29T06:00:00Z,post,The mainnet upgrade shipped on schedule and fees fell.
tok14,2023-11-05T06:00:00Z,post,The mainnet upgrade shipped on schedule and fees fell.
tok14,2023-11-26T06:00:00Z,post,The team reports a security exploit; withdrawals are paused.
tok14,2023-12-03T06:00:00Z,post,The foundation published its monthly community update.
tok14,2023-12-10T06:00:00Z,post,The foundation published its monthly community update.
tok14,2023-12-31T06:00:00Z,post,The foundation published its monthly community update.
tok15,2021-01-03T06:00:00Z,post,The foundation published its monthly community update.
tok15,2021-02-21T06:00:00Z,post,The foundation published its monthly community update.
tok15,2021-02-28T06:00:00Z,post,The foundation published its monthly community update.
tok15,2021-03-14T06:00:00Z,post,The team reports a security exploit; withdrawals are paused.
tok15,2021-03-28T06:00:00Z,post,The foundation published its monthly community update.
tok15,2021-04-04T06:00:00Z,post,The foundation published its monthly community update.
tok15,2021-04-11T06:00:00Z,post,The foundation published its monthly community update.
tok15,2021-05-23T06:00:00Z,post,The team reports a security exploit; withdrawals are paused.
tok15,2021-06-20T06:00:00Z,post,The foundation published its monthly community update.
tok15,2021-07-04T06:00:00Z,post,The team reports a security exploit; withdrawals are paused.
tok15,2021-07-25T06:00:00Z,post,The foundation published its monthly community update.
tok15,2021-08-01T06:00:00Z,post,The foundation published its monthly community update.
tok15,2021-08-15T06:00:00Z,post,The team reports a security exploit; withdrawals are paused.
tok15,2021-08-22T06:00:00Z,post,The foundation published its monthly community update.
tok15,2021-09-19T06:00:00Z,post,The foundation published its monthly community update.
tok15,2021-09-26T06:00:00Z,post,The team reports a security exploit; withdrawals are paused.
tok15,2021-10-17T06:00:00Z,post,The team reports a security exploit; withdrawals are paused.
tok15,2021-10-24T06:00:00Z,post,The foundation published its monthly community update.
tok15,2021-11-07T06:00:00Z,post,The foundation published its monthly community update.
tok15,2021-11-14T06:00:00Z,post,The team reports a security exploit; withdrawals are paused.
tok15,2021-11-21T06:00:00Z,post,The mainnet upgrade shipped on schedule and fees fell.
tok15,2021-12-12T06:00:00Z,post,The foundation published its monthly community update.
tok15,2021-12-26T06:00:00Z,post,The foundation published its monthly community update.
tok15,2022-01-02T06:00:00Z,post,The mainnet upgrade shipped on schedule and fees fell.
tok15,2022-01-30T06:00:00Z,post,The foundation published its monthly community update.
tok15,2022-02-06T06:00:00Z,post,The team reports a security exploit; withdrawals are paused.
tok15,2022-02-13T06:00:00Z,post,The foundation published its monthly community update.
tok15,2022-02-20T06:00:00Z,post,The mainnet upgrade shipped on schedule and fees fell.
tok15,2022-02-27T06:00:00Z,post,The team reports a security exploit; withdrawals are paused.
tok15,2022-03-13T06:00:00Z,post,The mainnet upgrade shipped on schedule and fees fell.
tok15,2022-03-20T06:00:00Z,post,The foundation published its monthly community update.
tok15,2022-03-27T06:00:00Z,post,The foundation published its monthly community update.
tok15,2022-04-03T06:00:00Z,post,The foundation published its monthly community update.
tok15,2022-04-10T06:00:00Z,post,The mainnet upgrade shipped on schedule and fees fell.
tok15,2022-05-01T06:00:00Z,post,The foundation published its monthly community update.
tok15,2022-05-08T06:00:00Z,post,The foundation published its monthly community update.
tok15,2022-05-15T06:00:00Z,post,The foundation published its monthly community update.
tok15,2022-05-22T06:00:00Z,post,The foundation published its monthly community update.
tok15,2022-05-29T06:00:00Z,post,The foundation published its monthly community update.
tok15,2022-06-12T06:00:00Z,post,The foundation published its monthly community update.
tok15,2022-06-19T06:00:00Z,post,The mainnet upgrade shipped on schedule and fees fell.
tok15,2022-06-26T06:00:00Z,post,The foundation published its monthly community update.
tok15,2022-07-03T06:00:00Z,post,The mainnet upgrade shipped on schedule and fees fell.
tok15,2022-07-10T06:00:00Z,post,The team reports a security exploit; withdrawals are paused.
tok15,2022-07-24T06:00:00Z,post,The foundation published its monthly community update.
tok15,2022-07-31T06:00:00Z,post,The foundation published its monthly community update.
tok15,2022-08-14T06:00:00Z,post,The foundation published its monthly community update.
tok15,2022-08-28T06:00:00Z,post,The mainnet upgrade shipped on schedule and fees fell.
tok15,2022-09-04T06:00:00Z,post,The team reports a security exploit; withdrawals are paused.
tok15,2022-09-11T06:00:00Z,post,The team reports a security exploit; withdrawals are paused.
tok15,2022-10-09T06:00:00Z,post,The foundation published its monthly community update.
tok15,2022-10-30T06:00:00Z,post,The mainnet upgrade shipped on schedule and fees fell.
tok15,2022-11-06T06:00:00Z,post,The foundation published its monthly community update.
tok15,2022-11-13T06:00:00Z,post,The foundation published its monthly community update.
tok15,2023-01-01T06:00:00Z,post,The team reports a security exploit; withdrawals are paused.
tok15,2023-01-08T06:00:00Z,post,The mainnet upgrade shipped on schedule and fees fell.
tok15,2023-01-29T06:00:00Z,post,The team reports a security exploit; withdrawals are paused.
tok15,2023-02-19T06:00:00Z,post,The foundation published its monthly community update.
tok15,2023-03-05T06:00:00Z,post,The mainnet upgrade shipped on schedule and fees fell.
tok15,2023-04-09T06:00:00Z,post,The mainnet upgrade shipped on schedule and fees fell.
tok15,2023-04-23T06:00:00Z,post,The foundation published its monthly community update.
tok15,2023-04-30T06:00:00Z,post,The mainnet upgrade shipped on schedule and fees fell.
tok15,2023-05-07T06:00:00Z,post,The foundation published its monthly community update.
tok15,2023-05-14T06:00:00Z,post,The mainnet upgrade shipped on schedule and fees fell.
tok15,2023-06-11T06:00:00Z,post,The team reports a security exploit; withdrawals are paused.
tok15,2023-06-25T06:00:00Z,post,The foundation published its monthly community update.
tok15,2023-07-02T06:00:00Z,post,The foundation published its monthly community update.
tok15,2023-07-16T06:00:00Z,post,The foundation published its monthly community update.
tok15,2023-08-13T06:00:00Z,post,The foundation published its monthly community update.
tok15,2023-09-10T06:00:00Z,post,The team reports a security exploit; withdrawals are paused.
tok15,2023-09-17T06:00:00Z,post,The foundation published its monthly community update.
tok15,2023-09-24T06:00:00Z,post,The mainnet upgrade shipped on schedule and fees fell.
tok15,2023-10-15T06:00:00Z,post,The foundation published its monthly community update.
tok15,2023-10-22T06:00:00Z,post,The team reports a security exploit; withdrawals are paused.
tok15,2023-10-29T06:00:00Z,post,The foundation published its monthly community update.
tok15,2023-11-12T06:00:00Z,post,The foundation published its monthly community update.
tok15,2023-12-10T06:00:00Z,post,The mainnet upgrade shipped on schedule and fees fell.
tok15,2023-12-17T06:00:00Z,post,The mainnet upgrade shipped on schedule and fees fell.
tok15,2023-12-31T06:00:00Z,post,The team reports a security exploit; withdrawals are paused.
tok16,2021-01-03T06:00:00Z,post,The team reports a security exploit; withdrawals are paused.
tok16,2021-01-17T06:00:00Z,post,The foundation published its monthly community update.
tok16,2021-01-24T06:00:00Z,post,The foundation published its monthly community update.
tok16,2021-01-31T06:00:00Z,post,The mainnet upgrade shipped on schedule and fees fell.
tok16,2021-02-21T06:00:00Z,post,The team reports a security exploit; withdrawals are paused.
tok16,2021-03-07T06:00:00Z,post,The mainnet upgrade shipped on schedule and fees fell.
tok16,2021-03-14T06:00:00Z,post,The foundation published its monthly community update.
tok16,2021-03-28T06:00:00Z,post,The mainnet upgrade shipped on schedule and fees fell.
tok16,2021-04-04T06:00:00Z,post,The foundation published its monthly community update.
tok16,2021-04-11T06:00:00Z,post,The foundation published its monthly community update.
tok16,2021-04-25T06:00:00Z,post,The foundation published its monthly community update.
tok16,2021-05-02T06:00:00Z,post,The team reports a security exploit; withdrawals are paused.
tok16,2021-05-16T06:00:00Z,post,The mainnet upgrade shipped on schedule and fees fell.
tok16,2021-05-23T06:00:00Z,post,The foundation published its monthly community update.
tok16,2021-06-13T06:00:00Z,post,The foundation published its monthly community update.
tok16,2021-06-20T06:00:00Z,post,The team reports a security exploit; withdrawals are paused.
tok16,2021-06-27T06:00:00Z,post,The team reports a security exploit; withdrawals are paused.
tok16,2021-07-04T06:00:00Z,post,The team reports a security exploit; withdrawals are paused.
tok16,2021-07-11T06:00:00Z,post,The foundation published its monthly community update.
tok16,2021-07-18T06:00:00Z,post,The foundation published its monthly community update.
tok16,2021-07-25T06:00:00Z,post,The foundation published its monthly community update.
tok16,2021-08-01T06:00:00Z,post,The foundation published its monthly community update.
tok16,2021-08-29T06:00:00Z,post,The foundation published its monthly community update.
tok16,2021-09-12T06:00:00Z,post,The foundation published its monthly community update.
tok16,2021-09-26T06:00:00Z,post,The foundation published its monthly community update.
tok16,2021-10-17T06:00:00Z,post,The foundation published its monthly community update.
tok16,2021-10-24T06:00:00Z,post,The foundation published its monthly community update.
tok16,2021-11-28T06:00:00Z,post,The foundation published its monthly community update.
tok16,2021-12-05T06:00:00Z,post,The mainnet upgrade shipped on schedule and fees fell.
tok16,2021-12-19T06:00:00Z,post,The foundation published its monthly community update.
tok16,2022-01-16T06:00:00Z,post,The mainnet upgrade shipped on schedule and fees fell.
tok16,2022-02-13T06:00:00Z,post,The mainnet upgrade shipped on schedule and fees fell.
tok16,2022-02-20T06:00:00Z,post,The team reports a security exploit; withdrawals are paused.
tok16,2022-03-06T06:00:00Z,post,The foundation published its monthly community update.
tok16,2022-03-13T06:00:00Z,post,The foundation published its monthly community update.
tok16,2022-04-03T06:00:00Z,post,The mainnet upgrade shipped on schedule and fees fell.
tok16,2022-04-10T06:00:00Z,post,The foundation published its monthly community update.
tok16,2022-04-17T06:00:00Z,post,The foundation published its monthly community update.
tok16,2022-05-01T06:00:00Z,post,The foundation published its monthly community update.
tok16,2022-05-08T06:00:00Z,post,The mainnet upgrade shipped on schedule and fees fell.
tok16,2022-05-22T06:00:00Z,post,The mainnet upgrade shipped on schedule and fees fell.
tok16,2022-05-29T06:00:00Z,post,The foundation published its monthly community update.
tok16,2022-06-26T06:00:00Z,post,The foundation published its monthly community update.
tok16,2022-07-03T06:00:00Z,post,The mainnet upgrade shipped on schedule and fees fell.
tok16,2022-07-10T06:00:00Z,post,The foundation published its monthly community update.
tok16,2022-07-17T06:00:00Z,post,The foundation published its monthly community update.
tok16,2022-07-24T06:00:00Z,post,The mainnet upgrade shipped on schedule and fees fell.
tok16,2022-08-07T06:00:00Z,post,The foundation published its monthly community update.
tok16,2022-08-21T06:00:00Z,post,The foundation published its monthly community update.
tok16,2022-09-04T06:00:00Z,post,The foundation published its monthly community update.
tok16,2022-09-11T06:00:00Z,post,The mainnet upgrade shipped on schedule and fees fell.
tok16,2022-09-18T06:00:00Z,post,The mainnet upgrade shipped on schedule and fees fell.
tok16,2022-09-25T06:00:00Z,post,The foundation published its monthly community update.
tok16,2022-10-02T06:00:00Z,post,The foundation published its monthly community update.
tok16,2022-10-09T06:00:00Z,post,The team reports a security exploit; withdrawals are paused.
tok16,2022-10-16T06:00:00Z,post,The foundation published its monthly community update.
tok16,2022-10-23T06:00:00Z,post,The mainnet upgrade shipped on schedule and fees fell.
tok16,2022-10-30T06:00:00Z,post,The foundation published its monthly community update.
tok16,2022-11-06T06:00:00Z,post,The mainnet upgrade shipped on schedule and fees fell.
tok16,2022-12-04T06:00:00Z,post,The foundation published its monthly community update.
tok16,2022-12-11T06:00:00Z,post,The foundation published its monthly community update.
tok16,2022-12-25T06:00:00Z,post,The foundation published its monthly community update.
tok16,2023-01-01T06:00:00Z,post,The foundation published its monthly community update.
tok16,2023-01-08T06:00:00Z,post,The team reports a security exploit; withdrawals are paused.
tok16,2023-01-22T06:00:00Z,post,The foundation published its monthly community update.
tok16,2023-01-29T06:00:00Z,post,The team reports a security exploit; withdrawals are paused.
tok16,2023-03-05T06:00:00Z,post,The foundation published its monthly community update.
tok16,2023-03-12T06:00:00Z,post,The foundation published its monthly community update.
tok16,2023-03-19T06:00:00Z,post,The foundation published its monthly community update.
tok16,2023-04-02T06:00:00Z,post,The foundation published its monthly community update.
tok16,2023-04-09T06:00:00Z,post,The mainnet upgrade shipped on schedule and fees fell.
tok16,2023-04-16T06:00:00Z,post,The foundation published its monthly community update.
tok16,2023-04-23T06:00:00Z,post,The foundation published its monthly community update.
tok16,2023-04-30T06:00:00Z,post,The foundation published its monthly community update.
tok16,2023-05-07T06:00:00Z,post,The foundation published its monthly community update.
tok16,2023-05-28T06:00:00Z,post,The mainnet upgrade shipped on schedule and fees fell.
tok16,2023-06-18T06:00:00Z,post,The mainnet upgrade shipped on schedule and fees fell.
tok16,2023-07-09T06:00:00Z,post,The foundation published its monthly community update.
tok16,2023-07-23T06:00:00Z,post,The foundation published its monthly community update.
tok16,2023-08-06T06:00:00Z,post,The foundation published its monthly community update.
tok16,2023-08-27T06:00:00Z,post,The foundation published its monthly community update.
tok16,2023-10-08T06:00:00Z,post,The mainnet upgrade shipped on schedule and fees fell.
tok16,2023-10-29T06:00:00Z,post,The foundation published its monthly community update.
tok16,2023-11-19T06:00:00Z,post,The mainnet upgrade shipped on schedule and fees fell.
tok16,2023-12-10T06:00:00Z,post,The mainnet upgrade shipped on schedule and fees fell.
tok16,2023-12-31T06:00:00Z,post,The foundation published its monthly community update.
tok17,2021-01-17T06:00:00Z,post,The foundation published its monthly community update.
tok17,2021-01-24T06:00:00Z,post,The mainnet upgrade shipped on schedule and fees fell.
tok17,2021-02-07T06:00:00Z,post,The mainnet upgrade shipped on schedule and fees fell.
tok17,2021-02-14T06:00:00Z,post,The foundation published its monthly community update.
tok17,2021-02-21T06:00:00Z,post,The mainnet upgrade shipped on schedule and fees fell.
tok17,2021-04-18T06:00:00Z,post,The mainnet upgrade shipped on schedule and fees fell.
tok17,2021-04-25T06:00:00Z,post,The foundation published its monthly community update.
tok17,2021-05-02T06:00:00Z,post,The foundation published its monthly community update.
tok17,2021-05-16T06:00:00Z,post,The mainnet upgrade shipped on schedule and fees fell.
tok17,2021-05-23T06:00:00Z,post,The foundation published its monthly community update.
tok17,2021-05-30T06:00:00Z,post,The foundation published its monthly community update.
tok17,2021-06-06T06:00:00Z,post,The foundation published its monthly community update.
tok17,2021-06-20T06:00:00Z,post,The foundation published its monthly community update.
tok17,2021-06-27T06:00:00Z,post,The foundation published its monthly community update.
tok17,2021-07-04T06:00:00Z,post,The foundation published its monthly community update.
tok17,2021-08-01T06:00:00Z,post,The foundation published its monthly community update.
tok17,2021-08-15T06:00:00Z,post,The team reports a security exploit; withdrawals are paused.
tok17,2021-09-05T06:00:00Z,post,The foundation published its monthly community update.
tok17,2021-10-10T06:00:00Z,post,The foundation published its monthly community update.
tok17,2021-10-24T06:00:00Z,post,The team reports a security exploit; withdrawals are paused.
tok17,2021-10-31T06:00:00Z,post,The foundation published its monthly community update.
tok17,2021-12-05T06:00:00Z,post,The team reports a security exploit; withdrawals are paused.
tok17,2022-01-02T06:00:00Z,post,The foundation published its monthly community update.
tok17,2022-01-09T06:00:00Z,post,The foundation published its monthly community update.
tok17,2022-01-16T06:00:00Z,post,The mainnet upgrade shipped on schedule and fees fell.
tok17,2022-02-20T06:00:00Z,post,The foundation published its monthly community update.
tok17,2022-03-13T06:00:00Z,post,The foundation published its monthly community update.
tok17,2022-04-03T06:00:00Z,post,The foundation published its monthly community update.
tok17,2022-04-17T06:00:00Z,post,The team reports a security exploit; withdrawals are paused.
tok17,2022-05-15T06:00:00Z,post,The team reports a security exploit; withdrawals are paused.
tok17,2022-05-22T06:00:00Z,post,The team reports a security exploit; withdrawals are paused.
tok17,2022-06-05T06:00:00Z,post,The foundation published its monthly community update.
tok17,2022-06-12T06:00:00Z,post,The foundation published its monthly community update.
tok17,2022-06-19T06:00:00Z,post,The team reports a security exploit; withdrawals are paused.
tok17,2022-07-10T06:00:00Z,post,The foundation published its monthly community update.
tok17,2022-07-24T06:00:00Z,post,The foundation published its monthly community update.
tok17,2022-07-31T06:00:00Z,post,The foundation published its monthly community update.
tok17,2022-08-07T06:00:00Z,post,The team reports a security exploit; withdrawals are paused.
tok17,2022-08-14T06:00:00Z,post,The mainnet upgrade shipped on schedule and fees fell.
tok17,2022-09-04T06:00:00Z,post,The mainnet upgrade shipped on schedule and fees fell.
tok17,2022-09-11T06:00:00Z,post,The mainnet upgrade shipped on schedule and fees fell.
tok17,2022-09-18T06:00:00Z,post,The mainnet upgrade shipped on schedule and fees fell.
tok17,2022-09-25T06:00:00Z,post,The team reports a security exploit; withdrawals are paused.
tok17,2022-10-09T06:00:00Z,post,The team reports a security exploit; withdrawals are paused.
tok17,2022-10-23T06:00:00Z,post,The foundation published its monthly community update.
tok17,2022-10-30T06:00:00Z,post,The foundation published its monthly community update.
tok17,2022-11-13T06:00:00Z,post,The foundation published its monthly community update.
tok17,2022-12-18T06:00:00Z,post,The mainnet upgrade shipped on schedule and fees fell.
tok17,2022-12-25T06:00:00Z,post,The foundation published its monthly community update.
tok17,2023-01-15T06:00:00Z,post,The team reports a security exploit; withdrawals are paused.
tok17,2023-01-22T06:00:00Z,post,The mainnet upgrade shipped on schedule and fees fell.
tok17,2023-01-29T06:00:00Z,post,The foundation published its monthly community update.
tok17,2023-04-09T06:00:00Z,post,The foundation published its monthly community update.
tok17,2023-04-16T06:00:00Z,post,The mainnet upgrade shipped on schedule and fees fell.
tok17,2023-04-30T06:00:00Z,post,The mainnet upgrade shipped on schedule and fees fell.
tok17,2023-05-14T06:00:00Z,post,The foundation published its monthly community update.
tok17,2023-05-28T06:00:00Z,post,The mainnet upgrade shipped on schedule and fees fell.
tok17,2023-06-11T06:00:00Z,post,The foundation published its monthly community update.
tok17,2023-07-16T06:00:00Z,post,The foundation published its monthly community update.
tok17,2023-08-27T06:00:00Z,post,The foundation published its monthly community update.
tok17,2023-09-03T06:00:00Z,post,The foundation published its monthly community update.
tok17,2023-10-08T06:00:00Z,post,The mainnet upgrade shipped on schedule and fees fell.
tok17,2023-10-22T06:00:00Z,post,The foundation published its monthly community update.
tok17,2023-10-29T06:00:00Z,post,The mainnet upgrade shipped on schedule and fees fell.
tok17,2023-11-05T06:00:00Z,post,The mainnet upgrade shipped on schedule and fees fell.
tok17,2023-11-12T06:00:00Z,post,The foundation published its monthly community update.
tok17,2023-11-19T06:00:00Z,post,The mainnet upgrade shipped on schedule and fees fell.
tok17,2023-12-17T06:00:00Z,post,The mainnet upgrade shipped on schedule and fees fell.
tok17,2023-12-24T06:00:00Z,post,The foundation published its monthly community update.
tok18,2021-01-03T06:00:00Z,post,The foundation published its monthly community update.
tok18,2021-01-17T06:00:00Z,post,The foundation published its monthly community update.
tok18,2021-02-07T06:00:00Z,post,The mainnet upgrade shipped on schedule and fees fell.
tok18,2021-02-21T06:00:00Z,post,The foundation published its monthly community update.
tok18,2021-02-28T06:00:00Z,post,The foundation published its monthly community update.
tok18,2021-03-07T06:00:00Z,post,The team reports a security exploit; withdrawals are paused.
tok18,2021-03-14T06:00:00Z,post,The mainnet upgrade shipped on schedule and fees fell.
tok18,2021-03-21T06:00:00Z,post,The foundation published its monthly community update.
tok18,2021-04-04T06:00:00Z,post,The foundation published its monthly community update.
tok18,2021-04-11T06:00:00Z,post,The team reports a security exploit; withdrawals are paused.
tok18,2021-04-25T06:00:00Z,post,The foundation published its monthly community update.
tok18,2021-05-02T06:00:00Z,post,The foundation published its monthly community update.
tok18,2021-05-09T06:00:00Z,post,The team reports a security exploit; withdrawals are paused.
tok18,2021-05-16T06:00:00Z,post,The mainnet upgrade shipped on schedule and fees fell.
tok18,2021-06-06T06:00:00Z,post,The mainnet upgrade shipped on schedule and fees fell.
tok18,2021-06-20T06:00:00Z,post,The mainnet upgrade shipped on schedule and fees fell.
tok18,2021-06-27T06:00:00Z,post,The foundation published its monthly community update.
tok18,2021-07-04T06:00:00Z,post,The foundation published its monthly community update.
tok18,2021-08-15T06:00:00Z,post,The team reports a security exploit; withdrawals are paused.
tok18,2021-09-12T06:00:00Z,post,The foundation published its monthly community update.
tok18,2021-09-19T06:00:00Z,post,The foundation published its monthly community update.
tok18,2021-10-03T06:00:00Z,post,The foundation published its monthly community update.
tok18,2021-10-31T06:00:00Z,post,The foundation published its monthly community update.
tok18,2021-11-07T06:00:00Z,post,The foundation published its monthly community update.
tok18,2021-11-28T06:00:00Z,post,The foundation published its monthly community update.
tok18,2021-12-12T06:00:00Z,post,The team reports a security exploit; withdrawals are paused.
tok18,2021-12-26T06:00:00Z,post,The foundation published its monthly community update.
tok18,2022-01-09T06:00:00Z,post,The foundation published its monthly community update.
tok18,2022-01-16T06:00:00Z,post,The foundation published its monthly community update.
tok18,2022-01-23T06:00:00Z,post,The team reports a security exploit; withdrawals are paused.
tok18,2022-02-06T06:00:00Z,post,The mainnet upgrade shipped on schedule and fees fell.
tok18,2022-02-13T06:00:00Z,post,The foundation published its monthly community update.
tok18,2022-02-20T06:00:00Z,post,The mainnet upgrade shipped on schedule and fees fell.
tok18,2022-02-27T06:00:00Z,post,The foundation published its monthly community update.
tok18,2022-03-06T06:00:00Z,post,The foundation published its monthly community update.
tok18,2022-03-20T06:00:00Z,post,The team reports a security exploit; withdrawals are paused.
tok18,2022-03-27T06:00:00Z,post,The foundation published its monthly community update.
tok18,2022-04-10T06:00:00Z,post,The team reports a security exploit; withdrawals are paused.
tok18,2022-05-15T06:00:00Z,post,The foundation published its monthly community update.
tok18,2022-06-12T06:00:00Z,post,The foundation published its monthly community update.
tok18,2022-06-26T06:00:00Z,post,The foundation published its monthly community update.
tok18,2022-07-10T06:00:00Z,post,The foundation published its monthly community update.
tok18,2022-07-24T06:00:00Z,post,The mainnet upgrade shipped on schedule and fees fell.
tok18,2022-08-21T06:00:00Z,post,The foundation published its monthly community update.
tok18,2022-08-28T06:00:00Z,post,The mainnet upgrade shipped on schedule and fees fell.
tok18,2022-09-04T06:00:00Z,post,The foundation published its monthly community update.
tok18,2022-09-25T06:00:00Z,post,The team reports a security exploit; withdrawals are paused.
tok18,2022-10-02T06:00:00Z,post,The mainnet upgrade shipped on schedule and fees fell.
tok18,2022-10-09T06:00:00Z,post,The foundation published its monthly community update.
tok18,2022-10-23T06:00:00Z,post,The foundation published its monthly community update.
tok18,2022-11-13T06:00:00Z,post,The team reports a security exploit; withdrawals are paused.
tok18,2022-11-27T06:00:00Z,post,The foundation published its monthly community update.
tok18,2022-12-04T06:00:00Z,post,The mainnet upgrade shipped on schedule and fees fell.
tok18,2022-12-11T06:00:00Z,post,The team reports a security exploit; withdrawals are paused.
tok18,2023-01-01T06:00:00Z,post,The mainnet upgrade shipped on schedule and fees fell.
tok18,2023-01-08T06:00:00Z,post,The foundation published its monthly community update.
tok18,2023-02-05T06:00:00Z,post,The foundation published its monthly community update.
tok18,2023-02-12T06:00:00Z,post,The team reports a security exploit; withdrawals are paused.
tok18,2023-02-26T06:00:00Z,post,The mainnet upgrade shipped on schedule and fees fell.
tok18,2023-03-05T06:00:00Z,post,The mainnet upgrade shipped on schedule and fees fell.
tok18,2023-03-26T06:00:00Z,post,The foundation published its monthly community update.
tok18,2023-04-09T06:00:00Z,post,The foundation published its monthly community update.
tok18,2023-04-23T06:00:00Z,post,The foundation published its monthly community update.
tok18,2023-04-30T06:00:00Z,post,The foundation published its monthly community update.
tok18,2023-05-14T06:00:00Z,post,The foundation published its monthly community update.
tok18,2023-05-21T06:00:00Z,post,The mainnet upgrade shipped on schedule and fees fell.
tok18,2023-06-11T06:00:00Z,post,The foundation published its monthly community update.
tok18,2023-07-02T06:00:00Z,post,The foundation published its monthly community update.
tok18,2023-07-16T06:00:00Z,post,The foundation published its monthly community update.
tok18,2023-08-13T06:00:00Z,post,The foundation published its monthly community update.
tok18,2023-08-20T06:00:00Z,post,The foundation published its monthly community update.
tok18,2023-09-03T06:00:00Z,post,The mainnet upgrade shipped on schedule and fees fell.
tok18,2023-09-24T06:00:00Z,post,The foundation published its monthly community update.
tok18,2023-10-15T06:00:00Z,post,The mainnet upgrade shipped on schedule and fees fell.
tok18,2023-10-29T06:00:00Z,post,The foundation published its monthly community update.
tok18,2023-11-19T06:00:00Z,post,The foundation published its monthly community update.
tok18,2023-11-26T06:00:00Z,post,The foundation published its monthly community update.
tok18,2023-12-17T06:00:00Z,post,The foundation published its monthly community update.
tok18,2023-12-24T06:00:00Z,post,The foundation published its monthly community update.
tok19,2021-01-03T06:00:00Z,post,The foundation published its monthly community update.
tok19,2021-01-10T06:00:00Z,post,The foundation published its monthly community update.
tok19,2021-01-17T06:00:00Z,post,The mainnet upgrade shipped on schedule and fees fell.
tok19,2021-03-14T06:00:00Z,post,The foundation published its monthly community update.
tok19,2021-03-21T06:00:00Z,post,The foundation published its monthly community update.
tok19,2021-04-18T06:00:00Z,post,The foundation published its monthly community update.
tok19,2021-04-25T06:00:00Z,post,The team reports a security exploit; withdrawals are paused.
tok19,2021-06-06T06:00:00Z,post,The foundation published its monthly community update.
tok19,2021-06-13T06:00:00Z,post,The mainnet upgrade shipped on schedule and fees fell.
tok19,2021-07-04T06:00:00Z,post,The foundation published its monthly community update.
tok19,2021-07-11T06:00:00Z,post,The mainnet upgrade shipped on schedule and fees fell.
tok19,2021-08-01T06:00:00Z,post,The foundation published its monthly community update.
tok19,2021-08-22T06:00:00Z,post,The team reports a security exploit; withdrawals are paused.
tok19,2021-09-12T06:00:00Z,post,The team reports a security exploit; withdrawals are paused.
tok19,2021-09-26T06:00:00Z,post,The mainnet upgrade shipped on schedule and fees fell.
tok19,2021-10-03T06:00:00Z,post,The team reports a security exploit; withdrawals are paused.
tok19,2021-10-10T06:00:00Z,post,The mainnet upgrade shipped on schedule and fees fell.
tok19,2021-10-17T06:00:00Z,post,The foundation published its monthly community update.
tok19,2021-10-24T06:00:00Z,post,The foundation published its monthly community update.
tok19,2021-10-31T06:00:00Z,post,The foundation published its monthly community update.
tok19,2021-11-07T06:00:00Z,post,The mainnet upgrade shipped on schedule and fees fell.
tok19,2022-01-23T06:00:00Z,post,The foundation published its monthly community update.
tok19,2022-01-30T06:00:00Z,post,The foundation published its monthly community update.
tok19,2022-02-20T06:00:00Z,post,The mainnet upgrade shipped on schedule and fees fell.
tok19,2022-03-06T06:00:00Z,post,The foundation published its monthly community update.
tok19,2022-03-13T06:00:00Z,post,The foundation published its monthly community update.
tok19,2022-03-20T06:00:00Z,post,The foundation published its monthly community update.
tok19,2022-03-27T06:00:00Z,post,The mainnet upgrade shipped on schedule and fees fell.
tok19,2022-04-10T06:00:00Z,post,The mainnet upgrade shipped on schedule and fees fell.
tok19,2022-05-08T06:00:00Z,post,The foundation published its monthly community update.
tok19,2022-05-15T06:00:00Z,post,The foundation published its monthly community update.
tok19,2022-05-29T06:00:00Z,post,The mainnet upgrade shipped on schedule and fees fell.
tok19,2022-06-19T06:00:00Z,post,The team reports a security exploit; withdrawals are paused.
tok19,2022-07-10T06:00:00Z,post,The team reports a security exploit; withdrawals are paused.
tok19,2022-07-24T06:00:00Z,post,The team reports a security exploit; withdrawals are paused.
tok19,2022-07-31T06:00:00Z,post,The mainnet upgrade shipped on schedule and fees fell.
tok19,2022-08-28T06:00:00Z,post,The foundation published its monthly community update.
tok19,2022-09-04T06:00:00Z,post,The team reports a security exploit; withdrawals are paused.
tok19,2022-09-18T06:00:00Z,post,The foundation published its monthly community update.
tok19,2022-09-25T06:00:00Z,post,The mainnet upgrade shipped on schedule and fees fell.
tok19,2022-10-09T06:00:00Z,post,The team reports a security exploit; withdrawals are paused.
tok19,2022-11-06T06:00:00Z,post,The team reports a security exploit; withdrawals are paused.
tok19,2022-11-13T06:00:00Z,post,The foundation published its monthly community update.
tok19,2022-11-20T06:00:00Z,post,The foundation published its monthly community update.
tok19,2022-12-25T06:00:00Z,post,The mainnet upgrade shipped on schedule and fees fell.
tok19,2023-01-01T06:00:00Z,post,The mainnet upgrade shipped on schedule and fees fell.
tok19,2023-01-08T06:00:00Z,post,The foundation published its monthly community update.
tok19,2023-01-15T06:00:00Z,post,The foundation published its monthly community update.
tok19,2023-02-26T06:00:00Z,post,The foundation published its monthly community update.
tok19,2023-03-05T06:00:00Z,post,The mainnet upgrade shipped on schedule and fees fell.
tok19,2023-03-19T06:00:00Z,post,The foundation published its monthly community update.
tok19,2023-04-09T06:00:00Z,post,The foundation published its monthly community update.
tok19,2023-04-16T06:00:00Z,post,The team reports a security exploit; withdrawals are paused.
tok19,2023-05-14T06:00:00Z,post,The foundation published its monthly community update.
tok19,2023-06-25T06:00:00Z,post,The foundation published its monthly community update.
tok19,2023-07-02T06:00:00Z,post,The mainnet upgrade shipped on schedule and fees fell.
tok19,2023-07-16T06:00:00Z,post,The foundation published its monthly community update.
tok19,2023-07-30T06:00:00Z,post,The team reports a security exploit; withdrawals are paused.
tok19,2023-08-06T06:00:00Z,post,The foundation published its monthly community update.
tok19,2023-09-03T06:00:00Z,post,The foundation published its monthly community update.
tok19,2023-10-08T06:00:00Z,post,The foundation published its monthly community update.
tok19,2023-10-15T06:00:00Z,post,The team reports a security exploit; withdrawals are paused.
tok19,2023-10-22T06:00:00Z,post,The foundation published its monthly community update.
tok19,2023-10-29T06:00:00Z,post,The foundation published its monthly community update.
tok19,2023-11-19T06:00:00Z,post,The foundation published its monthly community update.
tok19,2023-12-24T06:00:00Z,post,The mainnet upgrade shipped on schedule and fees fell.
tok20,2021-01-17T06:00:00Z,post,The foundation published its monthly community update.
tok20,2021-01-24T06:00:00Z,post,The foundation published its monthly community update.
tok20,2021-02-14T06:00:00Z,post,The foundation published its monthly community update.
tok20,2021-02-28T06:00:00Z,post,The mainnet upgrade shipped on schedule and fees fell.
tok20,2021-03-07T06:00:00Z,post,The foundation published its monthly community update.
tok20,2021-04-11T06:00:00Z,post,The foundation published its monthly community update.
tok20,2021-04-25T06:00:00Z,post,The foundation published its monthly community update.
tok20,2021-05-02T06:00:00Z,post,The team reports a security exploit; withdrawals are paused.
tok20,2021-05-09T06:00:00Z,post,The foundation published its monthly community update.
tok20,2021-05-23T06:00:00Z,post,The foundation published its monthly community update.
tok20,2021-06-06T06:00:00Z,post,The foundation published its monthly community update.
tok20,2021-06-13T06:00:00Z,post,The foundation published its monthly community update.
tok20,2021-06-20T06:00:00Z,post,The foundation published its monthly community update.
tok20,2021-07-04T06:00:00Z,post,The foundation published its monthly community update.
tok20,2021-07-11T06:00:00Z,post,The foundation published its monthly community update.
tok20,2021-07-18T06:00:00Z,post,The foundation published its monthly community update.
tok20,2021-07-25T06:00:00Z,post,The foundation published its monthly community update.
tok20,2021-08-01T06:00:00Z,post,The foundation published its monthly community update.
tok20,2021-08-29T06:00:00Z,post,The foundation published its monthly community update.
tok20,2021-09-12T06:00:00Z,post,The foundation published its monthly community update.
tok20,2021-09-26T06:00:00Z,post,The mainnet upgrade shipped on schedule and fees fell.
tok20,2021-10-10T06:00:00Z,post,The mainnet upgrade shipped on schedule and fees fell.
tok20,2021-10-24T06:00:00Z,post,The mainnet upgrade shipped on schedule and fees fell.
tok20,2021-10-31T06:00:00Z,post,The foundation published its monthly community update.
tok20,2021-11-28T06:00:00Z,post,The foundation published its monthly community update.
tok20,2021-12-05T06:00:00Z,post,The mainnet upgrade shipped on schedule and fees fell.
tok20,2022-01-23T06:00:00Z,post,The foundation published its monthly community update.
tok20,2022-02-13T06:00:00Z,post,The foundation published its monthly community update.
tok20,2022-03-06T06:00:00Z,post,The foundation published its monthly community update.
tok20,2022-03-13T06:00:00Z,post,The mainnet upgrade shipped on schedule and fees fell.
tok20,2022-03-27T06:00:00Z,post,The mainnet upgrade shipped on schedule and fees fell.
tok20,2022-04-03T06:00:00Z,post,The team reports a security exploit; withdrawals are paused.
tok20,2022-04-10T06:00:00Z,post,The foundation published its monthly community update.
tok20,2022-04-17T06:00:00Z,post,The mainnet upgrade shipped on schedule and fees fell.
tok20,2022-05-01T06:00:00Z,post,The foundation published its monthly community update.
tok20,2022-06-05T06:00:00Z,post,The foundation published its monthly community update.
tok20,2022-06-19T06:00:00Z,post,The foundation published its monthly community update.
tok20,2022-07-03T06:00:00Z,post,The foundation published its monthly community update.
tok20,2022-07-10T06:00:00Z,post,The team reports a security exploit; withdrawals are paused.
tok20,2022-07-17T06:00:00Z,post,The team reports a security exploit; withdrawals are paused.
tok20,2022-08-14T06:00:00Z,post,The foundation published its monthly community update.
tok20,2022-08-28T06:00:00Z,post,The mainnet upgrade shipped on schedule and fees fell.
tok20,2022-09-11T06:00:00Z,post,The team reports a security exploit; withdrawals are paused.
tok20,2022-09-18T06:00:00Z,post,The foundation published its monthly community update.
tok20,2022-10-02T06:00:00Z,post,The foundation published its monthly community update.
tok20,2022-10-16T06:00:00Z,post,The foundation published its monthly community update.
tok20,2022-10-30T06:00:00Z,post,The foundation published its monthly community update.
tok20,2022-11-13T06:00:00Z,post,The mainnet upgrade shipped on schedule and fees fell.
tok20,2022-11-20T06:00:00Z,post,The foundation published its monthly community update.
tok20,2022-12-04T06:00:00Z,post,The foundation published its monthly community update.
tok20,2022-12-18T06:00:00Z,post,The foundation published its monthly community update.
tok20,2023-01-01T06:00:00Z,post,The mainnet upgrade shipped on schedule and fees fell.
tok20,2023-01-22T06:00:00Z,post,The mainnet upgrade shipped on schedule and fees fell.
tok20,2023-01-29T06:00:00Z,post,The mainnet upgrade shipped on schedule and fees fell.
tok20,2023-02-26T06:00:00Z,post,The foundation published its monthly community update.
tok20,2023-03-05T06:00:00Z,post,The foundation published its monthly community update.
tok20,2023-03-26T06:00:00Z,post,The mainnet upgrade shipped on schedule and fees fell.
tok20,2023-04-30T06:00:00Z,post,The mainnet upgrade shipped on schedule and fees fell.
tok20,2023-05-07T06:00:00Z,post,The team reports a security exploit; withdrawals are paused.
tok20,2023-05-14T06:00:00Z,post,The mainnet upgrade shipped on schedule and fees fell.
tok20,2023-05-21T06:00:00Z,post,The foundation published its monthly community update.
tok20,2023-05-28T06:00:00Z,post,The foundation published its monthly community update.
tok20,2023-06-04T06:00:00Z,post,The foundation published its monthly community update.
tok20,2023-06-18T06:00:00Z,post,The mainnet upgrade shipped on schedule and fees fell.
tok20,2023-06-25T06:00:00Z,post,The mainnet upgrade shipped on schedule and fees fell.
tok20,2023-07-02T06:00:00Z,post,The foundation published its monthly community update.
tok20,2023-07-09T06:00:00Z,post,The foundation published its monthly community update.
tok20,2023-07-30T06:00:00Z,post,The mainnet upgrade shipped on schedule and fees fell.
tok20,2023-08-06T06:00:00Z,post,The mainnet upgrade shipped on schedule and fees fell.
tok20,2023-08-20T06:00:00Z,post,The team reports a security exploit; withdrawals are paused.
tok20,2023-10-08T06:00:00Z,post,The foundation published its monthly community update.
tok20,2023-10-29T06:00:00Z,post,The team reports a security exploit; withdrawals are paused.
tok20,2023-11-05T06:00:00Z,post,The foundation published its monthly community update.
tok20,2023-11-19T06:00:00Z,post,The foundation published its monthly community update.
tok20,2023-11-26T06:00:00Z,post,The foundation published its monthly community update.
tok20,2023-12-03T06:00:00Z,post,The foundation published its monthly community update.
tok20,2023-12-17T06:00:00Z,post,The mainnet upgrade shipped on schedule and fees fell.
tok20,2023-12-24T06:00:00Z,post,The foundation published its monthly community update.
tok20,2023-12-31T06:00:00Z,post,The foundation published its monthly community update.
tok21,2021-01-03T06:00:00Z,post,The mainnet upgrade shipped on schedule and fees fell.
tok21,2021-01-10T06:00:00Z,post,The foundation published its monthly community update.
tok21,2021-02-14T06:00:00Z,post,The team reports a security exploit; withdrawals are paused.
tok21,2021-03-21T06:00:00Z,post,The foundation published its monthly community update.
tok21,2021-03-28T06:00:00Z,post,The mainnet upgrade shipped on schedule and fees fell.
tok21,2021-04-18T06:00:00Z,post,The foundation published its monthly community update.
tok21,2021-05-23T06:00:00Z,post,The mainnet upgrade shipped on schedule and fees fell.
tok21,2021-05-30T06:00:00Z,post,The foundation published its monthly community update.
tok21,2021-06-13T06:00:00Z,post,The foundation published its monthly community update.
tok21,2021-06-20T06:00:00Z,post,The foundation published its monthly community update.
tok21,2021-06-27T06:00:00Z,post,The team reports a security exploit; withdrawals are paused.
tok21,2021-07-11T06:00:00Z,post,The foundation published its monthly community update.
tok21,2021-07-25T06:00:00Z,post,The foundation published its monthly community update.
tok21,2021-08-08T06:00:00Z,post,The foundation published its monthly community update.
tok21,2021-08-22T06:00:00Z,post,The foundation published its monthly community update.
tok21,2021-08-29T06:00:00Z,post,The mainnet upgrade shipped on schedule and fees fell.
tok21,2021-09-12T06:00:00Z,post,The mainnet upgrade shipped on schedule and fees fell.
tok21,2021-09-19T06:00:00Z,post,The foundation published its monthly community update.
tok21,2021-10-03T06:00:00Z,post,The mainnet upgrade shipped on schedule and fees fell.
tok21,2021-10-10T06:00:00Z,post,The foundation published its monthly community update.
tok21,2021-10-24T06:00:00Z,post,The mainnet upgrade shipped on schedule and fees fell.
tok21,2021-10-31T06:00:00Z,post,The mainnet upgrade shipped on schedule and fees fell.
tok21,2021-11-21T06:00:00Z,post,The mainnet upgrade shipped on schedule and fees fell.
tok21,2021-12-12T06:00:00Z,post,The foundation published its monthly community update.
tok21,2021-12-19T06:00:00Z,post,The foundation published its monthly community update.
tok21,2022-01-09T06:00:00Z,post,The foundation published its monthly community update.
tok21,2022-01-16T06:00:00Z,post,The mainnet upgrade shipped on schedule and fees fell.
tok21,2022-01-30T06:00:00Z,post,The team reports a security exploit; withdrawals are paused.
tok21,2022-02-13T06:00:00Z,post,The mainnet upgrade shipped on schedule and fees fell.
tok21,2022-03-13T06:00:00Z,post,The mainnet upgrade shipped on schedule and fees fell.
tok21,2022-03-20T06:00:00Z,post,The mainnet upgrade shipped on schedule and fees fell.
tok21,2022-03-27T06:00:00Z,post,The mainnet upgrade shipped on schedule and fees fell.
tok21,2022-04-10T06:00:00Z,post,The foundation published its monthly community update.
tok21,2022-04-17T06:00:00Z,post,The mainnet upgrade shipped on schedule and fees fell.
tok21,2022-05-01T06:00:00Z,post,The foundation published its monthly community update.
tok21,2022-05-15T06:00:00Z,post,The foundation published its monthly community update.
tok21,2022-05-29T06:00:00Z,post,The foundation published its monthly community update.
tok21,2022-06-05T06:00:00Z,post,The foundation published its monthly community update.
tok21,2022-06-19T06:00:00Z,post,The mainnet upgrade shipped on schedule and fees fell.
tok21,2022-07-03T06:00:00Z,post,The team reports a security exploit; withdrawals are paused.
tok21,2022-07-10T06:00:00Z,post,The foundation published its monthly community update.
tok21,2022-07-24T06:00:00Z,post,The mainnet upgrade shipped on schedule and fees fell.
tok21,2022-08-21T06:00:00Z,post,The mainnet upgrade shipped on schedule and fees fell.
tok21,2022-08-28T06:00:00Z,post,The team reports a security exploit; withdrawals are paused.
tok21,2022-09-11T06:00:00Z,post,The foundation published its monthly community update.
tok21,2022-09-18T06:00:00Z,post,The foundation published its monthly community update.
tok21,2022-10-09T06:00:00Z,post,The team reports a security exploit; withdrawals are paused.
tok21,2022-10-16T06:00:00Z,post,The team reports a security exploit; withdrawals are paused.
tok21,2022-10-23T06:00:00Z,post,The foundation published its monthly community update.
tok21,2022-11-06T06:00:00Z,post,The mainnet upgrade shipped on schedule and fees fell.
tok21,2022-11-13T06:00:00Z,post,The mainnet upgrade shipped on schedule and fees fell.
tok21,2022-11-27T06:00:00Z,post,The team reports a security exploit; withdrawals are paused.
tok21,2022-12-04T06:00:00Z,post,The team reports a security exploit; withdrawals are paused.
tok21,2023-01-15T06:00:00Z,post,The mainnet upgrade shipped on schedule and fees fell.
tok21,2023-01-22T06:00:00Z,post,The foundation published its monthly community update.
tok21,2023-02-05T06:00:00Z,post,The team reports a security exploit; withdrawals are paused.
tok21,2023-02-12T06:00:00Z,post,The foundation published its monthly community update.
tok21,2023-02-26T06:00:00Z,post,The mainnet upgrade shipped on schedule and fees fell.
tok21,2023-03-12T06:00:00Z,post,The foundation published its monthly community update.
tok21,2023-03-19T06:00:00Z,post,The mainnet upgrade shipped on schedule and fees fell.
tok21,2023-03-26T06:00:00Z,post,The foundation published its monthly community update.
tok21,2023-04-02T06:00:00Z,post,The team reports a security exploit; withdrawals are paused.
tok21,2023-04-09T06:00:00Z,post,The foundation published its monthly community update.
tok21,2023-04-16T06:00:00Z,post,The foundation published its monthly community update.
tok21,2023-05-07T06:00:00Z,post,The foundation published its monthly community update.
tok21,2023-05-14T06:00:00Z,post,The mainnet upgrade shipped on schedule and fees fell.
tok21,2023-05-21T06:00:00Z,post,The foundation published its monthly community update.
tok21,2023-06-11T06:00:00Z,post,The mainnet upgrade shipped on schedule and fees fell.
tok21,2023-06-25T06:00:00Z,post,The foundation published its monthly community update.
tok21,2023-08-13T06:00:00Z,post,The foundation published its monthly community update.
tok21,2023-08-20T06:00:00Z,post,The mainnet upgrade shipped on schedule and fees fell.
tok21,2023-09-10T06:00:00Z,post,The foundation published its monthly community update.
tok21,2023-09-24T06:00:00Z,post,The mainnet upgrade shipped on schedule and fees fell.
tok21,2023-10-08T06:00:00Z,post,The mainnet upgrade shipped on schedule and fees fell.
tok21,2023-10-15T06:00:00Z,post,The team reports a security exploit; withdrawals are paused.
tok21,2023-10-22T06:00:00Z,post,The foundation published its monthly community update.
tok21,2023-11-26T06:00:00Z,post,The team reports a security exploit; withdrawals are paused.
tok21,2023-12-03T06:00:00Z,post,The foundation published its monthly community update.
tok21,2023-12-17T06:00:00Z,post,The foundation published its monthly community update.
tok22,2021-01-10T06:00:00Z,post,The foundation published its monthly community update.
tok22,2021-01-17T06:00:00Z,post,The foundation published its monthly community update.
tok22,2021-01-24T06:00:00Z,post,The foundation published its monthly community update.
tok22,2021-01-31T06:00:00Z,post,The foundation published its monthly community update.
tok22,2021-02-07T06:00:00Z,post,The mainnet upgrade shipped on schedule and fees fell.
tok22,2021-02-14T06:00:00Z,post,The foundation published its monthly community update.
tok22,2021-04-04T06:00:00Z,post,The mainnet upgrade shipped on schedule and fees fell.
tok22,2021-04-11T06:00:00Z,post,The mainnet upgrade shipped on schedule and fees fell.
tok22,2021-04-18T06:00:00Z,post,The foundation published its monthly community update.
tok22,2021-05-09T06:00:00Z,post,The team reports a security exploit; withdrawals are paused.
tok22,2021-05-16T06:00:00Z,post,The mainnet upgrade shipped on schedule and fees fell.
tok22,2021-05-23T06:00:00Z,post,The foundation published its monthly community update.
tok22,2021-05-30T06:00:00Z,post,The team reports a security exploit; withdrawals are paused.
tok22,2021-06-06T06:00:00Z,post,The mainnet upgrade shipped on schedule and fees fell.
tok22,2021-06-13T06:00:00Z,post,The foundation published its monthly community update.
tok22,2021-07-04T06:00:00Z,post,The mainnet upgrade shipped on schedule and fees fell.
tok22,2021-08-01T06:00:00Z,post,The foundation published its monthly community update.
tok22,2021-08-08T06:00:00Z,post,The mainnet upgrade shipped on schedule and fees fell.
tok22,2021-08-22T06:00:00Z,post,The mainnet upgrade shipped on schedule and fees fell.
tok22,2021-08-29T06:00:00Z,post,The foundation published its monthly community update.
tok22,2021-09-05T06:00:00Z,post,The foundation published its monthly community update.
tok22,2021-09-12T06:00:00Z,post,The foundation published its monthly community update.
tok22,2021-09-19T06:00:00Z,post,The mainnet upgrade shipped on schedule and fees fell.
tok22,2021-09-26T06:00:00Z,post,The mainnet upgrade shipped on schedule and fees fell.
tok22,2021-10-03T06:00:00Z,post,The team reports a security exploit; withdrawals are paused.
tok22,2021-10-17T06:00:00Z,post,The mainnet upgrade shipped on schedule and fees fell.
tok22,2021-10-31T06:00:00Z,post,The team reports a security exploit; withdrawals are paused.
tok22,2021-11-07T06:00:00Z,post,The team reports a security exploit; withdrawals are paused.
tok22,2021-11-14T06:00:00Z,post,The mainnet upgrade shipped on schedule and fees fell.
tok22,2021-12-12T06:00:00Z,post,The foundation published its monthly community update.
tok22,2021-12-19T06:00:00Z,post,The foundation published its monthly community update.
tok22,2021-12-26T06:00:00Z,post,The foundation published its monthly community update.
tok22,2022-01-02T06:00:00Z,post,The mainnet upgrade shipped on schedule and fees fell.
tok22,2022-01-16T06:00:00Z,post,The mainnet upgrade shipped on schedule and fees fell.
tok22,2022-01-23T06:00:00Z,post,The foundation published its monthly community update.
tok22,2022-02-13T06:00:00Z,post,The mainnet upgrade shipped on schedule and fees fell.
tok22,2022-02-20T06:00:00Z,post,The foundation published its monthly community update.
tok22,2022-03-13T06:00:00Z,post,The foundation published its monthly community update.
tok22,2022-03-27T06:00:00Z,post,The foundation published its monthly community update.
tok22,2022-04-03T06:00:00Z,post,The team reports a security exploit; withdrawals are paused.
tok22,2022-04-10T06:00:00Z,post,The mainnet upgrade shipped on schedule and fees fell.
tok22,2022-04-17T06:00:00Z,post,The mainnet upgrade shipped on schedule and fees fell.
tok22,2022-05-08T06:00:00Z,post,The foundation published its monthly community update.
tok22,2022-05-15T06:00:00Z,post,The team reports a security exploit; withdrawals are paused.
tok22,2022-05-22T06:00:00Z,post,The foundation published its monthly community update.
tok22,2022-07-03T06:00:00Z,post,The foundation published its monthly community update.
tok22,2022-07-10T06:00:00Z,post,The foundation published its monthly community update.
tok22,2022-07-17T06:00:00Z,post,The foundation published its monthly community update.
tok22,2022-07-31T06:00:00Z,post,The team reports a security exploit; withdrawals are paused.
tok22,2022-08-14T06:00:00Z,post,The team reports a security exploit; withdrawals are paused.
tok22,2022-08-28T06:00:00Z,post,The foundation published its monthly community update.
tok22,2022-09-25T06:00:00Z,post,The team reports a security exploit; withdrawals are paused.
tok22,2022-10-02T06:00:00Z,post,The foundation published its monthly community update.
tok22,2022-10-16T06:00:00Z,post,The team reports a security exploit; withdrawals are paused.
tok22,2022-10-23T06:00:00Z,post,The mainnet upgrade shipped on schedule and fees fell.
tok22,2022-10-30T06:00:00Z,post,The team reports a security exploit; withdrawals are paused.
tok22,2022-11-06T06:00:00Z,post,The foundation published its monthly community update.
tok22,2022-11-27T06:00:00Z,post,The foundation published its monthly community update.
tok22,2022-12-04T06:00:00Z,post,The foundation published its monthly community update.
tok22,2022-12-11T06:00:00Z,post,The foundation published its monthly community update.
tok22,2022-12-18T06:00:00Z,post,The foundation published its monthly community update.
tok22,2022-12-25T06:00:00Z,post,The mainnet upgrade shipped on schedule and fees fell.
tok22,2023-01-01T06:00:00Z,post,The foundation published its monthly community update.
tok22,2023-01-08T06:00:00Z,post,The foundation published its monthly community update.
tok22,2023-01-22T06:00:00Z,post,The mainnet upgrade shipped on schedule and fees fell.
tok22,2023-02-12T06:00:00Z,post,The mainnet upgrade shipped on schedule and fees fell.
tok22,2023-02-26T06:00:00Z,post,The foundation published its monthly community update.
tok22,2023-03-12T06:00:00Z,post,The foundation published its monthly community update.
tok22,2023-03-19T06:00:00Z,post,The foundation published its monthly community update.
tok22,2023-04-16T06:00:00Z,post,The team reports a security exploit; withdrawals are paused.
tok22,2023-04-30T06:00:00Z,post,The mainnet upgrade shipped on schedule and fees fell.
tok22,2023-05-07T06:00:00Z,post,The mainnet upgrade shipped on schedule and fees fell.
tok22,2023-05-21T06:00:00Z,post,The foundation published its monthly community update.
tok22,2023-06-18T06:00:00Z,post,The foundation published its monthly community update.
tok22,2023-07-23T06:00:00Z,post,The foundation published its monthly community update.
tok22,2023-07-30T06:00:00Z,post,The mainnet upgrade shipped on schedule and fees fell.
tok22,2023-08-27T06:00:00Z,post,The foundation published its monthly community update.
tok22,2023-09-10T06:00:00Z,post,The foundation published its monthly community update.
tok22,2023-09-24T06:00:00Z,post,The team reports a security exploit; withdrawals are paused.
tok22,2023-10-08T06:00:00Z,post,The mainnet upgrade shipped on schedule and fees fell.
tok22,2023-10-15T06:00:00Z,post,The foundation published its monthly community update.
tok22,2023-12-03T06:00:00Z,post,The team reports a security exploit; withdrawals are paused.
tok22,2023-12-17T06:00:00Z,post,The foundation published its monthly community update.
tok22,2023-12-24T06:00:00Z,post,The foundation published its monthly community update.
tok23,2021-01-03T06:00:00Z,post,The foundation published its monthly community update.
tok23,2021-01-17T06:00:00Z,post,The foundation published its monthly community update.
tok23,2021-01-24T06:00:00Z,post,The team reports a security exploit; withdrawals are paused.
tok23,2021-01-31T06:00:00Z,post,The foundation published its monthly community update.
tok23,2021-02-14T06:00:00Z,post,The team reports a security exploit; withdrawals are paused.
tok23,2021-02-28T06:00:00Z,post,The foundation published its monthly community update.
tok23,2021-03-14T06:00:00Z,post,The foundation published its monthly community update.
tok23,2021-03-21T06:00:00Z,post,The foundation published its monthly community update.
tok23,2021-04-04T06:00:00Z,post,The mainnet upgrade shipped on schedule and fees fell.
tok23,2021-04-11T06:00:00Z,post,The team reports a security exploit; withdrawals are paused.
tok23,2021-04-18T06:00:00Z,post,The foundation published its monthly community update.
tok23,2021-05-09T06:00:00Z,post,The foundation published its monthly community update.
tok23,2021-05-16T06:00:00Z,post,The mainnet upgrade shipped on schedule and fees fell.
tok23,2021-06-06T06:00:00Z,post,The foundation published its monthly community update.
tok23,2021-06-27T06:00:00Z,post,The mainnet upgrade shipped on schedule and fees fell.
tok23,2021-07-04T06:00:00Z,post,The team reports a security exploit; withdrawals are paused.
tok23,2021-08-15T06:00:00Z,post,The foundation published its monthly community update.
tok23,2021-09-05T06:00:00Z,post,The team reports a security exploit; withdrawals are paused.
tok23,2021-09-12T06:00:00Z,post,The mainnet upgrade shipped on schedule and fees fell.
tok23,2021-09-19T06:00:00Z,post,The foundation published its monthly community update.
tok23,2021-10-03T06:00:00Z,post,The mainnet upgrade shipped on schedule and fees fell.
tok23,2021-11-07T06:00:00Z,post,The foundation published its monthly community update.
tok23,2021-11-14T06:00:00Z,post,The foundation published its monthly community update.
tok23,2021-11-21T06:00:00Z,post,The foundation published its monthly community update.
tok23,2021-12-05T06:00:00Z,post,The mainnet upgrade shipped on schedule and fees fell.
tok23,2021-12-12T06:00:00Z,post,The team reports a security exploit; withdrawals are paused.
tok23,2021-12-26T06:00:00Z,post,The foundation published its monthly community update.
tok23,2022-01-16T06:00:00Z,post,The mainnet upgrade shipped on schedule and fees fell.
tok23,2022-01-30T06:00:00Z,post,The foundation published its monthly community update.
tok23,2022-02-13T06:00:00Z,post,The team reports a security exploit; withdrawals are paused.
tok23,2022-03-06T06:00:00Z,post,The team reports a security exploit; withdrawals are paused.
tok23,2022-03-13T06:00:00Z,post,The foundation published its monthly community update.
tok23,2022-03-20T06:00:00Z,post,The foundation published its monthly community update.
tok23,2022-04-17T06:00:00Z,post,The foundation published its monthly community update.
tok23,2022-05-01T06:00:00Z,post,The foundation published its monthly community update.
tok23,2022-05-08T06:00:00Z,post,The foundation published its monthly community update.
tok23,2022-05-15T06:00:00Z,post,The foundation published its monthly community update.
tok23,2022-05-22T06:00:00Z,post,The team reports a security exploit; withdrawals are paused.
tok23,2022-06-05T06:00:00Z,post,The foundation published its monthly community update.
tok23,2022-06-12T06:00:00Z,post,The foundation published its monthly community update.
tok23,2022-06-26T06:00:00Z,post,The foundation published its monthly community update.
tok23,2022-07-10T06:00:00Z,post,The team reports a security exploit; withdrawals are paused.
tok23,2022-07-17T06:00:00Z,post,The foundation published its monthly community update.
tok23,2022-08-07T06:00:00Z,post,The foundation published its monthly community update.
tok23,2022-08-21T06:00:00Z,post,The mainnet upgrade shipped on schedule and fees fell.
tok23,2022-09-11T06:00:00Z,post,The foundation published its monthly community update.
tok23,2022-09-18T06:00:00Z,post,The mainnet upgrade shipped on schedule and fees fell.
tok23,2022-09-25T06:00:00Z,post,The foundation published its monthly community update.
tok23,2022-10-09T06:00:00Z,post,The foundation published its monthly community update.
tok23,2022-10-23T06:00:00Z,post,The mainnet upgrade shipped on schedule and fees fell.
tok23,2022-10-30T06:00:00Z,post,The foundation published its monthly community update.
tok23,2022-11-13T06:00:00Z,post,The mainnet upgrade shipped on schedule and fees fell.
tok23,2022-11-27T06:00:00Z,post,The mainnet upgrade shipped on schedule and fees fell.
tok23,2022-12-11T06:00:00Z,post,The team reports a security exploit; withdrawals are paused.
tok23,2022-12-18T06:00:00Z,post,The foundation published its monthly community update.
tok23,2023-01-08T06:00:00Z,post,The foundation published its monthly community update.
tok23,2023-01-22T06:00:00Z,post,The mainnet upgrade shipped on schedule and fees fell.
tok23,2023-01-29T06:00:00Z,post,The mainnet upgrade shipped on schedule and fees fell.
tok23,2023-02-12T06:00:00Z,post,The mainnet upgrade shipped on schedule and fees fell.
tok23,2023-02-26T06:00:00Z,post,The foundation published its monthly community update.
tok23,2023-03-12T06:00:00Z,post,The foundation published its monthly community update.
tok23,2023-03-26T06:00:00Z,post,The foundation published its monthly community update.
tok23,2023-04-09T06:00:00Z,post,The foundation published its monthly community update.
tok23,2023-04-30T06:00:00Z,post,The foundation published its monthly community update.
tok23,2023-05-07T06:00:00Z,post,The foundation published its monthly community update.
tok23,2023-06-25T06:00:00Z,post,The mainnet upgrade shipped on schedule and fees fell.
tok23,2023-07-16T06:00:00Z,post,The mainnet upgrade shipped on schedule and fees fell.
tok23,2023-07-23T06:00:00Z,post,The foundation published its monthly community update.
tok23,2023-08-06T06:00:00Z,post,The team reports a security exploit; withdrawals are paused.
tok23,2023-08-13T06:00:00Z,post,The mainnet upgrade shipped on schedule and fees fell.
tok23,2023-08-20T06:00:00Z,post,The foundation published its monthly community update.
tok23,2023-08-27T06:00:00Z,post,The foundation published its monthly community update.
tok23,2023-09-03T06:00:00Z,post,The foundation published its monthly community update.
tok23,2023-09-10T06:00:00Z,post,The team reports a security exploit; withdrawals are paused.
tok23,2023-09-24T06:00:00Z,post,The foundation published its monthly community update.
tok23,2023-10-01T06:00:00Z,post,The foundation published its monthly community update.
tok23,2023-10-15T06:00:00Z,post,The foundation published its monthly community update.
tok23,2023-10-22T06:00:00Z,post,The mainnet upgrade shipped on schedule and fees fell.
tok23,2023-10-29T06:00:00Z,post,The mainnet upgrade shipped on schedule and fees fell.
tok23,2023-11-12T06:00:00Z,post,The team reports a security exploit; withdrawals are paused.
tok23,2023-11-26T06:00:00Z,post,The foundation published its monthly community update.
tok23,2023-12-10T06:00:00Z,post,The foundation published its monthly community update.
tok24,2021-01-10T06:00:00Z,post,The foundation published its monthly community update.
tok24,2021-02-07T06:00:00Z,post,The foundation published its monthly community update.
tok24,2021-02-21T06:00:00Z,post,The foundation published its monthly community update.
tok24,2021-03-07T06:00:00Z,post,The foundation published its monthly community update.
tok24,2021-03-21T06:00:00Z,post,The foundation published its monthly community update.
tok24,2021-03-28T06:00:00Z,post,The mainnet upgrade shipped on schedule and fees fell.
tok24,2021-04-04T06:00:00Z,post,The foundation published its monthly community update.
tok24,2021-04-25T06:00:00Z,post,The mainnet upgrade shipped on schedule and fees fell.
tok24,2021-05-02T06:00:00Z,post,The foundation published its monthly community update.
tok24,2021-05-16T06:00:00Z,post,The team reports a security exploit; withdrawals are paused.
tok24,2021-05-23T06:00:00Z,post,The team reports a security exploit; withdrawals are paused.
tok24,2021-05-30T06:00:00Z,post,The foundation published its monthly community update.
tok24,2021-06-06T06:00:00Z,post,The mainnet upgrade shipped on schedule and fees fell.
tok24,2021-07-04T06:00:00Z,post,The foundation published its monthly community update.
tok24,2021-07-11T06:00:00Z,post,The mainnet upgrade shipped on schedule and fees fell.
tok24,2021-07-25T06:00:00Z,post,The foundation published its monthly community update.
tok24,2021-08-01T06:00:00Z,post,The foundation published its monthly community update.
tok24,2021-08-15T06:00:00Z,post,The foundation published its monthly community update.
tok24,2021-08-22T06:00:00Z,post,The foundation published its monthly community update.
tok24,2021-09-05T06:00:00Z,post,The team reports a security exploit; withdrawals are paused.
tok24,2021-09-12T06:00:00Z,post,The team reports a security exploit; withdrawals are paused.
tok24,2021-09-19T06:00:00Z,post,The foundation published its monthly community update.
tok24,2021-10-10T06:00:00Z,post,The foundation published its monthly community update.
tok24,2021-10-24T06:00:00Z,post,The team reports a security exploit; withdrawals are paused.
tok24,2021-11-07T06:00:00Z,post,The foundation published its monthly community update.
tok24,2021-12-12T06:00:00Z,post,The foundation published its monthly community update.
tok24,2022-01-09T06:00:00Z,post,The foundation published its monthly community update.
tok24,2022-01-23T06:00:00Z,post,The mainnet upgrade shipped on schedule and fees fell.
tok24,2022-02-06T06:00:00Z,post,The team reports a security exploit; withdrawals are paused.
tok24,2022-02-20T06:00:00Z,post,The foundation published its monthly community update.
tok24,2022-02-27T06:00:00Z,post,The foundation published its monthly community update.
tok24,2022-03-06T06:00:00Z,post,The foundation published its monthly community update.
tok24,2022-03-27T06:00:00Z,post,The mainnet upgrade shipped on schedule and fees fell.
tok24,2022-04-03T06:00:00Z,post,The team reports a security exploit; withdrawals are paused.
tok24,2022-04-17T06:00:00Z,post,The mainnet upgrade shipped on schedule and fees fell.
tok24,2022-04-24T06:00:00Z,post,The foundation published its monthly community update.
tok24,2022-05-08T06:00:00Z,post,The foundation published its monthly community update.
tok24,2022-05-29T06:00:00Z,post,The foundation published its monthly community update.
tok24,2022-06-05T06:00:00Z,post,The mainnet upgrade shipped on schedule and fees fell.
tok24,2022-06-26T06:00:00Z,post,The team reports a security exploit; withdrawals are paused.
tok24,2022-07-03T06:00:00Z,post,The mainnet upgrade shipped on schedule and fees fell.
tok24,2022-07-17T06:00:00Z,post,The mainnet upgrade shipped on schedule and fees fell.
tok24,2022-07-31T06:00:00Z,post,The foundation published its monthly community update.
tok24,2022-08-14T06:00:00Z,post,The mainnet upgrade shipped on schedule and fees fell.
tok24,2022-08-28T06:00:00Z,post,The foundation published its monthly community update.
tok24,2022-09-04T06:00:00Z,post,The foundation published its monthly community update.
tok24,2022-10-16T06:00:00Z,post,The mainnet upgrade shipped on schedule and fees fell.
tok24,2022-10-23T06:00:00Z,post,The team reports a security exploit; withdrawals are paused.
tok24,2022-11-06T06:00:00Z,post,The foundation published its monthly community update.
tok24,2022-11-20T06:00:00Z,post,The foundation published its monthly community update.
tok24,2022-12-11T06:00:00Z,post,The mainnet upgrade shipped on schedule and fees fell.
tok24,2022-12-25T06:00:00Z,post,The mainnet upgrade shipped on schedule and fees fell.
tok24,2023-01-22T06:00:00Z,post,The mainnet upgrade shipped on schedule and fees fell.
tok24,2023-02-05T06:00:00Z,post,The foundation published its monthly community update.
tok24,2023-02-12T06:00:00Z,post,The foundation published its monthly community update.
tok24,2023-03-12T06:00:00Z,post,The mainnet upgrade shipped on schedule and fees fell.
tok24,2023-03-19T06:00:00Z,post,The mainnet upgrade shipped on schedule and fees fell.
tok24,2023-04-16T06:00:00Z,post,The foundation published its monthly community update.
tok24,2023-04-23T06:00:00Z,post,The foundation published its monthly community update.
tok24,2023-04-30T06:00:00Z,post,The foundation published its monthly community update.
tok24,2023-05-07T06:00:00Z,post,The foundation published its monthly community update.
tok24,2023-05-21T06:00:00Z,post,The foundation published its monthly community update.
tok24,2023-05-28T06:00:00Z,post,The mainnet upgrade shipped on schedule and fees fell.
tok24,2023-06-04T06:00:00Z,post,The mainnet upgrade shipped on schedule and fees fell.
tok24,2023-06-11T06:00:00Z,post,The foundation published its monthly community update.
tok24,2023-06-18T06:00:00Z,post,The foundation published its monthly community update.
tok24,2023-08-13T06:00:00Z,post,The foundation published its monthly community update.
tok24,2023-09-10T06:00:00Z,post,The foundation published its monthly community update.
tok24,2023-09-24T06:00:00Z,post,The mainnet upgrade shipped on schedule and fees fell.
tok24,2023-10-01T06:00:00Z,post,The mainnet upgrade shipped on schedule and fees fell.
tok24,2023-10-22T06:00:00Z,post,The foundation published its monthly community update.
tok24,2023-10-29T06:00:00Z,post,The foundation published its monthly community update.
tok24,2023-11-12T06:00:00Z,post,The mainnet upgrade shipped on schedule and fees fell.
tok24,2023-12-10T06:00:00Z,post,The team reports a security exploit; withdrawals are paused.
tok24,2023-12-17T06:00:00Z,post,The team reports a security exploit; withdrawals are paused.
tok24,2023-12-24T06:00:00Z,post,The mainnet upgrade shipped on schedule and fees fell.
tok24,2023-12-31T06:00:00Z,post,The mainnet upgrade shipped on schedule and fees fell.
tok25,2021-01-03T06:00:00Z,post,The mainnet upgrade shipped on schedule and fees fell.
tok25,2021-01-10T06:00:00Z,post,The mainnet upgrade shipped on schedule and fees fell.
tok25,2021-01-17T06:00:00Z,post,The foundation published its monthly community update.
tok25,2021-01-24T06:00:00Z,post,The mainnet upgrade shipped on schedule and fees fell.
tok25,2021-02-14T06:00:00Z,post,The mainnet upgrade shipped on schedule and fees fell.
tok25,2021-03-21T06:00:00Z,post,The mainnet upgrade shipped on schedule and fees fell.
tok25,2021-04-11T06:00:00Z,post,The team reports a security exploit; withdrawals are paused.
tok25,2021-04-25T06:00:00Z,post,The mainnet upgrade shipped on schedule and fees fell.
tok25,2021-05-02T06:00:00Z,post,The mainnet upgrade shipped on schedule and fees fell.
tok25,2021-05-09T06:00:00Z,post,The team reports a security exploit; withdrawals are paused.
tok25,2021-05-16T06:00:00Z,post,The foundation published its monthly community update.
tok25,2021-05-23T06:00:00Z,post,The foundation published its monthly community update.
tok25,2021-06-27T06:00:00Z,post,The foundation published its monthly community update.
tok25,2021-07-04T06:00:00Z,post,The foundation published its monthly community update.
tok25,2021-07-11T06:00:00Z,post,The foundation published its monthly community update.
tok25,2021-07-18T06:00:00Z,post,The foundation published its monthly community update.
tok25,2021-07-25T06:00:00Z,post,The foundation published its monthly community update.
tok25,2021-08-01T06:00:00Z,post,The mainnet upgrade shipped on schedule and fees fell.
tok25,2021-08-08T06:00:00Z,post,The foundation published its monthly community update.
tok25,2021-08-22T06:00:00Z,post,The foundation published its monthly community update.
tok25,2021-09-05T06:00:00Z,post,The foundation published its monthly community update.
tok25,2021-10-10T06:00:00Z,post,The foundation published its monthly community update.
tok25,2021-10-17T06:00:00Z,post,The foundation published its monthly community update.
tok25,2021-10-31T06:00:00Z,post,The foundation published its monthly community update.
tok25,2021-11-07T06:00:00Z,post,The foundation published its monthly community update.
tok25,2021-12-05T06:00:00Z,post,The team reports a security exploit; withdrawals are paused.
tok25,2021-12-19T06:00:00Z,post,The mainnet upgrade shipped on schedule and fees fell.
tok25,2022-01-02T06:00:00Z,post,The team reports a security exploit; withdrawals are paused.
tok25,2022-01-16T06:00:00Z,post,The foundation published its monthly community update.
tok25,2022-02-06T06:00:00Z,post,The foundation published its monthly community update.
tok25,2022-02-13T06:00:00Z,post,The mainnet upgrade shipped on schedule and fees fell.
tok25,2022-02-27T06:00:00Z,post,The foundation published its monthly community update.
tok25,2022-03-06T06:00:00Z,post,The foundation published its monthly community update.
tok25,2022-03-13T06:00:00Z,post,The foundation published its monthly community update.
tok25,2022-03-27T06:00:00Z,post,The foundation published its monthly community update.
tok25,2022-04-03T06:00:00Z,post,The team reports a security exploit; withdrawals are paused.
tok25,2022-04-10T06:00:00Z,post,The foundation published its monthly community update.
tok25,2022-04-17T06:00:00Z,post,The mainnet upgrade shipped on schedule and fees fell.
tok25,2022-04-24T06:00:00Z,post,The foundation published its monthly community update.
tok25,2022-05-08T06:00:00Z,post,The foundation published its monthly community update.
tok25,2022-05-15T06:00:00Z,post,The mainnet upgrade shipped on schedule and fees fell.
tok25,2022-05-22T06:00:00Z,post,The team reports a security exploit; withdrawals are paused.
tok25,2022-05-29T06:00:00Z,post,The foundation published its monthly community update.
tok25,2022-06-12T06:00:00Z,post,The team reports a security exploit; withdrawals are paused.
tok25,2022-06-19T06:00:00Z,post,The mainnet upgrade shipped on schedule and fees fell.
tok25,2022-07-03T06:00:00Z,post,The foundation published its monthly community update.
tok25,2022-08-14T06:00:00Z,post,The mainnet upgrade shipped on schedule and fees fell.
tok25,2022-08-28T06:00:00Z,post,The foundation published its monthly community update.
tok25,2022-09-04T06:00:00Z,post,The mainnet upgrade shipped on schedule and fees fell.
tok25,2022-09-18T06:00:00Z,post,The team reports a security exploit; withdrawals are paused.
tok25,2022-09-25T06:00:00Z,post,The foundation published its monthly community update.
tok25,2022-10-09T06:00:00Z,post,The mainnet upgrade shipped on schedule and fees fell.
tok25,2022-11-06T06:00:00Z,post,The foundation published its monthly community update.
tok25,2022-11-13T06:00:00Z,post,The foundation published its monthly community update.
tok25,2022-12-25T06:00:00Z,post,The team reports a security exploit; withdrawals are paused.
tok25,2023-01-08T06:00:00Z,post,The team reports a security exploit; withdrawals are paused.
tok25,2023-01-22T06:00:00Z,post,The mainnet upgrade shipped on schedule and fees fell.
tok25,2023-01-29T06:00:00Z,post,The foundation published its monthly community update.
tok25,2023-02-12T06:00:00Z,post,The foundation published its monthly community update.
tok25,2023-02-19T06:00:00Z,post,The foundation published its monthly community update.
tok25,2023-03-05T06:00:00Z,post,The foundation published its monthly community update.
tok25,2023-04-02T06:00:00Z,post,The foundation published its monthly community update.
tok25,2023-04-09T06:00:00Z,post,The foundation published its monthly community update.
tok25,2023-04-30T06:00:00Z,post,The foundation published its monthly community update.
tok25,2023-05-07T06:00:00Z,post,The foundation published its monthly community update.
tok25,2023-05-14T06:00:00Z,post,The foundation published its monthly community update.
tok25,2023-05-28T06:00:00Z,post,The foundation published its monthly community update.
tok25,2023-06-04T06:00:00Z,post,The team reports a security exploit; withdrawals are paused.
tok25,2023-06-11T06:00:00Z,post,The team reports a security exploit; withdrawals are paused.
tok25,2023-07-02T06:00:00Z,post,The foundation published its monthly community update.
tok25,2023-07-09T06:00:00Z,post,The foundation published its monthly community update.
tok25,2023-07-16T06:00:00Z,post,The foundation published its monthly community update.
tok25,2023-07-30T06:00:00Z,post,The mainnet upgrade shipped on schedule and fees fell.
tok25,2023-08-06T06:00:00Z,post,The foundation published its monthly community update.
tok25,2023-08-13T06:00:00Z,post,The foundation published its monthly community update.
tok25,2023-09-17T06:00:00Z,post,The foundation published its monthly community update.
tok25,2023-09-24T06:00:00Z,post,The mainnet upgrade shipped on schedule and fees fell.
tok25,2023-10-01T06:00:00Z,post,The foundation published its monthly community update.
tok25,2023-10-15T06:00:00Z,post,The mainnet upgrade shipped on schedule and fees fell.
tok25,2023-11-05T06:00:00Z,post,The team reports a security exploit; withdrawals are paused.
tok25,2023-11-19T06:00:00Z,post,The mainnet upgrade shipped on schedule and fees fell.
tok25,2023-12-03T06:00:00Z,post,The team reports a security exploit; withdrawals are paused.
tok25,2023-12-17T06:00:00Z,post,The foundation published its monthly community update.
tok25,2023-12-24T06:00:00Z,post,The foundation published its monthly community update.
tok26,2022-01-09T06:00:00Z,post,The foundation published its monthly community update.
tok26,2022-01-23T06:00:00Z,post,The foundation published its monthly community update.
tok26,2022-02-06T06:00:00Z,post,The mainnet upgrade shipped on schedule and fees fell.
tok26,2022-02-20T06:00:00Z,post,The team reports a security exploit; withdrawals are paused.
tok26,2022-03-20T06:00:00Z,post,The foundation published its monthly community update.
tok26,2022-04-17T06:00:00Z,post,The team reports a security exploit; withdrawals are paused.
tok26,2022-05-01T06:00:00Z,post,The mainnet upgrade shipped on schedule and fees fell.
tok26,2022-05-22T06:00:00Z,post,The foundation published its monthly community update.
tok26,2022-05-29T06:00:00Z,post,The mainnet upgrade shipped on schedule and fees fell.
tok26,2022-06-05T06:00:00Z,post,The mainnet upgrade shipped on schedule and fees fell.
tok26,2022-06-19T06:00:00Z,post,The foundation published its monthly community update.
tok26,2022-07-10T06:00:00Z,post,The foundation published its monthly community update.
tok26,2022-07-31T06:00:00Z,post,The mainnet upgrade shipped on schedule and fees fell.
tok26,2022-08-14T06:00:00Z,post,The mainnet upgrade shipped on schedule and fees fell.
tok26,2022-09-11T06:00:00Z,post,The foundation published its monthly community update.
tok26,2022-09-25T06:00:00Z,post,The mainnet upgrade shipped on schedule and fees fell.
tok26,2022-10-09T06:00:00Z,post,The mainnet upgrade shipped on schedule and fees fell.
tok26,2022-10-16T06:00:00Z,post,The foundation published its monthly community update.
tok26,2022-11-06T06:00:00Z,post,The mainnet upgrade shipped on schedule and fees fell.
tok26,2022-12-04T06:00:00Z,post,The foundation published its monthly community update.
tok26,2022-12-18T06:00:00Z,post,The mainnet upgrade shipped on schedule and fees fell.
tok26,2022-12-25T06:00:00Z,post,The mainnet upgrade shipped on schedule and fees fell.
tok26,2023-01-01T06:00:00Z,post,The foundation published its monthly community update.
tok26,2023-02-12T06:00:00Z,post,The foundation published its monthly community update.
tok26,2023-02-26T06:00:00Z,post,The team reports a security exploit; withdrawals are paused.
tok26,2023-03-05T06:00:00Z,post,The foundation published its monthly community update.
tok26,2023-03-12T06:00:00Z,post,The mainnet upgrade shipped on schedule and fees fell.
tok26,2023-03-19T06:00:00Z,post,The foundation published its monthly community update.
tok26,2023-03-26T06:00:00Z,post,The foundation published its monthly community update.
tok26,2023-04-02T06:00:00Z,post,The foundation published its monthly community update.
tok26,2023-05-07T06:00:00Z,post,The team reports a security exploit; withdrawals are paused.
tok26,2023-05-14T06:00:00Z,post,The foundation published its monthly community update.
tok26,2023-05-28T06:00:00Z,post,The foundation published its monthly community update.
tok26,2023-06-11T06:00:00Z,post,The foundation published its monthly community update.
tok26,2023-06-25T06:00:00Z,post,The foundation published its monthly community update.
tok26,2023-07-16T06:00:00Z,post,The mainnet upgrade shipped on schedule and fees fell.
tok26,2023-07-23T06:00:00Z,post,The foundation published its monthly community update.
tok26,2023-07-30T06:00:00Z,post,The mainnet upgrade shipped on schedule and fees fell.
tok26,2023-09-10T06:00:00Z,post,The foundation published its monthly community update.
tok26,2023-09-24T06:00:00Z,post,The foundation published its monthly community update.
tok26,2023-10-01T06:00:00Z,post,The team reports a security exploit; withdrawals are paused.
tok26,2023-10-29T06:00:00Z,post,The mainnet upgrade shipped on schedule and fees fell.
tok26,2023-11-26T06:00:00Z,post,The foundation published its monthly community update.
tok26,2023-12-03T06:00:00Z,post,The mainnet upgrade shipped on schedule and fees fell.
tok26,2023-12-10T06:00:00Z,post,The mainnet upgrade shipped on schedule and fees fell.
tok26,2023-12-31T06:00:00Z,post,The foundation published its monthly community update.
tok27,2022-03-06T06:00:00Z,post,The mainnet upgrade shipped on schedule and fees fell.
tok27,2022-04-10T06:00:00Z,post,The mainnet upgrade shipped on schedule and fees fell.
tok27,2022-04-17T06:00:00Z,post,The foundation published its monthly community update.
tok27,2022-04-24T06:00:00Z,post,The mainnet upgrade shipped on schedule and fees fell.
tok27,2022-05-01T06:00:00Z,post,The team reports a security exploit; withdrawals are paused.
tok27,2022-07-03T06:00:00Z,post,The foundation published its monthly community update.
tok27,2022-07-24T06:00:00Z,post,The team reports a security exploit; withdrawals are paused.
tok27,2022-08-07T06:00:00Z,post,The foundation published its monthly community update.
tok27,2022-08-14T06:00:00Z,post,The mainnet upgrade shipped on schedule and fees fell.
tok27,2022-08-28T06:00:00Z,post,The foundation published its monthly community update.
tok27,2022-10-02T06:00:00Z,post,The mainnet upgrade shipped on schedule and fees fell.
tok27,2022-10-09T06:00:00Z,post,The mainnet upgrade shipped on schedule and fees fell.
tok27,2022-10-16T06:00:00Z,post,The mainnet upgrade shipped on schedule and fees fell.
tok27,2022-10-23T06:00:00Z,post,The team reports a security exploit; withdrawals are paused.
tok27,2022-10-30T06:00:00Z,post,The mainnet upgrade shipped on schedule and fees fell.
tok27,2022-11-06T06:00:00Z,post,The foundation published its monthly community update.
tok27,2022-11-20T06:00:00Z,post,The team reports a security exploit; withdrawals are paused.
tok27,2022-12-11T06:00:00Z,post,The mainnet upgrade shipped on schedule and fees fell.
tok27,2023-01-29T06:00:00Z,post,The foundation published its monthly community update.
tok27,2023-02-12T06:00:00Z,post,The foundation published its monthly community update.
tok27,2023-02-19T06:00:00Z,post,The mainnet upgrade shipped on schedule and fees fell.
tok27,2023-03-12T06:00:00Z,post,The foundation published its monthly community update.
tok27,2023-03-19T06:00:00Z,post,The foundation published its monthly community update.
tok27,2023-04-02T06:00:00Z,post,The foundation published its monthly community update.
tok27,2023-04-16T06:00:00Z,post,The mainnet upgrade shipped on schedule and fees fell.
tok27,2023-04-23T06:00:00Z,post,The foundation published its monthly community update.
tok27,2023-05-14T06:00:00Z,post,The mainnet upgrade shipped on schedule and fees fell.
tok27,2023-05-21T06:00:00Z,post,The mainnet upgrade shipped on schedule and fees fell.
tok27,2023-06-25T06:00:00Z,post,The foundation published its monthly community update.
tok27,2023-07-02T06:00:00Z,post,The foundation published its monthly community update.
tok27,2023-07-16T06:00:00Z,post,The mainnet upgrade shipped on schedule and fees fell.
tok27,2023-07-30T06:00:00Z,post,The foundation published its monthly community update.
tok27,2023-08-20T06:00:00Z,post,The foundation published its monthly community update.
tok27,2023-09-10T06:00:00Z,post,The foundation published its monthly community update.
tok27,2023-10-15T06:00:00Z,post,The foundation published its monthly community update.
tok27,2023-10-29T06:00:00Z,post,The mainnet upgrade shipped on schedule and fees fell.
tok27,2023-11-05T06:00:00Z,post,The team reports a security exploit; withdrawals are paused.
tok27,2023-11-12T06:00:00Z,post,The mainnet upgrade shipped on schedule and fees fell.
tok27,2023-11-26T06:00:00Z,post,The foundation published its monthly community update.
tok27,2023-12-10T06:00:00Z,post,The mainnet upgrade shipped on schedule and fees fell.
tok27,2023-12-31T06:00:00Z,post,The foundation published its monthly community update.
tok28,2021-01-03T06:00:00Z,post,The foundation published its monthly community update.
tok28,2021-01-17T06:00:00Z,post,The foundation published its monthly community update.
tok28,2021-01-31T06:00:00Z,post,The mainnet upgrade shipped on schedule and fees fell.
tok28,2021-02-07T06:00:00Z,post,The foundation published its monthly community update.
tok28,2021-02-14T06:00:00Z,post,The foundation published its monthly community update.
tok28,2021-02-28T06:00:00Z,post,The foundation published its monthly community update.
tok28,2021-03-07T06:00:00Z,post,The mainnet upgrade shipped on schedule and fees fell.
tok28,2021-03-14T06:00:00Z,post,The foundation published its monthly community update.
tok28,2021-03-21T06:00:00Z,post,The foundation published its monthly community update.
tok28,2021-04-04T06:00:00Z,post,The foundation published its monthly community update.
tok28,2021-05-02T06:00:00Z,post,The foundation published its monthly community update.
tok28,2021-05-23T06:00:00Z,post,The foundation published its monthly community update.
tok28,2021-07-11T06:00:00Z,post,The foundation published its monthly community update.
tok28,2021-07-18T06:00:00Z,post,The foundation published its monthly community update.
tok28,2021-07-25T06:00:00Z,post,The foundation published its monthly community update.
tok28,2021-08-15T06:00:00Z,post,The foundation published its monthly community update.
tok28,2021-09-12T06:00:00Z,post,The mainnet upgrade shipped on schedule and fees fell.
tok28,2021-10-03T06:00:00Z,post,The team reports a security exploit; withdrawals are paused.
tok28,2021-10-10T06:00:00Z,post,The foundation published its monthly community update.
tok28,2021-10-17T06:00:00Z,post,The foundation published its monthly community update.
tok28,2021-11-21T06:00:00Z,post,The mainnet upgrade shipped on schedule and fees fell.
tok28,2021-11-28T06:00:00Z,post,The foundation published its monthly community update.
tok28,2021-12-05T06:00:00Z,post,The team reports a security exploit; withdrawals are paused.
tok28,2021-12-19T06:00:00Z,post,The foundation published its monthly community update.
tok28,2022-01-02T06:00:00Z,post,The team reports a security exploit; withdrawals are paused.
tok28,2022-01-09T06:00:00Z,post,The foundation published its monthly community update.
tok28,2022-01-16T06:00:00Z,post,The foundation published its monthly community update.
tok28,2022-01-23T06:00:00Z,post,The foundation published its monthly community update.
tok28,2022-02-06T06:00:00Z,post,The foundation published its monthly community update.
tok28,2022-02-13T06:00:00Z,post,The foundation published its monthly community update.
tok28,2022-03-13T06:00:00Z,post,The foundation published its monthly community update.
tok28,2022-03-20T06:00:00Z,post,The team reports a security exploit; withdrawals are paused.
tok28,2022-04-10T06:00:00Z,post,The mainnet upgrade shipped on schedule and fees fell.
tok28,2022-05-08T06:00:00Z,post,The foundation published its monthly community update.
tok28,2022-05-15T06:00:00Z,post,The mainnet upgrade shipped on schedule and fees fell.
tok29,2021-01-10T06:00:00Z,post,The foundation published its monthly community update.
tok29,2021-01-24T06:00:00Z,post,The mainnet upgrade shipped on schedule and fees fell.
tok29,2021-01-31T06:00:00Z,post,The foundation published its monthly community update.
tok29,2021-02-14T06:00:00Z,post,The mainnet upgrade shipped on schedule and fees fell.
tok29,2021-03-07T06:00:00Z,post,The mainnet upgrade shipped on schedule and fees fell.
tok29,2021-03-14T06:00:00Z,post,The mainnet upgrade shipped on schedule and fees fell.
tok29,2021-04-18T06:00:00Z,post,The foundation published its monthly community update.
tok29,2021-04-25T06:00:00Z,post,The foundation published its monthly community update.
tok29,2021-05-02T06:00:00Z,post,The foundation published its monthly community update.
tok29,2021-05-16T06:00:00Z,post,The team reports a security exploit; withdrawals are paused.
tok29,2021-06-27T06:00:00Z,post,The foundation published its monthly community update.
tok29,2021-07-04T06:00:00Z,post,The foundation published its monthly community update.
tok29,2021-07-11T06:00:00Z,post,The foundation published its monthly community update.
tok29,2021-07-18T06:00:00Z,post,The foundation published its monthly community update.
tok29,2021-08-01T06:00:00Z,post,The mainnet upgrade shipped on schedule and fees fell.
tok29,2021-08-08T06:00:00Z,post,The foundation published its monthly community update.
tok29,2021-08-29T06:00:00Z,post,The team reports a security exploit; withdrawals are paused.
tok29,2021-09-12T06:00:00Z,post,The mainnet upgrade shipped on schedule and fees fell.
tok29,2021-09-19T06:00:00Z,post,The mainnet upgrade shipped on schedule and fees fell.
tok29,2021-09-26T06:00:00Z,post,The mainnet upgrade shipped on schedule and fees fell.
tok29,2021-11-21T06:00:00Z,post,The mainnet upgrade shipped on schedule and fees fell.
tok29,2021-12-12T06:00:00Z,post,The foundation published its monthly community update.
tok29,2021-12-19T06:00:00Z,post,The mainnet upgrade shipped on schedule and fees fell.
tok29,2021-12-26T06:00:00Z,post,The foundation published its monthly community update.
tok29,2022-01-23T06:00:00Z,post,The foundation published its monthly community update.
tok29,2022-01-30T06:00:00Z,post,The foundation published its monthly community update.
tok29,2022-02-06T06:00:00Z,post,The foundation published its monthly community update.
tok29,2022-02-27T06:00:00Z,post,The foundation published its monthly community update.
tok29,2022-03-06T06:00:00Z,post,The foundation published its monthly community update.
tok29,2022-03-20T06:00:00Z,post,The foundation published its monthly community update.
tok29,2022-04-03T06:00:00Z,post,The foundation published its monthly community update.
tok29,2022-05-01T06:00:00Z,post,The foundation published its monthly community update.
tok29,2022-05-08T06:00:00Z,post,The foundation published its monthly community update.
tok29,2022-05-15T06:00:00Z,post,The foundation published its monthly community update.
tok29,2022-05-22T06:00:00Z,post,The mainnet upgrade shipped on schedule and fees fell.
tok29,2022-05-29T06:00:00Z,post,The mainnet upgrade shipped on schedule and fees fell.
tok29,2022-06-05T06:00:00Z,post,The foundation published its monthly community update.
tok29,2022-06-12T06:00:00Z,post,The foundation published its monthly community update.
tok29,2022-06-26T06:00:00Z,post,The foundation published its monthly community update.
tok29,2022-07-10T06:00:00Z,post,The foundation published its monthly community update.
tok29,2022-07-24T06:00:00Z,post,The foundation published its monthly community update.
tok29,2022-07-31T06:00:00Z,post,The foundation published its monthly community update.
tok29,2022-08-14T06:00:00Z,post,The mainnet upgrade shipped on schedule and fees fell.
tok30,2021-01-10T06:00:00Z,post,The team reports a security exploit; withdrawals are paused.
tok30,2021-01-17T06:00:00Z,post,The mainnet upgrade shipped on schedule and fees fell.
tok30,2021-01-24T06:00:00Z,post,The team reports a security exploit; withdrawals are paused.
tok30,2021-01-31T06:00:00Z,post,The foundation published its monthly community update.
tok30,2021-02-14T06:00:00Z,post,The mainnet upgrade shipped on schedule and fees fell.
tok30,2021-03-07T06:00:00Z,post,The mainnet upgrade shipped on schedule and fees fell.
tok30,2021-03-14T06:00:00Z,post,The foundation published its monthly community update.
tok30,2021-04-04T06:00:00Z,post,The team reports a security exploit; withdrawals are paused.
tok30,2021-04-18T06:00:00Z,post,The mainnet upgrade shipped on schedule and fees fell.
tok30,2021-05-02T06:00:00Z,post,The foundation published its monthly community update.
tok30,2021-05-09T06:00:00Z,post,The mainnet upgrade shipped on schedule and fees fell.
tok30,2021-05-16T06:00:00Z,post,The foundation published its monthly community update.
tok30,2021-05-30T06:00:00Z,post,The foundation published its monthly community update.
tok30,2021-06-13T06:00:00Z,post,The mainnet upgrade shipped on schedule and fees fell.
tok30,2021-06-20T06:00:00Z,post,The mainnet upgrade shipped on schedule and fees fell.
tok30,2021-06-27T06:00:00Z,post,The team reports a security exploit; withdrawals are paused.
tok30,2021-07-25T06:00:00Z,post,The foundation published its monthly community update.
tok30,2021-08-01T06:00:00Z,post,The foundation published its monthly community update.
tok30,2021-08-08T06:00:00Z,post,The mainnet upgrade shipped on schedule and fees fell.
tok30,2021-08-15T06:00:00Z,post,The foundation published its monthly community update.
tok30,2021-08-29T06:00:00Z,post,The foundation published its monthly community update.
tok30,2021-09-05T06:00:00Z,post,The foundation published its monthly community update.
tok30,2021-09-26T06:00:00Z,post,The mainnet upgrade shipped on schedule and fees fell.
tok30,2021-10-10T06:00:00Z,post,The team reports a security exploit; withdrawals are paused.
tok30,2021-10-31T06:00:00Z,post,The foundation published its monthly community update.
tok30,2021-11-14T06:00:00Z,post,The foundation published its monthly community update.
tok30,2021-11-21T06:00:00Z,post,The mainnet upgrade shipped on schedule and fees fell.
tok30,2021-11-28T06:00:00Z,post,The team reports a security exploit; withdrawals are paused.
tok30,2021-12-05T06:00:00Z,post,The mainnet upgrade shipped on schedule and fees fell.
tok30,2021-12-12T06:00:00Z,post,The team reports a security exploit; withdrawals are paused.
tok30,2021-12-26T06:00:00Z,post,The foundation published its monthly community update.
tok30,2022-01-02T06:00:00Z,post,The foundation published its monthly community update.
tok30,2022-01-09T06:00:00Z,post,The foundation published its monthly community update.
tok30,2022-01-16T06:00:00Z,post,The foundation published its monthly community update.
tok30,2022-01-30T06:00:00Z,post,The foundation published its monthly community update.
tok30,2022-02-27T06:00:00Z,post,The foundation published its monthly community update.
tok30,2022-03-06T06:00:00Z,post,The mainnet upgrade shipped on schedule and fees fell.
tok30,2022-03-20T06:00:00Z,post,The foundation published its monthly community update.
tok30,2022-03-27T06:00:00Z,post,The foundation published its monthly community update.
tok30,2022-04-10T06:00:00Z,post,The foundation published its monthly community update.
tok30,2022-05-01T06:00:00Z,post,The foundation published its monthly community update.
tok30,2022-06-12T06:00:00Z,post,The mainnet upgrade shipped on schedule and fees fell.
tok30,2022-06-19T06:00:00Z,post,The foundation published its monthly community update.
tok30,2022-07-03T06:00:00Z,post,The mainnet upgrade shipped on schedule and fees fell.
tok30,2022-07-17T06:00:00Z,post,The foundation published its monthly community update.
tok30,2022-07-24T06:00:00Z,post,The foundation published its monthly community update.
tok30,2022-07-31T06:00:00Z,post,The foundation published its monthly community update.
tok30,2022-08-07T06:00:00Z,post,The mainnet upgrade shipped on schedule and fees fell.
tok30,2022-08-21T06:00:00Z,post,The foundation published its monthly community update.
tok30,2022-09-04T06:00:00Z,post,The mainnet upgrade shipped on schedule and fees fell.
tok30,2022-09-18T06:00:00Z,post,The mainnet upgrade shipped on schedule and fees fell.
tok30,2022-10-09T06:00:00Z,post,The mainnet upgrade shipped on schedule and fees fell.
tok30,2022-10-16T06:00:00Z,post,The mainnet upgrade shipped on schedule and fees fell.
tok30,2022-10-23T06:00:00Z,post,The foundation published its monthly community update.
tok30,2022-10-30T06:00:00Z,post,The foundation published its monthly community update.
tok30,2022-11-06T06:00:00Z,post,The foundation published its monthly community update.
