entity,date,close,volume
tok01,2021-01-01,98.967,341736
tok01,2021-01-02,96.282,495357
tok01,2021-01-03,94.751,178195
tok01,2021-01-04,102.431,280241
tok01,2021-01-05,104.023,84840
tok01,2021-01-06,106.831,678623
tok01,2021-01-07,112.66,508414
tok01,2021-01-08,119.632,154508
tok01,2021-01-09,115.962,821558
tok01,2021-01-10,119.298,592236
tok01,2021-01-11,114.462,697657
tok01,2021-01-12,115.183,433933
tok01,2021-01-13,123.956,1059386
tok01,2021-01-14,128.401,295008
tok01,2021-01-15,125.563,406472
tok01,2021-01-16,134.337,480263
tok01,2021-01-17,130.902,278469
tok01,2021-01-18,133.424,1220823
tok01,2021-01-19,135.928,194289
tok01,2021-01-20,141.155,815935
tok01,2021-01-21,148.029,242548
tok01,2021-01-22,142.865,997525
tok01,2021-01-23,142.893,558145
tok01,2021-01-24,145.928,630625
tok01,2021-01-25,135.484,660078
tok01,2021-01-26,134.455,418269
tok01,2021-01-27,137.637,935020
tok01,2021-01-28,135.571,594473
tok01,2021-01-29,124.906,233657
tok01,2021-01-30,130.396,375068
tok01,2021-01-31,126.443,1420288
tok01,2021-02-01,142.476,331909
tok01,2021-02-02,152.619,185786
tok01,2021-02-03,153.4,443917
tok01,2021-02-04,153.768,311452
tok01,2021-02-05,148.51,689998
tok01,2021-02-06,149.077,272603
tok01,2021-02-07,142.659,628674
tok01,2021-02-08,138.154,660399
tok01,2021-02-09,138.735,381035
tok01,2021-02-10,138.952,785777
tok01,2021-02-11,136.869,522187
tok01,2021-02-12,138.548,167820
tok01,2021-02-13,146.717,277514
tok01,2021-02-14,144.886,386769
tok01,2021-02-15,144.619,733744
tok01,2021-02-16,144.849,632654
tok01,2021-02-17,147.857,500448
tok01,2021-02-18,156.292,830621
tok01,2021-02-19,141.494,253199
tok01,2021-02-20,140.943,325922
tok01,2021-02-21,134.508,207467
tok01,2021-02-22,142.582,537161
tok01,2021-02-23,137.981,713263
tok01,2021-02-24,134.034,787312
tok01,2021-02-25,127.396,846171
tok01,2021-02-26,132.353,492523
tok01,2021-02-27,141.813,267401
tok01,2021-02-28,138.983,300074
tok01,2021-03-01,135.552,421843
tok01,2021-03-02,143.321,410547
tok01,2021-03-03,143.201,455486
tok01,2021-03-04,147.13,264844
tok01,2021-03-05,148.862,157217
tok01,2021-03-06,141.047,728563
tok01,2021-03-07,141.892,847178
tok01,2021-03-08,138.052,615516
tok01,2021-03-09,126.134,166049
tok01,2021-03-10,128.555,323941
tok01,2021-03-11,129.487,241889
tok01,2021-03-12,124.768,377672
tok01,2021-03-13,120.358,279942
tok01,2021-03-14,125.39,400449
tok01,2021-03-15,132.568,275809
tok01,2021-03-16,136.173,259112
tok01,2021-03-17,129.518,698415
tok01,2021-03-18,126.688,977364
tok01,2021-03-19,129.306,197579
tok01,2021-03-20,130.348,1199151
tok01,2021-03-21,135.859,286681
tok01,2021-03-22,135.072,257488
tok01,2021-03-23,132.929,418071
tok01,2021-03-24,141.4,355420
tok01,2021-03-25,143.292,594223
tok01,2021-03-26,156.491,946138
tok01,2021-03-27,156.007,500510
tok01,2021-03-28,158.291,441566
tok01,2021-03-29,156.858,266671
tok01,2021-03-30,155.279,813110
tok01,2021-03-31,150.444,722577
tok01,2021-04-01,145.219,380792
tok01,2021-04-02,134.352,502444
tok01,2021-04-03,137.795,742806
tok01,2021-04-04,149.216,331087
tok01,2021-04-05,155.675,100692
tok01,2021-04-06,157.082,265192
tok01,2021-04-07,157.6,658979
tok01,2021-04-08,157.816,472285
tok01,2021-04-09,152.905,668918
tok01,2021-04-10,155.483,453369
tok01,2021-04-11,144.532,199362
tok01,2021-04-12,141.573,748859
tok01,2021-04-13,144.395,332021
tok01,2021-04-14,155.803,129785
tok01,2021-04-15,167.598,1483580
tok01,2021-04-16,173.441,775943
tok01,2021-04-17,182.222,615793
tok01,2021-04-18,182.13,390430
tok01,2021-04-19,175.994,466271
tok01,2021-04-20,178.885,402290
tok01,2021-04-21,183.607,403480
tok01,2021-04-22,187.632,812079
tok01,2021-04-23,198.041,666319
tok01,2021-04-24,191.651,1014827
tok01,2021-04-25,199.006,255968
tok01,2021-04-26,194.436,398690
tok01,2021-04-27,191.297,282036
tok01,2021-04-28,190.373,455866
tok01,2021-04-29,190.11,236515
tok01,2021-04-30,195.248,911755
tok01,2021-05-01,182.965,215162
tok01,2021-05-02,183.601,297478
tok01,2021-05-03,163.777,594459
tok01,2021-05-04,173.096,701426
tok01,2021-05-05,173.618,299445
tok01,2021-05-06,171.954,448082
tok01,2021-05-07,174.383,703398
tok01,2021-05-08,173.398,369787
tok01,2021-05-09,180.941,660114
tok01,2021-05-10,172.838,234362
tok01,2021-05-11,175.468,354682
tok01,2021-05-12,183.507,1143558
tok01,2021-05-13,187.35,517936
tok01,2021-05-14,198.447,628158
tok01,2021-05-15,212.524,329640
tok01,2021-05-16,227.618,467646
tok01,2021-05-17,242.874,803578
tok01,2021-05-18,223.556,520600
tok01,2021-05-19,229.044,1580372
tok01,2021-05-20,239.028,640263
tok01,2021-05-21,240.29,749019
tok01,2021-05-22,246.487,246958
tok01,2021-05-23,245.025,594291
tok01,2021-05-24,247.157,287498
tok01,2021-05-25,238.869,508103
tok01,2021-05-26,247.905,314140
tok01,2021-05-27,243.04,929391
tok01,2021-05-28,242.164,696883
tok01,2021-05-29,247.089,288921
tok01,2021-05-30,261.142,218023
tok01,2021-05-31,279.677,904363
tok01,2021-06-01,281.398,1039044
tok01,2021-06-02,287.199,566994
tok01,2021-06-03,293.505,198757
tok01,2021-06-04,287.21,530171
tok01,2021-06-05,275.821,299550
tok01,2021-06-06,275.874,204137
tok01,2021-06-07,257.439,536563
tok01,2021-06-08,254.048,239377
tok01,2021-06-09,239.177,412037
tok01,2021-06-10,243.195,513901
tok01,2021-06-11,264.256,349802
tok01,2021-06-12,269.624,391853
tok01,2021-06-13,274.439,755360
tok01,2021-06-14,268.277,267584
tok01,2021-06-15,253.985,406813
tok01,2021-06-16,237.292,1406598
tok01,2021-06-17,222.924,381276
tok01,2021-06-18,218.027,476577
tok01,2021-06-19,214.593,545528
tok01,2021-06-20,222.079,88297
tok01,2021-06-21,210.0,868047
tok01,2021-06-22,205.664,666340
tok01,2021-06-23,220.421,405262
tok01,2021-06-24,223.991,821332
tok01,2021-06-25,222.452,1333946
tok01,2021-06-26,225.369,338187
tok01,2021-06-27,214.455,719596
tok01,2021-06-28,224.433,199297
tok01,2021-06-29,230.543,546592
tok01,2021-06-30,234.741,230187
tok01,2021-07-01,232.385,389303
tok01,2021-07-02,244.691,501884
tok01,2021-07-03,239.863,735317
tok01,2021-07-04,225.889,329890
tok01,2021-07-05,219.041,904856
tok01,2021-07-06,223.107,725185
tok01,2021-07-07,233.245,1001569
tok01,2021-07-08,235.02,456862
tok01,2021-07-09,243.976,331444
tok01,2021-07-10,244.781,497049
tok01,2021-07-11,254.896,604093
tok01,2021-07-12,262.255,192461
tok01,2021-07-13,263.209,569555
tok01,2021-07-14,269.469,706465
tok01,2021-07-15,284.004,693827
tok01,2021-07-16,277.577,730613
tok01,2021-07-17,266.305,529103
tok01,2021-07-18,268.302,1549063
tok01,2021-07-19,260.612,600684
tok01,2021-07-20,262.465,316131
tok01,2021-07-21,255.322,363161
tok01,2021-07-22,263.674,311494
tok01,2021-07-23,263.787,998427
tok01,2021-07-24,263.04,661467
tok01,2021-07-25,266.336,582371
tok01,2021-07-26,274.695,819530
tok01,2021-07-27,265.949,302504
tok01,2021-07-28,252.341,274676
tok01,2021-07-29,248.883,407013
tok01,2021-07-30,253.015,540675
tok01,2021-07-31,256.374,875476
tok01,2021-08-01,250.47,782859
tok01,2021-08-02,250.26,654969
tok01,2021-08-03,253.729,184863
tok01,2021-08-04,246.563,192797
tok01,2021-08-05,251.278,284522
tok01,2021-08-06,251.896,253086
tok01,2021-08-07,243.423,723954
tok01,2021-08-08,244.765,207339
tok01,2021-08-09,232.62,592828
tok01,2021-08-10,246.011,409462
tok01,2021-08-11,251.428,176464
tok01,2021-08-12,237.119,235403
tok01,2021-08-13,221.368,748559
tok01,2021-08-14,236.942,389320
tok01,2021-08-15,244.385,705905
tok01,2021-08-16,239.222,491485
tok01,2021-08-17,221.966,202296
tok01,2021-08-18,221.631,1337543
tok01,2021-08-19,215.842,275409
tok01,2021-08-20,211.256,822610
tok01,2021-08-21,214.338,339209
tok01,2021-08-22,208.697,666507
tok01,2021-08-23,209.458,688978
tok01,2021-08-24,199.828,300074
tok01,2021-08-25,202.3,938012
tok01,2021-08-26,198.825,439550
tok01,2021-08-27,205.873,331532
tok01,2021-08-28,201.329,235159
tok01,2021-08-29,210.03,222929
tok01,2021-08-30,204.163,232442
tok01,2021-08-31,209.929,534073
tok01,2021-09-01,222.49,990811
tok01,2021-09-02,239.884,137288
tok01,2021-09-03,239.707,267840
tok01,2021-09-04,242.76,445939
tok01,2021-09-05,246.69,293284
tok01,2021-09-06,258.978,300504
tok01,2021-09-07,254.71,591470
tok01,2021-09-08,240.123,461730
tok01,2021-09-09,243.756,618410
tok01,2021-09-10,241.753,876523
tok01,2021-09-11,240.077,430213
tok01,2021-09-12,247.749,287830
tok01,2021-09-13,243.187,512288
tok01,2021-09-14,249.017,1174618
tok01,2021-09-15,242.275,192625
tok01,2021-09-16,246.249,967941
tok01,2021-09-17,252.937,560718
tok01,2021-09-18,254.57,311823
tok01,2021-09-19,260.216,451094
tok01,2021-09-20,278.79,709849
tok01,2021-09-21,280.205,740168
tok01,2021-09-22,279.156,502130
tok01,2021-09-23,281.692,502990
tok01,2021-09-24,276.64,1008884
tok01,2021-09-25,281.159,451471
tok01,2021-09-26,283.107,419674
tok01,2021-09-27,281.613,315786
tok01,2021-09-28,278.948,280100
tok01,2021-09-29,270.893,201388
tok01,2021-09-30,277.78,235670
tok01,2021-10-01,294.698,547933
tok01,2021-10-02,289.836,532412
tok01,2021-10-03,281.979,310270
tok01,2021-10-04,271.277,464715
tok01,2021-10-05,269.402,660876
tok01,2021-10-06,247.579,370151
tok01,2021-10-07,246.558,330034
tok01,2021-10-08,262.595,304368
tok01,2021-10-09,259.335,309982
tok01,2021-10-10,242.543,617885
tok01,2021-10-11,238.932,1004493
tok01,2021-10-12,247.152,307710
tok01,2021-10-13,238.976,270964
tok01,2021-10-14,229.189,531672
tok01,2021-10-15,236.32,142411
tok01,2021-10-16,213.982,524365
tok01,2021-10-17,211.153,642562
tok01,2021-10-18,211.225,255691
tok01,2021-10-19,212.845,677528
tok01,2021-10-20,207.157,902212
tok01,2021-10-21,210.247,344375
tok01,2021-10-22,211.197,392500
tok01,2021-10-23,215.606,289310
tok01,2021-10-24,218.698,674118
tok01,2021-10-25,220.298,388501
tok01,2021-10-26,208.164,198836
tok01,2021-10-27,199.878,427009
tok01,2021-10-28,198.157,643244
tok01,2021-10-29,201.2,309088
tok01,2021-10-30,204.659,655282
tok01,2021-10-31,215.363,452079
tok01,2021-11-01,202.804,413417
tok01,2021-11-02,200.418,523980
tok01,2021-11-03,210.26,259401
tok01,2021-11-04,223.35,693659
tok01,2021-11-05,226.72,700295
tok01,2021-11-06,211.367,537063
tok01,2021-11-07,234.987,260765
tok01,2021-11-08,232.01,466555
tok01,2021-11-09,227.607,519138
tok01,2021-11-10,218.401,295264
tok01,2021-11-11,230.711,198231
tok01,2021-11-12,236.093,326049
tok01,2021-11-13,237.926,756086
tok01,2021-11-14,219.01,797986
tok01,2021-11-15,230.752,580132
tok01,2021-11-16,216.205,783408
tok01,2021-11-17,208.903,323933
tok01,2021-11-18,216.081,929510
tok01,2021-11-19,200.998,925502
tok01,2021-11-20,203.938,455825
tok01,2021-11-21,197.992,627511
tok01,2021-11-22,187.141,373238
tok01,2021-11-23,173.19,1022085
tok01,2021-11-24,168.73,1428827
tok01,2021-11-25,167.257,547384
tok01,2021-11-26,160.452,632103
tok01,2021-11-27,160.859,517300
tok01,2021-11-28,152.688,437881
tok01,2021-11-29,157.742,785162
tok01,2021-11-30,147.672,567727
tok01,2021-12-01,142.574,1010926
tok01,2021-12-02,143.896,458627
tok01,2021-12-03,140.098,515666
tok01,2021-12-04,141.824,523596
tok01,2021-12-05,137.684,476064
tok01,2021-12-06,135.482,471921
tok01,2021-12-07,136.803,445089
tok01,2021-12-08,141.03,520637
tok01,2021-12-09,138.446,732426
tok01,2021-12-10,144.688,238176
tok01,2021-12-11,148.363,828248
tok01,2021-12-12,148.245,909968
tok01,2021-12-13,136.671,387745
tok01,2021-12-14,137.869,455683
tok01,2021-12-15,139.787,486784
tok01,2021-12-16,136.971,380352
tok01,2021-12-17,135.926,522995
tok01,2021-12-18,137.597,334116
tok01,2021-12-19,120.966,528503
tok01,2021-12-20,118.292,624111
tok01,2021-12-21,119.204,524931
tok01,2021-12-22,125.061,164251
tok01,2021-12-23,119.339,1053750
tok01,2021-12-24,113.785,242429
tok01,2021-12-25,114.546,245339
tok01,2021-12-26,114.029,549063
tok01,2021-12-27,114.04,752685
tok01,2021-12-28,121.656,279481
tok01,2021-12-29,125.409,386994
tok01,2021-12-30,131.093,413641
tok01,2021-12-31,130.56,870506
tok01,2022-01-01,128.314,596620
tok01,2022-01-02,126.067,457478
tok01,2022-01-03,131.797,315508
tok01,2022-01-04,128.781,327894
tok01,2022-01-05,127.647,363950
tok01,2022-01-06,132.994,740428
tok01,2022-01-07,134.959,507249
tok01,2022-01-08,132.359,446882
tok01,2022-01-09,126.605,223214
tok01,2022-01-10,125.172,421040
tok01,2022-01-11,123.361,537020
tok01,2022-01-12,116.055,439642
tok01,2022-01-13,119.773,482111
tok01,2022-01-14,126.527,711196
tok01,2022-01-15,124.969,492205
tok01,2022-01-16,130.91,320918
tok01,2022-01-17,133.41,743602
tok01,2022-01-18,135.546,391967
tok01,2022-01-19,130.899,418939
tok01,2022-01-20,122.502,405313
tok01,2022-01-21,117.87,349861
tok01,2022-01-22,119.725,401971
tok01,2022-01-23,123.916,501676
tok01,2022-01-24,117.884,715473
tok01,2022-01-25,107.398,485508
tok01,2022-01-26,112.34,260799
tok01,2022-01-27,111.942,461707
tok01,2022-01-28,121.157,297564
tok01,2022-01-29,123.272,244197
tok01,2022-01-30,129.143,1066884
tok01,2022-01-31,133.759,631794
tok01,2022-02-01,143.107,215978
tok01,2022-02-02,137.311,354048
tok01,2022-02-03,143.128,404972
tok01,2022-02-04,150.549,1058322
tok01,2022-02-05,152.136,478878
tok01,2022-02-06,142.214,936598
tok01,2022-02-07,140.885,588492
tok01,2022-02-08,145.297,286912
tok01,2022-02-09,156.571,732515
tok01,2022-02-10,141.438,366382
tok01,2022-02-11,140.28,421011
tok01,2022-02-12,146.497,521051
tok01,2022-02-13,149.748,379121
tok01,2022-02-14,153.29,232266
tok01,2022-02-15,146.784,561969
tok01,2022-02-16,142.85,614017
tok01,2022-02-17,135.18,296557
tok01,2022-02-18,128.543,276420
tok01,2022-02-19,128.187,207077
tok01,2022-02-20,136.301,278234
tok01,2022-02-21,128.572,371600
tok01,2022-02-22,135.599,319676
tok01,2022-02-23,130.647,356282
tok01,2022-02-24,139.354,429029
tok01,2022-02-25,136.886,390819
tok01,2022-02-26,127.742,566735
tok01,2022-02-27,125.44,521767
tok01,2022-02-28,128.382,349234
tok01,2022-03-01,135.952,523371
tok01,2022-03-02,147.447,469829
tok01,2022-03-03,133.283,360749
tok01,2022-03-04,136.942,432483
tok01,2022-03-05,138.868,325089
tok01,2022-03-06,128.167,330906
tok01,2022-03-07,119.694,1463685
tok01,2022-03-08,129.277,464850
tok01,2022-03-09,127.139,333984
tok01,2022-03-10,125.044,569893
tok01,2022-03-11,116.693,236443
tok01,2022-03-12,108.815,512297
tok01,2022-03-13,112.314,813364
tok01,2022-03-14,109.993,327481
tok01,2022-03-15,113.595,171057
tok01,2022-03-16,113.156,1145288
tok01,2022-03-17,110.512,916630
tok01,2022-03-18,111.09,490599
tok01,2022-03-19,103.494,282753
tok01,2022-03-20,109.801,314952
tok01,2022-03-21,110.86,372335
tok01,2022-03-22,109.7,313595
tok01,2022-03-23,103.998,302058
tok01,2022-03-24,110.108,749241
tok01,2022-03-25,109.05,655906
tok01,2022-03-26,111.039,195404
tok01,2022-03-27,105.043,691018
tok01,2022-03-28,117.099,268427
tok01,2022-03-29,110.389,509140
tok01,2022-03-30,106.727,497955
tok01,2022-03-31,109.336,338306
tok01,2022-04-01,112.025,675988
tok01,2022-04-02,116.668,204405
tok01,2022-04-03,105.944,228148
tok01,2022-04-04,107.9,267645
tok01,2022-04-05,100.057,852249
tok01,2022-04-06,98.128,723485
tok01,2022-04-07,98.933,499923
tok01,2022-04-08,99.266,624228
tok01,2022-04-09,91.078,733101
tok01,2022-04-10,95.93,553508
tok01,2022-04-11,98.897,760374
tok01,2022-04-12,101.19,538487
tok01,2022-04-13,103.805,931346
tok01,2022-04-14,105.693,435790
tok01,2022-04-15,100.985,456488
tok01,2022-04-16,97.401,377191
tok01,2022-04-17,100.76,479665
tok01,2022-04-18,103.167,384272
tok01,2022-04-19,106.415,682772
tok01,2022-04-20,105.213,467764
tok01,2022-04-21,102.872,474947
tok01,2022-04-22,98.636,704773
tok01,2022-04-23,97.771,527431
tok01,2022-04-24,105.078,460053
tok01,2022-04-25,102.272,683749
tok01,2022-04-26,103.355,507900
tok01,2022-04-27,105.584,553912
tok01,2022-04-28,106.594,333495
tok01,2022-04-29,106.393,422928
tok01,2022-04-30,102.617,413829
tok01,2022-05-01,106.762,266838
tok01,2022-05-02,113.279,212937
tok01,2022-05-03,106.897,360583
tok01,2022-05-04,113.758,321191
tok01,2022-05-05,110.771,599449
tok01,2022-05-06,113.977,312606
tok01,2022-05-07,115.322,352084
tok01,2022-05-08,119.256,412785
tok01,2022-05-09,126.22,915439
tok01,2022-05-10,121.314,586479
tok01,2022-05-11,114.191,359038
tok01,2022-05-12,113.011,729713
tok01,2022-05-13,119.228,567156
tok01,2022-05-14,117.026,699191
tok01,2022-05-15,117.163,482137
tok01,2022-05-16,116.671,539373
tok01,2022-05-17,112.637,1410051
tok01,2022-05-18,116.023,461887
tok01,2022-05-19,109.749,693061
tok01,2022-05-20,111.39,863244
tok01,2022-05-21,104.336,191803
tok01,2022-05-22,103.349,535690
tok01,2022-05-23,97.664,282937
tok01,2022-05-24,101.354,775464
tok01,2022-05-25,105.738,301451
tok01,2022-05-26,108.433,613577
tok01,2022-05-27,113.351,297536
tok01,2022-05-28,115.925,352796
tok01,2022-05-29,118.257,317227
tok01,2022-05-30,122.992,466994
tok01,2022-05-31,120.899,661080
tok01,2022-06-01,121.542,607504
tok01,2022-06-02,121.086,454167
tok01,2022-06-03,114.596,401118
tok01,2022-06-04,104.246,540682
tok01,2022-06-05,99.863,263824
tok01,2022-06-06,97.824,545759
tok01,2022-06-07,99.06,392482
tok01,2022-06-08,97.326,483033
tok01,2022-06-09,102.692,254494
tok01,2022-06-10,97.403,1514543
tok01,2022-06-11,98.107,535197
tok01,2022-06-12,99.726,319708
tok01,2022-06-13,92.979,562319
tok01,2022-06-14,92.488,286749
tok01,2022-06-15,96.82,407662
tok01,2022-06-16,102.656,496737
tok01,2022-06-17,104.22,560266
tok01,2022-06-18,103.474,282599
tok01,2022-06-19,106.655,518911
tok01,2022-06-20,95.629,356413
tok01,2022-06-21,89.51,438674
tok01,2022-06-22,91.271,576915
tok01,2022-06-23,91.53,502586
tok01,2022-06-24,88.77,432840
tok01,2022-06-25,89.643,363999
tok01,2022-06-26,89.721,413250
tok01,2022-06-27,90.632,254355
tok01,2022-06-28,89.81,349413
tok01,2022-06-29,90.385,439359
tok01,2022-06-30,90.304,501226
tok01,2022-07-01,86.054,214314
tok01,2022-07-02,92.086,1360680
tok01,2022-07-03,90.713,717486
tok01,2022-07-04,83.805,556055
tok01,2022-07-05,86.763,417460
tok01,2022-07-06,91.162,1454582
tok01,2022-07-07,91.626,229555
tok01,2022-07-08,91.467,595208
tok01,2022-07-09,88.901,453505
tok01,2022-07-10,86.966,2274506
tok01,2022-07-11,98.668,373592
tok01,2022-07-12,96.194,421437
tok01,2022-07-13,98.219,271295
tok01,2022-07-14,94.768,466048
tok01,2022-07-15,97.143,404807
tok01,2022-07-16,97.168,495468
tok01,2022-07-17,92.572,771080
tok01,2022-07-18,92.984,371325
tok01,2022-07-19,93.492,1277672
tok01,2022-07-20,96.551,476282
tok01,2022-07-21,93.35,305074
tok01,2022-07-22,89.802,206550
tok01,2022-07-23,94.616,366976
tok01,2022-07-24,99.865,627847
tok01,2022-07-25,100.834,357086
tok01,2022-07-26,99.447,551124
tok01,2022-07-27,100.498,1183449
tok01,2022-07-28,97.743,612937
tok01,2022-07-29,96.239,216865
tok01,2022-07-30,97.363,664216
tok01,2022-07-31,91.56,910536
tok01,2022-08-01,89.695,213420
tok01,2022-08-02,88.701,504427
tok01,2022-08-03,91.196,208485
tok01,2022-08-04,92.582,1223478
tok01,2022-08-05,94.225,301336
tok01,2022-08-06,94.73,131203
tok01,2022-08-07,92.573,334393
tok01,2022-08-08,93.097,258679
tok01,2022-08-09,97.203,334117
tok01,2022-08-10,99.585,870986
tok01,2022-08-11,95.44,242520
tok01,2022-08-12,96.175,229981
tok01,2022-08-13,95.231,832381
tok01,2022-08-14,96.326,595309
tok01,2022-08-15,97.211,377611
tok01,2022-08-16,95.369,112764
tok01,2022-08-17,108.145,350153
tok01,2022-08-18,108.801,592169
tok01,2022-08-19,105.456,657717
tok01,2022-08-20,107.063,526297
tok01,2022-08-21,108.643,559864
tok01,2022-08-22,106.95,806653
tok01,2022-08-23,120.212,622054
tok01,2022-08-24,120.292,797171
tok01,2022-08-25,121.969,462178
tok01,2022-08-26,119.8,680433
tok01,2022-08-27,122.768,698441
tok01,2022-08-28,120.034,269500
tok01,2022-08-29,122.885,534214
tok01,2022-08-30,115.479,393361
tok01,2022-08-31,113.85,222685
tok01,2022-09-01,105.933,212790
tok01,2022-09-02,99.115,401361
tok01,2022-09-03,97.646,362261
tok01,2022-09-04,93.893,430140
tok01,2022-09-05,96.661,305945
tok01,2022-09-06,96.543,743074
tok01,2022-09-07,93.708,546212
tok01,2022-09-08,92.327,271618
tok01,2022-09-09,91.914,336594
tok01,2022-09-10,88.07,312906
tok01,2022-09-11,83.926,405092
tok01,2022-09-12,92.307,440028
tok01,2022-09-13,84.905,543237
tok01,2022-09-14,86.368,515684
tok01,2022-09-15,84.209,604222
tok01,2022-09-16,85.232,297172
tok01,2022-09-17,86.816,229660
tok01,2022-09-18,87.237,661272
tok01,2022-09-19,91.269,708677
tok01,2022-09-20,99.847,772674
tok01,2022-09-21,98.345,136589
tok01,2022-09-22,94.72,576660
tok01,2022-09-23,94.205,1157650
tok01,2022-09-24,95.924,343917
tok01,2022-09-25,95.303,580022
tok01,2022-09-26,96.794,524215
tok01,2022-09-27,97.679,525562
tok01,2022-09-28,106.456,285864
tok01,2022-09-29,114.417,446330
tok01,2022-09-30,117.247,447483
tok01,2022-10-01,119.537,622329
tok01,2022-10-02,117.213,466345
tok01,2022-10-03,119.929,258493
tok01,2022-10-04,122.974,1026831
tok01,2022-10-05,119.114,326780
tok01,2022-10-06,109.683,335214
tok01,2022-10-07,105.225,366327
tok01,2022-10-08,106.887,1350821
tok01,2022-10-09,101.619,309699
tok01,2022-10-10,101.245,347173
tok01,2022-10-11,96.136,362087
tok01,2022-10-12,95.436,501843
tok01,2022-10-13,102.084,578725
tok01,2022-10-14,106.34,234858
tok01,2022-10-15,98.98,322805
tok01,2022-10-16,91.939,468147
tok01,2022-10-17,91.539,217071
tok01,2022-10-18,92.866,365112
tok01,2022-10-19,87.772,514615
tok01,2022-10-20,86.707,1200865
tok01,2022-10-21,86.072,809449
tok01,2022-10-22,86.771,345522
tok01,2022-10-23,89.694,429022
tok01,2022-10-24,89.39,417937
tok01,2022-10-25,92.676,658733
tok01,2022-10-26,87.884,196391
tok01,2022-10-27,83.411,488033
tok01,2022-10-28,84.921,510725
tok01,2022-10-29,91.061,206272
tok01,2022-10-30,90.592,312429
tok01,2022-10-31,94.225,240499
tok01,2022-11-01,90.171,343856
tok01,2022-11-02,91.653,802071
tok01,2022-11-03,93.934,458496
tok01,2022-11-04,94.176,428843
tok01,2022-11-05,93.655,209751
tok01,2022-11-06,88.857,421577
tok01,2022-11-07,86.175,837997
tok01,2022-11-08,80.474,407481
tok01,2022-11-09,86.486,636767
tok01,2022-11-10,89.82,593829
tok01,2022-11-11,94.811,1004695
tok01,2022-11-12,94.828,304573
tok01,2022-11-13,98.771,232076
tok01,2022-11-14,100.498,274785
tok01,2022-11-15,107.055,354214
tok01,2022-11-16,104.303,385045
tok01,2022-11-17,105.846,736146
tok01,2022-11-18,110.298,254495
tok01,2022-11-19,109.062,541669
tok01,2022-11-20,109.895,660315
tok01,2022-11-21,113.978,155044
tok01,2022-11-22,116.723,500049
tok01,2022-11-23,122.729,443693
tok01,2022-11-24,126.983,820311
tok01,2022-11-25,130.953,254681
tok01,2022-11-26,130.32,225009
tok01,2022-11-27,122.497,791251
tok01,2022-11-28,126.248,471246
tok01,2022-11-29,129.696,1073256
tok01,2022-11-30,135.82,239885
tok01,2022-12-01,140.965,488482
tok01,2022-12-02,135.231,717576
tok01,2022-12-03,128.534,709599
tok01,2022-12-04,125.648,767295
tok01,2022-12-05,126.798,426479
tok01,2022-12-06,130.619,281870
tok01,2022-12-07,133.529,441857
tok01,2022-12-08,134.003,334427
tok01,2022-12-09,138.299,395666
tok01,2022-12-10,140.232,864567
tok01,2022-12-11,139.481,435914
tok01,2022-12-12,137.745,419698
tok01,2022-12-13,134.164,430697
tok01,2022-12-14,133.2,497782
tok01,2022-12-15,133.86,299325
tok01,2022-12-16,129.001,322673
tok01,2022-12-17,130.018,375185
tok01,2022-12-18,129.13,336426
tok01,2022-12-19,132.668,764008
tok01,2022-12-20,133.054,768556
tok01,2022-12-21,121.239,390081
tok01,2022-12-22,119.582,556839
tok01,2022-12-23,120.157,345099
tok01,2022-12-24,121.597,583329
tok01,2022-12-25,116.51,364576
tok01,2022-12-26,116.137,420076
tok01,2022-12-27,110.727,731050
tok01,2022-12-28,109.066,284399
tok01,2022-12-29,110.37,389389
tok01,2022-12-30,114.667,624694
tok01,2022-12-31,107.96,360550
tok01,2023-01-01,105.247,518827
tok01,2023-01-02,106.06,895524
tok01,2023-01-03,104.477,184647
tok01,2023-01-04,100.964,391175
tok01,2023-01-05,104.609,371997
tok01,2023-01-06,103.401,403065
tok01,2023-01-07,100.746,427627
tok01,2023-01-08,98.63,306505
tok01,2023-01-09,98.043,172501
tok01,2023-01-10,91.779,210418
tok01,2023-01-11,91.947,304524
tok01,2023-01-12,92.526,510940
tok01,2023-01-13,93.327,342937
tok01,2023-01-14,90.497,461964
tok01,2023-01-15,92.377,396492
tok01,2023-01-16,94.896,472804
tok01,2023-01-17,93.054,622276
tok01,2023-01-18,100.064,608454
tok01,2023-01-19,97.6,336980
tok01,2023-01-20,99.067,238735
tok01,2023-01-21,97.417,202905
tok01,2023-01-22,94.35,305337
tok01,2023-01-23,96.527,286766
tok01,2023-01-24,94.03,634308
tok01,2023-01-25,86.153,194504
tok01,2023-01-26,87.371,313712
tok01,2023-01-27,84.809,387558
tok01,2023-01-28,81.375,364678
tok01,2023-01-29,83.322,804571
tok01,2023-01-30,80.621,464039
tok01,2023-01-31,80.025,286443
tok01,2023-02-01,80.176,285810
tok01,2023-02-02,80.722,368100
tok01,2023-02-03,83.977,300163
tok01,2023-02-04,87.027,240291
tok01,2023-02-05,92.97,486352
tok01,2023-02-06,94.722,480069
tok01,2023-02-07,97.663,446367
tok01,2023-02-08,94.191,600755
tok01,2023-02-09,87.974,246774
tok01,2023-02-10,90.95,449681
tok01,2023-02-11,87.036,482741
tok01,2023-02-12,86.505,302772
tok01,2023-02-13,90.877,689322
tok01,2023-02-14,81.858,263870
tok01,2023-02-15,82.592,486687
tok01,2023-02-16,80.353,717009
tok01,2023-02-17,79.348,505510
tok01,2023-02-18,81.001,453745
tok01,2023-02-19,83.542,203429
tok01,2023-02-20,80.059,465339
tok01,2023-02-21,80.09,508946
tok01,2023-02-22,79.229,327055
tok01,2023-02-23,76.953,313481
tok01,2023-02-24,75.944,486702
tok01,2023-02-25,77.376,361611
tok01,2023-02-26,76.78,374011
tok01,2023-02-27,74.938,482427
tok01,2023-02-28,71.588,568099
tok01,2023-03-01,71.655,426923
tok01,2023-03-02,71.218,275320
tok01,2023-03-03,69.944,854694
tok01,2023-03-04,70.26,425653
tok01,2023-03-05,69.464,443818
tok01,2023-03-06,69.794,188139
tok01,2023-03-07,68.49,515578
tok01,2023-03-08,69.434,259670
tok01,2023-03-09,72.535,413837
tok01,2023-03-10,77.114,273300
tok01,2023-03-11,77.878,257782
tok01,2023-03-12,76.529,183909
tok01,2023-03-13,76.686,502803
tok01,2023-03-14,76.817,422204
tok01,2023-03-15,83.186,260834
tok01,2023-03-16,88.8,905894
tok01,2023-03-17,87.856,602622
tok01,2023-03-18,89.479,269527
tok01,2023-03-19,90.012,613452
tok01,2023-03-20,86.398,348682
tok01,2023-03-21,80.537,397474
tok01,2023-03-22,85.461,168709
tok01,2023-03-23,84.988,596529
tok01,2023-03-24,79.778,714696
tok01,2023-03-25,80.039,232222
tok01,2023-03-26,79.622,344354
tok01,2023-03-27,78.872,661161
tok01,2023-03-28,82.081,411437
tok01,2023-03-29,75.413,257637
tok01,2023-03-30,71.102,259847
tok01,2023-03-31,73.368,350845
tok01,2023-04-01,71.07,382484
tok01,2023-04-02,71.914,682804
tok01,2023-04-03,70.557,281909
tok01,2023-04-04,74.7,433633
tok01,2023-04-05,79.348,406770
tok01,2023-04-06,82.879,418599
tok01,2023-04-07,83.452,707960
tok01,2023-04-08,78.756,1418602
tok01,2023-04-09,82.192,269083
tok01,2023-04-10,81.523,586894
tok01,2023-04-11,80.731,264222
tok01,2023-04-12,77.465,228197
tok01,2023-04-13,80.317,457625
tok01,2023-04-14,79.26,677114
tok01,2023-04-15,83.017,973387
tok01,2023-04-16,82.417,211600
tok01,2023-04-17,85.562,469979
tok01,2023-04-18,90.485,248976
tok01,2023-04-19,88.992,304143
tok01,2023-04-20,89.068,540749
tok01,2023-04-21,89.811,229592
tok01,2023-04-22,83.068,144556
tok01,2023-04-23,83.876,464546
tok01,2023-04-24,87.843,170093
tok01,2023-04-25,81.286,582940
tok01,2023-04-26,78.569,543417
tok01,2023-04-27,80.885,241768
tok01,2023-04-28,85.574,628385
tok01,2023-04-29,85.384,227484
tok01,2023-04-30,80.695,378691
tok01,2023-05-01,77.971,400690
tok01,2023-05-02,71.087,470861
tok01,2023-05-03,72.693,395783
tok01,2023-05-04,74.167,640200
tok01,2023-05-05,73.896,290951
tok01,2023-05-06,69.57,250001
tok01,2023-05-07,71.099,995625
tok01,2023-05-08,69.409,144500
tok01,2023-05-09,64.551,803252
tok01,2023-05-10,64.467,349725
tok01,2023-05-11,63.689,431048
tok01,2023-05-12,62.663,333105
tok01,2023-05-13,62.22,417820
tok01,2023-05-14,59.725,585684
tok01,2023-05-15,61.921,279403
tok01,2023-05-16,62.775,126435
tok01,2023-05-17,66.326,439489
tok01,2023-05-18,67.934,330188
tok01,2023-05-19,66.106,674081
tok01,2023-05-20,66.221,713500
tok01,2023-05-21,62.872,346028
tok01,2023-05-22,54.342,1168259
tok01,2023-05-23,54.237,392369
tok01,2023-05-24,54.985,316268
tok01,2023-05-25,54.239,525494
tok01,2023-05-26,54.696,369403
tok01,2023-05-27,50.754,233320
tok01,2023-05-28,52.042,463089
tok01,2023-05-29,52.186,188111
tok01,2023-05-30,53.121,543534
tok01,2023-05-31,53.364,751119
tok01,2023-06-01,55.265,618830
tok01,2023-06-02,53.326,289730
tok01,2023-06-03,51.239,293640
tok01,2023-06-04,52.39,343466
tok01,2023-06-05,52.374,490504
tok01,2023-06-06,49.617,216105
tok01,2023-06-07,45.062,411132
tok01,2023-06-08,44.086,376820
tok01,2023-06-09,42.992,271681
tok01,2023-06-10,42.295,295341
tok01,2023-06-11,44.039,411663
tok01,2023-06-12,43.297,973227
tok01,2023-06-13,41.767,410921
tok01,2023-06-14,42.121,421761
tok01,2023-06-15,40.964,316704
tok01,2023-06-16,40.609,440054
tok01,2023-06-17,37.296,249554
tok01,2023-06-18,37.092,599742
tok01,2023-06-19,35.809,236696
tok01,2023-06-20,35.287,378222
tok01,2023-06-21,35.923,411101
tok01,2023-06-22,36.906,631059
tok01,2023-06-23,40.135,1008363
tok01,2023-06-24,41.475,348961
tok01,2023-06-25,41.405,1621445
tok01,2023-06-26,38.645,538724
tok01,2023-06-27,38.267,512668
tok01,2023-06-28,37.013,182735
tok01,2023-06-29,37.205,434346
tok01,2023-06-30,41.532,191486
tok01,2023-07-01,40.913,328918
tok01,2023-07-02,37.383,234835
tok01,2023-07-03,36.636,664733
tok01,2023-07-04,37.037,245405
tok01,2023-07-05,36.42,715409
tok01,2023-07-06,37.741,170090
tok01,2023-07-07,36.946,301764
tok01,2023-07-08,35.195,600194
tok01,2023-07-09,33.972,357556
tok01,2023-07-10,32.294,708429
tok01,2023-07-11,32.723,819034
tok01,2023-07-12,33.477,708253
tok01,2023-07-13,31.989,316423
tok01,2023-07-14,31.152,334599
tok01,2023-07-15,30.077,512872
tok01,2023-07-16,31.237,389702
tok01,2023-07-17,30.777,304397
tok01,2023-07-18,29.065,976331
tok01,2023-07-19,30.069,249060
tok01,2023-07-20,29.316,291519
tok01,2023-07-21,29.057,362706
tok01,2023-07-22,29.23,532374
tok01,2023-07-23,29.367,384168
tok01,2023-07-24,29.669,377645
tok01,2023-07-25,29.14,187299
tok01,2023-07-26,27.794,473936
tok01,2023-07-27,27.01,584245
tok01,2023-07-28,27.023,308882
tok01,2023-07-29,26.963,617547
tok01,2023-07-30,26.351,274375
tok01,2023-07-31,25.997,370050
tok01,2023-08-01,24.183,255155
tok01,2023-08-02,25.159,555074
tok01,2023-08-03,24.581,401627
tok01,2023-08-04,24.832,352639
tok01,2023-08-05,24.993,554043
tok01,2023-08-06,24.207,499425
tok01,2023-08-07,23.667,670656
tok01,2023-08-08,24.047,483526
tok01,2023-08-09,25.462,207501
tok01,2023-08-10,25.625,222072
tok01,2023-08-11,27.756,228413
tok01,2023-08-12,28.747,410247
tok01,2023-08-13,29.876,523329
tok01,2023-08-14,29.578,267024
tok01,2023-08-15,28.692,709705
tok01,2023-08-16,29.091,231963
tok01,2023-08-17,29.504,657415
tok01,2023-08-18,28.678,565534
tok01,2023-08-19,29.501,268476
tok01,2023-08-20,32.524,724239
tok01,2023-08-21,32.417,659109
tok01,2023-08-22,32.047,201750
tok01,2023-08-23,32.372,545969
tok01,2023-08-24,31.271,794013
tok01,2023-08-25,29.945,1032027
tok01,2023-08-26,30.712,1531390
tok01,2023-08-27,29.874,418422
tok01,2023-08-28,29.024,128406
tok01,2023-08-29,28.062,611966
tok01,2023-08-30,27.882,261375
tok01,2023-08-31,27.882,666801
tok01,2023-09-01,27.02,617907
tok01,2023-09-02,28.785,475419
tok01,2023-09-03,28.884,387395
tok01,2023-09-04,28.689,540536
tok01,2023-09-05,27.61,288512
tok01,2023-09-06,25.643,1152201
tok01,2023-09-07,24.673,483664
tok01,2023-09-08,25.599,408378
tok01,2023-09-09,25.853,580775
tok01,2023-09-10,26.177,870880
tok01,2023-09-11,25.969,682998
tok01,2023-09-12,26.443,357854
tok01,2023-09-13,26.302,489410
tok01,2023-09-14,25.295,786445
tok01,2023-09-15,23.779,331829
tok01,2023-09-16,24.922,520681
tok01,2023-09-17,25.052,916242
tok01,2023-09-18,25.52,336815
tok01,2023-09-19,25.795,320133
tok01,2023-09-20,25.39,597827
tok01,2023-09-21,25.904,362076
tok01,2023-09-22,25.958,812374
tok01,2023-09-23,23.981,319913
tok01,2023-09-24,21.751,283163
tok01,2023-09-25,20.731,735892
tok01,2023-09-26,20.749,248155
tok01,2023-09-27,21.822,309652
tok01,2023-09-28,22.784,450142
tok01,2023-09-29,21.57,497069
tok01,2023-09-30,21.007,1002138
tok01,2023-10-01,20.853,929426
tok01,2023-10-02,20.778,612917
tok01,2023-10-03,21.788,787733
tok01,2023-10-04,23.309,417776
tok01,2023-10-05,23.779,776840
tok01,2023-10-06,25.125,390368
tok01,2023-10-07,26.075,760250
tok01,2023-10-08,25.628,806876
tok01,2023-10-09,25.764,360594
tok01,2023-10-10,26.716,249977
tok01,2023-10-11,23.996,215802
tok01,2023-10-12,24.572,966767
tok01,2023-10-13,23.113,688246
tok01,2023-10-14,24.628,401054
tok01,2023-10-15,25.809,804856
tok01,2023-10-16,24.266,187698
tok01,2023-10-17,25.444,313123
tok01,2023-10-18,26.447,1059348
tok01,2023-10-19,27.341,498710
tok01,2023-10-20,26.196,426353
tok01,2023-10-21,28.336,494719
tok01,2023-10-22,28.934,1088751
tok01,2023-10-23,28.445,384447
tok01,2023-10-24,29.444,554498
tok01,2023-10-25,28.025,563453
tok01,2023-10-26,27.82,446849
tok01,2023-10-27,29.262,409150
tok01,2023-10-28,27.316,473929
tok01,2023-10-29,26.258,288306
tok01,2023-10-30,25.536,507116
tok01,2023-10-31,25.472,300469
tok01,2023-11-01,25.134,578402
tok01,2023-11-02,24.888,196356
tok01,2023-11-03,25.205,476972
tok01,2023-11-04,26.152,1858680
tok01,2023-11-05,26.013,416290
tok01,2023-11-06,24.504,627329
tok01,2023-11-07,24.241,483690
tok01,2023-11-08,24.395,227832
tok01,2023-11-09,23.781,327856
tok01,2023-11-10,24.353,693229
tok01,2023-11-11,24.67,219095
tok01,2023-11-12,26.242,334401
tok01,2023-11-13,25.955,451064
tok01,2023-11-14,26.929,541769
tok01,2023-11-15,26.657,421389
tok01,2023-11-16,28.515,140940
tok01,2023-11-17,27.501,346991
tok01,2023-11-18,27.364,720923
tok01,2023-11-19,28.919,317396
tok01,2023-11-20,25.526,760594
tok01,2023-11-21,26.908,429869
tok01,2023-11-22,27.355,290681
tok01,2023-11-23,27.768,358137
tok01,2023-11-24,25.571,532487
tok01,2023-11-25,26.404,343483
tok01,2023-11-26,25.974,590972
tok01,2023-11-27,26.639,327632
tok01,2023-11-28,27.747,465492
tok01,2023-11-29,26.792,363342
tok01,2023-11-30,27.026,346180
tok01,2023-12-01,28.153,459450
tok01,2023-12-02,26.694,422340
tok01,2023-12-03,27.645,470917
tok01,2023-12-04,28.982,362238
tok01,2023-12-05,27.665,259708
tok01,2023-12-06,28.127,426641
tok01,2023-12-07,27.573,242544
tok01,2023-12-08,28.762,574855
tok01,2023-12-09,29.213,504461
tok01,2023-12-10,30.767,551202
tok01,2023-12-11,30.599,306918
tok01,2023-12-12,33.339,306662
tok01,2023-12-13,35.502,268492
tok01,2023-12-14,37.389,509714
tok01,2023-12-15,36.6,221108
tok01,2023-12-16,33.695,237292
tok01,2023-12-17,31.366,532004
tok01,2023-12-18,31.63,296189
tok01,2023-12-19,31.413,642813
tok01,2023-12-20,31.767,647850
tok01,2023-12-21,34.442,375160
tok01,2023-12-22,33.005,656737
tok01,2023-12-23,32.833,371216
tok01,2023-12-24,32.362,258151
tok01,2023-12-25,34.332,353244
tok01,2023-12-26,33.248,1097491
tok01,2023-12-27,33.218,418621
tok01,2023-12-28,33.257,688916
tok01,2023-12-29,35.303,338062
tok01,2023-12-30,34.319,513365
tok01,2023-12-31,34.612,277652
tok02,2021-01-01,99.757,314511
tok02,2021-01-02,106.297,716056
tok02,2021-01-03,104.982,445694
tok02,2021-01-04,105.539,282611
tok02,2021-01-05,104.044,279471
tok02,2021-01-06,107.702,354009
tok02,2021-01-07,115.46,549470
tok02,2021-01-08,113.256,332393
tok02,2021-01-09,112.578,705304
tok02,2021-01-10,108.633,1664140
tok02,2021-01-11,106.21,478533
tok02,2021-01-12,107.086,248505
tok02,2021-01-13,112.244,614755
tok02,2021-01-14,116.133,153937
tok02,2021-01-15,109.774,451842
tok02,2021-01-16,109.979,291489
tok02,2021-01-17,103.586,513879
tok02,2021-01-18,106.88,544893
tok02,2021-01-19,104.742,357452
tok02,2021-01-20,104.986,380858
tok02,2021-01-21,105.036,410782
tok02,2021-01-22,96.718,635476
tok02,2021-01-23,98.025,1380365
tok02,2021-01-24,95.632,449924
tok02,2021-01-25,88.287,175075
tok02,2021-01-26,82.207,431297
tok02,2021-01-27,79.235,254260
tok02,2021-01-28,78.666,639040
tok02,2021-01-29,84.766,362189
tok02,2021-01-30,87.117,395447
tok02,2021-01-31,86.746,507436
tok02,2021-02-01,88.813,1070553
tok02,2021-02-02,90.444,315234
tok02,2021-02-03,85.716,332886
tok02,2021-02-04,90.232,600553
tok02,2021-02-05,85.224,421270
tok02,2021-02-06,83.727,686740
tok02,2021-02-07,83.504,397956
tok02,2021-02-08,83.931,423917
tok02,2021-02-09,80.402,301052
tok02,2021-02-10,78.516,290722
tok02,2021-02-11,80.424,974407
tok02,2021-02-12,76.147,232783
tok02,2021-02-13,74.315,132339
tok02,2021-02-14,72.777,506968
tok02,2021-02-15,69.131,426014
tok02,2021-02-16,68.314,590337
tok02,2021-02-17,66.869,378665
tok02,2021-02-18,66.19,331961
tok02,2021-02-19,65.661,472241
tok02,2021-02-20,62.303,566256
tok02,2021-02-21,62.824,271202
tok02,2021-02-22,66.287,427611
tok02,2021-02-23,65.196,1861577
tok02,2021-02-24,65.358,275378
tok02,2021-02-25,62.842,369426
tok02,2021-02-26,56.885,295579
tok02,2021-02-27,58.635,295388
tok02,2021-02-28,57.827,730697
tok02,2021-03-01,55.639,540144
tok02,2021-03-02,57.501,718373
tok02,2021-03-03,56.973,388225
tok02,2021-03-04,56.771,436369
tok02,2021-03-05,57.997,312194
tok02,2021-03-06,56.478,359685
tok02,2021-03-07,56.922,461815
tok02,2021-03-08,59.671,214449
tok02,2021-03-09,59.198,474799
tok02,2021-03-10,60.052,1101987
tok02,2021-03-11,55.445,472941
tok02,2021-03-12,56.294,374090
tok02,2021-03-13,57.013,532851
tok02,2021-03-14,60.345,342202
tok02,2021-03-15,63.775,250378
tok02,2021-03-16,63.816,262216
tok02,2021-03-17,70.359,242768
tok02,2021-03-18,70.721,488608
tok02,2021-03-19,68.67,315337
tok02,2021-03-20,69.541,421721
tok02,2021-03-21,72.451,365267
tok02,2021-03-22,71.613,210050
tok02,2021-03-23,72.947,729115
tok02,2021-03-24,71.585,261452
tok02,2021-03-25,70.518,499523
tok02,2021-03-26,72.941,267755
tok02,2021-03-27,73.082,293005
tok02,2021-03-28,73.65,370761
tok02,2021-03-29,73.368,251717
tok02,2021-03-30,70.626,1141687
tok02,2021-03-31,72.59,341336
tok02,2021-04-01,72.198,554990
tok02,2021-04-02,67.726,821013
tok02,2021-04-03,68.293,365358
tok02,2021-04-04,68.099,887500
tok02,2021-04-05,70.645,603007
tok02,2021-04-06,71.109,358964
tok02,2021-04-07,73.846,490881
tok02,2021-04-08,72.271,256896
tok02,2021-04-09,70.812,359232
tok02,2021-04-10,72.956,388346
tok02,2021-04-11,70.558,784607
tok02,2021-04-12,72.263,760668
tok02,2021-04-13,70.545,168600
tok02,2021-04-14,71.96,1271518
tok02,2021-04-15,73.499,391676
tok02,2021-04-16,70.015,253374
tok02,2021-04-17,70.162,252230
tok02,2021-04-18,68.882,256849
tok02,2021-04-19,67.937,692746
tok02,2021-04-20,67.036,436124
tok02,2021-04-21,65.828,289730
tok02,2021-04-22,69.867,355334
tok02,2021-04-23,68.97,453524
tok02,2021-04-24,64.616,756138
tok02,2021-04-25,59.796,343527
tok02,2021-04-26,62.168,445258
tok02,2021-04-27,63.303,406990
tok02,2021-04-28,57.82,347734
tok02,2021-04-29,56.819,731051
tok02,2021-04-30,53.051,989387
tok02,2021-05-01,51.95,503921
tok02,2021-05-02,49.664,539013
tok02,2021-05-03,50.94,629738
tok02,2021-05-04,51.402,323007
tok02,2021-05-05,53.428,455705
tok02,2021-05-06,56.145,475911
tok02,2021-05-07,51.428,722519
tok02,2021-05-08,54.139,202387
tok02,2021-05-09,51.412,311407
tok02,2021-05-10,49.513,249647
tok02,2021-05-11,48.782,142893
tok02,2021-05-12,48.282,395090
tok02,2021-05-13,49.324,391945
tok02,2021-05-14,49.725,362892
tok02,2021-05-15,47.963,239742
tok02,2021-05-16,43.036,441208
tok02,2021-05-17,42.789,567272
tok02,2021-05-18,42.917,373923
tok02,2021-05-19,43.668,448450
tok02,2021-05-20,43.058,332813
tok02,2021-05-21,44.421,230588
tok02,2021-05-22,42.695,682111
tok02,2021-05-23,43.711,250264
tok02,2021-05-24,44.057,705716
tok02,2021-05-25,43.389,728639
tok02,2021-05-26,42.602,525995
tok02,2021-05-27,42.864,430929
tok02,2021-05-28,42.113,527952
tok02,2021-05-29,40.514,612307
tok02,2021-05-30,41.379,191499
tok02,2021-05-31,41.192,240015
tok02,2021-06-01,40.334,329916
tok02,2021-06-02,40.41,947810
tok02,2021-06-03,41.648,210728
tok02,2021-06-04,40.846,397924
tok02,2021-06-05,38.727,724167
tok02,2021-06-06,38.798,730036
tok02,2021-06-07,37.161,557337
tok02,2021-06-08,35.512,541729
tok02,2021-06-09,33.859,599283
tok02,2021-06-10,33.076,533136
tok02,2021-06-11,34.26,332520
tok02,2021-06-12,35.577,283664
tok02,2021-06-13,36.67,446622
tok02,2021-06-14,34.956,705205
tok02,2021-06-15,35.308,247794
tok02,2021-06-16,36.6,1023280
tok02,2021-06-17,37.032,418675
tok02,2021-06-18,37.523,603428
tok02,2021-06-19,38.877,1449224
tok02,2021-06-20,39.57,307283
tok02,2021-06-21,40.018,543207
tok02,2021-06-22,39.412,759671
tok02,2021-06-23,39.353,853599
tok02,2021-06-24,40.736,198382
tok02,2021-06-25,40.07,184159
tok02,2021-06-26,36.983,506843
tok02,2021-06-27,35.667,264336
tok02,2021-06-28,36.954,298485
tok02,2021-06-29,36.733,286467
tok02,2021-06-30,36.09,836501
tok02,2021-07-01,33.314,617575
tok02,2021-07-02,33.611,168018
tok02,2021-07-03,34.953,1018323
tok02,2021-07-04,36.318,458614
tok02,2021-07-05,35.49,352286
tok02,2021-07-06,35.732,399788
tok02,2021-07-07,34.345,230623
tok02,2021-07-08,35.547,439640
tok02,2021-07-09,35.881,347826
tok02,2021-07-10,35.751,819902
tok02,2021-07-11,38.623,482738
tok02,2021-07-12,38.981,276635
tok02,2021-07-13,36.545,618615
tok02,2021-07-14,35.682,377695
tok02,2021-07-15,36.028,234457
tok02,2021-07-16,35.957,677609
tok02,2021-07-17,31.057,607477
tok02,2021-07-18,29.208,157516
tok02,2021-07-19,29.711,941637
tok02,2021-07-20,31.875,319185
tok02,2021-07-21,32.325,436544
tok02,2021-07-22,33.932,1289285
tok02,2021-07-23,34.726,540494
tok02,2021-07-24,33.516,955835
tok02,2021-07-25,34.995,546374
tok02,2021-07-26,36.565,147188
tok02,2021-07-27,35.765,910959
tok02,2021-07-28,35.14,704665
tok02,2021-07-29,35.583,301446
tok02,2021-07-30,34.672,500686
tok02,2021-07-31,34.298,395978
tok02,2021-08-01,33.246,432260
tok02,2021-08-02,32.495,373813
tok02,2021-08-03,33.77,209045
tok02,2021-08-04,33.102,312315
tok02,2021-08-05,33.194,995789
tok02,2021-08-06,33.399,164416
tok02,2021-08-07,35.619,606537
tok02,2021-08-08,36.48,886342
tok02,2021-08-09,35.863,96800
tok02,2021-08-10,35.602,481635
tok02,2021-08-11,36.559,493048
tok02,2021-08-12,37.788,455810
tok02,2021-08-13,38.322,800860
tok02,2021-08-14,36.648,487987
tok02,2021-08-15,37.945,185819
tok02,2021-08-16,35.601,402231
tok02,2021-08-17,36.452,325050
tok02,2021-08-18,33.468,684818
tok02,2021-08-19,34.483,647600
tok02,2021-08-20,33.934,423904
tok02,2021-08-21,33.307,1546306
tok02,2021-08-22,34.954,452027
tok02,2021-08-23,34.902,416239
tok02,2021-08-24,34.921,398875
tok02,2021-08-25,35.252,504801
tok02,2021-08-26,34.526,346775
tok02,2021-08-27,35.718,611943
tok02,2021-08-28,36.763,613257
tok02,2021-08-29,38.374,566583
tok02,2021-08-30,38.772,635573
tok02,2021-08-31,40.116,524104
tok02,2021-09-01,40.931,258866
tok02,2021-09-02,38.753,838507
tok02,2021-09-03,38.544,503085
tok02,2021-09-04,39.033,485257
tok02,2021-09-05,38.902,1321365
tok02,2021-09-06,37.145,869702
tok02,2021-09-07,36.917,166916
tok02,2021-09-08,35.584,342373
tok02,2021-09-09,34.279,517669
tok02,2021-09-10,34.314,288093
tok02,2021-09-11,31.393,602204
tok02,2021-09-12,30.332,216411
tok02,2021-09-13,30.823,418695
tok02,2021-09-14,31.396,951910
tok02,2021-09-15,31.716,381196
tok02,2021-09-16,30.934,693391
tok02,2021-09-17,31.08,1209768
tok02,2021-09-18,32.96,267962
tok02,2021-09-19,31.646,791004
tok02,2021-09-20,30.079,428206
tok02,2021-09-21,28.724,587886
tok02,2021-09-22,28.886,140079
tok02,2021-09-23,27.975,420764
tok02,2021-09-24,27.384,267558
tok02,2021-09-25,28.584,395827
tok02,2021-09-26,27.568,600146
tok02,2021-09-27,27.359,398156
tok02,2021-09-28,27.091,664838
tok02,2021-09-29,27.016,455887
tok02,2021-09-30,26.037,519049
tok02,2021-10-01,25.35,278003
tok02,2021-10-02,26.52,322991
tok02,2021-10-03,25.872,687875
tok02,2021-10-04,25.261,567211
tok02,2021-10-05,25.311,402391
tok02,2021-10-06,25.454,475921
tok02,2021-10-07,24.831,476519
tok02,2021-10-08,25.453,199434
tok02,2021-10-09,24.996,402586
tok02,2021-10-10,25.847,326674
tok02,2021-10-11,27.779,494922
tok02,2021-10-12,30.113,269376
tok02,2021-10-13,28.472,466134
tok02,2021-10-14,29.013,246942
tok02,2021-10-15,27.867,739203
tok02,2021-10-16,26.724,258590
tok02,2021-10-17,25.575,267950
tok02,2021-10-18,26.239,605376
tok02,2021-10-19,25.694,598220
tok02,2021-10-20,26.556,217230
tok02,2021-10-21,26.495,626233
tok02,2021-10-22,28.458,481829
tok02,2021-10-23,29.15,409027
tok02,2021-10-24,28.588,973666
tok02,2021-10-25,29.558,1274304
tok02,2021-10-26,29.584,194652
tok02,2021-10-27,29.086,620809
tok02,2021-10-28,29.178,1024174
tok02,2021-10-29,27.37,794790
tok02,2021-10-30,27.061,396877
tok02,2021-10-31,25.345,898545
tok02,2021-11-01,25.923,828613
tok02,2021-11-02,25.488,193385
tok02,2021-11-03,25.58,479935
tok02,2021-11-04,24.263,365961
tok02,2021-11-05,23.632,341392
tok02,2021-11-06,23.1,423095
tok02,2021-11-07,23.686,384784
tok02,2021-11-08,24.521,699255
tok02,2021-11-09,25.802,1215864
tok02,2021-11-10,27.898,583712
tok02,2021-11-11,27.358,725357
tok02,2021-11-12,26.727,865485
tok02,2021-11-13,27.407,482398
tok02,2021-11-14,27.286,372946
tok02,2021-11-15,26.082,310709
tok02,2021-11-16,25.119,253563
tok02,2021-11-17,24.1,654068
tok02,2021-11-18,25.746,434802
tok02,2021-11-19,25.107,442823
tok02,2021-11-20,25.59,559590
tok02,2021-11-21,25.059,401668
tok02,2021-11-22,26.424,318560
tok02,2021-11-23,26.865,200831
tok02,2021-11-24,26.423,583631
tok02,2021-11-25,25.9,789343
tok02,2021-11-26,25.76,869299
tok02,2021-11-27,25.431,380360
tok02,2021-11-28,28.586,244090
tok02,2021-11-29,27.919,537863
tok02,2021-11-30,28.609,351170
tok02,2021-12-01,28.602,661804
tok02,2021-12-02,27.919,284008
tok02,2021-12-03,29.716,515405
tok02,2021-12-04,28.563,403924
tok02,2021-12-05,30.496,839353
tok02,2021-12-06,28.142,652489
tok02,2021-12-07,30.076,496695
tok02,2021-12-08,31.491,494976
tok02,2021-12-09,31.401,262561
tok02,2021-12-10,30.723,557454
tok02,2021-12-11,32.915,366003
tok02,2021-12-12,33.31,730917
tok02,2021-12-13,35.805,259017
tok02,2021-12-14,36.114,493059
tok02,2021-12-15,38.401,162441
tok02,2021-12-16,40.646,299381
tok02,2021-12-17,37.105,154454
tok02,2021-12-18,38.788,1020929
tok02,2021-12-19,38.475,528223
tok02,2021-12-20,37.686,630358
tok02,2021-12-21,38.493,1376747
tok02,2021-12-22,37.364,222957
tok02,2021-12-23,39.864,487846
tok02,2021-12-24,37.815,602720
tok02,2021-12-25,37.556,440889
tok02,2021-12-26,39.754,520749
tok02,2021-12-27,38.034,533506
tok02,2021-12-28,37.116,597043
tok02,2021-12-29,36.518,285478
tok02,2021-12-30,33.469,590777
tok02,2021-12-31,33.218,819627
tok02,2022-01-01,32.082,813190
tok02,2022-01-02,32.67,375575
tok02,2022-01-03,32.344,719437
tok02,2022-01-04,30.567,493592
tok02,2022-01-05,28.641,446721
tok02,2022-01-06,28.285,492877
tok02,2022-01-07,29.113,546102
tok02,2022-01-08,29.593,418856
tok02,2022-01-09,28.091,298934
tok02,2022-01-10,26.595,193661
tok02,2022-01-11,27.223,328453
tok02,2022-01-12,26.898,1228622
tok02,2022-01-13,26.673,168404
tok02,2022-01-14,26.8,482316
tok02,2022-01-15,25.713,155775
tok02,2022-01-16,25.552,307578
tok02,2022-01-17,24.725,465405
tok02,2022-01-18,26.072,505435
tok02,2022-01-19,26.059,195554
tok02,2022-01-20,26.509,288737
tok02,2022-01-21,25.388,465835
tok02,2022-01-22,25.977,168865
tok02,2022-01-23,24.89,406854
tok02,2022-01-24,26.138,432530
tok02,2022-01-25,26.318,1356985
tok02,2022-01-26,25.149,336185
tok02,2022-01-27,25.113,488708
tok02,2022-01-28,26.221,318549
tok02,2022-01-29,27.404,645775
tok02,2022-01-30,26.887,483545
tok02,2022-01-31,26.636,706821
tok02,2022-02-01,25.948,384176
tok02,2022-02-02,25.814,247158
tok02,2022-02-03,24.511,446978
tok02,2022-02-04,24.403,864374
tok02,2022-02-05,25.573,230763
tok02,2022-02-06,27.504,568300
tok02,2022-02-07,29.556,388789
tok02,2022-02-08,29.251,310144
tok02,2022-02-09,31.854,1062308
tok02,2022-02-10,31.117,546761
tok02,2022-02-11,30.952,832885
tok02,2022-02-12,30.886,590572
tok02,2022-02-13,30.135,259018
tok02,2022-02-14,27.91,590012
tok02,2022-02-15,27.949,277641
tok02,2022-02-16,28.665,784603
tok02,2022-02-17,30.907,555297
tok02,2022-02-18,32.638,192539
tok02,2022-02-19,32.957,252906
tok02,2022-02-20,30.767,632157
tok02,2022-02-21,32.09,203518
tok02,2022-02-22,29.922,191922
tok02,2022-02-23,30.914,439140
tok02,2022-02-24,30.176,429592
tok02,2022-02-25,28.911,856584
tok02,2022-02-26,29.33,1118346
tok02,2022-02-27,30.155,433231
tok02,2022-02-28,29.764,749966
tok02,2022-03-01,29.921,298301
tok02,2022-03-02,32.725,1063848
tok02,2022-03-03,33.605,328675
tok02,2022-03-04,34.123,567913
tok02,2022-03-05,36.014,281459
tok02,2022-03-06,36.94,230556
tok02,2022-03-07,35.173,416921
tok02,2022-03-08,36.4,309268
tok02,2022-03-09,37.038,414452
tok02,2022-03-10,37.535,898658
tok02,2022-03-11,36.588,474633
tok02,2022-03-12,33.449,375185
tok02,2022-03-13,34.609,624758
tok02,2022-03-14,32.981,1150547
tok02,2022-03-15,32.981,192682
tok02,2022-03-16,32.896,374422
tok02,2022-03-17,32.077,763886
tok02,2022-03-18,31.98,592542
tok02,2022-03-19,33.293,466113
tok02,2022-03-20,31.554,261268
tok02,2022-03-21,31.159,608238
tok02,2022-03-22,31.42,536939
tok02,2022-03-23,31.317,337760
tok02,2022-03-24,30.748,414196
tok02,2022-03-25,32.197,352483
tok02,2022-03-26,32.055,423447
tok02,2022-03-27,31.734,740240
tok02,2022-03-28,34.049,767247
tok02,2022-03-29,35.608,806602
tok02,2022-03-30,35.945,231975
tok02,2022-03-31,35.858,189943
tok02,2022-04-01,35.372,836306
tok02,2022-04-02,36.337,467635
tok02,2022-04-03,35.714,507945
tok02,2022-04-04,35.561,792456
tok02,2022-04-05,34.246,170889
tok02,2022-04-06,33.298,289637
tok02,2022-04-07,32.279,611997
tok02,2022-04-08,32.115,674329
tok02,2022-04-09,32.244,297791
tok02,2022-04-10,32.484,88117
tok02,2022-04-11,33.735,404314
tok02,2022-04-12,33.155,249770
tok02,2022-04-13,33.799,549601
tok02,2022-04-14,32.959,421320
tok02,2022-04-15,32.664,408482
tok02,2022-04-16,32.721,891619
tok02,2022-04-17,33.467,324549
tok02,2022-04-18,35.558,741946
tok02,2022-04-19,35.279,336870
tok02,2022-04-20,34.685,1247120
tok02,2022-04-21,36.97,333890
tok02,2022-04-22,34.306,460621
tok02,2022-04-23,32.135,267339
tok02,2022-04-24,32.521,435197
tok02,2022-04-25,31.923,346202
tok02,2022-04-26,31.967,271616
tok02,2022-04-27,32.498,747455
tok02,2022-04-28,30.977,806348
tok02,2022-04-29,30.345,367908
tok02,2022-04-30,28.231,427743
tok02,2022-05-01,27.749,626657
tok02,2022-05-02,26.355,845778
tok02,2022-05-03,27.808,391202
tok02,2022-05-04,28.337,270603
tok02,2022-05-05,28.896,291765
tok02,2022-05-06,30.252,467233
tok02,2022-05-07,29.618,304379
tok02,2022-05-08,29.599,245987
tok02,2022-05-09,31.509,555699
tok02,2022-05-10,29.272,605672
tok02,2022-05-11,30.081,318598
tok02,2022-05-12,29.083,762817
tok02,2022-05-13,27.543,333558
tok02,2022-05-14,26.626,537573
tok02,2022-05-15,25.915,343605
tok02,2022-05-16,25.572,492359
tok02,2022-05-17,24.719,781767
tok02,2022-05-18,24.882,431619
tok02,2022-05-19,24.818,748570
tok02,2022-05-20,25.455,292956
tok02,2022-05-21,24.687,317317
tok02,2022-05-22,24.27,733715
tok02,2022-05-23,24.738,452201
tok02,2022-05-24,25.475,167693
tok02,2022-05-25,24.919,337479
tok02,2022-05-26,24.409,467473
tok02,2022-05-27,24.274,600285
tok02,2022-05-28,24.473,1339092
tok02,2022-05-29,25.032,509500
tok02,2022-05-30,24.617,574920
tok02,2022-05-31,25.041,294809
tok02,2022-06-01,24.274,643809
tok02,2022-06-02,23.51,451629
tok02,2022-06-03,22.71,330732
tok02,2022-06-04,22.204,667370
tok02,2022-06-05,23.381,670844
tok02,2022-06-06,22.469,714796
tok02,2022-06-07,23.647,392356
tok02,2022-06-08,22.62,379721
tok02,2022-06-09,22.613,452921
tok02,2022-06-10,22.619,499629
tok02,2022-06-11,22.04,407669
tok02,2022-06-12,22.827,272055
tok02,2022-06-13,23.383,292601
tok02,2022-06-14,22.882,195765
tok02,2022-06-15,22.822,867683
tok02,2022-06-16,21.778,496300
tok02,2022-06-17,21.345,158906
tok02,2022-06-18,20.865,930257
tok02,2022-06-19,20.777,840776
tok02,2022-06-20,20.384,882878
tok02,2022-06-21,20.48,410828
tok02,2022-06-22,21.015,424558
tok02,2022-06-23,21.611,185835
tok02,2022-06-24,21.453,304092
tok02,2022-06-25,22.181,413267
tok02,2022-06-26,23.114,846964
tok02,2022-06-27,23.027,514178
tok02,2022-06-28,22.135,491548
tok02,2022-06-29,23.439,593512
tok02,2022-06-30,24.065,215509
tok02,2022-07-01,22.427,803979
tok02,2022-07-02,22.001,252100
tok02,2022-07-03,22.306,1076036
tok02,2022-07-04,23.456,384941
tok02,2022-07-05,22.953,581630
tok02,2022-07-06,22.329,542145
tok02,2022-07-07,22.968,172553
tok02,2022-07-08,22.092,984350
tok02,2022-07-09,22.379,500251
tok02,2022-07-10,21.743,626785
tok02,2022-07-11,21.34,482256
tok02,2022-07-12,21.25,387853
tok02,2022-07-13,20.789,632247
tok02,2022-07-14,20.722,302391
tok02,2022-07-15,19.778,817820
tok02,2022-07-16,19.169,371448
tok02,2022-07-17,18.821,160942
tok02,2022-07-18,17.773,358280
tok02,2022-07-19,17.685,180065
tok02,2022-07-20,17.06,305355
tok02,2022-07-21,17.358,231661
tok02,2022-07-22,17.291,586305
tok02,2022-07-23,16.957,749488
tok02,2022-07-24,17.956,400491
tok02,2022-07-25,17.333,211701
tok02,2022-07-26,17.298,340760
tok02,2022-07-27,17.957,317160
tok02,2022-07-28,18.444,344844
tok02,2022-07-29,17.601,759983
tok02,2022-07-30,16.914,240399
tok02,2022-07-31,16.501,366108
tok02,2022-08-01,16.067,282175
tok02,2022-08-02,14.386,648943
tok02,2022-08-03,13.717,396913
tok02,2022-08-04,13.066,613719
tok02,2022-08-05,13.598,459279
tok02,2022-08-06,13.815,547568
tok02,2022-08-07,13.382,393896
tok02,2022-08-08,12.697,438173
tok02,2022-08-09,13.125,572399
tok02,2022-08-10,12.268,949569
tok02,2022-08-11,11.583,661366
tok02,2022-08-12,11.373,193929
tok02,2022-08-13,11.421,377226
tok02,2022-08-14,11.579,596833
tok02,2022-08-15,11.874,752120
tok02,2022-08-16,12.914,285578
tok02,2022-08-17,12.678,1268715
tok02,2022-08-18,12.633,1008770
tok02,2022-08-19,12.417,496283
tok02,2022-08-20,12.942,647178
tok02,2022-08-21,13.479,748476
tok02,2022-08-22,13.072,1099533
tok02,2022-08-23,12.849,1027550
tok02,2022-08-24,13.701,945752
tok02,2022-08-25,13.378,148292
tok02,2022-08-26,13.824,695660
tok02,2022-08-27,13.608,392679
tok02,2022-08-28,13.571,608939
tok02,2022-08-29,13.879,543752
tok02,2022-08-30,13.826,749811
tok02,2022-08-31,13.236,474428
tok02,2022-09-01,13.941,553170
tok02,2022-09-02,13.322,730082
tok02,2022-09-03,12.266,847896
tok02,2022-09-04,12.58,835686
tok02,2022-09-05,12.908,254128
tok02,2022-09-06,12.294,318945
tok02,2022-09-07,12.445,297856
tok02,2022-09-08,12.521,428122
tok02,2022-09-09,12.357,699769
tok02,2022-09-10,11.642,194909
tok02,2022-09-11,11.451,273598
tok02,2022-09-12,11.341,293679
tok02,2022-09-13,11.425,392791
tok02,2022-09-14,11.411,419153
tok02,2022-09-15,11.881,554663
tok02,2022-09-16,11.293,357260
tok02,2022-09-17,11.95,501150
tok02,2022-09-18,12.726,538671
tok02,2022-09-19,12.259,370128
tok02,2022-09-20,11.88,321410
tok02,2022-09-21,11.773,411871
tok02,2022-09-22,11.864,640003
tok02,2022-09-23,11.846,1484951
tok02,2022-09-24,11.509,1408446
tok02,2022-09-25,10.949,820647
tok02,2022-09-26,10.982,783045
tok02,2022-09-27,10.55,345372
tok02,2022-09-28,10.637,485261
tok02,2022-09-29,10.014,372383
tok02,2022-09-30,10.352,1229110
tok02,2022-10-01,10.363,777730
tok02,2022-10-02,9.189,221183
tok02,2022-10-03,8.929,345026
tok02,2022-10-04,8.982,466981
tok02,2022-10-05,8.61,287677
tok02,2022-10-06,8.217,202100
tok02,2022-10-07,7.493,468263
tok02,2022-10-08,7.613,432141
tok02,2022-10-09,7.248,660132
tok02,2022-10-10,7.38,1328428
tok02,2022-10-11,7.364,348931
tok02,2022-10-12,7.489,399325
tok02,2022-10-13,7.539,480186
tok02,2022-10-14,7.98,452650
tok02,2022-10-15,8.078,607454
tok02,2022-10-16,8.318,196040
tok02,2022-10-17,8.233,237287
tok02,2022-10-18,8.116,363909
tok02,2022-10-19,8.391,343235
tok02,2022-10-20,8.51,437961
tok02,2022-10-21,8.812,311331
tok02,2022-10-22,8.613,169692
tok02,2022-10-23,8.283,608400
tok02,2022-10-24,8.058,705044
tok02,2022-10-25,7.633,357148
tok02,2022-10-26,7.178,285990
tok02,2022-10-27,7.188,330150
tok02,2022-10-28,7.434,432599
tok02,2022-10-29,7.089,546112
tok02,2022-10-30,6.724,735169
tok02,2022-10-31,7.189,640724
tok02,2022-11-01,6.81,510050
tok02,2022-11-02,6.87,983640
tok02,2022-11-03,6.935,470369
tok02,2022-11-04,6.684,666968
tok02,2022-11-05,7.061,237880
tok02,2022-11-06,7.139,284721
tok02,2022-11-07,7.041,537380
tok02,2022-11-08,7.351,282342
tok02,2022-11-09,7.141,632420
tok02,2022-11-10,6.722,357140
tok02,2022-11-11,6.052,508963
tok02,2022-11-12,6.111,770757
tok02,2022-11-13,6.24,534494
tok02,2022-11-14,6.721,582145
tok02,2022-11-15,6.968,441279
tok02,2022-11-16,6.906,911920
tok02,2022-11-17,7.06,718075
tok02,2022-11-18,7.334,1135752
tok02,2022-11-19,7.603,316800
tok02,2022-11-20,7.697,163746
tok02,2022-11-21,7.536,952240
tok02,2022-11-22,7.537,892776
tok02,2022-11-23,7.764,1320259
tok02,2022-11-24,8.804,285247
tok02,2022-11-25,9.518,425389
tok02,2022-11-26,9.928,2096799
tok02,2022-11-27,9.461,565383
tok02,2022-11-28,9.031,520482
tok02,2022-11-29,8.702,1292461
tok02,2022-11-30,9.258,428365
tok02,2022-12-01,8.996,155049
tok02,2022-12-02,8.874,189678
tok02,2022-12-03,9.214,435708
tok02,2022-12-04,9.158,532660
tok02,2022-12-05,9.021,250594
tok02,2022-12-06,9.101,373967
tok02,2022-12-07,9.064,253674
tok02,2022-12-08,8.886,121249
tok02,2022-12-09,9.616,452460
tok02,2022-12-10,9.764,413888
tok02,2022-12-11,9.881,235393
tok02,2022-12-12,9.855,498870
tok02,2022-12-13,9.206,604511
tok02,2022-12-14,8.703,566553
tok02,2022-12-15,8.899,762403
tok02,2022-12-16,8.541,311172
tok02,2022-12-17,8.08,168813
tok02,2022-12-18,8.145,352490
tok02,2022-12-19,8.472,921441
tok02,2022-12-20,8.737,282090
tok02,2022-12-21,8.946,292686
tok02,2022-12-22,9.755,110049
tok02,2022-12-23,10.15,923973
tok02,2022-12-24,10.429,288102
tok02,2022-12-25,10.572,713269
tok02,2022-12-26,11.008,464686
tok02,2022-12-27,10.809,511954
tok02,2022-12-28,11.366,347958
tok02,2022-12-29,11.098,540641
tok02,2022-12-30,11.053,334406
tok02,2022-12-31,11.099,459764
tok02,2023-01-01,10.98,238283
tok02,2023-01-02,10.718,237961
tok02,2023-01-03,10.435,419008
tok02,2023-01-04,10.922,275090
tok02,2023-01-05,11.275,397586
tok02,2023-01-06,11.307,171992
tok02,2023-01-07,11.441,604520
tok02,2023-01-08,10.419,65277
tok02,2023-01-09,10.291,510363
tok02,2023-01-10,10.041,291523
tok02,2023-01-11,10.328,447310
tok02,2023-01-12,9.892,1210325
tok02,2023-01-13,10.395,433654
tok02,2023-01-14,10.789,315175
tok02,2023-01-15,10.175,406778
tok02,2023-01-16,9.917,319466
tok02,2023-01-17,9.878,395518
tok02,2023-01-18,10.035,348616
tok02,2023-01-19,9.944,568521
tok02,2023-01-20,9.965,1224755
tok02,2023-01-21,10.887,838592
tok02,2023-01-22,11.222,497679
tok02,2023-01-23,11.672,309494
tok02,2023-01-24,11.808,511860
tok02,2023-01-25,11.822,494704
tok02,2023-01-26,12.328,418942
tok02,2023-01-27,11.948,876997
tok02,2023-01-28,12.245,602087
tok02,2023-01-29,12.11,503547
tok02,2023-01-30,13.952,411440
tok02,2023-01-31,14.199,789185
tok02,2023-02-01,14.479,335143
tok02,2023-02-02,13.935,420107
tok02,2023-02-03,12.991,1125717
tok02,2023-02-04,13.154,318175
tok02,2023-02-05,12.625,719297
tok02,2023-02-06,11.767,345013
tok02,2023-02-07,11.812,777175
tok02,2023-02-08,11.94,896865
tok02,2023-02-09,11.132,583545
tok02,2023-02-10,10.89,1032050
tok02,2023-02-11,10.748,253426
tok02,2023-02-12,10.319,646766
tok02,2023-02-13,10.207,301323
tok02,2023-02-14,9.873,471622
tok02,2023-02-15,9.684,313933
tok02,2023-02-16,9.293,436804
tok02,2023-02-17,9.271,763326
tok02,2023-02-18,9.58,614710
tok02,2023-02-19,9.591,819968
tok02,2023-02-20,9.517,537561
tok02,2023-02-21,9.163,545904
tok02,2023-02-22,8.843,687322
tok02,2023-02-23,8.504,563084
tok02,2023-02-24,8.392,487820
tok02,2023-02-25,8.355,235092
tok02,2023-02-26,8.524,304110
tok02,2023-02-27,8.34,302376
tok02,2023-02-28,7.648,867136
tok02,2023-03-01,7.779,370256
tok02,2023-03-02,7.472,337182
tok02,2023-03-03,7.557,684712
tok02,2023-03-04,7.165,640483
tok02,2023-03-05,7.253,613247
tok02,2023-03-06,7.159,358659
tok02,2023-03-07,7.015,1046423
tok02,2023-03-08,6.922,614593
tok02,2023-03-09,6.691,312187
tok02,2023-03-10,6.967,752953
tok02,2023-03-11,7.399,495394
tok02,2023-03-12,6.771,740173
tok02,2023-03-13,7.537,410896
tok02,2023-03-14,8.007,361994
tok02,2023-03-15,8.026,566988
tok02,2023-03-16,8.081,589393
tok02,2023-03-17,7.87,315688
tok02,2023-03-18,8.59,244356
tok02,2023-03-19,8.457,732070
tok02,2023-03-20,8.898,802080
tok02,2023-03-21,8.58,216671
tok02,2023-03-22,9.139,328666
tok02,2023-03-23,8.811,393541
tok02,2023-03-24,9.247,476925
tok02,2023-03-25,9.472,380138
tok02,2023-03-26,10.012,864875
tok02,2023-03-27,9.944,1064560
tok02,2023-03-28,10.302,1029939
tok02,2023-03-29,11.946,860489
tok02,2023-03-30,12.437,506014
tok02,2023-03-31,12.184,351739
tok02,2023-04-01,12.351,204485
tok02,2023-04-02,12.648,664282
tok02,2023-04-03,12.433,136136
tok02,2023-04-04,12.163,1018218
tok02,2023-04-05,11.536,460843
tok02,2023-04-06,12.258,300384
tok02,2023-04-07,11.567,253047
tok02,2023-04-08,12.102,712848
tok02,2023-04-09,12.009,205277
tok02,2023-04-10,11.634,195565
tok02,2023-04-11,10.957,417228
tok02,2023-04-12,10.919,810166
tok02,2023-04-13,10.838,350727
tok02,2023-04-14,11.805,218958
tok02,2023-04-15,11.999,357757
tok02,2023-04-16,11.258,433233
tok02,2023-04-17,11.296,260125
tok02,2023-04-18,11.059,474428
tok02,2023-04-19,10.302,1028897
tok02,2023-04-20,10.556,554647
tok02,2023-04-21,10.865,282880
tok02,2023-04-22,10.164,394212
tok02,2023-04-23,10.313,321211
tok02,2023-04-24,10.164,518129
tok02,2023-04-25,10.224,354123
tok02,2023-04-26,10.614,981321
tok02,2023-04-27,10.651,281644
tok02,2023-04-28,11.096,681956
tok02,2023-04-29,11.975,647636
tok02,2023-04-30,12.272,364401
tok02,2023-05-01,13.188,604554
tok02,2023-05-02,13.842,541438
tok02,2023-05-03,13.925,582686
tok02,2023-05-04,13.673,311752
tok02,2023-05-05,12.669,839973
tok02,2023-05-06,13.082,743997
tok02,2023-05-07,13.39,973719
tok02,2023-05-08,13.918,371735
tok02,2023-05-09,12.912,310356
tok02,2023-05-10,13.562,397015
tok02,2023-05-11,13.434,498060
tok02,2023-05-12,13.58,409450
tok02,2023-05-13,13.972,548757
tok02,2023-05-14,13.566,343119
tok02,2023-05-15,12.48,547181
tok02,2023-05-16,12.051,590124
tok02,2023-05-17,12.097,650791
tok02,2023-05-18,12.462,375395
tok02,2023-05-19,12.958,320233
tok02,2023-05-20,13.51,535739
tok02,2023-05-21,12.388,331053
tok02,2023-05-22,11.994,371341
tok02,2023-05-23,11.589,364815
tok02,2023-05-24,11.012,477176
tok02,2023-05-25,9.926,750933
tok02,2023-05-26,10.275,207406
tok02,2023-05-27,9.713,218408
tok02,2023-05-28,9.712,582885
tok02,2023-05-29,10.186,235559
tok02,2023-05-30,9.651,631950
tok02,2023-05-31,9.506,280180
tok02,2023-06-01,9.22,277865
tok02,2023-06-02,9.334,584923
tok02,2023-06-03,9.566,446347
tok02,2023-06-04,10.08,265652
tok02,2023-06-05,9.756,469344
tok02,2023-06-06,9.972,329688
tok02,2023-06-07,9.832,240076
tok02,2023-06-08,10.279,599102
tok02,2023-06-09,10.526,452953
tok02,2023-06-10,10.709,667681
tok02,2023-06-11,10.584,780586
tok02,2023-06-12,10.568,396781
tok02,2023-06-13,10.281,301787
tok02,2023-06-14,10.697,732755
tok02,2023-06-15,10.501,153977
tok02,2023-06-16,9.845,622066
tok02,2023-06-17,9.626,286763
tok02,2023-06-18,9.002,547597
tok02,2023-06-19,8.736,490890
tok02,2023-06-20,8.528,197537
tok02,2023-06-21,8.562,900575
tok02,2023-06-22,8.831,254935
tok02,2023-06-23,8.49,530336
tok02,2023-06-24,8.613,1233068
tok02,2023-06-25,8.998,718676
tok02,2023-06-26,9.384,849889
tok02,2023-06-27,9.847,270746
tok02,2023-06-28,10.113,344000
tok02,2023-06-29,10.421,944360
tok02,2023-06-30,10.413,303179
tok02,2023-07-01,10.907,760657
tok02,2023-07-02,11.473,262317
tok02,2023-07-03,11.623,218638
tok02,2023-07-04,11.269,304625
tok02,2023-07-05,11.092,200458
tok02,2023-07-06,11.71,760325
tok02,2023-07-07,12.502,290339
tok02,2023-07-08,12.048,311827
tok02,2023-07-09,12.368,141882
tok02,2023-07-10,12.27,251255
tok02,2023-07-11,12.369,289057
tok02,2023-07-12,13.047,617695
tok02,2023-07-13,13.834,430045
tok02,2023-07-14,13.513,316084
tok02,2023-07-15,13.61,530286
tok02,2023-07-16,13.707,289407
tok02,2023-07-17,13.509,495534
tok02,2023-07-18,13.538,967132
tok02,2023-07-19,14.024,459065
tok02,2023-07-20,13.493,357681
tok02,2023-07-21,14.563,239430
tok02,2023-07-22,14.188,593464
tok02,2023-07-23,14.036,502401
tok02,2023-07-24,13.405,609788
tok02,2023-07-25,13.849,675283
tok02,2023-07-26,14.409,747958
tok02,2023-07-27,14.245,311688
tok02,2023-07-28,13.961,436598
tok02,2023-07-29,14.183,359519
tok02,2023-07-30,14.387,292895
tok02,2023-07-31,14.366,280710
tok02,2023-08-01,15.072,249857
tok02,2023-08-02,14.718,380549
tok02,2023-08-03,13.381,322303
tok02,2023-08-04,13.462,562764
tok02,2023-08-05,13.533,999234
tok02,2023-08-06,13.597,170593
tok02,2023-08-07,13.579,602867
tok02,2023-08-08,13.332,356494
tok02,2023-08-09,12.258,889577
tok02,2023-08-10,11.724,1310283
tok02,2023-08-11,11.498,249506
tok02,2023-08-12,10.967,463053
tok02,2023-08-13,10.997,1455369
tok02,2023-08-14,10.852,193564
tok02,2023-08-15,10.756,290219
tok02,2023-08-16,10.306,808573
tok02,2023-08-17,9.786,471013
tok02,2023-08-18,9.7,291337
tok02,2023-08-19,9.924,910030
tok02,2023-08-20,9.843,227131
tok02,2023-08-21,9.266,208440
tok02,2023-08-22,8.836,881783
tok02,2023-08-23,8.576,407415
tok02,2023-08-24,8.601,313074
tok02,2023-08-25,8.792,221183
tok02,2023-08-26,8.468,411945
tok02,2023-08-27,8.71,271985
tok02,2023-08-28,8.735,733970
tok02,2023-08-29,8.572,228146
tok02,2023-08-30,8.397,316251
tok02,2023-08-31,7.926,267030
tok02,2023-09-01,7.394,134188
tok02,2023-09-02,7.32,371294
tok02,2023-09-03,7.244,669281
tok02,2023-09-04,7.133,1351821
tok02,2023-09-05,7.339,386487
tok02,2023-09-06,7.197,500546
tok02,2023-09-07,7.28,184464
tok02,2023-09-08,7.106,362066
tok02,2023-09-09,7.529,831900
tok02,2023-09-10,7.18,764925
tok02,2023-09-11,7.338,309891
tok02,2023-09-12,6.989,301936
tok02,2023-09-13,6.942,603856
tok02,2023-09-14,6.976,447963
tok02,2023-09-15,7.405,600319
tok02,2023-09-16,7.853,594510
tok02,2023-09-17,7.581,483144
tok02,2023-09-18,7.321,763148
tok02,2023-09-19,7.574,493273
tok02,2023-09-20,7.395,242720
tok02,2023-09-21,8.298,353419
tok02,2023-09-22,8.216,437218
tok02,2023-09-23,8.584,1010182
tok02,2023-09-24,8.888,211275
tok02,2023-09-25,8.242,1022056
tok02,2023-09-26,8.458,418702
tok02,2023-09-27,8.874,508125
tok02,2023-09-28,8.741,379858
tok02,2023-09-29,8.44,1162196
tok02,2023-09-30,8.358,727609
tok02,2023-10-01,8.476,779239
tok02,2023-10-02,8.175,230807
tok02,2023-10-03,8.276,374625
tok02,2023-10-04,9.378,666589
tok02,2023-10-05,9.223,305371
tok02,2023-10-06,9.09,150502
tok02,2023-10-07,9.635,180073
tok02,2023-10-08,9.331,534324
tok02,2023-10-09,9.198,333744
tok02,2023-10-10,9.6,411671
tok02,2023-10-11,9.957,524251
tok02,2023-10-12,10.277,320887
tok02,2023-10-13,10.5,316249
tok02,2023-10-14,11.269,286680
tok02,2023-10-15,11.465,438888
tok02,2023-10-16,11.447,111786
tok02,2023-10-17,10.996,335385
tok02,2023-10-18,10.968,695255
tok02,2023-10-19,10.06,394971
tok02,2023-10-20,10.735,356584
tok02,2023-10-21,10.754,341454
tok02,2023-10-22,10.512,459110
tok02,2023-10-23,9.91,378894
tok02,2023-10-24,10.479,458635
tok02,2023-10-25,10.716,762142
tok02,2023-10-26,10.756,161399
tok02,2023-10-27,10.768,872303
tok02,2023-10-28,10.829,201062
tok02,2023-10-29,10.891,126452
tok02,2023-10-30,11.486,176714
tok02,2023-10-31,11.017,429069
tok02,2023-11-01,11.097,189113
tok02,2023-11-02,9.977,332785
tok02,2023-11-03,9.466,219574
tok02,2023-11-04,9.394,793298
tok02,2023-11-05,9.76,1906120
tok02,2023-11-06,9.729,173125
tok02,2023-11-07,9.625,235823
tok02,2023-11-08,9.407,1718938
tok02,2023-11-09,9.477,256352
tok02,2023-11-10,9.511,543972
tok02,2023-11-11,9.138,233290
tok02,2023-11-12,8.827,218040
tok02,2023-11-13,8.538,374263
tok02,2023-11-14,8.244,562582
tok02,2023-11-15,8.909,444970
tok02,2023-11-16,8.912,336273
tok02,2023-11-17,8.628,476840
tok02,2023-11-18,9.396,531703
tok02,2023-11-19,8.883,325264
tok02,2023-11-20,9.418,2035539
tok02,2023-11-21,9.22,340436
tok02,2023-11-22,8.833,347997
tok02,2023-11-23,8.628,1114904
tok02,2023-11-24,7.615,401884
tok02,2023-11-25,7.777,725805
tok02,2023-11-26,7.956,477572
tok02,2023-11-27,7.521,251281
tok02,2023-11-28,7.046,419736
tok02,2023-11-29,7.371,577238
tok02,2023-11-30,7.529,202651
tok02,2023-12-01,7.446,535207
tok02,2023-12-02,7.504,351349
tok02,2023-12-03,7.749,336195
tok02,2023-12-04,7.588,457232
tok02,2023-12-05,7.515,440218
tok02,2023-12-06,7.918,708458
tok02,2023-12-07,7.565,104222
tok02,2023-12-08,7.054,471571
tok02,2023-12-09,7.148,278852
tok02,2023-12-10,7.303,567950
tok02,2023-12-11,8.187,206626
tok02,2023-12-12,8.062,234932
tok02,2023-12-13,7.901,704682
tok02,2023-12-14,7.922,285296
tok02,2023-12-15,7.788,372594
tok02,2023-12-16,8.43,399612
tok02,2023-12-17,8.239,799824
tok02,2023-12-18,8.114,838013
tok02,2023-12-19,7.962,891121
tok02,2023-12-20,8.164,256692
tok02,2023-12-21,8.128,432891
tok02,2023-12-22,7.907,1201681
tok02,2023-12-23,8.113,618800
tok02,2023-12-24,8.337,574642
tok02,2023-12-25,8.42,1822476
tok02,2023-12-26,8.853,382073
tok02,2023-12-27,8.625,186674
tok02,2023-12-28,8.47,269545
tok02,2023-12-29,8.462,385073
tok02,2023-12-30,8.533,452215
tok02,2023-12-31,8.899,231453
tok03,2021-01-01,103.63,573508
tok03,2021-01-02,96.848,734334
tok03,2021-01-03,95.55,533913
tok03,2021-01-04,97.642,929026
tok03,2021-01-05,99.098,424914
tok03,2021-01-06,100.387,436921
tok03,2021-01-07,98.974,566864
tok03,2021-01-08,100.455,539621
tok03,2021-01-09,101.22,904688
tok03,2021-01-10,103.532,357296
tok03,2021-01-11,107.895,850536
tok03,2021-01-12,103.883,412660
tok03,2021-01-13,106.193,586332
tok03,2021-01-14,100.98,764554
tok03,2021-01-15,102.005,573760
tok03,2021-01-16,108.718,856716
tok03,2021-01-17,104.298,288045
tok03,2021-01-18,103.413,432544
tok03,2021-01-19,102.329,565240
tok03,2021-01-20,101.775,579698
tok03,2021-01-21,102.988,175234
tok03,2021-01-22,104.914,649873
tok03,2021-01-23,105.178,523414
tok03,2021-01-24,104.423,182109
tok03,2021-01-25,108.711,557864
tok03,2021-01-26,107.173,1397999
tok03,2021-01-27,114.991,364617
tok03,2021-01-28,120.813,531956
tok03,2021-01-29,117.224,731265
tok03,2021-01-30,116.862,770591
tok03,2021-01-31,116.65,790575
tok03,2021-02-01,119.14,510318
tok03,2021-02-02,124.077,444008
tok03,2021-02-03,125.5,204910
tok03,2021-02-04,115.674,670909
tok03,2021-02-05,114.981,345031
tok03,2021-02-06,116.87,402697
tok03,2021-02-07,115.741,637317
tok03,2021-02-08,120.052,695655
tok03,2021-02-09,120.102,264998
tok03,2021-02-10,134.738,545999
tok03,2021-02-11,137.236,356329
tok03,2021-02-12,140.544,651382
tok03,2021-02-13,129.276,465417
tok03,2021-02-14,129.977,185044
tok03,2021-02-15,119.953,153043
tok03,2021-02-16,129.948,452158
tok03,2021-02-17,127.563,462480
tok03,2021-02-18,129.181,390745
tok03,2021-02-19,131.406,287612
tok03,2021-02-20,134.449,753867
tok03,2021-02-21,137.324,402816
tok03,2021-02-22,138.463,704435
tok03,2021-02-23,141.538,408801
tok03,2021-02-24,141.131,231891
tok03,2021-02-25,143.292,236399
tok03,2021-02-26,141.525,473573
tok03,2021-02-27,141.655,486525
tok03,2021-02-28,131.573,522299
tok03,2021-03-01,136.823,383812
tok03,2021-03-02,136.079,377531
tok03,2021-03-03,135.71,557113
tok03,2021-03-04,135.491,740534
tok03,2021-03-05,146.0,599168
tok03,2021-03-06,145.141,1069393
tok03,2021-03-07,147.927,360847
tok03,2021-03-08,149.623,966740
tok03,2021-03-09,147.002,370963
tok03,2021-03-10,157.192,389928
tok03,2021-03-11,161.97,234001
tok03,2021-03-12,170.474,620932
tok03,2021-03-13,168.5,292024
tok03,2021-03-14,174.965,495242
tok03,2021-03-15,182.366,885167
tok03,2021-03-16,178.113,993552
tok03,2021-03-17,175.445,579582
tok03,2021-03-18,166.59,490874
tok03,2021-03-19,167.614,396090
tok03,2021-03-20,165.776,725961
tok03,2021-03-21,164.586,210674
tok03,2021-03-22,156.759,777500
tok03,2021-03-23,156.275,303507
tok03,2021-03-24,166.746,266686
tok03,2021-03-25,169.785,218996
tok03,2021-03-26,161.336,138468
tok03,2021-03-27,176.43,256958
tok03,2021-03-28,193.848,402417
tok03,2021-03-29,204.707,264593
tok03,2021-03-30,215.635,696230
tok03,2021-03-31,233.665,211051
tok03,2021-04-01,233.029,1175210
tok03,2021-04-02,230.081,170581
tok03,2021-04-03,234.963,333743
tok03,2021-04-04,236.101,428819
tok03,2021-04-05,236.243,852937
tok03,2021-04-06,241.978,476639
tok03,2021-04-07,242.063,322743
tok03,2021-04-08,241.321,737766
tok03,2021-04-09,260.427,840432
tok03,2021-04-10,259.287,506103
tok03,2021-04-11,256.488,276136
tok03,2021-04-12,232.481,375330
tok03,2021-04-13,229.603,585145
tok03,2021-04-14,224.953,1357713
tok03,2021-04-15,238.668,725407
tok03,2021-04-16,254.428,957927
tok03,2021-04-17,257.614,1243764
tok03,2021-04-18,267.217,338187
tok03,2021-04-19,275.038,479430
tok03,2021-04-20,288.518,904940
tok03,2021-04-21,300.157,695250
tok03,2021-04-22,315.879,291587
tok03,2021-04-23,303.616,435551
tok03,2021-04-24,307.009,257121
tok03,2021-04-25,298.478,488693
tok03,2021-04-26,320.598,348868
tok03,2021-04-27,345.418,972439
tok03,2021-04-28,338.426,252159
tok03,2021-04-29,309.371,840325
tok03,2021-04-30,315.047,480655
tok03,2021-05-01,327.62,2232195
tok03,2021-05-02,316.75,674280
tok03,2021-05-03,316.291,790039
tok03,2021-05-04,319.025,524889
tok03,2021-05-05,326.734,593772
tok03,2021-05-06,348.207,613690
tok03,2021-05-07,327.306,261233
tok03,2021-05-08,334.278,586854
tok03,2021-05-09,328.646,482158
tok03,2021-05-10,329.753,400329
tok03,2021-05-11,325.847,794064
tok03,2021-05-12,349.747,307935
tok03,2021-05-13,332.264,443507
tok03,2021-05-14,315.873,166628
tok03,2021-05-15,321.63,295083
tok03,2021-05-16,324.581,1019483
tok03,2021-05-17,325.811,471441
tok03,2021-05-18,321.982,216308
tok03,2021-05-19,319.779,703739
tok03,2021-05-20,302.685,536080
tok03,2021-05-21,304.028,502599
tok03,2021-05-22,292.917,134980
tok03,2021-05-23,303.857,685948
tok03,2021-05-24,304.484,352740
tok03,2021-05-25,301.945,182885
tok03,2021-05-26,299.173,346031
tok03,2021-05-27,292.694,817012
tok03,2021-05-28,285.802,368280
tok03,2021-05-29,287.621,408365
tok03,2021-05-30,297.482,334638
tok03,2021-05-31,295.018,487070
tok03,2021-06-01,270.567,586183
tok03,2021-06-02,283.852,479156
tok03,2021-06-03,270.553,589976
tok03,2021-06-04,275.784,422956
tok03,2021-06-05,250.142,268612
tok03,2021-06-06,241.188,330151
tok03,2021-06-07,235.831,730463
tok03,2021-06-08,235.809,313958
tok03,2021-06-09,237.415,378671
tok03,2021-06-10,252.982,364380
tok03,2021-06-11,249.545,699134
tok03,2021-06-12,248.893,262836
tok03,2021-06-13,259.097,281655
tok03,2021-06-14,271.465,508299
tok03,2021-06-15,282.807,789475
tok03,2021-06-16,281.405,309521
tok03,2021-06-17,274.32,275103
tok03,2021-06-18,282.014,261453
tok03,2021-06-19,281.51,389484
tok03,2021-06-20,269.247,239499
tok03,2021-06-21,284.355,424557
tok03,2021-06-22,276.398,135528
tok03,2021-06-23,274.916,488425
tok03,2021-06-24,270.281,482295
tok03,2021-06-25,267.087,448384
tok03,2021-06-26,266.11,1234422
tok03,2021-06-27,259.374,515169
tok03,2021-06-28,260.011,388146
tok03,2021-06-29,271.099,523843
tok03,2021-06-30,254.655,490586
tok03,2021-07-01,247.729,1227909
tok03,2021-07-02,259.633,424634
tok03,2021-07-03,254.382,668856
tok03,2021-07-04,252.709,310402
tok03,2021-07-05,249.779,325629
tok03,2021-07-06,234.914,262809
tok03,2021-07-07,239.781,187607
tok03,2021-07-08,241.745,367884
tok03,2021-07-09,247.628,458887
tok03,2021-07-10,263.242,343075
tok03,2021-07-11,264.45,308593
tok03,2021-07-12,274.268,422051
tok03,2021-07-13,290.521,236060
tok03,2021-07-14,280.03,679587
tok03,2021-07-15,272.64,631238
tok03,2021-07-16,262.335,176129
tok03,2021-07-17,258.193,353785
tok03,2021-07-18,250.786,530548
tok03,2021-07-19,238.813,702684
tok03,2021-07-20,250.013,545819
tok03,2021-07-21,252.739,325261
tok03,2021-07-22,248.117,917384
tok03,2021-07-23,250.675,493854
tok03,2021-07-24,236.747,493680
tok03,2021-07-25,218.502,417282
tok03,2021-07-26,216.103,548653
tok03,2021-07-27,214.729,530394
tok03,2021-07-28,212.43,533375
tok03,2021-07-29,205.284,344937
tok03,2021-07-30,212.332,455957
tok03,2021-07-31,204.888,1443708
tok03,2021-08-01,196.366,328044
tok03,2021-08-02,190.004,349458
tok03,2021-08-03,189.24,210807
tok03,2021-08-04,181.081,918106
tok03,2021-08-05,175.026,439397
tok03,2021-08-06,168.092,357845
tok03,2021-08-07,160.54,130439
tok03,2021-08-08,161.297,216500
tok03,2021-08-09,154.38,246651
tok03,2021-08-10,147.521,427776
tok03,2021-08-11,142.674,550979
tok03,2021-08-12,134.948,316320
tok03,2021-08-13,130.683,600554
tok03,2021-08-14,139.029,384875
tok03,2021-08-15,145.904,196722
tok03,2021-08-16,136.704,288912
tok03,2021-08-17,142.704,649193
tok03,2021-08-18,145.652,686982
tok03,2021-08-19,140.494,1102759
tok03,2021-08-20,140.26,778649
tok03,2021-08-21,139.397,194995
tok03,2021-08-22,128.961,314870
tok03,2021-08-23,126.357,332309
tok03,2021-08-24,122.99,450056
tok03,2021-08-25,136.406,213968
tok03,2021-08-26,129.155,446631
tok03,2021-08-27,133.398,656597
tok03,2021-08-28,131.549,1079006
tok03,2021-08-29,123.954,252430
tok03,2021-08-30,109.463,459822
tok03,2021-08-31,108.141,189287
tok03,2021-09-01,108.181,477176
tok03,2021-09-02,108.666,268825
tok03,2021-09-03,110.162,211182
tok03,2021-09-04,109.502,317025
tok03,2021-09-05,110.595,637557
tok03,2021-09-06,108.177,237175
tok03,2021-09-07,102.292,336238
tok03,2021-09-08,97.805,285368
tok03,2021-09-09,96.956,364497
tok03,2021-09-10,95.222,353487
tok03,2021-09-11,91.632,361304
tok03,2021-09-12,94.021,418399
tok03,2021-09-13,92.072,611110
tok03,2021-09-14,96.052,515821
tok03,2021-09-15,92.089,355160
tok03,2021-09-16,95.576,365070
tok03,2021-09-17,96.261,484277
tok03,2021-09-18,97.225,805991
tok03,2021-09-19,100.263,1032294
tok03,2021-09-20,106.34,604722
tok03,2021-09-21,111.777,360785
tok03,2021-09-22,109.906,487980
tok03,2021-09-23,106.078,390634
tok03,2021-09-24,99.15,210618
tok03,2021-09-25,101.183,359170
tok03,2021-09-26,97.066,425097
tok03,2021-09-27,100.454,647818
tok03,2021-09-28,103.297,457371
tok03,2021-09-29,103.479,339876
tok03,2021-09-30,102.375,330293
tok03,2021-10-01,109.706,899461
tok03,2021-10-02,103.025,293549
tok03,2021-10-03,100.19,546699
tok03,2021-10-04,98.718,341830
tok03,2021-10-05,99.043,321584
tok03,2021-10-06,86.212,633137
tok03,2021-10-07,85.348,160628
tok03,2021-10-08,82.683,331417
tok03,2021-10-09,80.56,222185
tok03,2021-10-10,79.008,316331
tok03,2021-10-11,78.194,451161
tok03,2021-10-12,79.744,414544
tok03,2021-10-13,79.071,376946
tok03,2021-10-14,77.11,620186
tok03,2021-10-15,80.211,360067
tok03,2021-10-16,81.679,698366
tok03,2021-10-17,78.639,490206
tok03,2021-10-18,76.353,669749
tok03,2021-10-19,74.179,1007370
tok03,2021-10-20,68.773,393423
tok03,2021-10-21,69.025,994849
tok03,2021-10-22,66.584,242770
tok03,2021-10-23,64.65,410833
tok03,2021-10-24,63.581,522138
tok03,2021-10-25,64.953,521605
tok03,2021-10-26,61.854,602696
tok03,2021-10-27,63.782,559014
tok03,2021-10-28,59.49,274221
tok03,2021-10-29,60.71,278109
tok03,2021-10-30,58.732,377457
tok03,2021-10-31,57.16,539855
tok03,2021-11-01,56.075,382980
tok03,2021-11-02,58.444,300771
tok03,2021-11-03,57.789,232931
tok03,2021-11-04,56.741,630992
tok03,2021-11-05,60.667,712495
tok03,2021-11-06,61.056,269571
tok03,2021-11-07,64.657,645556
tok03,2021-11-08,63.143,193503
tok03,2021-11-09,64.689,198398
tok03,2021-11-10,65.749,1396997
tok03,2021-11-11,62.377,175264
tok03,2021-11-12,59.269,543242
tok03,2021-11-13,57.449,651193
tok03,2021-11-14,56.298,310490
tok03,2021-11-15,58.04,1287562
tok03,2021-11-16,53.536,862765
tok03,2021-11-17,54.717,357352
tok03,2021-11-18,54.238,325318
tok03,2021-11-19,51.586,382438
tok03,2021-11-20,53.472,335159
tok03,2021-11-21,54.015,424435
tok03,2021-11-22,53.628,619399
tok03,2021-11-23,54.662,437180
tok03,2021-11-24,56.108,332256
tok03,2021-11-25,55.136,424998
tok03,2021-11-26,53.809,424341
tok03,2021-11-27,55.088,317088
tok03,2021-11-28,60.369,654058
tok03,2021-11-29,58.072,530864
tok03,2021-11-30,56.65,1311859
tok03,2021-12-01,56.306,420809
tok03,2021-12-02,57.908,533246
tok03,2021-12-03,55.426,670898
tok03,2021-12-04,55.209,317883
tok03,2021-12-05,53.202,808150
tok03,2021-12-06,53.601,501244
tok03,2021-12-07,54.833,416628
tok03,2021-12-08,59.834,664115
tok03,2021-12-09,61.958,505581
tok03,2021-12-10,57.936,748873
tok03,2021-12-11,53.333,1224956
tok03,2021-12-12,50.493,637250
tok03,2021-12-13,49.302,900614
tok03,2021-12-14,51.688,108637
tok03,2021-12-15,51.889,583982
tok03,2021-12-16,52.312,139890
tok03,2021-12-17,55.293,773558
tok03,2021-12-18,53.591,536761
tok03,2021-12-19,50.827,297014
tok03,2021-12-20,52.529,494214
tok03,2021-12-21,51.319,324863
tok03,2021-12-22,52.049,392647
tok03,2021-12-23,48.56,387951
tok03,2021-12-24,53.731,629945
tok03,2021-12-25,55.346,789213
tok03,2021-12-26,53.805,167643
tok03,2021-12-27,58.029,275365
tok03,2021-12-28,56.108,854915
tok03,2021-12-29,54.134,673701
tok03,2021-12-30,51.256,724864
tok03,2021-12-31,48.013,425239
tok03,2022-01-01,46.061,627982
tok03,2022-01-02,46.58,155661
tok03,2022-01-03,44.171,431603
tok03,2022-01-04,46.418,439976
tok03,2022-01-05,49.231,411620
tok03,2022-01-06,47.95,275738
tok03,2022-01-07,47.093,373391
tok03,2022-01-08,45.197,689667
tok03,2022-01-09,43.641,509026
tok03,2022-01-10,44.568,308719
tok03,2022-01-11,43.906,360280
tok03,2022-01-12,45.728,392028
tok03,2022-01-13,45.242,380848
tok03,2022-01-14,46.747,291386
tok03,2022-01-15,46.053,2236600
tok03,2022-01-16,48.137,386279
tok03,2022-01-17,45.603,545622
tok03,2022-01-18,44.737,272352
tok03,2022-01-19,41.238,170984
tok03,2022-01-20,42.583,281210
tok03,2022-01-21,42.679,643160
tok03,2022-01-22,44.016,871908
tok03,2022-01-23,51.859,787268
tok03,2022-01-24,56.347,532915
tok03,2022-01-25,57.587,808282
tok03,2022-01-26,53.879,423997
tok03,2022-01-27,54.296,312982
tok03,2022-01-28,54.221,453475
tok03,2022-01-29,55.87,542856
tok03,2022-01-30,54.364,570125
tok03,2022-01-31,55.689,264991
tok03,2022-02-01,58.282,1307348
tok03,2022-02-02,57.881,182017
tok03,2022-02-03,60.632,218436
tok03,2022-02-04,63.176,168977
tok03,2022-02-05,63.467,696962
tok03,2022-02-06,64.101,489375
tok03,2022-02-07,59.966,434965
tok03,2022-02-08,57.749,214475
tok03,2022-02-09,58.037,732293
tok03,2022-02-10,59.652,452056
tok03,2022-02-11,58.816,345092
tok03,2022-02-12,60.835,375673
tok03,2022-02-13,59.721,431883
tok03,2022-02-14,55.901,464980
tok03,2022-02-15,55.411,330835
tok03,2022-02-16,55.15,667130
tok03,2022-02-17,53.047,521013
tok03,2022-02-18,52.405,551731
tok03,2022-02-19,52.937,148931
tok03,2022-02-20,51.43,285244
tok03,2022-02-21,50.55,194474
tok03,2022-02-22,50.405,586617
tok03,2022-02-23,49.574,540225
tok03,2022-02-24,46.925,320899
tok03,2022-02-25,47.321,473286
tok03,2022-02-26,48.638,287764
tok03,2022-02-27,50.174,309579
tok03,2022-02-28,50.889,1484784
tok03,2022-03-01,48.244,540886
tok03,2022-03-02,47.758,425751
tok03,2022-03-03,47.234,529945
tok03,2022-03-04,44.608,921649
tok03,2022-03-05,42.841,800054
tok03,2022-03-06,43.504,858307
tok03,2022-03-07,44.493,446516
tok03,2022-03-08,45.184,665321
tok03,2022-03-09,43.906,534370
tok03,2022-03-10,46.233,652344
tok03,2022-03-11,43.76,396474
tok03,2022-03-12,45.504,689098
tok03,2022-03-13,44.945,563096
tok03,2022-03-14,47.432,331121
tok03,2022-03-15,44.329,312066
tok03,2022-03-16,42.702,456838
tok03,2022-03-17,40.643,1187703
tok03,2022-03-18,40.371,325114
tok03,2022-03-19,40.267,728758
tok03,2022-03-20,41.803,910995
tok03,2022-03-21,43.046,394658
tok03,2022-03-22,42.261,624484
tok03,2022-03-23,38.287,445028
tok03,2022-03-24,36.425,507340
tok03,2022-03-25,36.758,282948
tok03,2022-03-26,36.302,531087
tok03,2022-03-27,34.512,810180
tok03,2022-03-28,34.934,1021397
tok03,2022-03-29,33.908,1103664
tok03,2022-03-30,35.081,240163
tok03,2022-03-31,35.587,355221
tok03,2022-04-01,33.632,445383
tok03,2022-04-02,33.394,451601
tok03,2022-04-03,32.593,217917
tok03,2022-04-04,32.709,779821
tok03,2022-04-05,31.233,245192
tok03,2022-04-06,30.493,398027
tok03,2022-04-07,28.745,145525
tok03,2022-04-08,27.641,225829
tok03,2022-04-09,24.723,208566
tok03,2022-04-10,25.066,515811
tok03,2022-04-11,25.048,620467
tok03,2022-04-12,24.791,252193
tok03,2022-04-13,24.606,799312
tok03,2022-04-14,24.482,314714
tok03,2022-04-15,25.062,339297
tok03,2022-04-16,25.583,996655
tok03,2022-04-17,25.222,542604
tok03,2022-04-18,25.137,434200
tok03,2022-04-19,26.02,249573
tok03,2022-04-20,26.671,211696
tok03,2022-04-21,25.787,229697
tok03,2022-04-22,26.113,494542
tok03,2022-04-23,27.041,352286
tok03,2022-04-24,29.112,306949
tok03,2022-04-25,28.104,612333
tok03,2022-04-26,28.069,159477
tok03,2022-04-27,25.778,151846
tok03,2022-04-28,25.529,394041
tok03,2022-04-29,26.33,396184
tok03,2022-04-30,26.638,367764
tok03,2022-05-01,26.28,233414
tok03,2022-05-02,26.044,211991
tok03,2022-05-03,25.59,580572
tok03,2022-05-04,24.896,329557
tok03,2022-05-05,24.093,190692
tok03,2022-05-06,23.12,673765
tok03,2022-05-07,22.582,241573
tok03,2022-05-08,20.251,305542
tok03,2022-05-09,18.794,1064228
tok03,2022-05-10,19.809,617266
tok03,2022-05-11,19.05,258714
tok03,2022-05-12,19.232,389753
tok03,2022-05-13,20.181,328173
tok03,2022-05-14,19.125,379172
tok03,2022-05-15,19.377,179824
tok03,2022-05-16,18.747,1474258
tok03,2022-05-17,19.649,448481
tok03,2022-05-18,19.543,543722
tok03,2022-05-19,17.918,437387
tok03,2022-05-20,17.288,434912
tok03,2022-05-21,17.075,655136
tok03,2022-05-22,16.194,359898
tok03,2022-05-23,14.885,380796
tok03,2022-05-24,14.734,337964
tok03,2022-05-25,14.12,1689704
tok03,2022-05-26,13.811,478507
tok03,2022-05-27,13.982,346504
tok03,2022-05-28,14.744,276057
tok03,2022-05-29,14.049,501907
tok03,2022-05-30,14.695,158245
tok03,2022-05-31,14.867,774699
tok03,2022-06-01,15.527,358463
tok03,2022-06-02,16.53,199655
tok03,2022-06-03,16.385,831364
tok03,2022-06-04,16.693,425270
tok03,2022-06-05,15.611,337862
tok03,2022-06-06,15.388,220675
tok03,2022-06-07,15.637,328853
tok03,2022-06-08,14.718,196048
tok03,2022-06-09,14.608,465042
tok03,2022-06-10,13.425,197574
tok03,2022-06-11,12.908,877841
tok03,2022-06-12,12.48,347655
tok03,2022-06-13,12.901,493414
tok03,2022-06-14,13.425,1135757
tok03,2022-06-15,13.458,326876
tok03,2022-06-16,14.741,118837
tok03,2022-06-17,15.696,783495
tok03,2022-06-18,16.137,448105
tok03,2022-06-19,16.844,384822
tok03,2022-06-20,16.884,426136
tok03,2022-06-21,17.016,269937
tok03,2022-06-22,18.81,281177
tok03,2022-06-23,18.452,331614
tok03,2022-06-24,18.647,567431
tok03,2022-06-25,19.464,774940
tok03,2022-06-26,20.767,456051
tok03,2022-06-27,21.698,236859
tok03,2022-06-28,20.958,266202
tok03,2022-06-29,20.905,569415
tok03,2022-06-30,20.75,574558
tok03,2022-07-01,21.447,399417
tok03,2022-07-02,21.191,418277
tok03,2022-07-03,20.672,909066
tok03,2022-07-04,20.189,299162
tok03,2022-07-05,18.644,654335
tok03,2022-07-06,19.043,748912
tok03,2022-07-07,19.206,700013
tok03,2022-07-08,20.216,836937
tok03,2022-07-09,20.108,320635
tok03,2022-07-10,22.817,413986
tok03,2022-07-11,23.39,680120
tok03,2022-07-12,23.547,418329
tok03,2022-07-13,21.585,198067
tok03,2022-07-14,22.098,356512
tok03,2022-07-15,22.044,776031
tok03,2022-07-16,22.941,520238
tok03,2022-07-17,20.879,459547
tok03,2022-07-18,20.926,601452
tok03,2022-07-19,19.647,269362
tok03,2022-07-20,19.816,643742
tok03,2022-07-21,20.617,394212
tok03,2022-07-22,20.902,327578
tok03,2022-07-23,20.475,335465
tok03,2022-07-24,20.993,381277
tok03,2022-07-25,20.494,773786
tok03,2022-07-26,21.905,560275
tok03,2022-07-27,21.795,767760
tok03,2022-07-28,19.922,396599
tok03,2022-07-29,20.594,474335
tok03,2022-07-30,20.033,852010
tok03,2022-07-31,20.306,1068214
tok03,2022-08-01,20.611,772716
tok03,2022-08-02,20.558,887307
tok03,2022-08-03,19.912,677957
tok03,2022-08-04,19.045,828390
tok03,2022-08-05,20.129,240819
tok03,2022-08-06,19.823,579142
tok03,2022-08-07,19.381,570199
tok03,2022-08-08,20.257,348377
tok03,2022-08-09,19.518,189043
tok03,2022-08-10,20.608,288768
tok03,2022-08-11,19.637,304217
tok03,2022-08-12,21.072,504753
tok03,2022-08-13,21.414,546178
tok03,2022-08-14,19.602,473333
tok03,2022-08-15,18.758,315877
tok03,2022-08-16,18.982,380745
tok03,2022-08-17,20.544,436115
tok03,2022-08-18,20.252,374294
tok03,2022-08-19,19.439,551196
tok03,2022-08-20,20.214,765586
tok03,2022-08-21,20.583,267521
tok03,2022-08-22,20.484,442376
tok03,2022-08-23,18.722,1564673
tok03,2022-08-24,19.647,250446
tok03,2022-08-25,19.892,471924
tok03,2022-08-26,19.247,448578
tok03,2022-08-27,19.16,556751
tok03,2022-08-28,20.025,714947
tok03,2022-08-29,19.96,403907
tok03,2022-08-30,19.57,169442
tok03,2022-08-31,19.222,420477
tok03,2022-09-01,19.482,369072
tok03,2022-09-02,19.474,1227796
tok03,2022-09-03,20.028,594381
tok03,2022-09-04,19.175,661754
tok03,2022-09-05,18.88,703175
tok03,2022-09-06,19.225,224912
tok03,2022-09-07,20.266,647890
tok03,2022-09-08,18.537,596153
tok03,2022-09-09,18.041,254031
tok03,2022-09-10,17.736,618046
tok03,2022-09-11,17.692,741530
tok03,2022-09-12,17.125,485256
tok03,2022-09-13,16.573,192387
tok03,2022-09-14,15.839,259192
tok03,2022-09-15,17.142,306907
tok03,2022-09-16,16.397,381854
tok03,2022-09-17,16.258,424929
tok03,2022-09-18,16.896,912039
tok03,2022-09-19,16.842,1163824
tok03,2022-09-20,18.148,636417
tok03,2022-09-21,18.1,496059
tok03,2022-09-22,18.472,869109
tok03,2022-09-23,19.099,622569
tok03,2022-09-24,19.626,345243
tok03,2022-09-25,19.917,694764
tok03,2022-09-26,21.191,791204
tok03,2022-09-27,20.872,425581
tok03,2022-09-28,21.011,432547
tok03,2022-09-29,19.873,444494
tok03,2022-09-30,19.882,550994
tok03,2022-10-01,19.314,699687
tok03,2022-10-02,21.151,806089
tok03,2022-10-03,22.572,196993
tok03,2022-10-04,21.42,895440
tok03,2022-10-05,21.143,294569
tok03,2022-10-06,21.48,312207
tok03,2022-10-07,22.597,647860
tok03,2022-10-08,23.649,668803
tok03,2022-10-09,23.623,535236
tok03,2022-10-10,22.646,1473160
tok03,2022-10-11,22.434,366333
tok03,2022-10-12,22.727,489660
tok03,2022-10-13,23.181,453438
tok03,2022-10-14,22.973,544851
tok03,2022-10-15,23.473,670738
tok03,2022-10-16,22.563,426320
tok03,2022-10-17,23.818,458477
tok03,2022-10-18,21.504,751318
tok03,2022-10-19,22.441,253553
tok03,2022-10-20,22.487,581704
tok03,2022-10-21,22.195,1045542
tok03,2022-10-22,22.981,898189
tok03,2022-10-23,22.558,209529
tok03,2022-10-24,21.275,229739
tok03,2022-10-25,20.908,511065
tok03,2022-10-26,19.572,585913
tok03,2022-10-27,19.69,430783
tok03,2022-10-28,19.767,213193
tok03,2022-10-29,19.36,509972
tok03,2022-10-30,19.062,929975
tok03,2022-10-31,19.499,326063
tok03,2022-11-01,18.357,1192572
tok03,2022-11-02,18.326,343540
tok03,2022-11-03,17.866,604675
tok03,2022-11-04,17.228,264190
tok03,2022-11-05,16.472,362353
tok03,2022-11-06,16.236,1381518
tok03,2022-11-07,16.509,286788
tok03,2022-11-08,16.667,841138
tok03,2022-11-09,16.383,346193
tok03,2022-11-10,16.617,489616
tok03,2022-11-11,16.675,746841
tok03,2022-11-12,16.285,333160
tok03,2022-11-13,15.827,874578
tok03,2022-11-14,14.867,1071623
tok03,2022-11-15,13.69,573982
tok03,2022-11-16,13.489,1802891
tok03,2022-11-17,13.957,619067
tok03,2022-11-18,14.663,575025
tok03,2022-11-19,13.852,594360
tok03,2022-11-20,14.737,900713
tok03,2022-11-21,15.55,431723
tok03,2022-11-22,16.759,1027727
tok03,2022-11-23,15.915,310107
tok03,2022-11-24,15.929,297059
tok03,2022-11-25,16.427,552696
tok03,2022-11-26,15.513,928315
tok03,2022-11-27,15.06,383917
tok03,2022-11-28,15.678,753186
tok03,2022-11-29,16.156,452631
tok03,2022-11-30,17.926,359736
tok03,2022-12-01,17.593,202240
tok03,2022-12-02,18.119,443147
tok03,2022-12-03,19.129,882599
tok03,2022-12-04,19.325,542096
tok03,2022-12-05,18.979,657493
tok03,2022-12-06,20.062,234276
tok03,2022-12-07,20.1,640265
tok03,2022-12-08,20.393,562637
tok03,2022-12-09,20.278,570687
tok03,2022-12-10,20.613,351604
tok03,2022-12-11,20.591,589378
tok03,2022-12-12,20.736,477014
tok03,2022-12-13,21.184,530966
tok03,2022-12-14,21.444,463888
tok03,2022-12-15,19.214,481875
tok03,2022-12-16,18.973,231655
tok03,2022-12-17,18.438,401173
tok03,2022-12-18,19.022,165207
tok03,2022-12-19,19.476,519031
tok03,2022-12-20,19.191,446898
tok03,2022-12-21,19.134,185119
tok03,2022-12-22,18.652,315696
tok03,2022-12-23,17.849,463954
tok03,2022-12-24,18.253,173753
tok03,2022-12-25,17.505,102049
tok03,2022-12-26,18.802,911741
tok03,2022-12-27,19.702,315672
tok03,2022-12-28,21.2,482768
tok03,2022-12-29,22.422,1088924
tok03,2022-12-30,22.4,465089
tok03,2022-12-31,22.999,614307
tok03,2023-01-01,21.741,305921
tok03,2023-01-02,21.714,475232
tok03,2023-01-03,21.327,129907
tok03,2023-01-04,20.244,276929
tok03,2023-01-05,20.602,471577
tok03,2023-01-06,20.272,407085
tok03,2023-01-07,20.819,488890
tok03,2023-01-08,20.541,809734
tok03,2023-01-09,21.906,870263
tok03,2023-01-10,22.159,679498
tok03,2023-01-11,23.359,512462
tok03,2023-01-12,23.253,621852
tok03,2023-01-13,24.188,1196558
tok03,2023-01-14,24.572,401115
tok03,2023-01-15,23.564,721564
tok03,2023-01-16,24.902,379339
tok03,2023-01-17,24.163,190410
tok03,2023-01-18,24.862,238314
tok03,2023-01-19,24.919,654217
tok03,2023-01-20,24.18,782844
tok03,2023-01-21,23.474,793597
tok03,2023-01-22,23.444,692900
tok03,2023-01-23,22.952,1689241
tok03,2023-01-24,23.219,149867
tok03,2023-01-25,23.339,521936
tok03,2023-01-26,22.35,468858
tok03,2023-01-27,23.078,384942
tok03,2023-01-28,23.219,471052
tok03,2023-01-29,23.591,294695
tok03,2023-01-30,23.884,613172
tok03,2023-01-31,25.878,304059
tok03,2023-02-01,26.064,155257
tok03,2023-02-02,24.979,325559
tok03,2023-02-03,25.613,389460
tok03,2023-02-04,26.432,507745
tok03,2023-02-05,23.33,617203
tok03,2023-02-06,23.124,326297
tok03,2023-02-07,23.664,264789
tok03,2023-02-08,23.429,360273
tok03,2023-02-09,24.048,526620
tok03,2023-02-10,24.024,362976
tok03,2023-02-11,25.098,491705
tok03,2023-02-12,24.466,332544
tok03,2023-02-13,25.535,531100
tok03,2023-02-14,26.618,514912
tok03,2023-02-15,25.907,463553
tok03,2023-02-16,26.13,656288
tok03,2023-02-17,25.424,482484
tok03,2023-02-18,23.708,483810
tok03,2023-02-19,23.12,357645
tok03,2023-02-20,22.961,329855
tok03,2023-02-21,21.526,461996
tok03,2023-02-22,21.017,193795
tok03,2023-02-23,21.422,358270
tok03,2023-02-24,22.549,853042
tok03,2023-02-25,22.711,662416
tok03,2023-02-26,21.646,294457
tok03,2023-02-27,21.946,657553
tok03,2023-02-28,21.277,372337
tok03,2023-03-01,20.344,339648
tok03,2023-03-02,20.815,205498
tok03,2023-03-03,21.532,429056
tok03,2023-03-04,22.384,328308
tok03,2023-03-05,23.074,201083
tok03,2023-03-06,22.409,94673
tok03,2023-03-07,23.354,409434
tok03,2023-03-08,24.489,530959
tok03,2023-03-09,25.973,885789
tok03,2023-03-10,25.194,245064
tok03,2023-03-11,25.918,394824
tok03,2023-03-12,26.145,186359
tok03,2023-03-13,26.413,362487
tok03,2023-03-14,25.494,278389
tok03,2023-03-15,25.208,501678
tok03,2023-03-16,25.435,349556
tok03,2023-03-17,26.184,470650
tok03,2023-03-18,26.47,454196
tok03,2023-03-19,25.655,418162
tok03,2023-03-20,25.753,464133
tok03,2023-03-21,26.299,950501
tok03,2023-03-22,26.685,229275
tok03,2023-03-23,25.668,565424
tok03,2023-03-24,25.449,437051
tok03,2023-03-25,23.415,409458
tok03,2023-03-26,23.941,413837
tok03,2023-03-27,23.679,658470
tok03,2023-03-28,22.235,504785
tok03,2023-03-29,20.943,347724
tok03,2023-03-30,21.058,918410
tok03,2023-03-31,21.427,365555
tok03,2023-04-01,21.661,442296
tok03,2023-04-02,22.423,145580
tok03,2023-04-03,21.687,502587
tok03,2023-04-04,20.977,215461
tok03,2023-04-05,20.068,508190
tok03,2023-04-06,20.646,512608
tok03,2023-04-07,20.677,237816
tok03,2023-04-08,20.038,701034
tok03,2023-04-09,20.666,1032960
tok03,2023-04-10,19.965,209838
tok03,2023-04-11,20.075,253371
tok03,2023-04-12,19.641,661938
tok03,2023-04-13,18.885,240147
tok03,2023-04-14,17.894,688892
tok03,2023-04-15,17.294,752823
tok03,2023-04-16,18.774,347116
tok03,2023-04-17,18.432,390756
tok03,2023-04-18,18.327,504734
tok03,2023-04-19,17.492,261043
tok03,2023-04-20,18.11,595517
tok03,2023-04-21,18.18,389305
tok03,2023-04-22,19.189,489301
tok03,2023-04-23,19.096,342179
tok03,2023-04-24,20.071,683594
tok03,2023-04-25,20.534,875916
tok03,2023-04-26,21.256,714775
tok03,2023-04-27,21.912,580773
tok03,2023-04-28,22.56,418692
tok03,2023-04-29,21.338,389769
tok03,2023-04-30,21.486,515276
tok03,2023-05-01,22.709,442880
tok03,2023-05-02,22.006,525375
tok03,2023-05-03,21.979,533593
tok03,2023-05-04,20.89,307261
tok03,2023-05-05,23.28,456682
tok03,2023-05-06,23.115,586066
tok03,2023-05-07,23.15,585717
tok03,2023-05-08,25.35,436811
tok03,2023-05-09,24.39,441568
tok03,2023-05-10,22.377,478203
tok03,2023-05-11,22.612,476173
tok03,2023-05-12,23.318,279019
tok03,2023-05-13,23.492,769002
tok03,2023-05-14,21.417,538511
tok03,2023-05-15,20.867,589684
tok03,2023-05-16,21.48,900814
tok03,2023-05-17,22.528,248600
tok03,2023-05-18,21.867,1655024
tok03,2023-05-19,20.483,1386043
tok03,2023-05-20,22.404,268562
tok03,2023-05-21,22.322,819222
tok03,2023-05-22,25.681,444718
tok03,2023-05-23,27.309,624703
tok03,2023-05-24,25.778,245957
tok03,2023-05-25,24.903,508586
tok03,2023-05-26,25.746,446795
tok03,2023-05-27,26.022,1324348
tok03,2023-05-28,25.796,601537
tok03,2023-05-29,24.882,593000
tok03,2023-05-30,24.701,340523
tok03,2023-05-31,25.439,569601
tok03,2023-06-01,24.597,481707
tok03,2023-06-02,26.038,282933
tok03,2023-06-03,26.241,680979
tok03,2023-06-04,27.657,448339
tok03,2023-06-05,27.959,165672
tok03,2023-06-06,29.168,604772
tok03,2023-06-07,29.707,406776
tok03,2023-06-08,30.261,320788
tok03,2023-06-09,30.274,505656
tok03,2023-06-10,30.035,307226
tok03,2023-06-11,28.83,321982
tok03,2023-06-12,27.754,574749
tok03,2023-06-13,28.005,293140
tok03,2023-06-14,28.985,890380
tok03,2023-06-15,30.435,467734
tok03,2023-06-16,31.197,918381
tok03,2023-06-17,31.07,189003
tok03,2023-06-18,29.452,254718
tok03,2023-06-19,28.193,222814
tok03,2023-06-20,29.019,539086
tok03,2023-06-21,29.957,400352
tok03,2023-06-22,30.656,681938
tok03,2023-06-23,32.713,218198
tok03,2023-06-24,33.631,745979
tok03,2023-06-25,31.781,414929
tok03,2023-06-26,31.503,523997
tok03,2023-06-27,32.359,453881
tok03,2023-06-28,34.11,609362
tok03,2023-06-29,34.838,323328
tok03,2023-06-30,33.352,465484
tok03,2023-07-01,34.138,315561
tok03,2023-07-02,33.811,186660
tok03,2023-07-03,33.981,182050
tok03,2023-07-04,34.359,700677
tok03,2023-07-05,31.748,172154
tok03,2023-07-06,34.682,305981
tok03,2023-07-07,30.928,612749
tok03,2023-07-08,31.071,358893
tok03,2023-07-09,30.104,127906
tok03,2023-07-10,28.662,1197938
tok03,2023-07-11,28.8,417770
tok03,2023-07-12,27.662,258522
tok03,2023-07-13,26.775,994091
tok03,2023-07-14,26.389,479546
tok03,2023-07-15,26.149,505887
tok03,2023-07-16,25.722,535811
tok03,2023-07-17,25.18,302298
tok03,2023-07-18,25.87,443606
tok03,2023-07-19,26.209,537786
tok03,2023-07-20,25.754,684808
tok03,2023-07-21,26.44,580528
tok03,2023-07-22,28.096,240051
tok03,2023-07-23,29.224,313333
tok03,2023-07-24,29.578,214589
tok03,2023-07-25,30.115,159531
tok03,2023-07-26,28.868,372850
tok03,2023-07-27,28.357,287705
tok03,2023-07-28,28.566,926494
tok03,2023-07-29,32.274,997166
tok03,2023-07-30,31.748,238161
tok03,2023-07-31,35.141,453218
tok03,2023-08-01,36.284,587439
tok03,2023-08-02,37.818,238975
tok03,2023-08-03,39.946,712965
tok03,2023-08-04,37.979,466770
tok03,2023-08-05,38.201,221456
tok03,2023-08-06,39.936,348452
tok03,2023-08-07,40.694,486584
tok03,2023-08-08,40.858,406968
tok03,2023-08-09,41.463,477224
tok03,2023-08-10,39.135,638760
tok03,2023-08-11,37.878,1219548
tok03,2023-08-12,37.736,526689
tok03,2023-08-13,37.483,480296
tok03,2023-08-14,32.317,510925
tok03,2023-08-15,32.211,853308
tok03,2023-08-16,32.157,475492
tok03,2023-08-17,30.387,170327
tok03,2023-08-18,30.553,909522
tok03,2023-08-19,30.3,276722
tok03,2023-08-20,30.84,330591
tok03,2023-08-21,29.295,489868
tok03,2023-08-22,28.247,674666
tok03,2023-08-23,28.479,751411
tok03,2023-08-24,27.31,933295
tok03,2023-08-25,28.56,334486
tok03,2023-08-26,30.927,233870
tok03,2023-08-27,32.563,352862
tok03,2023-08-28,32.562,323155
tok03,2023-08-29,32.949,229048
tok03,2023-08-30,34.056,397612
tok03,2023-08-31,33.547,380830
tok03,2023-09-01,35.169,255973
tok03,2023-09-02,35.319,399547
tok03,2023-09-03,34.366,1424550
tok03,2023-09-04,36.361,660504
tok03,2023-09-05,37.809,512745
tok03,2023-09-06,38.74,555491
tok03,2023-09-07,39.717,453067
tok03,2023-09-08,39.606,943084
tok03,2023-09-09,39.929,511889
tok03,2023-09-10,40.043,190179
tok03,2023-09-11,38.153,856258
tok03,2023-09-12,38.713,715525
tok03,2023-09-13,39.698,440711
tok03,2023-09-14,39.417,590612
tok03,2023-09-15,37.959,748100
tok03,2023-09-16,38.545,372130
tok03,2023-09-17,33.771,783459
tok03,2023-09-18,34.39,497935
tok03,2023-09-19,37.995,383012
tok03,2023-09-20,39.706,1475969
tok03,2023-09-21,37.946,445408
tok03,2023-09-22,39.001,132989
tok03,2023-09-23,39.819,330021
tok03,2023-09-24,40.729,383601
tok03,2023-09-25,41.056,445229
tok03,2023-09-26,40.936,507027
tok03,2023-09-27,41.001,264844
tok03,2023-09-28,39.915,803835
tok03,2023-09-29,40.428,427504
tok03,2023-09-30,40.525,409266
tok03,2023-10-01,43.14,400298
tok03,2023-10-02,44.366,783909
tok03,2023-10-03,45.624,728316
tok03,2023-10-04,46.129,255439
tok03,2023-10-05,45.457,364626
tok03,2023-10-06,44.163,759198
tok03,2023-10-07,44.241,414315
tok03,2023-10-08,41.96,560339
tok03,2023-10-09,40.339,436770
tok03,2023-10-10,43.688,556125
tok03,2023-10-11,44.855,949013
tok03,2023-10-12,43.865,1611471
tok03,2023-10-13,43.533,266685
tok03,2023-10-14,42.049,299066
tok03,2023-10-15,43.631,250641
tok03,2023-10-16,45.216,296468
tok03,2023-10-17,49.063,510016
tok03,2023-10-18,48.458,576634
tok03,2023-10-19,50.11,248656
tok03,2023-10-20,50.403,1001287
tok03,2023-10-21,48.866,827318
tok03,2023-10-22,49.885,1225004
tok03,2023-10-23,49.985,531374
tok03,2023-10-24,49.386,480015
tok03,2023-10-25,50.495,573564
tok03,2023-10-26,47.685,318130
tok03,2023-10-27,47.007,326479
tok03,2023-10-28,45.549,962127
tok03,2023-10-29,43.013,337080
tok03,2023-10-30,45.229,596278
tok03,2023-10-31,46.198,421663
tok03,2023-11-01,44.036,331046
tok03,2023-11-02,45.814,629166
tok03,2023-11-03,46.09,218202
tok03,2023-11-04,45.455,221640
tok03,2023-11-05,45.65,599066
tok03,2023-11-06,43.407,620296
tok03,2023-11-07,45.732,1090288
tok03,2023-11-08,45.234,376807
tok03,2023-11-09,45.692,638424
tok03,2023-11-10,46.496,474750
tok03,2023-11-11,48.885,696280
tok03,2023-11-12,47.841,148430
tok03,2023-11-13,51.187,468813
tok03,2023-11-14,51.08,764573
tok03,2023-11-15,50.817,406504
tok03,2023-11-16,51.317,229622
tok03,2023-11-17,50.457,260729
tok03,2023-11-18,51.525,414642
tok03,2023-11-19,50.169,717677
tok03,2023-11-20,50.713,641446
tok03,2023-11-21,51.53,647475
tok03,2023-11-22,54.002,400523
tok03,2023-11-23,54.043,683847
tok03,2023-11-24,56.109,169612
tok03,2023-11-25,55.836,708827
tok03,2023-11-26,57.708,854535
tok03,2023-11-27,55.897,217669
tok03,2023-11-28,50.026,726994
tok03,2023-11-29,50.863,509308
tok03,2023-11-30,49.628,193276
tok03,2023-12-01,47.729,414898
tok03,2023-12-02,42.672,731793
tok03,2023-12-03,44.501,339482
tok03,2023-12-04,44.055,782911
tok03,2023-12-05,46.53,439823
tok03,2023-12-06,45.116,808918
tok03,2023-12-07,43.374,462413
tok03,2023-12-08,43.62,462687
tok03,2023-12-09,43.047,244686
tok03,2023-12-10,44.947,194902
tok03,2023-12-11,43.167,775819
tok03,2023-12-12,43.961,575383
tok03,2023-12-13,42.4,214330
tok03,2023-12-14,41.637,524109
tok03,2023-12-15,43.315,198214
tok03,2023-12-16,42.207,762983
tok03,2023-12-17,41.129,283492
tok03,2023-12-18,40.062,520241
tok03,2023-12-19,39.581,91330
tok03,2023-12-20,38.582,349989
tok03,2023-12-21,36.428,645069
tok03,2023-12-22,37.376,514304
tok03,2023-12-23,40.21,358238
tok03,2023-12-24,40.367,972670
tok03,2023-12-25,40.022,690159
tok03,2023-12-26,37.876,469709
tok03,2023-12-27,37.663,251974
tok03,2023-12-28,38.92,165490
tok03,2023-12-29,38.198,430735
tok03,2023-12-30,37.243,412099
tok03,2023-12-31,36.427,1241185
tok04,2021-01-01,96.83,461321
tok04,2021-01-02,97.095,741484
tok04,2021-01-03,103.72,565334
tok04,2021-01-04,103.766,1048509
tok04,2021-01-05,106.556,260122
tok04,2021-01-06,106.972,228650
tok04,2021-01-07,112.208,242906
tok04,2021-01-08,113.937,438865
tok04,2021-01-09,107.48,250659
tok04,2021-01-10,107.173,492236
tok04,2021-01-11,109.494,291034
tok04,2021-01-12,116.023,387598
tok04,2021-01-13,115.869,698555
tok04,2021-01-14,117.477,731530
tok04,2021-01-15,122.519,1245158
tok04,2021-01-16,121.854,438205
tok04,2021-01-17,122.818,396663
tok04,2021-01-18,125.244,680115
tok04,2021-01-19,118.994,280593
tok04,2021-01-20,113.224,926068
tok04,2021-01-21,120.404,789340
tok04,2021-01-22,112.743,624159
tok04,2021-01-23,105.489,390255
tok04,2021-01-24,100.215,200325
tok04,2021-01-25,102.746,274685
tok04,2021-01-26,105.598,891659
tok04,2021-01-27,104.174,876162
tok04,2021-01-28,104.457,615046
tok04,2021-01-29,99.226,588299
tok04,2021-01-30,99.816,264362
tok04,2021-01-31,93.26,302395
tok04,2021-02-01,98.004,411171
tok04,2021-02-02,100.93,475730
tok04,2021-02-03,94.619,866140
tok04,2021-02-04,96.204,833529
tok04,2021-02-05,94.532,1069750
tok04,2021-02-06,97.019,302485
tok04,2021-02-07,100.768,621691
tok04,2021-02-08,101.452,173052
tok04,2021-02-09,101.103,214387
tok04,2021-02-10,92.184,458084
tok04,2021-02-11,88.588,761338
tok04,2021-02-12,88.033,333912
tok04,2021-02-13,90.47,161976
tok04,2021-02-14,99.394,751677
tok04,2021-02-15,97.015,371176
tok04,2021-02-16,100.387,218037
tok04,2021-02-17,91.072,317059
tok04,2021-02-18,87.367,454725
tok04,2021-02-19,83.426,501263
tok04,2021-02-20,83.17,355227
tok04,2021-02-21,90.854,587152
tok04,2021-02-22,94.933,729832
tok04,2021-02-23,88.719,692966
tok04,2021-02-24,84.671,533271
tok04,2021-02-25,84.042,294950
tok04,2021-02-26,83.235,813058
tok04,2021-02-27,78.446,1397016
tok04,2021-02-28,78.703,733618
tok04,2021-03-01,75.259,479883
tok04,2021-03-02,81.573,360115
tok04,2021-03-03,84.738,1795423
tok04,2021-03-04,87.229,279022
tok04,2021-03-05,86.136,280347
tok04,2021-03-06,87.954,748529
tok04,2021-03-07,88.015,315297
tok04,2021-03-08,90.359,788750
tok04,2021-03-09,86.889,398622
tok04,2021-03-10,91.669,390534
tok04,2021-03-11,95.691,241394
tok04,2021-03-12,95.166,253218
tok04,2021-03-13,104.385,625948
tok04,2021-03-14,107.153,1017262
tok04,2021-03-15,105.935,416137
tok04,2021-03-16,107.353,620637
tok04,2021-03-17,98.79,237168
tok04,2021-03-18,100.325,445312
tok04,2021-03-19,103.013,407958
tok04,2021-03-20,107.021,358035
tok04,2021-03-21,105.042,504612
tok04,2021-03-22,104.011,595864
tok04,2021-03-23,103.584,603180
tok04,2021-03-24,102.209,537986
tok04,2021-03-25,106.578,422069
tok04,2021-03-26,111.439,252576
tok04,2021-03-27,109.398,1198876
tok04,2021-03-28,107.532,202568
tok04,2021-03-29,108.364,231217
tok04,2021-03-30,101.014,420575
tok04,2021-03-31,104.249,416582
tok04,2021-04-01,104.558,499969
tok04,2021-04-02,105.539,338304
tok04,2021-04-03,109.268,318845
tok04,2021-04-04,114.664,323849
tok04,2021-04-05,109.14,413963
tok04,2021-04-06,102.824,788415
tok04,2021-04-07,105.882,485188
tok04,2021-04-08,104.308,433808
tok04,2021-04-09,103.223,691719
tok04,2021-04-10,108.656,628216
tok04,2021-04-11,109.502,389111
tok04,2021-04-12,107.897,198947
tok04,2021-04-13,104.976,330927
tok04,2021-04-14,102.004,294392
tok04,2021-04-15,97.609,760334
tok04,2021-04-16,97.444,766141
tok04,2021-04-17,96.019,519686
tok04,2021-04-18,93.143,663155
tok04,2021-04-19,95.581,716506
tok04,2021-04-20,96.267,348101
tok04,2021-04-21,91.847,272616
tok04,2021-04-22,89.726,900041
tok04,2021-04-23,88.825,445568
tok04,2021-04-24,84.661,416605
tok04,2021-04-25,81.106,369562
tok04,2021-04-26,80.051,275585
tok04,2021-04-27,88.002,373627
tok04,2021-04-28,89.306,545484
tok04,2021-04-29,85.524,1080756
tok04,2021-04-30,79.517,350548
tok04,2021-05-01,73.925,489644
tok04,2021-05-02,77.949,194584
tok04,2021-05-03,78.601,786523
tok04,2021-05-04,75.632,507270
tok04,2021-05-05,76.518,1174547
tok04,2021-05-06,78.162,937317
tok04,2021-05-07,79.794,396765
tok04,2021-05-08,74.763,614459
tok04,2021-05-09,75.184,176509
tok04,2021-05-10,78.74,848637
tok04,2021-05-11,80.701,1188555
tok04,2021-05-12,85.155,602787
tok04,2021-05-13,83.09,512673
tok04,2021-05-14,80.012,376449
tok04,2021-05-15,82.054,415029
tok04,2021-05-16,84.102,496929
tok04,2021-05-17,81.287,492513
tok04,2021-05-18,83.584,249850
tok04,2021-05-19,87.727,493134
tok04,2021-05-20,84.682,519752
tok04,2021-05-21,84.586,758866
tok04,2021-05-22,81.499,373318
tok04,2021-05-23,81.148,187917
tok04,2021-05-24,81.623,692064
tok04,2021-05-25,80.963,898477
tok04,2021-05-26,85.399,390772
tok04,2021-05-27,89.913,390937
tok04,2021-05-28,90.469,208856
tok04,2021-05-29,90.954,320878
tok04,2021-05-30,92.856,362606
tok04,2021-05-31,87.253,473848
tok04,2021-06-01,85.865,806183
tok04,2021-06-02,83.164,239791
tok04,2021-06-03,82.023,409239
tok04,2021-06-04,82.806,317000
tok04,2021-06-05,84.048,471708
tok04,2021-06-06,86.387,481242
tok04,2021-06-07,87.197,364509
tok04,2021-06-08,88.271,434289
tok04,2021-06-09,90.126,288823
tok04,2021-06-10,92.473,516531
tok04,2021-06-11,93.127,639150
tok04,2021-06-12,94.891,520320
tok04,2021-06-13,93.006,320841
tok04,2021-06-14,94.517,160288
tok04,2021-06-15,96.494,258297
tok04,2021-06-16,102.847,310089
tok04,2021-06-17,103.813,490867
tok04,2021-06-18,106.759,674512
tok04,2021-06-19,102.817,566607
tok04,2021-06-20,102.881,1166311
tok04,2021-06-21,99.518,387823
tok04,2021-06-22,102.833,417872
tok04,2021-06-23,100.117,415761
tok04,2021-06-24,102.983,378741
tok04,2021-06-25,100.113,585449
tok04,2021-06-26,99.492,266469
tok04,2021-06-27,99.173,550208
tok04,2021-06-28,98.447,393360
tok04,2021-06-29,93.908,940792
tok04,2021-06-30,94.168,542945
tok04,2021-07-01,97.18,1152083
tok04,2021-07-02,103.836,313940
tok04,2021-07-03,100.485,491538
tok04,2021-07-04,100.488,400532
tok04,2021-07-05,94.952,371479
tok04,2021-07-06,97.922,613063
tok04,2021-07-07,99.69,400709
tok04,2021-07-08,97.542,260842
tok04,2021-07-09,88.68,225170
tok04,2021-07-10,85.526,238740
tok04,2021-07-11,84.293,406959
tok04,2021-07-12,88.161,657105
tok04,2021-07-13,90.192,611798
tok04,2021-07-14,96.447,488749
tok04,2021-07-15,97.816,449539
tok04,2021-07-16,101.433,1093884
tok04,2021-07-17,95.7,1088878
tok04,2021-07-18,95.342,451105
tok04,2021-07-19,95.204,353352
tok04,2021-07-20,94.541,243922
tok04,2021-07-21,95.908,401006
tok04,2021-07-22,95.439,269125
tok04,2021-07-23,93.637,318503
tok04,2021-07-24,93.799,341604
tok04,2021-07-25,93.175,380187
tok04,2021-07-26,96.229,436497
tok04,2021-07-27,94.463,366846
tok04,2021-07-28,96.175,777453
tok04,2021-07-29,89.484,459907
tok04,2021-07-30,96.636,679940
tok04,2021-07-31,97.678,444972
tok04,2021-08-01,99.549,236362
tok04,2021-08-02,101.726,554235
tok04,2021-08-03,102.247,211841
tok04,2021-08-04,106.812,800592
tok04,2021-08-05,102.92,412412
tok04,2021-08-06,99.329,473295
tok04,2021-08-07,99.252,288912
tok04,2021-08-08,91.067,578275
tok04,2021-08-09,95.545,125648
tok04,2021-08-10,91.973,394861
tok04,2021-08-11,97.592,301183
tok04,2021-08-12,102.996,2305269
tok04,2021-08-13,108.646,279486
tok04,2021-08-14,111.264,621046
tok04,2021-08-15,112.35,392092
tok04,2021-08-16,109.898,550469
tok04,2021-08-17,107.536,745149
tok04,2021-08-18,101.887,366511
tok04,2021-08-19,97.347,1177367
tok04,2021-08-20,101.05,702911
tok04,2021-08-21,101.21,808167
tok04,2021-08-22,102.341,420114
tok04,2021-08-23,100.222,804184
tok04,2021-08-24,101.211,458491
tok04,2021-08-25,98.28,197343
tok04,2021-08-26,96.19,135108
tok04,2021-08-27,95.502,1345624
tok04,2021-08-28,99.521,587107
tok04,2021-08-29,97.564,649668
tok04,2021-08-30,96.125,680405
tok04,2021-08-31,95.822,1310746
tok04,2021-09-01,106.7,275345
tok04,2021-09-02,109.416,340476
tok04,2021-09-03,107.954,447637
tok04,2021-09-04,109.021,400610
tok04,2021-09-05,115.171,682907
tok04,2021-09-06,110.67,577697
tok04,2021-09-07,104.926,594708
tok04,2021-09-08,103.183,240230
tok04,2021-09-09,99.469,389193
tok04,2021-09-10,103.999,401627
tok04,2021-09-11,94.303,950086
tok04,2021-09-12,96.5,593953
tok04,2021-09-13,97.164,385482
tok04,2021-09-14,90.218,338986
tok04,2021-09-15,90.279,886484
tok04,2021-09-16,90.317,207016
tok04,2021-09-17,89.028,317173
tok04,2021-09-18,91.476,366996
tok04,2021-09-19,96.745,382647
tok04,2021-09-20,97.043,291970
tok04,2021-09-21,98.485,448232
tok04,2021-09-22,96.552,157019
tok04,2021-09-23,103.471,959288
tok04,2021-09-24,95.316,211936
tok04,2021-09-25,98.893,679708
tok04,2021-09-26,99.344,1204982
tok04,2021-09-27,100.942,378552
tok04,2021-09-28,98.238,520730
tok04,2021-09-29,95.02,347129
tok04,2021-09-30,97.094,506735
tok04,2021-10-01,94.437,477466
tok04,2021-10-02,94.197,602271
tok04,2021-10-03,97.984,538474
tok04,2021-10-04,93.283,242165
tok04,2021-10-05,91.923,272920
tok04,2021-10-06,84.102,260696
tok04,2021-10-07,85.358,437006
tok04,2021-10-08,91.594,475555
tok04,2021-10-09,88.546,571164
tok04,2021-10-10,83.089,207788
tok04,2021-10-11,81.431,434201
tok04,2021-10-12,73.209,608020
tok04,2021-10-13,72.881,231588
tok04,2021-10-14,70.539,562955
tok04,2021-10-15,68.003,234412
tok04,2021-10-16,67.832,338959
tok04,2021-10-17,69.522,225449
tok04,2021-10-18,70.667,311894
tok04,2021-10-19,68.792,446609
tok04,2021-10-20,66.125,259317
tok04,2021-10-21,67.691,423422
tok04,2021-10-22,68.006,224043
tok04,2021-10-23,70.39,771478
tok04,2021-10-24,66.387,1337953
tok04,2021-10-25,63.76,528782
tok04,2021-10-26,63.604,425769
tok04,2021-10-27,61.023,453667
tok04,2021-10-28,61.827,267725
tok04,2021-10-29,62.659,475799
tok04,2021-10-30,66.076,296051
tok04,2021-10-31,67.196,435917
tok04,2021-11-01,66.903,410657
tok04,2021-11-02,65.308,291378
tok04,2021-11-03,62.815,897954
tok04,2021-11-04,62.636,258678
tok04,2021-11-05,65.444,527115
tok04,2021-11-06,65.244,285248
tok04,2021-11-07,67.405,422742
tok04,2021-11-08,69.883,412994
tok04,2021-11-09,76.564,482947
tok04,2021-11-10,76.083,209030
tok04,2021-11-11,75.305,543229
tok04,2021-11-12,75.628,439915
tok04,2021-11-13,75.293,446491
tok04,2021-11-14,72.59,372959
tok04,2021-11-15,71.659,706036
tok04,2021-11-16,73.131,290103
tok04,2021-11-17,72.723,568800
tok04,2021-11-18,71.739,267165
tok04,2021-11-19,72.281,629864
tok04,2021-11-20,78.811,766413
tok04,2021-11-21,82.837,312436
tok04,2021-11-22,87.476,1342930
tok04,2021-11-23,83.382,817044
tok04,2021-11-24,86.001,677112
tok04,2021-11-25,85.924,449687
tok04,2021-11-26,90.962,587924
tok04,2021-11-27,86.092,553313
tok04,2021-11-28,87.576,226006
tok04,2021-11-29,85.975,709423
tok04,2021-11-30,87.559,411856
tok04,2021-12-01,91.466,322518
tok04,2021-12-02,87.783,409668
tok04,2021-12-03,85.583,355492
tok04,2021-12-04,87.243,1089195
tok04,2021-12-05,83.475,1314999
tok04,2021-12-06,78.599,145772
tok04,2021-12-07,80.632,621402
tok04,2021-12-08,80.465,670861
tok04,2021-12-09,77.257,334814
tok04,2021-12-10,75.385,323062
tok04,2021-12-11,73.378,148337
tok04,2021-12-12,72.266,1136408
tok04,2021-12-13,74.834,557385
tok04,2021-12-14,70.126,229253
tok04,2021-12-15,69.098,462345
tok04,2021-12-16,72.39,527764
tok04,2021-12-17,73.328,132860
tok04,2021-12-18,71.205,470488
tok04,2021-12-19,73.375,415295
tok04,2021-12-20,68.87,477477
tok04,2021-12-21,72.57,294915
tok04,2021-12-22,69.702,516522
tok04,2021-12-23,75.983,690480
tok04,2021-12-24,76.411,835186
tok04,2021-12-25,79.9,362092
tok04,2021-12-26,77.751,742630
tok04,2021-12-27,81.07,1005269
tok04,2021-12-28,82.216,230106
tok04,2021-12-29,83.132,529599
tok04,2021-12-30,82.942,377403
tok04,2021-12-31,84.189,430563
tok04,2022-01-01,83.385,975922
tok04,2022-01-02,80.154,611264
tok04,2022-01-03,81.81,588859
tok04,2022-01-04,82.35,358025
tok04,2022-01-05,83.383,437924
tok04,2022-01-06,84.631,890327
tok04,2022-01-07,83.911,338257
tok04,2022-01-08,80.389,204020
tok04,2022-01-09,84.166,242733
tok04,2022-01-10,81.163,473133
tok04,2022-01-11,81.721,302671
tok04,2022-01-12,81.766,554375
tok04,2022-01-13,84.236,332725
tok04,2022-01-14,83.822,415198
tok04,2022-01-15,89.952,538969
tok04,2022-01-16,86.393,276936
tok04,2022-01-17,86.545,759962
tok04,2022-01-18,85.777,518724
tok04,2022-01-19,84.962,248275
tok04,2022-01-20,89.21,743198
tok04,2022-01-21,83.447,543900
tok04,2022-01-22,91.377,353674
tok04,2022-01-23,91.651,921838
tok04,2022-01-24,88.489,400185
tok04,2022-01-25,84.891,1042544
tok04,2022-01-26,83.611,440342
tok04,2022-01-27,86.123,1105150
tok04,2022-01-28,83.473,304765
tok04,2022-01-29,75.558,280265
tok04,2022-01-30,73.529,350032
tok04,2022-01-31,73.442,408200
tok04,2022-02-01,70.423,225664
tok04,2022-02-02,66.034,774687
tok04,2022-02-03,66.499,400423
tok04,2022-02-04,68.478,364465
tok04,2022-02-05,68.918,139415
tok04,2022-02-06,67.506,636656
tok04,2022-02-07,69.227,608141
tok04,2022-02-08,66.918,442470
tok04,2022-02-09,66.942,597410
tok04,2022-02-10,68.942,262043
tok04,2022-02-11,66.004,566978
tok04,2022-02-12,68.311,285601
tok04,2022-02-13,66.748,915577
tok04,2022-02-14,61.908,349017
tok04,2022-02-15,64.74,186063
tok04,2022-02-16,63.095,186978
tok04,2022-02-17,64.628,645635
tok04,2022-02-18,64.052,547742
tok04,2022-02-19,61.486,359356
tok04,2022-02-20,63.621,616740
tok04,2022-02-21,63.92,285886
tok04,2022-02-22,66.269,505911
tok04,2022-02-23,61.882,578581
tok04,2022-02-24,61.854,236334
tok04,2022-02-25,60.477,545642
tok04,2022-02-26,60.433,670085
tok04,2022-02-27,60.338,470634
tok04,2022-02-28,62.091,370266
tok04,2022-03-01,61.412,687219
tok04,2022-03-02,58.502,250567
tok04,2022-03-03,58.161,714816
tok04,2022-03-04,58.505,341241
tok04,2022-03-05,56.115,487196
tok04,2022-03-06,52.914,225812
tok04,2022-03-07,52.32,687620
tok04,2022-03-08,52.498,176066
tok04,2022-03-09,49.088,573688
tok04,2022-03-10,50.719,254301
tok04,2022-03-11,50.429,550225
tok04,2022-03-12,51.681,266804
tok04,2022-03-13,49.411,484501
tok04,2022-03-14,49.459,615971
tok04,2022-03-15,47.017,325608
tok04,2022-03-16,47.826,481063
tok04,2022-03-17,49.512,114797
tok04,2022-03-18,46.935,301937
tok04,2022-03-19,50.473,444012
tok04,2022-03-20,50.462,527451
tok04,2022-03-21,49.171,198137
tok04,2022-03-22,46.79,723879
tok04,2022-03-23,46.662,233120
tok04,2022-03-24,43.091,1607734
tok04,2022-03-25,43.849,675503
tok04,2022-03-26,41.741,695975
tok04,2022-03-27,42.41,630997
tok04,2022-03-28,46.637,393135
tok04,2022-03-29,43.67,448937
tok04,2022-03-30,43.345,303188
tok04,2022-03-31,43.499,592084
tok04,2022-04-01,43.749,423860
tok04,2022-04-02,45.467,451205
tok04,2022-04-03,45.655,413921
tok04,2022-04-04,48.244,332573
tok04,2022-04-05,50.198,432145
tok04,2022-04-06,49.252,975966
tok04,2022-04-07,50.394,328208
tok04,2022-04-08,50.326,835810
tok04,2022-04-09,49.517,406575
tok04,2022-04-10,54.758,921825
tok04,2022-04-11,55.552,358148
tok04,2022-04-12,51.943,302772
tok04,2022-04-13,51.307,200969
tok04,2022-04-14,47.789,211481
tok04,2022-04-15,49.74,623750
tok04,2022-04-16,50.941,675052
tok04,2022-04-17,50.431,406446
tok04,2022-04-18,48.89,210539
tok04,2022-04-19,49.386,377883
tok04,2022-04-20,52.565,890175
tok04,2022-04-21,53.722,326969
tok04,2022-04-22,50.986,544586
tok04,2022-04-23,52.485,596399
tok04,2022-04-24,54.009,210812
tok04,2022-04-25,52.338,305306
tok04,2022-04-26,51.778,523300
tok04,2022-04-27,53.833,365751
tok04,2022-04-28,55.401,511388
tok04,2022-04-29,55.351,504733
tok04,2022-04-30,56.084,754812
tok04,2022-05-01,59.932,601249
tok04,2022-05-02,61.406,453331
tok04,2022-05-03,56.928,432934
tok04,2022-05-04,51.795,362075
tok04,2022-05-05,51.905,271432
tok04,2022-05-06,53.565,565642
tok04,2022-05-07,54.677,275954
tok04,2022-05-08,57.126,310462
tok04,2022-05-09,55.949,386618
tok04,2022-05-10,58.31,635591
tok04,2022-05-11,62.149,549800
tok04,2022-05-12,60.456,206466
tok04,2022-05-13,63.021,293419
tok04,2022-05-14,63.511,226727
tok04,2022-05-15,59.667,453241
tok04,2022-05-16,55.616,377253
tok04,2022-05-17,55.262,476037
tok04,2022-05-18,57.055,702453
tok04,2022-05-19,58.508,521564
tok04,2022-05-20,59.746,544567
tok04,2022-05-21,57.21,289136
tok04,2022-05-22,58.339,266217
tok04,2022-05-23,56.912,720072
tok04,2022-05-24,51.726,359609
tok04,2022-05-25,52.198,219343
tok04,2022-05-26,51.734,357122
tok04,2022-05-27,52.262,351901
tok04,2022-05-28,53.43,863140
tok04,2022-05-29,52.042,1137390
tok04,2022-05-30,52.831,345141
tok04,2022-05-31,52.306,328577
tok04,2022-06-01,51.496,1116772
tok04,2022-06-02,55.12,354677
tok04,2022-06-03,56.677,329030
tok04,2022-06-04,57.852,187458
tok04,2022-06-05,58.035,621926
tok04,2022-06-06,60.479,367667
tok04,2022-06-07,62.546,308143
tok04,2022-06-08,61.103,136214
tok04,2022-06-09,59.439,649303
tok04,2022-06-10,58.294,531902
tok04,2022-06-11,56.692,177890
tok04,2022-06-12,60.105,881839
tok04,2022-06-13,62.682,419617
tok04,2022-06-14,63.563,688108
tok04,2022-06-15,58.876,436127
tok04,2022-06-16,58.165,557771
tok04,2022-06-17,56.661,655533
tok04,2022-06-18,55.95,473249
tok04,2022-06-19,53.118,698359
tok04,2022-06-20,48.242,332945
tok04,2022-06-21,47.57,358919
tok04,2022-06-22,45.307,332185
tok04,2022-06-23,40.956,332462
tok04,2022-06-24,43.242,460225
tok04,2022-06-25,43.975,653351
tok04,2022-06-26,43.704,357953
tok04,2022-06-27,44.326,880163
tok04,2022-06-28,43.42,539854
tok04,2022-06-29,44.592,376235
tok04,2022-06-30,42.53,713150
tok04,2022-07-01,42.958,314318
tok04,2022-07-02,42.656,676574
tok04,2022-07-03,42.465,519245
tok04,2022-07-04,42.13,279372
tok04,2022-07-05,41.956,423719
tok04,2022-07-06,44.546,303898
tok04,2022-07-07,41.134,608250
tok04,2022-07-08,41.17,700038
tok04,2022-07-09,39.573,333484
tok04,2022-07-10,41.327,395833
tok04,2022-07-11,41.386,491912
tok04,2022-07-12,42.669,596098
tok04,2022-07-13,40.762,162468
tok04,2022-07-14,40.852,411563
tok04,2022-07-15,38.686,237643
tok04,2022-07-16,39.873,306041
tok04,2022-07-17,40.637,387107
tok04,2022-07-18,42.027,703154
tok04,2022-07-19,42.373,636300
tok04,2022-07-20,41.068,439413
tok04,2022-07-21,42.902,202072
tok04,2022-07-22,44.689,352137
tok04,2022-07-23,50.17,672316
tok04,2022-07-24,51.23,279692
tok04,2022-07-25,50.981,247416
tok04,2022-07-26,52.008,654819
tok04,2022-07-27,49.788,490515
tok04,2022-07-28,53.688,680344
tok04,2022-07-29,55.122,229622
tok04,2022-07-30,56.704,372753
tok04,2022-07-31,55.212,258811
tok04,2022-08-01,56.426,379125
tok04,2022-08-02,57.289,1126184
tok04,2022-08-03,57.258,351520
tok04,2022-08-04,54.851,128810
tok04,2022-08-05,52.662,288227
tok04,2022-08-06,53.2,354276
tok04,2022-08-07,52.207,457805
tok04,2022-08-08,51.806,428442
tok04,2022-08-09,51.298,256430
tok04,2022-08-10,53.589,559239
tok04,2022-08-11,53.211,674880
tok04,2022-08-12,55.001,324260
tok04,2022-08-13,51.452,345293
tok04,2022-08-14,51.795,238844
tok04,2022-08-15,49.6,850161
tok04,2022-08-16,46.971,355452
tok04,2022-08-17,47.631,393105
tok04,2022-08-18,49.65,1552456
tok04,2022-08-19,50.618,385091
tok04,2022-08-20,51.637,583007
tok04,2022-08-21,52.447,720392
tok04,2022-08-22,52.732,229321
tok04,2022-08-23,53.003,1047162
tok04,2022-08-24,54.712,422112
tok04,2022-08-25,53.01,216447
tok04,2022-08-26,52.762,228149
tok04,2022-08-27,52.51,1039502
tok04,2022-08-28,50.802,265428
tok04,2022-08-29,46.334,603082
tok04,2022-08-30,46.519,762761
tok04,2022-08-31,44.219,307150
tok04,2022-09-01,44.533,710063
tok04,2022-09-02,46.337,304839
tok04,2022-09-03,46.888,365765
tok04,2022-09-04,45.515,855277
tok04,2022-09-05,45.294,357259
tok04,2022-09-06,47.469,922361
tok04,2022-09-07,47.146,700856
tok04,2022-09-08,46.872,465238
tok04,2022-09-09,45.587,462927
tok04,2022-09-10,43.855,509375
tok04,2022-09-11,44.487,807188
tok04,2022-09-12,47.615,466533
tok04,2022-09-13,44.929,279921
tok04,2022-09-14,45.619,912294
tok04,2022-09-15,46.937,325922
tok04,2022-09-16,47.494,844315
tok04,2022-09-17,44.972,1029335
tok04,2022-09-18,47.209,236786
tok04,2022-09-19,47.272,398542
tok04,2022-09-20,46.917,175804
tok04,2022-09-21,46.362,453564
tok04,2022-09-22,45.815,378531
tok04,2022-09-23,42.949,384701
tok04,2022-09-24,43.066,603028
tok04,2022-09-25,39.651,343308
tok04,2022-09-26,41.274,582594
tok04,2022-09-27,40.573,745095
tok04,2022-09-28,39.657,451323
tok04,2022-09-29,39.07,759676
tok04,2022-09-30,37.911,928833
tok04,2022-10-01,36.421,603211
tok04,2022-10-02,35.781,262932
tok04,2022-10-03,32.189,296664
tok04,2022-10-04,31.897,231100
tok04,2022-10-05,32.245,403055
tok04,2022-10-06,34.838,470122
tok04,2022-10-07,36.556,385836
tok04,2022-10-08,37.628,194860
tok04,2022-10-09,33.647,599121
tok04,2022-10-10,36.812,351663
tok04,2022-10-11,37.141,447371
tok04,2022-10-12,37.376,477960
tok04,2022-10-13,35.538,264964
tok04,2022-10-14,35.336,602166
tok04,2022-10-15,34.86,401333
tok04,2022-10-16,34.893,706712
tok04,2022-10-17,32.363,1283051
tok04,2022-10-18,33.228,319087
tok04,2022-10-19,34.317,621696
tok04,2022-10-20,32.143,530636
tok04,2022-10-21,33.233,426644
tok04,2022-10-22,30.564,514949
tok04,2022-10-23,30.477,496281
tok04,2022-10-24,32.511,424952
tok04,2022-10-25,31.764,865160
tok04,2022-10-26,31.445,629798
tok04,2022-10-27,30.681,454688
tok04,2022-10-28,31.728,230796
tok04,2022-10-29,33.833,334659
tok04,2022-10-30,35.397,416352
tok04,2022-10-31,34.264,364691
tok04,2022-11-01,33.979,390387
tok04,2022-11-02,35.672,367521
tok04,2022-11-03,37.027,546548
tok04,2022-11-04,38.399,591650
tok04,2022-11-05,35.631,317040
tok04,2022-11-06,35.702,337070
tok04,2022-11-07,35.07,400364
tok04,2022-11-08,36.105,603095
tok04,2022-11-09,36.664,173758
tok04,2022-11-10,39.035,384159
tok04,2022-11-11,36.442,257080
tok04,2022-11-12,34.732,584735
tok04,2022-11-13,33.022,342776
tok04,2022-11-14,33.473,770541
tok04,2022-11-15,34.567,443103
tok04,2022-11-16,36.694,303223
tok04,2022-11-17,37.975,793865
tok04,2022-11-18,35.76,303369
tok04,2022-11-19,36.87,680239
tok04,2022-11-20,39.835,229665
tok04,2022-11-21,42.228,530113
tok04,2022-11-22,42.593,546227
tok04,2022-11-23,42.62,958583
tok04,2022-11-24,41.978,1757216
tok04,2022-11-25,38.611,457548
tok04,2022-11-26,37.81,195635
tok04,2022-11-27,37.806,597804
tok04,2022-11-28,37.07,227595
tok04,2022-11-29,38.527,425972
tok04,2022-11-30,40.743,565214
tok04,2022-12-01,42.557,429764
tok04,2022-12-02,41.699,438606
tok04,2022-12-03,43.216,355205
tok04,2022-12-04,44.691,507076
tok04,2022-12-05,47.034,1009085
tok04,2022-12-06,45.121,1360840
tok04,2022-12-07,48.535,435153
tok04,2022-12-08,46.96,406597
tok04,2022-12-09,47.973,309733
tok04,2022-12-10,48.587,402726
tok04,2022-12-11,48.878,418776
tok04,2022-12-12,47.673,241099
tok04,2022-12-13,50.357,314807
tok04,2022-12-14,50.347,554427
tok04,2022-12-15,48.336,467648
tok04,2022-12-16,46.672,1012903
tok04,2022-12-17,46.239,516566
tok04,2022-12-18,46.935,585163
tok04,2022-12-19,46.323,322955
tok04,2022-12-20,46.098,1165366
tok04,2022-12-21,46.373,176143
tok04,2022-12-22,47.217,376537
tok04,2022-12-23,45.494,558155
tok04,2022-12-24,46.969,307531
tok04,2022-12-25,46.845,484507
tok04,2022-12-26,47.835,433043
tok04,2022-12-27,47.006,696604
tok04,2022-12-28,47.746,818404
tok04,2022-12-29,46.956,761534
tok04,2022-12-30,46.671,327911
tok04,2022-12-31,43.333,335242
tok04,2023-01-01,43.845,378635
tok04,2023-01-02,43.004,348754
tok04,2023-01-03,40.603,464676
tok04,2023-01-04,39.494,221424
tok04,2023-01-05,40.991,851070
tok04,2023-01-06,40.401,735340
tok04,2023-01-07,41.979,662347
tok04,2023-01-08,42.851,872890
tok04,2023-01-09,43.345,189647
tok04,2023-01-10,45.738,507517
tok04,2023-01-11,43.153,537950
tok04,2023-01-12,42.659,921742
tok04,2023-01-13,43.017,1137578
tok04,2023-01-14,47.587,320146
tok04,2023-01-15,48.854,796324
tok04,2023-01-16,46.27,269766
tok04,2023-01-17,43.456,267504
tok04,2023-01-18,44.106,248320
tok04,2023-01-19,41.337,292496
tok04,2023-01-20,41.997,469600
tok04,2023-01-21,42.583,194226
tok04,2023-01-22,42.983,654610
tok04,2023-01-23,43.967,293126
tok04,2023-01-24,44.724,477319
tok04,2023-01-25,43.259,325199
tok04,2023-01-26,45.512,1236874
tok04,2023-01-27,46.922,823762
tok04,2023-01-28,50.438,592680
tok04,2023-01-29,48.266,485246
tok04,2023-01-30,48.723,331062
tok04,2023-01-31,48.202,236086
tok04,2023-02-01,49.531,487589
tok04,2023-02-02,49.296,322402
tok04,2023-02-03,51.27,446958
tok04,2023-02-04,51.302,381957
tok04,2023-02-05,50.313,217809
tok04,2023-02-06,48.498,136673
tok04,2023-02-07,46.538,656492
tok04,2023-02-08,48.06,197089
tok04,2023-02-09,47.173,564831
tok04,2023-02-10,45.413,497982
tok04,2023-02-11,43.641,629896
tok04,2023-02-12,42.693,671802
tok04,2023-02-13,41.88,314690
tok04,2023-02-14,45.007,1496365
tok04,2023-02-15,46.98,108852
tok04,2023-02-16,46.766,599063
tok04,2023-02-17,46.256,304733
tok04,2023-02-18,45.805,864230
tok04,2023-02-19,45.081,630974
tok04,2023-02-20,46.363,978766
tok04,2023-02-21,44.749,366100
tok04,2023-02-22,44.554,325154
tok04,2023-02-23,44.22,1016208
tok04,2023-02-24,46.754,572010
tok04,2023-02-25,47.413,482150
tok04,2023-02-26,46.889,137657
tok04,2023-02-27,48.432,620713
tok04,2023-02-28,48.926,828365
tok04,2023-03-01,52.429,575584
tok04,2023-03-02,51.078,436533
tok04,2023-03-03,51.869,665391
tok04,2023-03-04,51.806,301494
tok04,2023-03-05,52.434,137972
tok04,2023-03-06,55.813,285529
tok04,2023-03-07,56.068,595470
tok04,2023-03-08,54.152,812207
tok04,2023-03-09,54.618,354373
tok04,2023-03-10,53.307,690596
tok04,2023-03-11,52.527,625861
tok04,2023-03-12,53.717,234196
tok04,2023-03-13,52.914,433793
tok04,2023-03-14,51.048,167876
tok04,2023-03-15,49.292,442470
tok04,2023-03-16,50.1,398355
tok04,2023-03-17,50.829,432415
tok04,2023-03-18,46.779,250320
tok04,2023-03-19,47.077,204538
tok04,2023-03-20,48.648,473464
tok04,2023-03-21,48.212,241652
tok04,2023-03-22,48.748,223644
tok04,2023-03-23,51.067,1015117
tok04,2023-03-24,48.833,1018260
tok04,2023-03-25,48.776,335957
tok04,2023-03-26,47.928,1006043
tok04,2023-03-27,50.141,351482
tok04,2023-03-28,46.937,250673
tok04,2023-03-29,46.874,622649
tok04,2023-03-30,45.797,362307
tok04,2023-03-31,44.842,306352
tok04,2023-04-01,40.983,373619
tok04,2023-04-02,39.03,294969
tok04,2023-04-03,39.726,234388
tok04,2023-04-04,41.892,847940
tok04,2023-04-05,43.859,246981
tok04,2023-04-06,43.439,775260
tok04,2023-04-07,44.433,221146
tok04,2023-04-08,43.983,807470
tok04,2023-04-09,49.225,605723
tok04,2023-04-10,52.734,495367
tok04,2023-04-11,52.492,446277
tok04,2023-04-12,53.867,1264878
tok04,2023-04-13,52.621,1071158
tok04,2023-04-14,51.03,770168
tok04,2023-04-15,48.622,260877
tok04,2023-04-16,49.243,404577
tok04,2023-04-17,50.095,695448
tok04,2023-04-18,50.437,335340
tok04,2023-04-19,49.85,652801
tok04,2023-04-20,54.196,226808
tok04,2023-04-21,56.907,621636
tok04,2023-04-22,58.936,436807
tok04,2023-04-23,56.144,297876
tok04,2023-04-24,57.442,261941
tok04,2023-04-25,55.736,387795
tok04,2023-04-26,54.188,339622
tok04,2023-04-27,52.829,602538
tok04,2023-04-28,52.211,417195
tok04,2023-04-29,51.226,206378
tok04,2023-04-30,49.868,602645
tok04,2023-05-01,51.152,834591
tok04,2023-05-02,51.878,460195
tok04,2023-05-03,51.196,448219
tok04,2023-05-04,54.102,573453
tok04,2023-05-05,53.446,467164
tok04,2023-05-06,59.886,683728
tok04,2023-05-07,56.325,1089825
tok04,2023-05-08,56.45,897732
tok04,2023-05-09,54.211,561086
tok04,2023-05-10,53.174,906746
tok04,2023-05-11,54.587,389025
tok04,2023-05-12,51.451,842269
tok04,2023-05-13,51.97,209931
tok04,2023-05-14,53.862,178067
tok04,2023-05-15,53.387,292952
tok04,2023-05-16,51.976,325893
tok04,2023-05-17,51.544,235869
tok04,2023-05-18,47.532,226982
tok04,2023-05-19,49.644,1555219
tok04,2023-05-20,51.984,708499
tok04,2023-05-21,50.813,112686
tok04,2023-05-22,48.627,823854
tok04,2023-05-23,49.351,517825
tok04,2023-05-24,51.121,1266659
tok04,2023-05-25,50.721,470912
tok04,2023-05-26,48.971,544960
tok04,2023-05-27,46.231,691038
tok04,2023-05-28,47.049,244914
tok04,2023-05-29,45.369,660309
tok04,2023-05-30,45.528,232792
tok04,2023-05-31,43.462,315923
tok04,2023-06-01,42.174,145198
tok04,2023-06-02,42.253,520296
tok04,2023-06-03,42.223,769162
tok04,2023-06-04,43.517,665191
tok04,2023-06-05,43.56,769018
tok04,2023-06-06,42.757,973865
tok04,2023-06-07,43.772,239668
tok04,2023-06-08,42.678,441645
tok04,2023-06-09,42.423,430101
tok04,2023-06-10,43.767,664289
tok04,2023-06-11,42.489,355086
tok04,2023-06-12,41.514,365330
tok04,2023-06-13,41.384,467576
tok04,2023-06-14,43.13,282884
tok04,2023-06-15,41.222,406765
tok04,2023-06-16,39.807,843018
tok04,2023-06-17,38.472,405421
tok04,2023-06-18,42.072,200741
tok04,2023-06-19,41.859,137450
tok04,2023-06-20,42.423,311593
tok04,2023-06-21,43.326,534759
tok04,2023-06-22,44.372,265820
tok04,2023-06-23,46.04,325031
tok04,2023-06-24,46.021,469120
tok04,2023-06-25,47.743,428640
tok04,2023-06-26,48.238,234194
tok04,2023-06-27,47.211,94437
tok04,2023-06-28,46.392,229962
tok04,2023-06-29,48.423,279862
tok04,2023-06-30,50.757,216167
tok04,2023-07-01,52.384,200953
tok04,2023-07-02,51.89,809900
tok04,2023-07-03,52.554,503601
tok04,2023-07-04,52.375,328892
tok04,2023-07-05,51.152,760793
tok04,2023-07-06,52.48,329046
tok04,2023-07-07,50.77,733878
tok04,2023-07-08,54.275,646646
tok04,2023-07-09,57.106,327942
tok04,2023-07-10,58.973,338723
tok04,2023-07-11,58.728,551752
tok04,2023-07-12,57.406,187732
tok04,2023-07-13,57.917,432335
tok04,2023-07-14,59.617,1060513
tok04,2023-07-15,61.214,245824
tok04,2023-07-16,64.874,574906
tok04,2023-07-17,69.614,494856
tok04,2023-07-18,67.147,609648
tok04,2023-07-19,67.128,314961
tok04,2023-07-20,66.402,278901
tok04,2023-07-21,66.16,281569
tok04,2023-07-22,69.011,316831
tok04,2023-07-23,68.881,564148
tok04,2023-07-24,69.95,300166
tok04,2023-07-25,68.672,453144
tok04,2023-07-26,74.166,279928
tok04,2023-07-27,63.816,269979
tok04,2023-07-28,63.649,206703
tok04,2023-07-29,68.644,313537
tok04,2023-07-30,67.022,146800
tok04,2023-07-31,67.581,237429
tok04,2023-08-01,63.688,314729
tok04,2023-08-02,60.538,266150
tok04,2023-08-03,61.639,1089293
tok04,2023-08-04,63.934,300780
tok04,2023-08-05,65.422,192226
tok04,2023-08-06,63.052,631061
tok04,2023-08-07,60.531,628080
tok04,2023-08-08,59.699,264695
tok04,2023-08-09,58.042,407062
tok04,2023-08-10,63.207,2068030
tok04,2023-08-11,66.477,523669
tok04,2023-08-12,63.821,228750
tok04,2023-08-13,63.227,1205601
tok04,2023-08-14,64.014,487167
tok04,2023-08-15,62.643,340198
tok04,2023-08-16,61.174,881122
tok04,2023-08-17,62.637,325782
tok04,2023-08-18,63.898,369779
tok04,2023-08-19,65.58,111421
tok04,2023-08-20,64.63,547913
tok04,2023-08-21,66.856,851884
tok04,2023-08-22,66.744,243380
tok04,2023-08-23,67.75,302828
tok04,2023-08-24,64.546,154771
tok04,2023-08-25,57.8,603976
tok04,2023-08-26,59.328,169626
tok04,2023-08-27,59.979,509805
tok04,2023-08-28,62.846,614965
tok04,2023-08-29,60.475,542401
tok04,2023-08-30,64.293,690712
tok04,2023-08-31,65.107,380060
tok04,2023-09-01,63.003,801524
tok04,2023-09-02,63.771,449600
tok04,2023-09-03,66.255,128667
tok04,2023-09-04,70.089,907704
tok04,2023-09-05,62.545,1077378
tok04,2023-09-06,62.294,549064
tok04,2023-09-07,61.667,377330
tok04,2023-09-08,61.709,1299799
tok04,2023-09-09,60.573,412501
tok04,2023-09-10,57.602,431319
tok04,2023-09-11,55.29,226503
tok04,2023-09-12,57.076,608007
tok04,2023-09-13,55.819,1229398
tok04,2023-09-14,55.573,972427
tok04,2023-09-15,57.289,229914
tok04,2023-09-16,53.556,669503
tok04,2023-09-17,55.726,500777
tok04,2023-09-18,61.25,1211482
tok04,2023-09-19,57.727,448554
tok04,2023-09-20,60.862,546519
tok04,2023-09-21,62.398,544189
tok04,2023-09-22,67.483,212437
tok04,2023-09-23,67.908,779879
tok04,2023-09-24,72.0,409214
tok04,2023-09-25,72.022,437295
tok04,2023-09-26,71.372,378299
tok04,2023-09-27,75.714,1109153
tok04,2023-09-28,74.785,331711
tok04,2023-09-29,78.673,1009533
tok04,2023-09-30,79.506,716140
tok04,2023-10-01,82.154,177673
tok04,2023-10-02,83.149,356992
tok04,2023-10-03,86.188,586515
tok04,2023-10-04,85.608,407394
tok04,2023-10-05,86.657,262193
tok04,2023-10-06,88.794,316603
tok04,2023-10-07,85.885,377586
tok04,2023-10-08,81.663,745256
tok04,2023-10-09,81.329,1013546
tok04,2023-10-10,86.426,840472
tok04,2023-10-11,87.02,260800
tok04,2023-10-12,90.461,572564
tok04,2023-10-13,89.58,809432
tok04,2023-10-14,93.25,769240
tok04,2023-10-15,100.372,900584
tok04,2023-10-16,97.021,267174
tok04,2023-10-17,95.883,262176
tok04,2023-10-18,90.848,274623
tok04,2023-10-19,97.669,974710
tok04,2023-10-20,91.936,404334
tok04,2023-10-21,93.977,725131
tok04,2023-10-22,96.531,654477
tok04,2023-10-23,99.564,718430
tok04,2023-10-24,99.029,1051774
tok04,2023-10-25,96.062,479018
tok04,2023-10-26,99.786,325399
tok04,2023-10-27,99.525,972544
tok04,2023-10-28,99.861,274233
tok04,2023-10-29,96.678,397746
tok04,2023-10-30,96.093,391403
tok04,2023-10-31,92.971,1017406
tok04,2023-11-01,89.006,207403
tok04,2023-11-02,89.92,378088
tok04,2023-11-03,95.775,482254
tok04,2023-11-04,100.92,647429
tok04,2023-11-05,95.595,239456
tok04,2023-11-06,101.454,919222
tok04,2023-11-07,100.459,387692
tok04,2023-11-08,99.417,267864
tok04,2023-11-09,95.222,786120
tok04,2023-11-10,98.331,738757
tok04,2023-11-11,101.483,948993
tok04,2023-11-12,103.276,381831
tok04,2023-11-13,111.063,374032
tok04,2023-11-14,109.874,385850
tok04,2023-11-15,100.14,142157
tok04,2023-11-16,105.13,296873
tok04,2023-11-17,98.074,277709
tok04,2023-11-18,103.813,485169
tok04,2023-11-19,112.665,234947
tok04,2023-11-20,109.136,599981
tok04,2023-11-21,111.542,269929
tok04,2023-11-22,116.769,264082
tok04,2023-11-23,118.727,393082
tok04,2023-11-24,120.352,609800
tok04,2023-11-25,120.02,269422
tok04,2023-11-26,121.447,954704
tok04,2023-11-27,124.426,422591
tok04,2023-11-28,131.887,382827
tok04,2023-11-29,139.164,456882
tok04,2023-11-30,140.235,405126
tok04,2023-12-01,137.86,171312
tok04,2023-12-02,128.839,621857
tok04,2023-12-03,125.449,654494
tok04,2023-12-04,129.281,457780
tok04,2023-12-05,124.117,382320
tok04,2023-12-06,122.138,424635
tok04,2023-12-07,123.146,456943
tok04,2023-12-08,119.76,313521
tok04,2023-12-09,117.027,678811
tok04,2023-12-10,111.054,136005
tok04,2023-12-11,113.212,519381
tok04,2023-12-12,115.185,569656
tok04,2023-12-13,117.028,369479
tok04,2023-12-14,115.268,452149
tok04,2023-12-15,109.282,587768
tok04,2023-12-16,110.207,1008587
tok04,2023-12-17,107.56,394559
tok04,2023-12-18,114.366,932123
tok04,2023-12-19,105.735,356981
tok04,2023-12-20,108.079,475034
tok04,2023-12-21,110.073,419751
tok04,2023-12-22,109.341,868750
tok04,2023-12-23,110.421,196266
tok04,2023-12-24,113.146,163974
tok04,2023-12-25,105.907,494389
tok04,2023-12-26,104.094,413995
tok04,2023-12-27,99.388,404446
tok04,2023-12-28,101.447,582874
tok04,2023-12-29,101.618,217157
tok04,2023-12-30,95.417,431509
tok04,2023-12-31,88.791,808418
tok05,2021-01-01,100.356,263712
tok05,2021-01-02,98.492,320291
tok05,2021-01-03,100.156,268168
tok05,2021-01-04,100.726,418684
tok05,2021-01-05,101.209,500624
tok05,2021-01-06,99.775,616450
tok05,2021-01-07,106.761,400563
tok05,2021-01-08,107.656,639970
tok05,2021-01-09,102.399,294884
tok05,2021-01-10,103.746,265101
tok05,2021-01-11,104.668,468824
tok05,2021-01-12,101.375,894439
tok05,2021-01-13,100.521,697735
tok05,2021-01-14,96.326,716227
tok05,2021-01-15,97.172,359869
tok05,2021-01-16,94.625,743369
tok05,2021-01-17,89.882,386000
tok05,2021-01-18,88.323,174247
tok05,2021-01-19,91.421,303417
tok05,2021-01-20,89.951,295085
tok05,2021-01-21,93.215,465067
tok05,2021-01-22,94.136,293655
tok05,2021-01-23,89.59,432328
tok05,2021-01-24,86.283,537545
tok05,2021-01-25,88.232,737622
tok05,2021-01-26,90.815,1153507
tok05,2021-01-27,87.298,623495
tok05,2021-01-28,88.055,256734
tok05,2021-01-29,91.721,1655209
tok05,2021-01-30,89.709,528992
tok05,2021-01-31,94.772,507501
tok05,2021-02-01,88.783,264899
tok05,2021-02-02,90.492,271250
tok05,2021-02-03,93.191,953749
tok05,2021-02-04,89.726,723314
tok05,2021-02-05,91.813,356374
tok05,2021-02-06,93.134,635938
tok05,2021-02-07,89.164,411587
tok05,2021-02-08,85.72,1450245
tok05,2021-02-09,87.263,816146
tok05,2021-02-10,87.326,942039
tok05,2021-02-11,86.624,146502
tok05,2021-02-12,83.565,492787
tok05,2021-02-13,82.79,246873
tok05,2021-02-14,82.638,767846
tok05,2021-02-15,85.712,664097
tok05,2021-02-16,83.596,586051
tok05,2021-02-17,85.547,636061
tok05,2021-02-18,86.481,385013
tok05,2021-02-19,88.099,714211
tok05,2021-02-20,89.307,284187
tok05,2021-02-21,86.938,211863
tok05,2021-02-22,86.81,185123
tok05,2021-02-23,87.961,463272
tok05,2021-02-24,88.5,505933
tok05,2021-02-25,87.005,768417
tok05,2021-02-26,87.408,222184
tok05,2021-02-27,86.594,341772
tok05,2021-02-28,90.946,358696
tok05,2021-03-01,87.886,186096
tok05,2021-03-02,95.327,637469
tok05,2021-03-03,97.065,500605
tok05,2021-03-04,100.213,144065
tok05,2021-03-05,101.127,459872
tok05,2021-03-06,107.491,652293
tok05,2021-03-07,109.125,260815
tok05,2021-03-08,114.376,197696
tok05,2021-03-09,116.732,304964
tok05,2021-03-10,122.284,457664
tok05,2021-03-11,120.669,249557
tok05,2021-03-12,114.568,616314
tok05,2021-03-13,104.847,589717
tok05,2021-03-14,106.676,460958
tok05,2021-03-15,100.133,512556
tok05,2021-03-16,101.067,278133
tok05,2021-03-17,103.91,283770
tok05,2021-03-18,103.48,167093
tok05,2021-03-19,107.32,887047
tok05,2021-03-20,105.395,347629
tok05,2021-03-21,105.339,431015
tok05,2021-03-22,103.512,399388
tok05,2021-03-23,112.669,188917
tok05,2021-03-24,112.995,676526
tok05,2021-03-25,117.709,543522
tok05,2021-03-26,113.489,644468
tok05,2021-03-27,114.108,604838
tok05,2021-03-28,115.814,906856
tok05,2021-03-29,111.606,430744
tok05,2021-03-30,104.381,310688
tok05,2021-03-31,109.529,442659
tok05,2021-04-01,112.784,763644
tok05,2021-04-02,113.719,1309171
tok05,2021-04-03,113.814,337287
tok05,2021-04-04,113.228,573174
tok05,2021-04-05,119.939,748745
tok05,2021-04-06,109.643,561001
tok05,2021-04-07,113.781,863799
tok05,2021-04-08,108.946,396887
tok05,2021-04-09,106.476,487124
tok05,2021-04-10,101.135,529615
tok05,2021-04-11,101.931,555403
tok05,2021-04-12,105.434,510409
tok05,2021-04-13,107.435,1075383
tok05,2021-04-14,111.414,207459
tok05,2021-04-15,110.472,372280
tok05,2021-04-16,107.737,194679
tok05,2021-04-17,104.164,492486
tok05,2021-04-18,107.096,285983
tok05,2021-04-19,103.088,530134
tok05,2021-04-20,102.185,250950
tok05,2021-04-21,106.167,266631
tok05,2021-04-22,108.209,515768
tok05,2021-04-23,106.175,362785
tok05,2021-04-24,106.58,589290
tok05,2021-04-25,107.108,516632
tok05,2021-04-26,109.001,713087
tok05,2021-04-27,108.12,607493
tok05,2021-04-28,109.976,483522
tok05,2021-04-29,113.647,710760
tok05,2021-04-30,118.975,449595
tok05,2021-05-01,118.219,460391
tok05,2021-05-02,115.075,928249
tok05,2021-05-03,118.523,328185
tok05,2021-05-04,122.077,610524
tok05,2021-05-05,127.766,363003
tok05,2021-05-06,136.91,739692
tok05,2021-05-07,136.675,823974
tok05,2021-05-08,128.478,1205457
tok05,2021-05-09,125.357,578944
tok05,2021-05-10,119.509,476549
tok05,2021-05-11,120.868,415295
tok05,2021-05-12,123.735,947602
tok05,2021-05-13,120.115,891192
tok05,2021-05-14,108.969,1557051
tok05,2021-05-15,105.956,661603
tok05,2021-05-16,101.818,301205
tok05,2021-05-17,104.853,229345
tok05,2021-05-18,104.578,477270
tok05,2021-05-19,108.036,677241
tok05,2021-05-20,111.103,619734
tok05,2021-05-21,103.581,322335
tok05,2021-05-22,102.334,356265
tok05,2021-05-23,106.698,352111
tok05,2021-05-24,107.725,400744
tok05,2021-05-25,110.379,524630
tok05,2021-05-26,114.354,408565
tok05,2021-05-27,110.4,520309
tok05,2021-05-28,105.926,241041
tok05,2021-05-29,109.642,364798
tok05,2021-05-30,104.571,743424
tok05,2021-05-31,105.761,590991
tok05,2021-06-01,103.924,360819
tok05,2021-06-02,105.487,469907
tok05,2021-06-03,110.816,363528
tok05,2021-06-04,118.765,245482
tok05,2021-06-05,113.91,532676
tok05,2021-06-06,117.505,517354
tok05,2021-06-07,121.736,718227
tok05,2021-06-08,120.835,819410
tok05,2021-06-09,117.291,328441
tok05,2021-06-10,120.563,527160
tok05,2021-06-11,118.238,672962
tok05,2021-06-12,106.264,558959
tok05,2021-06-13,100.504,548654
tok05,2021-06-14,102.241,707617
tok05,2021-06-15,96.106,174848
tok05,2021-06-16,107.958,377693
tok05,2021-06-17,101.82,358751
tok05,2021-06-18,106.29,691292
tok05,2021-06-19,108.12,552039
tok05,2021-06-20,105.335,283744
tok05,2021-06-21,97.822,419136
tok05,2021-06-22,101.428,235836
tok05,2021-06-23,98.349,443389
tok05,2021-06-24,96.21,412414
tok05,2021-06-25,100.876,340145
tok05,2021-06-26,99.428,337686
tok05,2021-06-27,98.519,194950
tok05,2021-06-28,96.075,514094
tok05,2021-06-29,99.555,201156
tok05,2021-06-30,96.428,1173355
tok05,2021-07-01,95.54,484372
tok05,2021-07-02,107.188,376067
tok05,2021-07-03,105.148,935106
tok05,2021-07-04,107.68,129814
tok05,2021-07-05,111.122,345315
tok05,2021-07-06,112.581,496018
tok05,2021-07-07,113.99,754584
tok05,2021-07-08,110.526,653990
tok05,2021-07-09,114.258,825813
tok05,2021-07-10,111.349,262565
tok05,2021-07-11,110.826,761178
tok05,2021-07-12,113.698,631872
tok05,2021-07-13,116.008,702615
tok05,2021-07-14,108.557,407708
tok05,2021-07-15,102.725,337110
tok05,2021-07-16,106.486,458925
tok05,2021-07-17,104.951,592149
tok05,2021-07-18,97.381,379450
tok05,2021-07-19,95.63,262694
tok05,2021-07-20,96.232,233907
tok05,2021-07-21,105.809,523732
tok05,2021-07-22,103.004,362249
tok05,2021-07-23,97.582,607972
tok05,2021-07-24,100.319,427822
tok05,2021-07-25,99.048,345062
tok05,2021-07-26,107.669,504579
tok05,2021-07-27,110.346,609852
tok05,2021-07-28,106.865,681059
tok05,2021-07-29,106.944,460850
tok05,2021-07-30,105.755,324207
tok05,2021-07-31,112.279,553718
tok05,2021-08-01,108.053,453480
tok05,2021-08-02,98.439,591657
tok05,2021-08-03,100.367,766489
tok05,2021-08-04,100.278,393923
tok05,2021-08-05,102.034,231434
tok05,2021-08-06,103.373,534095
tok05,2021-08-07,100.573,703739
tok05,2021-08-08,93.551,307524
tok05,2021-08-09,90.855,554509
tok05,2021-08-10,90.732,547653
tok05,2021-08-11,91.934,764388
tok05,2021-08-12,88.293,443132
tok05,2021-08-13,88.671,415892
tok05,2021-08-14,87.482,452429
tok05,2021-08-15,86.735,474951
tok05,2021-08-16,85.97,342084
tok05,2021-08-17,84.082,819554
tok05,2021-08-18,79.965,748859
tok05,2021-08-19,76.303,397970
tok05,2021-08-20,79.373,317445
tok05,2021-08-21,77.395,230959
tok05,2021-08-22,84.729,506107
tok05,2021-08-23,85.967,357659
tok05,2021-08-24,82.149,460228
tok05,2021-08-25,79.291,303407
tok05,2021-08-26,82.896,553835
tok05,2021-08-27,87.823,921382
tok05,2021-08-28,82.906,918517
tok05,2021-08-29,82.651,498545
tok05,2021-08-30,82.473,374120
tok05,2021-08-31,81.32,715409
tok05,2021-09-01,82.343,648365
tok05,2021-09-02,85.286,315648
tok05,2021-09-03,84.565,385791
tok05,2021-09-04,85.635,342462
tok05,2021-09-05,90.161,475350
tok05,2021-09-06,85.596,534748
tok05,2021-09-07,90.996,1028260
tok05,2021-09-08,95.774,421107
tok05,2021-09-09,97.092,230269
tok05,2021-09-10,99.718,606178
tok05,2021-09-11,107.248,660352
tok05,2021-09-12,106.358,1179317
tok05,2021-09-13,104.972,211747
tok05,2021-09-14,107.965,443416
tok05,2021-09-15,101.118,423479
tok05,2021-09-16,97.703,418819
tok05,2021-09-17,92.751,634021
tok05,2021-09-18,89.7,518143
tok05,2021-09-19,93.117,808051
tok05,2021-09-20,88.801,203921
tok05,2021-09-21,90.479,269379
tok05,2021-09-22,91.725,415258
tok05,2021-09-23,84.689,770380
tok05,2021-09-24,82.312,292092
tok05,2021-09-25,83.956,278972
tok05,2021-09-26,79.33,281178
tok05,2021-09-27,77.435,1448114
tok05,2021-09-28,81.173,678867
tok05,2021-09-29,79.681,400811
tok05,2021-09-30,84.29,320384
tok05,2021-10-01,87.939,200402
tok05,2021-10-02,94.069,238474
tok05,2021-10-03,92.549,238304
tok05,2021-10-04,95.482,258260
tok05,2021-10-05,97.468,745938
tok05,2021-10-06,99.209,422158
tok05,2021-10-07,98.555,233487
tok05,2021-10-08,103.229,1171956
tok05,2021-10-09,99.448,286661
tok05,2021-10-10,101.993,673545
tok05,2021-10-11,107.812,594723
tok05,2021-10-12,107.883,395237
tok05,2021-10-13,107.774,538780
tok05,2021-10-14,103.644,605480
tok05,2021-10-15,110.389,479776
tok05,2021-10-16,101.947,516790
tok05,2021-10-17,100.886,1281017
tok05,2021-10-18,104.976,468500
tok05,2021-10-19,106.715,794247
tok05,2021-10-20,106.169,556914
tok05,2021-10-21,111.703,762470
tok05,2021-10-22,111.062,414693
tok05,2021-10-23,105.924,951664
tok05,2021-10-24,104.518,274394
tok05,2021-10-25,103.884,505053
tok05,2021-10-26,101.897,1296026
tok05,2021-10-27,99.498,330995
tok05,2021-10-28,105.301,566406
tok05,2021-10-29,107.03,228645
tok05,2021-10-30,103.036,663545
tok05,2021-10-31,101.856,340932
tok05,2021-11-01,101.754,221052
tok05,2021-11-02,100.505,629509
tok05,2021-11-03,99.545,478770
tok05,2021-11-04,99.71,385388
tok05,2021-11-05,102.29,278502
tok05,2021-11-06,109.855,250939
tok05,2021-11-07,98.576,564236
tok05,2021-11-08,104.726,913383
tok05,2021-11-09,102.814,553543
tok05,2021-11-10,102.823,1395914
tok05,2021-11-11,107.156,282442
tok05,2021-11-12,107.283,324381
tok05,2021-11-13,106.318,755817
tok05,2021-11-14,106.698,744108
tok05,2021-11-15,104.87,414683
tok05,2021-11-16,103.099,283156
tok05,2021-11-17,107.129,517218
tok05,2021-11-18,99.811,413571
tok05,2021-11-19,99.466,262656
tok05,2021-11-20,95.504,225915
tok05,2021-11-21,91.844,571055
tok05,2021-11-22,93.636,399424
tok05,2021-11-23,92.742,341811
tok05,2021-11-24,95.716,615312
tok05,2021-11-25,94.484,1091704
tok05,2021-11-26,97.413,1011189
tok05,2021-11-27,100.645,312369
tok05,2021-11-28,99.569,318590
tok05,2021-11-29,101.231,815480
tok05,2021-11-30,102.213,248400
tok05,2021-12-01,104.725,1047002
tok05,2021-12-02,98.953,1218301
tok05,2021-12-03,103.972,858250
tok05,2021-12-04,107.855,457334
tok05,2021-12-05,111.49,1574062
tok05,2021-12-06,98.207,388081
tok05,2021-12-07,102.099,207207
tok05,2021-12-08,96.988,352754
tok05,2021-12-09,96.786,324375
tok05,2021-12-10,94.822,433662
tok05,2021-12-11,96.941,360671
tok05,2021-12-12,101.113,61297
tok05,2021-12-13,100.509,618135
tok05,2021-12-14,101.386,159933
tok05,2021-12-15,100.35,182733
tok05,2021-12-16,106.204,662874
tok05,2021-12-17,109.185,475875
tok05,2021-12-18,105.01,283429
tok05,2021-12-19,108.158,299234
tok05,2021-12-20,112.094,348264
tok05,2021-12-21,115.221,199068
tok05,2021-12-22,121.578,792045
tok05,2021-12-23,118.53,341869
tok05,2021-12-24,121.75,577356
tok05,2021-12-25,120.572,517889
tok05,2021-12-26,120.227,911225
tok05,2021-12-27,133.355,315352
tok05,2021-12-28,137.883,515725
tok05,2021-12-29,145.7,741797
tok05,2021-12-30,152.644,1352792
tok05,2021-12-31,155.397,364765
tok05,2022-01-01,151.764,351400
tok05,2022-01-02,157.119,185015
tok05,2022-01-03,161.411,415198
tok05,2022-01-04,168.594,249641
tok05,2022-01-05,160.526,648633
tok05,2022-01-06,160.683,443284
tok05,2022-01-07,169.666,685651
tok05,2022-01-08,168.618,572264
tok05,2022-01-09,168.066,843838
tok05,2022-01-10,177.023,528820
tok05,2022-01-11,184.574,309674
tok05,2022-01-12,191.064,220167
tok05,2022-01-13,206.06,774173
tok05,2022-01-14,211.407,507294
tok05,2022-01-15,224.433,139168
tok05,2022-01-16,217.623,780046
tok05,2022-01-17,213.777,372778
tok05,2022-01-18,225.347,413023
tok05,2022-01-19,218.025,250007
tok05,2022-01-20,206.666,704889
tok05,2022-01-21,211.64,397693
tok05,2022-01-22,220.39,184546
tok05,2022-01-23,214.566,1609671
tok05,2022-01-24,212.652,213649
tok05,2022-01-25,215.457,321805
tok05,2022-01-26,214.351,679873
tok05,2022-01-27,213.835,241810
tok05,2022-01-28,214.518,1856405
tok05,2022-01-29,208.125,510476
tok05,2022-01-30,197.525,1226673
tok05,2022-01-31,191.118,511803
tok05,2022-02-01,201.74,290465
tok05,2022-02-02,199.259,764346
tok05,2022-02-03,207.58,647025
tok05,2022-02-04,213.337,1115559
tok05,2022-02-05,218.315,516982
tok05,2022-02-06,232.839,706243
tok05,2022-02-07,247.13,839062
tok05,2022-02-08,247.067,258582
tok05,2022-02-09,264.132,330479
tok05,2022-02-10,254.694,488251
tok05,2022-02-11,266.75,703582
tok05,2022-02-12,281.462,214275
tok05,2022-02-13,291.22,201611
tok05,2022-02-14,296.306,537979
tok05,2022-02-15,303.033,103892
tok05,2022-02-16,309.687,585728
tok05,2022-02-17,293.46,182002
tok05,2022-02-18,334.32,276209
tok05,2022-02-19,336.897,715429
tok05,2022-02-20,347.801,839578
tok05,2022-02-21,357.472,326066
tok05,2022-02-22,378.659,567239
tok05,2022-02-23,361.795,457248
tok05,2022-02-24,368.43,187361
tok05,2022-02-25,373.139,623701
tok05,2022-02-26,367.339,406110
tok05,2022-02-27,355.755,1095347
tok05,2022-02-28,365.443,263078
tok05,2022-03-01,371.548,385582
tok05,2022-03-02,377.913,1054439
tok05,2022-03-03,369.559,124788
tok05,2022-03-04,381.071,583286
tok05,2022-03-05,357.14,625150
tok05,2022-03-06,359.898,311250
tok05,2022-03-07,343.093,315611
tok05,2022-03-08,351.78,1239743
tok05,2022-03-09,376.07,1604483
tok05,2022-03-10,367.627,542877
tok05,2022-03-11,370.131,272535
tok05,2022-03-12,377.058,454253
tok05,2022-03-13,381.709,690845
tok05,2022-03-14,380.05,697801
tok05,2022-03-15,373.635,648104
tok05,2022-03-16,369.799,275036
tok05,2022-03-17,369.18,531940
tok05,2022-03-18,344.229,467823
tok05,2022-03-19,361.823,312591
tok05,2022-03-20,371.43,311099
tok05,2022-03-21,374.2,279303
tok05,2022-03-22,330.775,389007
tok05,2022-03-23,316.591,361831
tok05,2022-03-24,307.377,543802
tok05,2022-03-25,305.904,1634944
tok05,2022-03-26,316.576,348695
tok05,2022-03-27,299.969,338991
tok05,2022-03-28,293.715,304927
tok05,2022-03-29,300.595,732128
tok05,2022-03-30,308.147,460890
tok05,2022-03-31,302.502,385343
tok05,2022-04-01,318.462,450566
tok05,2022-04-02,304.028,430805
tok05,2022-04-03,303.182,1667119
tok05,2022-04-04,287.073,355654
tok05,2022-04-05,282.701,314667
tok05,2022-04-06,290.07,583452
tok05,2022-04-07,295.147,423444
tok05,2022-04-08,309.767,481069
tok05,2022-04-09,290.675,188018
tok05,2022-04-10,283.224,231861
tok05,2022-04-11,283.977,775087
tok05,2022-04-12,286.343,327689
tok05,2022-04-13,287.799,1137759
tok05,2022-04-14,283.473,222534
tok05,2022-04-15,266.784,741938
tok05,2022-04-16,274.237,404609
tok05,2022-04-17,275.766,106641
tok05,2022-04-18,289.206,258437
tok05,2022-04-19,275.248,446527
tok05,2022-04-20,275.279,221026
tok05,2022-04-21,282.209,251355
tok05,2022-04-22,290.185,485041
tok05,2022-04-23,289.277,1086389
tok05,2022-04-24,291.657,790194
tok05,2022-04-25,287.042,355416
tok05,2022-04-26,284.991,313116
tok05,2022-04-27,288.914,400921
tok05,2022-04-28,297.0,385997
tok05,2022-04-29,312.432,835928
tok05,2022-04-30,320.202,404813
tok05,2022-05-01,324.673,784596
tok05,2022-05-02,330.096,531699
tok05,2022-05-03,338.655,442636
tok05,2022-05-04,342.99,836777
tok05,2022-05-05,337.859,441003
tok05,2022-05-06,343.081,610461
tok05,2022-05-07,351.607,719318
tok05,2022-05-08,354.408,266911
tok05,2022-05-09,363.551,1445787
tok05,2022-05-10,385.411,285182
tok05,2022-05-11,399.498,521896
tok05,2022-05-12,384.591,587160
tok05,2022-05-13,419.315,957260
tok05,2022-05-14,386.732,836137
tok05,2022-05-15,381.387,300158
tok05,2022-05-16,384.66,429739
tok05,2022-05-17,388.783,342563
tok05,2022-05-18,352.734,310726
tok05,2022-05-19,359.66,643007
tok05,2022-05-20,349.425,374552
tok05,2022-05-21,341.203,294089
tok05,2022-05-22,323.212,195867
tok05,2022-05-23,351.877,250030
tok05,2022-05-24,352.919,179561
tok05,2022-05-25,356.978,374112
tok05,2022-05-26,363.017,722303
tok05,2022-05-27,382.495,393253
tok05,2022-05-28,393.356,749549
tok05,2022-05-29,412.744,425799
tok05,2022-05-30,422.632,357996
tok05,2022-05-31,410.398,768910
tok05,2022-06-01,389.112,774393
tok05,2022-06-02,380.496,576504
tok05,2022-06-03,380.453,775547
tok05,2022-06-04,414.075,378318
tok05,2022-06-05,427.076,262249
tok05,2022-06-06,431.83,526731
tok05,2022-06-07,448.835,300696
tok05,2022-06-08,482.405,421328
tok05,2022-06-09,448.834,377588
tok05,2022-06-10,420.724,1076847
tok05,2022-06-11,429.928,388878
tok05,2022-06-12,432.059,148838
tok05,2022-06-13,442.318,405782
tok05,2022-06-14,428.004,223355
tok05,2022-06-15,405.922,1032980
tok05,2022-06-16,415.112,396955
tok05,2022-06-17,413.966,409376
tok05,2022-06-18,392.535,1065027
tok05,2022-06-19,377.015,453924
tok05,2022-06-20,392.45,179204
tok05,2022-06-21,375.219,588866
tok05,2022-06-22,360.541,442111
tok05,2022-06-23,354.024,529501
tok05,2022-06-24,372.696,343489
tok05,2022-06-25,381.015,653307
tok05,2022-06-26,384.957,436869
tok05,2022-06-27,383.566,485513
tok05,2022-06-28,380.575,365026
tok05,2022-06-29,354.91,686047
tok05,2022-06-30,353.508,489211
tok05,2022-07-01,377.513,442462
tok05,2022-07-02,373.099,579399
tok05,2022-07-03,368.995,496017
tok05,2022-07-04,371.795,353011
tok05,2022-07-05,376.549,608887
tok05,2022-07-06,377.378,265528
tok05,2022-07-07,363.206,700087
tok05,2022-07-08,367.619,793637
tok05,2022-07-09,381.286,621097
tok05,2022-07-10,358.014,600692
tok05,2022-07-11,356.851,453792
tok05,2022-07-12,352.613,444596
tok05,2022-07-13,350.808,391875
tok05,2022-07-14,352.988,424497
tok05,2022-07-15,354.523,221818
tok05,2022-07-16,356.068,971055
tok05,2022-07-17,366.55,296888
tok05,2022-07-18,361.492,560803
tok05,2022-07-19,361.957,740248
tok05,2022-07-20,335.483,354297
tok05,2022-07-21,326.699,1340851
tok05,2022-07-22,329.672,232933
tok05,2022-07-23,336.819,409406
tok05,2022-07-24,343.983,386586
tok05,2022-07-25,323.787,230464
tok05,2022-07-26,309.961,263644
tok05,2022-07-27,288.978,190316
tok05,2022-07-28,314.959,691093
tok05,2022-07-29,329.701,330097
tok05,2022-07-30,307.444,432522
tok05,2022-07-31,276.141,353902
tok05,2022-08-01,273.15,688444
tok05,2022-08-02,272.431,192416
tok05,2022-08-03,264.785,369984
tok05,2022-08-04,265.072,681905
tok05,2022-08-05,261.846,274347
tok05,2022-08-06,278.445,509396
tok05,2022-08-07,278.247,166176
tok05,2022-08-08,280.863,580779
tok05,2022-08-09,274.14,644430
tok05,2022-08-10,264.938,662726
tok05,2022-08-11,270.382,198664
tok05,2022-08-12,273.074,702104
tok05,2022-08-13,267.73,732568
tok05,2022-08-14,269.517,538434
tok05,2022-08-15,276.003,136113
tok05,2022-08-16,287.514,759666
tok05,2022-08-17,273.719,439501
tok05,2022-08-18,289.112,337643
tok05,2022-08-19,297.719,622420
tok05,2022-08-20,301.629,752802
tok05,2022-08-21,307.85,689665
tok05,2022-08-22,310.733,240483
tok05,2022-08-23,288.581,425566
tok05,2022-08-24,282.977,466615
tok05,2022-08-25,296.011,719450
tok05,2022-08-26,283.205,546009
tok05,2022-08-27,298.005,512863
tok05,2022-08-28,307.588,647993
tok05,2022-08-29,308.661,363299
tok05,2022-08-30,280.894,428051
tok05,2022-08-31,296.034,117749
tok05,2022-09-01,295.288,388145
tok05,2022-09-02,291.97,293001
tok05,2022-09-03,289.284,692252
tok05,2022-09-04,306.463,541098
tok05,2022-09-05,311.789,449978
tok05,2022-09-06,313.483,697984
tok05,2022-09-07,310.894,387079
tok05,2022-09-08,329.134,524173
tok05,2022-09-09,348.413,722103
tok05,2022-09-10,338.999,275272
tok05,2022-09-11,327.175,532284
tok05,2022-09-12,313.152,226847
tok05,2022-09-13,335.441,355283
tok05,2022-09-14,327.198,226162
tok05,2022-09-15,325.676,379229
tok05,2022-09-16,339.099,368687
tok05,2022-09-17,337.625,624108
tok05,2022-09-18,318.754,373831
tok05,2022-09-19,307.648,240605
tok05,2022-09-20,310.454,349543
tok05,2022-09-21,323.161,360433
tok05,2022-09-22,331.711,327189
tok05,2022-09-23,327.989,250037
tok05,2022-09-24,349.013,499399
tok05,2022-09-25,333.328,742110
tok05,2022-09-26,313.737,488020
tok05,2022-09-27,301.685,521005
tok05,2022-09-28,277.311,635177
tok05,2022-09-29,271.036,302474
tok05,2022-09-30,268.405,1074840
tok05,2022-10-01,274.013,678788
tok05,2022-10-02,261.108,909882
tok05,2022-10-03,252.99,317229
tok05,2022-10-04,256.571,716106
tok05,2022-10-05,280.81,800232
tok05,2022-10-06,284.437,280713
tok05,2022-10-07,287.774,211889
tok05,2022-10-08,304.887,452783
tok05,2022-10-09,307.502,569873
tok05,2022-10-10,328.43,403490
tok05,2022-10-11,340.349,198536
tok05,2022-10-12,330.938,384131
tok05,2022-10-13,325.182,302175
tok05,2022-10-14,295.572,402369
tok05,2022-10-15,302.307,1113497
tok05,2022-10-16,311.031,811360
tok05,2022-10-17,308.838,302431
tok05,2022-10-18,295.12,606302
tok05,2022-10-19,300.794,641933
tok05,2022-10-20,293.59,385447
tok05,2022-10-21,292.303,421322
tok05,2022-10-22,292.116,319992
tok05,2022-10-23,297.194,489704
tok05,2022-10-24,289.824,416197
tok05,2022-10-25,293.01,440586
tok05,2022-10-26,286.681,988440
tok05,2022-10-27,291.502,590459
tok05,2022-10-28,290.705,401395
tok05,2022-10-29,294.725,795506
tok05,2022-10-30,290.493,193159
tok05,2022-10-31,292.324,366892
tok05,2022-11-01,292.361,500344
tok05,2022-11-02,272.921,646308
tok05,2022-11-03,258.261,646824
tok05,2022-11-04,248.223,248118
tok05,2022-11-05,242.529,640074
tok05,2022-11-06,241.853,767172
tok05,2022-11-07,238.144,556230
tok05,2022-11-08,262.898,329930
tok05,2022-11-09,271.035,378243
tok05,2022-11-10,275.465,352506
tok05,2022-11-11,287.972,552182
tok05,2022-11-12,297.93,408415
tok05,2022-11-13,310.722,408107
tok05,2022-11-14,316.406,936512
tok05,2022-11-15,315.054,224437
tok05,2022-11-16,313.9,638125
tok05,2022-11-17,312.088,233745
tok05,2022-11-18,305.85,244229
tok05,2022-11-19,302.112,698323
tok05,2022-11-20,320.986,913584
tok05,2022-11-21,321.148,418402
tok05,2022-11-22,335.875,283367
tok05,2022-11-23,351.295,192692
tok05,2022-11-24,367.993,248952
tok05,2022-11-25,373.043,374531
tok05,2022-11-26,364.429,416950
tok05,2022-11-27,356.483,849718
tok05,2022-11-28,350.17,286647
tok05,2022-11-29,349.074,849518
tok05,2022-11-30,355.274,282900
tok05,2022-12-01,360.098,1109588
tok05,2022-12-02,371.299,566696
tok05,2022-12-03,362.836,283388
tok05,2022-12-04,351.204,847326
tok05,2022-12-05,332.242,414404
tok05,2022-12-06,333.509,427068
tok05,2022-12-07,334.787,682188
tok05,2022-12-08,343.308,273803
tok05,2022-12-09,335.528,721955
tok05,2022-12-10,300.402,401525
tok05,2022-12-11,313.401,300995
tok05,2022-12-12,323.06,518978
tok05,2022-12-13,337.04,482169
tok05,2022-12-14,334.95,401846
tok05,2022-12-15,342.422,576418
tok05,2022-12-16,331.545,744731
tok05,2022-12-17,329.309,261366
tok05,2022-12-18,332.028,583393
tok05,2022-12-19,342.288,1290156
tok05,2022-12-20,320.023,686560
tok05,2022-12-21,323.495,555923
tok05,2022-12-22,317.137,359690
tok05,2022-12-23,295.72,1021194
tok05,2022-12-24,296.914,272007
tok05,2022-12-25,299.595,459881
tok05,2022-12-26,297.839,423689
tok05,2022-12-27,302.46,759257
tok05,2022-12-28,284.864,219603
tok05,2022-12-29,305.527,352443
tok05,2022-12-30,279.531,400261
tok05,2022-12-31,290.506,522589
tok05,2023-01-01,325.483,382659
tok05,2023-01-02,324.296,289906
tok05,2023-01-03,318.29,387556
tok05,2023-01-04,324.412,537305
tok05,2023-01-05,331.977,550635
tok05,2023-01-06,343.737,521581
tok05,2023-01-07,337.896,344547
tok05,2023-01-08,335.804,352126
tok05,2023-01-09,340.13,306054
tok05,2023-01-10,361.057,192486
tok05,2023-01-11,364.48,412396
tok05,2023-01-12,349.094,318323
tok05,2023-01-13,339.525,239543
tok05,2023-01-14,345.914,241289
tok05,2023-01-15,348.132,556467
tok05,2023-01-16,357.343,917113
tok05,2023-01-17,368.595,425355
tok05,2023-01-18,360.333,335269
tok05,2023-01-19,333.952,667409
tok05,2023-01-20,328.629,1041416
tok05,2023-01-21,315.767,779435
tok05,2023-01-22,310.139,474371
tok05,2023-01-23,314.0,521308
tok05,2023-01-24,312.994,189589
tok05,2023-01-25,288.633,194850
tok05,2023-01-26,292.145,494493
tok05,2023-01-27,295.237,649446
tok05,2023-01-28,323.66,604935
tok05,2023-01-29,325.227,311003
tok05,2023-01-30,318.215,325677
tok05,2023-01-31,309.288,516308
tok05,2023-02-01,293.982,766990
tok05,2023-02-02,287.338,536037
tok05,2023-02-03,272.598,259759
tok05,2023-02-04,274.463,399926
tok05,2023-02-05,271.72,562800
tok05,2023-02-06,278.385,360152
tok05,2023-02-07,288.848,110725
tok05,2023-02-08,291.072,161033
tok05,2023-02-09,279.906,484673
tok05,2023-02-10,290.717,775941
tok05,2023-02-11,286.054,233592
tok05,2023-02-12,296.63,1319180
tok05,2023-02-13,296.187,393099
tok05,2023-02-14,319.43,281008
tok05,2023-02-15,342.384,409752
tok05,2023-02-16,321.696,510533
tok05,2023-02-17,329.889,301338
tok05,2023-02-18,344.542,221385
tok05,2023-02-19,383.787,245749
tok05,2023-02-20,379.636,845353
tok05,2023-02-21,395.399,560177
tok05,2023-02-22,388.316,535491
tok05,2023-02-23,386.27,361782
tok05,2023-02-24,394.018,649777
tok05,2023-02-25,386.362,365109
tok05,2023-02-26,400.589,619692
tok05,2023-02-27,400.714,604376
tok05,2023-02-28,378.629,435284
tok05,2023-03-01,387.351,494762
tok05,2023-03-02,407.601,216940
tok05,2023-03-03,429.852,316687
tok05,2023-03-04,448.762,408001
tok05,2023-03-05,435.358,312950
tok05,2023-03-06,427.022,542912
tok05,2023-03-07,441.745,430669
tok05,2023-03-08,446.673,647133
tok05,2023-03-09,436.045,438037
tok05,2023-03-10,441.289,199119
tok05,2023-03-11,459.493,1252027
tok05,2023-03-12,473.735,711658
tok05,2023-03-13,484.569,659343
tok05,2023-03-14,497.416,362394
tok05,2023-03-15,502.485,360133
tok05,2023-03-16,517.1,366117
tok05,2023-03-17,530.995,1136793
tok05,2023-03-18,545.336,501864
tok05,2023-03-19,543.06,422509
tok05,2023-03-20,556.375,306563
tok05,2023-03-21,561.471,277910
tok05,2023-03-22,585.1,927708
tok05,2023-03-23,599.52,378436
tok05,2023-03-24,596.683,588008
tok05,2023-03-25,590.626,345898
tok05,2023-03-26,592.37,300079
tok05,2023-03-27,624.064,706301
tok05,2023-03-28,587.329,416925
tok05,2023-03-29,628.862,1541737
tok05,2023-03-30,622.194,634833
tok05,2023-03-31,612.876,479466
tok05,2023-04-01,608.464,230954
tok05,2023-04-02,601.589,386048
tok05,2023-04-03,565.627,213744
tok05,2023-04-04,553.756,217562
tok05,2023-04-05,598.833,293446
tok05,2023-04-06,610.508,314087
tok05,2023-04-07,602.896,526382
tok05,2023-04-08,598.334,683413
tok05,2023-04-09,652.032,789849
tok05,2023-04-10,672.845,492561
tok05,2023-04-11,688.873,492242
tok05,2023-04-12,695.696,1263419
tok05,2023-04-13,664.171,494484
tok05,2023-04-14,675.05,282174
tok05,2023-04-15,683.631,1151095
tok05,2023-04-16,690.372,376178
tok05,2023-04-17,705.645,380364
tok05,2023-04-18,718.568,735394
tok05,2023-04-19,707.8,541496
tok05,2023-04-20,691.164,336354
tok05,2023-04-21,702.826,364877
tok05,2023-04-22,661.033,642692
tok05,2023-04-23,643.753,153917
tok05,2023-04-24,690.795,529032
tok05,2023-04-25,653.401,931216
tok05,2023-04-26,643.528,146220
tok05,2023-04-27,603.222,294583
tok05,2023-04-28,634.119,466171
tok05,2023-04-29,647.245,875670
tok05,2023-04-30,641.722,1097810
tok05,2023-05-01,614.181,1798687
tok05,2023-05-02,553.223,877238
tok05,2023-05-03,545.026,209127
tok05,2023-05-04,571.833,333433
tok05,2023-05-05,577.471,565393
tok05,2023-05-06,601.117,408798
tok05,2023-05-07,594.075,449752
tok05,2023-05-08,607.799,580345
tok05,2023-05-09,653.216,945076
tok05,2023-05-10,620.192,403925
tok05,2023-05-11,615.422,404966
tok05,2023-05-12,601.402,246936
tok05,2023-05-13,578.335,881458
tok05,2023-05-14,591.661,311387
tok05,2023-05-15,625.288,295355
tok05,2023-05-16,650.423,456390
tok05,2023-05-17,687.216,775515
tok05,2023-05-18,605.445,682021
tok05,2023-05-19,602.879,530653
tok05,2023-05-20,582.418,856548
tok05,2023-05-21,610.516,345510
tok05,2023-05-22,599.21,319537
tok05,2023-05-23,621.916,310436
tok05,2023-05-24,662.172,1688582
tok05,2023-05-25,701.188,263398
tok05,2023-05-26,708.513,191024
tok05,2023-05-27,697.26,266171
tok05,2023-05-28,690.35,297636
tok05,2023-05-29,733.491,456959
tok05,2023-05-30,704.633,944101
tok05,2023-05-31,708.734,400660
tok05,2023-06-01,699.579,477759
tok05,2023-06-02,671.747,281734
tok05,2023-06-03,729.048,608993
tok05,2023-06-04,724.321,243350
tok05,2023-06-05,759.016,366319
tok05,2023-06-06,751.899,263947
tok05,2023-06-07,764.382,291005
tok05,2023-06-08,764.707,518571
tok05,2023-06-09,761.401,705484
tok05,2023-06-10,774.991,631428
tok05,2023-06-11,812.089,134754
tok05,2023-06-12,850.223,513117
tok05,2023-06-13,832.366,472362
tok05,2023-06-14,819.975,295832
tok05,2023-06-15,890.024,242103
tok05,2023-06-16,923.915,729795
tok05,2023-06-17,997.069,157274
tok05,2023-06-18,1008.758,264875
tok05,2023-06-19,1005.911,615788
tok05,2023-06-20,1015.442,268383
tok05,2023-06-21,1013.605,345594
tok05,2023-06-22,987.497,407386
tok05,2023-06-23,1021.208,387625
tok05,2023-06-24,1094.071,338343
tok05,2023-06-25,973.444,279289
tok05,2023-06-26,970.414,370592
tok05,2023-06-27,980.308,520594
tok05,2023-06-28,935.627,624538
tok05,2023-06-29,941.751,588443
tok05,2023-06-30,935.744,393833
tok05,2023-07-01,950.139,382102
tok05,2023-07-02,972.943,330164
tok05,2023-07-03,937.797,194002
tok05,2023-07-04,921.759,256196
tok05,2023-07-05,954.147,659912
tok05,2023-07-06,936.284,358425
tok05,2023-07-07,958.515,426995
tok05,2023-07-08,911.336,243020
tok05,2023-07-09,995.723,306622
tok05,2023-07-10,946.695,474583
tok05,2023-07-11,1031.765,299760
tok05,2023-07-12,1015.053,620913
tok05,2023-07-13,1107.44,933913
tok05,2023-07-14,1143.852,208788
tok05,2023-07-15,1165.09,258039
tok05,2023-07-16,1112.865,273929
tok05,2023-07-17,1113.169,489468
tok05,2023-07-18,1069.285,365969
tok05,2023-07-19,1074.386,461086
tok05,2023-07-20,1129.571,670350
tok05,2023-07-21,1157.1,537587
tok05,2023-07-22,1207.706,439466
tok05,2023-07-23,1184.315,333074
tok05,2023-07-24,1209.028,324867
tok05,2023-07-25,1138.831,407100
tok05,2023-07-26,1149.421,551964
tok05,2023-07-27,1105.449,225073
tok05,2023-07-28,1114.565,1155680
tok05,2023-07-29,1108.022,519832
tok05,2023-07-30,1133.507,535049
tok05,2023-07-31,1114.518,262659
tok05,2023-08-01,1087.809,441830
tok05,2023-08-02,1081.166,538949
tok05,2023-08-03,1090.277,201097
tok05,2023-08-04,1111.827,255377
tok05,2023-08-05,1222.762,551954
tok05,2023-08-06,1260.869,290443
tok05,2023-08-07,1322.153,593850
tok05,2023-08-08,1305.011,884394
tok05,2023-08-09,1327.551,306472
tok05,2023-08-10,1295.921,321469
tok05,2023-08-11,1349.824,823402
tok05,2023-08-12,1273.43,322794
tok05,2023-08-13,1334.621,1020107
tok05,2023-08-14,1347.934,501548
tok05,2023-08-15,1345.331,1149975
tok05,2023-08-16,1274.701,377682
tok05,2023-08-17,1308.009,310047
tok05,2023-08-18,1309.334,433842
tok05,2023-08-19,1406.88,1568092
tok05,2023-08-20,1498.658,363398
tok05,2023-08-21,1436.524,1156911
tok05,2023-08-22,1478.55,190819
tok05,2023-08-23,1507.441,822623
tok05,2023-08-24,1547.958,342010
tok05,2023-08-25,1454.852,353231
tok05,2023-08-26,1484.594,496718
tok05,2023-08-27,1472.388,269764
tok05,2023-08-28,1281.251,171817
tok05,2023-08-29,1281.696,629699
tok05,2023-08-30,1373.594,452484
tok05,2023-08-31,1392.969,376972
tok05,2023-09-01,1340.591,566068
tok05,2023-09-02,1368.476,326004
tok05,2023-09-03,1470.71,249382
tok05,2023-09-04,1535.314,917964
tok05,2023-09-05,1494.836,495373
tok05,2023-09-06,1509.417,417050
tok05,2023-09-07,1552.759,375066
tok05,2023-09-08,1586.466,458799
tok05,2023-09-09,1557.677,573178
tok05,2023-09-10,1565.157,442764
tok05,2023-09-11,1544.836,642021
tok05,2023-09-12,1534.497,598150
tok05,2023-09-13,1553.305,727934
tok05,2023-09-14,1542.126,1120786
tok05,2023-09-15,1519.694,450779
tok05,2023-09-16,1334.383,530153
tok05,2023-09-17,1297.451,299645
tok05,2023-09-18,1219.669,1033273
tok05,2023-09-19,1229.938,472623
tok05,2023-09-20,1273.069,189247
tok05,2023-09-21,1180.421,385622
tok05,2023-09-22,1196.839,377644
tok05,2023-09-23,1150.479,271548
tok05,2023-09-24,1156.441,454295
tok05,2023-09-25,1080.924,1959355
tok05,2023-09-26,1099.202,481175
tok05,2023-09-27,1055.788,736065
tok05,2023-09-28,1074.017,229521
tok05,2023-09-29,1035.963,458707
tok05,2023-09-30,974.682,489619
tok05,2023-10-01,954.683,389953
tok05,2023-10-02,942.018,717932
tok05,2023-10-03,988.989,349191
tok05,2023-10-04,988.851,653142
tok05,2023-10-05,983.427,498373
tok05,2023-10-06,960.4,204607
tok05,2023-10-07,912.339,793052
tok05,2023-10-08,907.704,1006952
tok05,2023-10-09,911.121,528992
tok05,2023-10-10,917.857,339156
tok05,2023-10-11,939.858,407088
tok05,2023-10-12,946.678,339592
tok05,2023-10-13,1000.45,410721
tok05,2023-10-14,1003.362,725677
tok05,2023-10-15,1008.371,521095
tok05,2023-10-16,1063.794,330675
tok05,2023-10-17,1170.942,534782
tok05,2023-10-18,1210.702,570867
tok05,2023-10-19,1216.501,677346
tok05,2023-10-20,1110.588,806342
tok05,2023-10-21,1110.944,316739
tok05,2023-10-22,1136.481,163014
tok05,2023-10-23,1105.041,337905
tok05,2023-10-24,1101.746,485614
tok05,2023-10-25,1153.834,212468
tok05,2023-10-26,1197.309,520866
tok05,2023-10-27,1241.414,1052126
tok05,2023-10-28,1289.098,322010
tok05,2023-10-29,1389.129,256423
tok05,2023-10-30,1382.56,281729
tok05,2023-10-31,1401.069,528900
tok05,2023-11-01,1391.077,471856
tok05,2023-11-02,1424.542,384526
tok05,2023-11-03,1468.897,921694
tok05,2023-11-04,1454.506,621761
tok05,2023-11-05,1399.42,580855
tok05,2023-11-06,1436.315,270825
tok05,2023-11-07,1461.269,292057
tok05,2023-11-08,1392.794,246061
tok05,2023-11-09,1427.132,216095
tok05,2023-11-10,1336.302,748789
tok05,2023-11-11,1359.911,597719
tok05,2023-11-12,1366.01,500315
tok05,2023-11-13,1329.576,316347
tok05,2023-11-14,1336.502,464261
tok05,2023-11-15,1263.468,1150288
tok05,2023-11-16,1129.949,259270
tok05,2023-11-17,1091.014,393763
tok05,2023-11-18,1082.337,672204
tok05,2023-11-19,1094.677,344243
tok05,2023-11-20,1102.812,319537
tok05,2023-11-21,1103.131,525549
tok05,2023-11-22,1161.864,745360
tok05,2023-11-23,1156.55,849728
tok05,2023-11-24,1192.492,279829
tok05,2023-11-25,1152.05,240946
tok05,2023-11-26,1105.582,311136
tok05,2023-11-27,1103.037,163543
tok05,2023-11-28,1089.673,490511
tok05,2023-11-29,1168.172,351569
tok05,2023-11-30,1238.118,421816
tok05,2023-12-01,1300.477,184030
tok05,2023-12-02,1303.849,341987
tok05,2023-12-03,1236.844,463425
tok05,2023-12-04,1272.543,309364
tok05,2023-12-05,1339.112,981039
tok05,2023-12-06,1271.671,302548
tok05,2023-12-07,1255.416,400058
tok05,2023-12-08,1303.68,384475
tok05,2023-12-09,1304.517,491292
tok05,2023-12-10,1336.794,368838
tok05,2023-12-11,1321.013,439179
tok05,2023-12-12,1332.973,328006
tok05,2023-12-13,1385.194,701757
tok05,2023-12-14,1309.95,231125
tok05,2023-12-15,1180.842,357807
tok05,2023-12-16,1169.912,432502
tok05,2023-12-17,1175.759,1145057
tok05,2023-12-18,1201.011,580383
tok05,2023-12-19,1261.95,529828
tok05,2023-12-20,1235.915,541766
tok05,2023-12-21,1227.998,790728
tok05,2023-12-22,1169.568,345936
tok05,2023-12-23,1180.466,542130
tok05,2023-12-24,1189.696,280205
tok05,2023-12-25,1182.108,719166
tok05,2023-12-26,1170.923,395113
tok05,2023-12-27,1222.252,266193
tok05,2023-12-28,1242.362,424442
tok05,2023-12-29,1193.326,438306
tok05,2023-12-30,1172.816,3101150
tok05,2023-12-31,1180.008,260158
tok06,2021-01-01,99.71,499177
tok06,2021-01-02,90.482,471627
tok06,2021-01-03,91.503,228789
tok06,2021-01-04,93.131,1078798
tok06,2021-01-05,89.373,419974
tok06,2021-01-06,95.403,739052
tok06,2021-01-07,93.92,800887
tok06,2021-01-08,90.454,393060
tok06,2021-01-09,84.522,1231251
tok06,2021-01-10,85.953,352913
tok06,2021-01-11,87.455,624759
tok06,2021-01-12,88.337,401393
tok06,2021-01-13,83.836,231388
tok06,2021-01-14,77.772,193639
tok06,2021-01-15,75.234,198532
tok06,2021-01-16,73.705,504663
tok06,2021-01-17,73.692,1245936
tok06,2021-01-18,76.258,236854
tok06,2021-01-19,78.937,320640
tok06,2021-01-20,80.325,535476
tok06,2021-01-21,82.764,212337
tok06,2021-01-22,80.936,240943
tok06,2021-01-23,82.623,966690
tok06,2021-01-24,78.331,513338
tok06,2021-01-25,83.318,592323
tok06,2021-01-26,79.089,347857
tok06,2021-01-27,83.295,530824
tok06,2021-01-28,79.166,576857
tok06,2021-01-29,84.011,199622
tok06,2021-01-30,83.563,501601
tok06,2021-01-31,81.052,895462
tok06,2021-02-01,82.834,823247
tok06,2021-02-02,85.901,408555
tok06,2021-02-03,83.499,145099
tok06,2021-02-04,83.234,368949
tok06,2021-02-05,83.155,137902
tok06,2021-02-06,83.887,657777
tok06,2021-02-07,85.007,694339
tok06,2021-02-08,87.84,954125
tok06,2021-02-09,88.847,191518
tok06,2021-02-10,88.176,650914
tok06,2021-02-11,89.046,302728
tok06,2021-02-12,91.517,198255
tok06,2021-02-13,95.791,633236
tok06,2021-02-14,98.968,950166
tok06,2021-02-15,93.214,534947
tok06,2021-02-16,89.981,797026
tok06,2021-02-17,91.893,540423
tok06,2021-02-18,88.821,435636
tok06,2021-02-19,92.285,735254
tok06,2021-02-20,90.783,658283
tok06,2021-02-21,86.651,233314
tok06,2021-02-22,77.749,485181
tok06,2021-02-23,77.295,236099
tok06,2021-02-24,75.796,95492
tok06,2021-02-25,77.971,396789
tok06,2021-02-26,79.252,1259845
tok06,2021-02-27,76.509,291906
tok06,2021-02-28,75.458,601191
tok06,2021-03-01,72.713,530518
tok06,2021-03-02,73.669,627020
tok06,2021-03-03,73.584,502277
tok06,2021-03-04,68.15,314266
tok06,2021-03-05,68.792,668352
tok06,2021-03-06,65.017,476760
tok06,2021-03-07,64.277,368620
tok06,2021-03-08,64.558,698990
tok06,2021-03-09,64.656,289323
tok06,2021-03-10,66.413,575868
tok06,2021-03-11,69.551,453533
tok06,2021-03-12,69.602,498993
tok06,2021-03-13,75.149,681578
tok06,2021-03-14,67.058,381327
tok06,2021-03-15,67.438,379628
tok06,2021-03-16,65.395,1090052
tok06,2021-03-17,68.175,430497
tok06,2021-03-18,72.476,460156
tok06,2021-03-19,72.141,307738
tok06,2021-03-20,79.219,233823
tok06,2021-03-21,77.81,327032
tok06,2021-03-22,82.045,285361
tok06,2021-03-23,81.012,452214
tok06,2021-03-24,80.015,562672
tok06,2021-03-25,75.925,480202
tok06,2021-03-26,78.686,401599
tok06,2021-03-27,80.5,1068338
tok06,2021-03-28,83.149,614430
tok06,2021-03-29,82.501,466463
tok06,2021-03-30,78.443,457777
tok06,2021-03-31,78.771,277861
tok06,2021-04-01,81.795,106267
tok06,2021-04-02,80.02,679960
tok06,2021-04-03,85.691,320096
tok06,2021-04-04,87.273,809705
tok06,2021-04-05,86.627,237473
tok06,2021-04-06,88.754,344094
tok06,2021-04-07,91.077,825289
tok06,2021-04-08,90.42,225005
tok06,2021-04-09,94.431,819430
tok06,2021-04-10,92.239,363546
tok06,2021-04-11,88.847,202775
tok06,2021-04-12,90.493,455738
tok06,2021-04-13,87.722,281222
tok06,2021-04-14,84.655,193345
tok06,2021-04-15,87.02,125206
tok06,2021-04-16,86.05,769718
tok06,2021-04-17,80.986,600610
tok06,2021-04-18,81.097,1510735
tok06,2021-04-19,76.54,713156
tok06,2021-04-20,77.248,360372
tok06,2021-04-21,82.642,913912
tok06,2021-04-22,81.803,335044
tok06,2021-04-23,85.902,1263981
tok06,2021-04-24,81.065,601639
tok06,2021-04-25,78.939,504387
tok06,2021-04-26,76.061,1098949
tok06,2021-04-27,76.148,240599
tok06,2021-04-28,78.401,679112
tok06,2021-04-29,82.541,180994
tok06,2021-04-30,82.648,909504
tok06,2021-05-01,82.72,410297
tok06,2021-05-02,79.917,939810
tok06,2021-05-03,78.031,499670
tok06,2021-05-04,76.101,377875
tok06,2021-05-05,72.826,303811
tok06,2021-05-06,71.876,332804
tok06,2021-05-07,70.735,291262
tok06,2021-05-08,64.774,213095
tok06,2021-05-09,61.192,400507
tok06,2021-05-10,62.557,291678
tok06,2021-05-11,59.796,449559
tok06,2021-05-12,59.495,636493
tok06,2021-05-13,57.827,165013
tok06,2021-05-14,58.583,692821
tok06,2021-05-15,58.175,276415
tok06,2021-05-16,54.521,811761
tok06,2021-05-17,52.24,265571
tok06,2021-05-18,48.482,1037114
tok06,2021-05-19,49.978,285795
tok06,2021-05-20,51.049,373302
tok06,2021-05-21,51.292,345394
tok06,2021-05-22,50.695,533603
tok06,2021-05-23,50.526,1224916
tok06,2021-05-24,49.8,755634
tok06,2021-05-25,52.203,466771
tok06,2021-05-26,53.732,822602
tok06,2021-05-27,54.31,267568
tok06,2021-05-28,52.925,215524
tok06,2021-05-29,52.51,382075
tok06,2021-05-30,53.208,1090835
tok06,2021-05-31,53.796,392507
tok06,2021-06-01,52.784,584733
tok06,2021-06-02,50.552,393467
tok06,2021-06-03,48.324,206664
tok06,2021-06-04,48.804,658666
tok06,2021-06-05,49.819,172980
tok06,2021-06-06,50.876,597243
tok06,2021-06-07,49.625,748103
tok06,2021-06-08,47.116,310178
tok06,2021-06-09,46.923,487128
tok06,2021-06-10,43.838,482006
tok06,2021-06-11,43.214,521269
tok06,2021-06-12,42.401,354172
tok06,2021-06-13,42.107,182250
tok06,2021-06-14,43.398,249845
tok06,2021-06-15,46.08,284249
tok06,2021-06-16,45.003,540979
tok06,2021-06-17,48.521,511073
tok06,2021-06-18,50.441,447758
tok06,2021-06-19,49.432,267791
tok06,2021-06-20,48.603,336462
tok06,2021-06-21,51.394,537523
tok06,2021-06-22,53.148,662212
tok06,2021-06-23,55.269,298241
tok06,2021-06-24,55.467,410699
tok06,2021-06-25,56.333,481240
tok06,2021-06-26,53.347,610832
tok06,2021-06-27,51.65,272521
tok06,2021-06-28,54.509,251182
tok06,2021-06-29,53.055,793379
tok06,2021-06-30,52.706,617248
tok06,2021-07-01,49.409,431764
tok06,2021-07-02,48.395,417108
tok06,2021-07-03,51.917,299928
tok06,2021-07-04,52.284,181792
tok06,2021-07-05,53.491,375826
tok06,2021-07-06,53.185,410078
tok06,2021-07-07,57.238,467062
tok06,2021-07-08,57.544,196411
tok06,2021-07-09,58.138,141918
tok06,2021-07-10,57.713,248603
tok06,2021-07-11,55.487,761026
tok06,2021-07-12,54.42,818923
tok06,2021-07-13,56.031,248245
tok06,2021-07-14,59.609,414743
tok06,2021-07-15,60.954,233894
tok06,2021-07-16,61.468,310657
tok06,2021-07-17,62.18,1165521
tok06,2021-07-18,60.555,343050
tok06,2021-07-19,64.548,411505
tok06,2021-07-20,65.239,281318
tok06,2021-07-21,67.983,243967
tok06,2021-07-22,65.948,481510
tok06,2021-07-23,68.674,345375
tok06,2021-07-24,68.405,371050
tok06,2021-07-25,68.776,497252
tok06,2021-07-26,73.006,571739
tok06,2021-07-27,68.921,1079301
tok06,2021-07-28,66.656,726745
tok06,2021-07-29,72.751,613688
tok06,2021-07-30,77.135,513755
tok06,2021-07-31,73.907,1088634
tok06,2021-08-01,73.868,226267
tok06,2021-08-02,75.64,832311
tok06,2021-08-03,72.712,643151
tok06,2021-08-04,69.748,708631
tok06,2021-08-05,76.663,259902
tok06,2021-08-06,74.736,511939
tok06,2021-08-07,74.166,261542
tok06,2021-08-08,75.439,761109
tok06,2021-08-09,74.592,421954
tok06,2021-08-10,73.492,831984
tok06,2021-08-11,69.897,409163
tok06,2021-08-12,69.439,286107
tok06,2021-08-13,72.281,252969
tok06,2021-08-14,70.402,1226087
tok06,2021-08-15,71.191,435055
tok06,2021-08-16,73.04,615501
tok06,2021-08-17,78.837,413313
tok06,2021-08-18,79.464,640988
tok06,2021-08-19,75.968,543405
tok06,2021-08-20,79.369,868072
tok06,2021-08-21,76.116,414554
tok06,2021-08-22,73.871,218582
tok06,2021-08-23,73.148,751604
tok06,2021-08-24,72.38,795932
tok06,2021-08-25,70.532,221502
tok06,2021-08-26,72.659,591992
tok06,2021-08-27,74.416,323816
tok06,2021-08-28,73.942,607603
tok06,2021-08-29,74.392,154872
tok06,2021-08-30,71.036,616649
tok06,2021-08-31,73.358,1511020
tok06,2021-09-01,74.272,674075
tok06,2021-09-02,73.999,354255
tok06,2021-09-03,74.856,472136
tok06,2021-09-04,69.679,657434
tok06,2021-09-05,67.191,629805
tok06,2021-09-06,64.204,710093
tok06,2021-09-07,66.774,762202
tok06,2021-09-08,67.934,776866
tok06,2021-09-09,68.408,207421
tok06,2021-09-10,67.841,1379305
tok06,2021-09-11,63.005,372902
tok06,2021-09-12,65.447,293219
tok06,2021-09-13,63.416,1136774
tok06,2021-09-14,65.466,330463
tok06,2021-09-15,63.883,387236
tok06,2021-09-16,63.07,453174
tok06,2021-09-17,62.562,271656
tok06,2021-09-18,63.262,503956
tok06,2021-09-19,65.661,195822
tok06,2021-09-20,65.237,1326541
tok06,2021-09-21,65.433,850208
tok06,2021-09-22,65.053,451456
tok06,2021-09-23,64.15,240019
tok06,2021-09-24,64.047,258513
tok06,2021-09-25,63.821,345857
tok06,2021-09-26,63.763,459512
tok06,2021-09-27,61.765,490074
tok06,2021-09-28,61.558,584699
tok06,2021-09-29,58.475,575460
tok06,2021-09-30,60.692,1176591
tok06,2021-10-01,61.291,390550
tok06,2021-10-02,61.166,618144
tok06,2021-10-03,58.479,693263
tok06,2021-10-04,62.904,243993
tok06,2021-10-05,61.976,730230
tok06,2021-10-06,61.881,589287
tok06,2021-10-07,68.323,1257165
tok06,2021-10-08,73.329,351060
tok06,2021-10-09,76.761,216004
tok06,2021-10-10,84.463,290122
tok06,2021-10-11,85.584,235245
tok06,2021-10-12,81.481,1387792
tok06,2021-10-13,86.446,608220
tok06,2021-10-14,87.92,979811
tok06,2021-10-15,88.407,834937
tok06,2021-10-16,91.958,210635
tok06,2021-10-17,89.594,187830
tok06,2021-10-18,84.363,268855
tok06,2021-10-19,87.39,691052
tok06,2021-10-20,89.13,533200
tok06,2021-10-21,91.115,832437
tok06,2021-10-22,97.031,451406
tok06,2021-10-23,97.952,245478
tok06,2021-10-24,100.049,317459
tok06,2021-10-25,104.784,430043
tok06,2021-10-26,98.032,299425
tok06,2021-10-27,102.051,750953
tok06,2021-10-28,97.766,655628
tok06,2021-10-29,98.381,1450633
tok06,2021-10-30,103.179,857669
tok06,2021-10-31,103.53,225279
tok06,2021-11-01,107.089,372908
tok06,2021-11-02,110.436,282324
tok06,2021-11-03,109.504,362310
tok06,2021-11-04,107.283,489254
tok06,2021-11-05,110.488,452400
tok06,2021-11-06,104.0,565994
tok06,2021-11-07,101.511,517063
tok06,2021-11-08,102.41,754712
tok06,2021-11-09,94.915,739613
tok06,2021-11-10,94.916,530066
tok06,2021-11-11,97.501,520538
tok06,2021-11-12,94.405,205980
tok06,2021-11-13,90.978,378924
tok06,2021-11-14,91.966,511428
tok06,2021-11-15,86.412,419034
tok06,2021-11-16,88.923,367507
tok06,2021-11-17,93.12,417371
tok06,2021-11-18,90.764,1011579
tok06,2021-11-19,85.317,413624
tok06,2021-11-20,87.855,514531
tok06,2021-11-21,89.378,397682
tok06,2021-11-22,93.053,513449
tok06,2021-11-23,95.062,782105
tok06,2021-11-24,94.32,513715
tok06,2021-11-25,92.34,604258
tok06,2021-11-26,94.486,266822
tok06,2021-11-27,95.017,868426
tok06,2021-11-28,92.424,413657
tok06,2021-11-29,95.399,204161
tok06,2021-11-30,95.798,390773
tok06,2021-12-01,95.682,204574
tok06,2021-12-02,97.626,440828
tok06,2021-12-03,98.695,869020
tok06,2021-12-04,103.034,693929
tok06,2021-12-05,105.166,1066122
tok06,2021-12-06,109.176,218803
tok06,2021-12-07,104.011,1119539
tok06,2021-12-08,105.194,558264
tok06,2021-12-09,103.105,1209307
tok06,2021-12-10,99.681,420230
tok06,2021-12-11,98.907,343064
tok06,2021-12-12,100.085,240302
tok06,2021-12-13,101.333,206046
tok06,2021-12-14,95.913,435324
tok06,2021-12-15,91.679,405516
tok06,2021-12-16,94.409,500679
tok06,2021-12-17,98.908,586977
tok06,2021-12-18,101.58,158803
tok06,2021-12-19,102.145,431586
tok06,2021-12-20,104.31,406990
tok06,2021-12-21,110.701,437671
tok06,2021-12-22,108.739,618217
tok06,2021-12-23,96.915,813014
tok06,2021-12-24,93.576,298415
tok06,2021-12-25,92.647,299398
tok06,2021-12-26,93.231,866684
tok06,2021-12-27,93.535,358591
tok06,2021-12-28,95.425,440298
tok06,2021-12-29,102.977,243189
tok06,2021-12-30,100.67,475701
tok06,2021-12-31,100.746,872335
tok06,2022-01-01,103.484,265940
tok06,2022-01-02,99.912,372937
tok06,2022-01-03,99.769,511071
tok06,2022-01-04,98.311,424419
tok06,2022-01-05,99.902,1299978
tok06,2022-01-06,99.153,1154376
tok06,2022-01-07,96.191,567498
tok06,2022-01-08,99.556,251561
tok06,2022-01-09,93.606,1104658
tok06,2022-01-10,88.545,214694
tok06,2022-01-11,83.866,768411
tok06,2022-01-12,85.144,270137
tok06,2022-01-13,85.396,365323
tok06,2022-01-14,89.565,781329
tok06,2022-01-15,95.476,1044416
tok06,2022-01-16,98.701,198887
tok06,2022-01-17,99.087,585324
tok06,2022-01-18,99.196,532475
tok06,2022-01-19,95.967,335233
tok06,2022-01-20,97.618,326999
tok06,2022-01-21,99.988,1071998
tok06,2022-01-22,98.044,203951
tok06,2022-01-23,97.823,397953
tok06,2022-01-24,100.636,410216
tok06,2022-01-25,100.145,355095
tok06,2022-01-26,98.255,530442
tok06,2022-01-27,98.182,284889
tok06,2022-01-28,100.481,654453
tok06,2022-01-29,106.071,377048
tok06,2022-01-30,108.311,376906
tok06,2022-01-31,104.919,246944
tok06,2022-02-01,105.428,372019
tok06,2022-02-02,110.275,177263
tok06,2022-02-03,114.483,465781
tok06,2022-02-04,113.586,167531
tok06,2022-02-05,112.694,116717
tok06,2022-02-06,118.172,671557
tok06,2022-02-07,126.29,475778
tok06,2022-02-08,134.648,212086
tok06,2022-02-09,136.395,251697
tok06,2022-02-10,138.727,420985
tok06,2022-02-11,151.201,265857
tok06,2022-02-12,146.112,256257
tok06,2022-02-13,149.372,450713
tok06,2022-02-14,148.282,198781
tok06,2022-02-15,137.829,927432
tok06,2022-02-16,150.649,351597
tok06,2022-02-17,147.415,391442
tok06,2022-02-18,155.138,434918
tok06,2022-02-19,153.299,314506
tok06,2022-02-20,149.539,384855
tok06,2022-02-21,152.778,510737
tok06,2022-02-22,139.968,121573
tok06,2022-02-23,136.649,332503
tok06,2022-02-24,129.418,383567
tok06,2022-02-25,130.771,822098
tok06,2022-02-26,127.531,750164
tok06,2022-02-27,135.641,516156
tok06,2022-02-28,132.255,962922
tok06,2022-03-01,121.989,862770
tok06,2022-03-02,125.443,633209
tok06,2022-03-03,129.037,526754
tok06,2022-03-04,126.165,250684
tok06,2022-03-05,124.912,320523
tok06,2022-03-06,129.669,410775
tok06,2022-03-07,128.884,577688
tok06,2022-03-08,133.866,340597
tok06,2022-03-09,141.209,401507
tok06,2022-03-10,142.28,546207
tok06,2022-03-11,141.114,1041975
tok06,2022-03-12,134.527,795888
tok06,2022-03-13,134.29,409052
tok06,2022-03-14,128.869,403179
tok06,2022-03-15,128.956,499866
tok06,2022-03-16,129.379,373265
tok06,2022-03-17,132.105,198872
tok06,2022-03-18,134.882,631101
tok06,2022-03-19,147.789,304105
tok06,2022-03-20,153.842,447993
tok06,2022-03-21,150.066,947138
tok06,2022-03-22,155.285,420916
tok06,2022-03-23,145.52,223852
tok06,2022-03-24,143.426,875224
tok06,2022-03-25,138.802,549033
tok06,2022-03-26,134.386,232668
tok06,2022-03-27,139.709,387586
tok06,2022-03-28,139.477,489132
tok06,2022-03-29,136.572,455841
tok06,2022-03-30,141.677,241528
tok06,2022-03-31,138.999,602895
tok06,2022-04-01,138.721,522214
tok06,2022-04-02,137.597,390071
tok06,2022-04-03,143.525,597357
tok06,2022-04-04,143.827,287276
tok06,2022-04-05,150.043,229973
tok06,2022-04-06,151.473,385365
tok06,2022-04-07,143.6,722611
tok06,2022-04-08,146.055,255717
tok06,2022-04-09,140.073,417369
tok06,2022-04-10,140.721,336238
tok06,2022-04-11,138.2,287494
tok06,2022-04-12,140.046,392160
tok06,2022-04-13,145.327,657732
tok06,2022-04-14,136.178,227693
tok06,2022-04-15,142.061,351014
tok06,2022-04-16,135.463,668393
tok06,2022-04-17,138.678,291272
tok06,2022-04-18,143.381,400888
tok06,2022-04-19,139.971,362331
tok06,2022-04-20,138.044,460749
tok06,2022-04-21,137.073,479032
tok06,2022-04-22,134.939,497054
tok06,2022-04-23,126.224,226353
tok06,2022-04-24,123.819,343189
tok06,2022-04-25,122.981,278208
tok06,2022-04-26,129.287,443481
tok06,2022-04-27,137.596,333731
tok06,2022-04-28,130.708,776354
tok06,2022-04-29,133.489,462496
tok06,2022-04-30,128.917,174076
tok06,2022-05-01,129.85,338317
tok06,2022-05-02,120.595,498528
tok06,2022-05-03,112.79,330908
tok06,2022-05-04,115.469,288161
tok06,2022-05-05,107.871,684420
tok06,2022-05-06,113.176,149320
tok06,2022-05-07,113.735,418769
tok06,2022-05-08,112.586,269347
tok06,2022-05-09,118.578,605072
tok06,2022-05-10,112.31,206330
tok06,2022-05-11,113.353,295628
tok06,2022-05-12,114.83,412162
tok06,2022-05-13,103.094,541266
tok06,2022-05-14,101.942,803929
tok06,2022-05-15,105.971,511444
tok06,2022-05-16,105.951,874537
tok06,2022-05-17,108.752,158902
tok06,2022-05-18,104.172,917489
tok06,2022-05-19,105.819,845256
tok06,2022-05-20,101.291,530938
tok06,2022-05-21,100.597,419295
tok06,2022-05-22,100.021,255997
tok06,2022-05-23,102.327,298144
tok06,2022-05-24,97.724,428326
tok06,2022-05-25,102.991,256137
tok06,2022-05-26,100.084,300513
tok06,2022-05-27,100.512,159287
tok06,2022-05-28,97.474,793663
tok06,2022-05-29,98.799,227330
tok06,2022-05-30,97.98,625351
tok06,2022-05-31,98.164,1404543
tok06,2022-06-01,102.358,547518
tok06,2022-06-02,99.178,431685
tok06,2022-06-03,94.93,274875
tok06,2022-06-04,90.925,746174
tok06,2022-06-05,87.175,409626
tok06,2022-06-06,84.092,220932
tok06,2022-06-07,81.987,532809
tok06,2022-06-08,80.926,1004489
tok06,2022-06-09,83.772,252091
tok06,2022-06-10,81.121,516594
tok06,2022-06-11,84.912,658568
tok06,2022-06-12,87.719,391575
tok06,2022-06-13,86.175,227434
tok06,2022-06-14,78.397,848861
tok06,2022-06-15,77.27,1469999
tok06,2022-06-16,76.414,349180
tok06,2022-06-17,76.921,174490
tok06,2022-06-18,76.567,626576
tok06,2022-06-19,73.857,481392
tok06,2022-06-20,71.494,335517
tok06,2022-06-21,70.499,104248
tok06,2022-06-22,69.204,209019
tok06,2022-06-23,65.288,574432
tok06,2022-06-24,57.762,901575
tok06,2022-06-25,56.177,181271
tok06,2022-06-26,55.92,707893
tok06,2022-06-27,53.776,908573
tok06,2022-06-28,52.015,150018
tok06,2022-06-29,50.652,620834
tok06,2022-06-30,51.836,481482
tok06,2022-07-01,50.606,239507
tok06,2022-07-02,51.092,870828
tok06,2022-07-03,53.454,471742
tok06,2022-07-04,53.189,460960
tok06,2022-07-05,52.85,421877
tok06,2022-07-06,51.11,300219
tok06,2022-07-07,52.309,434840
tok06,2022-07-08,49.974,661605
tok06,2022-07-09,50.261,621424
tok06,2022-07-10,49.223,152633
tok06,2022-07-11,47.87,646157
tok06,2022-07-12,47.171,441396
tok06,2022-07-13,49.064,230504
tok06,2022-07-14,49.998,171137
tok06,2022-07-15,51.349,369684
tok06,2022-07-16,48.486,532418
tok06,2022-07-17,45.486,411594
tok06,2022-07-18,46.014,286539
tok06,2022-07-19,46.55,469264
tok06,2022-07-20,46.08,641096
tok06,2022-07-21,48.827,1058351
tok06,2022-07-22,49.418,431240
tok06,2022-07-23,49.937,263144
tok06,2022-07-24,50.67,317404
tok06,2022-07-25,49.549,295544
tok06,2022-07-26,46.23,506750
tok06,2022-07-27,45.134,201650
tok06,2022-07-28,43.868,220201
tok06,2022-07-29,41.355,214023
tok06,2022-07-30,41.222,162162
tok06,2022-07-31,42.099,226413
tok06,2022-08-01,42.582,984920
tok06,2022-08-02,40.783,748699
tok06,2022-08-03,38.002,683553
tok06,2022-08-04,40.912,653900
tok06,2022-08-05,41.36,233813
tok06,2022-08-06,38.008,346058
tok06,2022-08-07,40.613,444671
tok06,2022-08-08,40.364,457661
tok06,2022-08-09,42.559,340073
tok06,2022-08-10,40.883,491527
tok06,2022-08-11,42.44,419663
tok06,2022-08-12,43.731,446345
tok06,2022-08-13,48.2,592619
tok06,2022-08-14,50.773,686908
tok06,2022-08-15,51.266,364944
tok06,2022-08-16,54.727,574586
tok06,2022-08-17,53.567,633592
tok06,2022-08-18,56.82,291319
tok06,2022-08-19,52.071,976962
tok06,2022-08-20,50.703,170903
tok06,2022-08-21,50.224,990543
tok06,2022-08-22,52.274,388888
tok06,2022-08-23,52.683,137074
tok06,2022-08-24,52.345,153233
tok06,2022-08-25,53.182,267378
tok06,2022-08-26,53.058,681891
tok06,2022-08-27,51.461,795864
tok06,2022-08-28,50.984,230395
tok06,2022-08-29,53.528,763388
tok06,2022-08-30,56.437,286991
tok06,2022-08-31,57.609,349840
tok06,2022-09-01,55.529,300189
tok06,2022-09-02,53.459,650555
tok06,2022-09-03,50.814,585993
tok06,2022-09-04,49.795,374164
tok06,2022-09-05,49.866,444026
tok06,2022-09-06,48.362,282161
tok06,2022-09-07,50.808,402907
tok06,2022-09-08,54.173,257129
tok06,2022-09-09,52.469,1028852
tok06,2022-09-10,52.715,550131
tok06,2022-09-11,56.416,448640
tok06,2022-09-12,57.715,939234
tok06,2022-09-13,55.381,650169
tok06,2022-09-14,52.552,344457
tok06,2022-09-15,54.056,470737
tok06,2022-09-16,57.128,263090
tok06,2022-09-17,56.682,542464
tok06,2022-09-18,56.636,171013
tok06,2022-09-19,53.855,487894
tok06,2022-09-20,51.148,468532
tok06,2022-09-21,48.354,677484
tok06,2022-09-22,50.588,894602
tok06,2022-09-23,52.634,570405
tok06,2022-09-24,51.595,193042
tok06,2022-09-25,53.266,406973
tok06,2022-09-26,53.445,233257
tok06,2022-09-27,54.271,411808
tok06,2022-09-28,57.322,515792
tok06,2022-09-29,58.749,400081
tok06,2022-09-30,59.771,226181
tok06,2022-10-01,57.339,1229232
tok06,2022-10-02,57.618,427126
tok06,2022-10-03,58.302,367237
tok06,2022-10-04,58.858,561231
tok06,2022-10-05,58.162,285285
tok06,2022-10-06,59.112,279715
tok06,2022-10-07,59.165,473347
tok06,2022-10-08,59.319,794737
tok06,2022-10-09,58.461,409237
tok06,2022-10-10,58.98,1006424
tok06,2022-10-11,59.008,577598
tok06,2022-10-12,59.524,934429
tok06,2022-10-13,60.111,642322
tok06,2022-10-14,56.744,207808
tok06,2022-10-15,57.739,285372
tok06,2022-10-16,56.793,519752
tok06,2022-10-17,59.06,202181
tok06,2022-10-18,61.172,261530
tok06,2022-10-19,60.002,711117
tok06,2022-10-20,60.231,1411792
tok06,2022-10-21,58.344,1172057
tok06,2022-10-22,58.662,660317
tok06,2022-10-23,54.63,708686
tok06,2022-10-24,56.271,518074
tok06,2022-10-25,53.528,983739
tok06,2022-10-26,50.077,337921
tok06,2022-10-27,51.763,510554
tok06,2022-10-28,52.553,267300
tok06,2022-10-29,50.071,922799
tok06,2022-10-30,49.942,737298
tok06,2022-10-31,54.152,751794
tok06,2022-11-01,55.199,479598
tok06,2022-11-02,54.953,423517
tok06,2022-11-03,55.53,296843
tok06,2022-11-04,52.814,516844
tok06,2022-11-05,52.209,392754
tok06,2022-11-06,50.032,377325
tok06,2022-11-07,54.014,494056
tok06,2022-11-08,53.306,587922
tok06,2022-11-09,55.357,627655
tok06,2022-11-10,55.767,623856
tok06,2022-11-11,60.951,710896
tok06,2022-11-12,57.172,521382
tok06,2022-11-13,53.798,539559
tok06,2022-11-14,53.197,314646
tok06,2022-11-15,56.63,586722
tok06,2022-11-16,55.057,913668
tok06,2022-11-17,54.499,220432
tok06,2022-11-18,56.567,568211
tok06,2022-11-19,52.549,680515
tok06,2022-11-20,54.294,464051
tok06,2022-11-21,56.762,777077
tok06,2022-11-22,59.462,759737
tok06,2022-11-23,59.663,213384
tok06,2022-11-24,63.397,415021
tok06,2022-11-25,63.271,1108864
tok06,2022-11-26,65.728,346285
tok06,2022-11-27,65.094,1540013
tok06,2022-11-28,67.547,334674
tok06,2022-11-29,69.193,302543
tok06,2022-11-30,66.251,632337
tok06,2022-12-01,64.864,1102594
tok06,2022-12-02,70.312,577082
tok06,2022-12-03,71.551,467949
tok06,2022-12-04,74.7,896001
tok06,2022-12-05,79.43,464841
tok06,2022-12-06,78.907,373795
tok06,2022-12-07,80.643,391424
tok06,2022-12-08,84.974,561836
tok06,2022-12-09,82.238,471070
tok06,2022-12-10,83.73,596594
tok06,2022-12-11,77.578,432461
tok06,2022-12-12,76.461,456592
tok06,2022-12-13,75.901,1457270
tok06,2022-12-14,73.792,331428
tok06,2022-12-15,68.89,354237
tok06,2022-12-16,65.371,660567
tok06,2022-12-17,67.696,985137
tok06,2022-12-18,69.371,653053
tok06,2022-12-19,69.036,399033
tok06,2022-12-20,70.571,185145
tok06,2022-12-21,70.763,396547
tok06,2022-12-22,72.325,181068
tok06,2022-12-23,75.906,605506
tok06,2022-12-24,78.867,405925
tok06,2022-12-25,76.783,814724
tok06,2022-12-26,76.776,312539
tok06,2022-12-27,76.84,586595
tok06,2022-12-28,80.172,832407
tok06,2022-12-29,84.519,659420
tok06,2022-12-30,82.561,243115
tok06,2022-12-31,84.428,933716
tok06,2023-01-01,82.247,548048
tok06,2023-01-02,83.797,358491
tok06,2023-01-03,88.707,716734
tok06,2023-01-04,86.671,273480
tok06,2023-01-05,93.075,478065
tok06,2023-01-06,90.063,931775
tok06,2023-01-07,89.863,411370
tok06,2023-01-08,91.41,544477
tok06,2023-01-09,90.19,1010835
tok06,2023-01-10,83.369,443963
tok06,2023-01-11,74.895,519020
tok06,2023-01-12,75.926,1057811
tok06,2023-01-13,78.264,349427
tok06,2023-01-14,76.943,252072
tok06,2023-01-15,79.063,312976
tok06,2023-01-16,80.634,532590
tok06,2023-01-17,80.88,490104
tok06,2023-01-18,79.559,370196
tok06,2023-01-19,75.287,530688
tok06,2023-01-20,74.307,368932
tok06,2023-01-21,72.068,1148799
tok06,2023-01-22,71.329,305779
tok06,2023-01-23,70.451,265900
tok06,2023-01-24,68.018,161899
tok06,2023-01-25,70.861,625385
tok06,2023-01-26,74.305,466595
tok06,2023-01-27,75.783,666186
tok06,2023-01-28,80.944,387048
tok06,2023-01-29,82.231,390338
tok06,2023-01-30,77.239,175788
tok06,2023-01-31,77.958,1022723
tok06,2023-02-01,83.242,300948
tok06,2023-02-02,83.149,319103
tok06,2023-02-03,86.491,236723
tok06,2023-02-04,97.67,342010
tok06,2023-02-05,94.881,233934
tok06,2023-02-06,91.377,611905
tok06,2023-02-07,97.097,511731
tok06,2023-02-08,94.736,592610
tok06,2023-02-09,94.765,266308
tok06,2023-02-10,96.38,562630
tok06,2023-02-11,99.104,458596
tok06,2023-02-12,91.709,478343
tok06,2023-02-13,93.323,528032
tok06,2023-02-14,92.875,550488
tok06,2023-02-15,99.145,461163
tok06,2023-02-16,98.243,508733
tok06,2023-02-17,91.963,229185
tok06,2023-02-18,97.538,230355
tok06,2023-02-19,98.769,549288
tok06,2023-02-20,97.964,994626
tok06,2023-02-21,104.694,155073
tok06,2023-02-22,107.491,375713
tok06,2023-02-23,109.672,323489
tok06,2023-02-24,108.601,743333
tok06,2023-02-25,117.724,385112
tok06,2023-02-26,113.612,641899
tok06,2023-02-27,112.865,309012
tok06,2023-02-28,118.771,557256
tok06,2023-03-01,126.705,530407
tok06,2023-03-02,127.545,745978
tok06,2023-03-03,129.73,659227
tok06,2023-03-04,133.259,711231
tok06,2023-03-05,135.48,431881
tok06,2023-03-06,135.961,370872
tok06,2023-03-07,146.774,707933
tok06,2023-03-08,148.84,245945
tok06,2023-03-09,155.633,393617
tok06,2023-03-10,165.099,1030721
tok06,2023-03-11,164.2,598091
tok06,2023-03-12,168.289,689220
tok06,2023-03-13,179.694,687791
tok06,2023-03-14,187.869,376215
tok06,2023-03-15,184.358,706112
tok06,2023-03-16,191.024,118106
tok06,2023-03-17,208.99,344599
tok06,2023-03-18,210.231,325005
tok06,2023-03-19,202.011,687527
tok06,2023-03-20,201.266,672640
tok06,2023-03-21,205.577,1150560
tok06,2023-03-22,207.251,629230
tok06,2023-03-23,203.946,471456
tok06,2023-03-24,210.663,896417
tok06,2023-03-25,201.108,249302
tok06,2023-03-26,192.688,545021
tok06,2023-03-27,189.701,181739
tok06,2023-03-28,186.86,355962
tok06,2023-03-29,188.932,186853
tok06,2023-03-30,195.514,371003
tok06,2023-03-31,193.17,722276
tok06,2023-04-01,203.093,201913
tok06,2023-04-02,210.942,387838
tok06,2023-04-03,225.567,424226
tok06,2023-04-04,224.211,353475
tok06,2023-04-05,222.302,548259
tok06,2023-04-06,221.156,210291
tok06,2023-04-07,226.403,423368
tok06,2023-04-08,231.182,479096
tok06,2023-04-09,232.188,878054
tok06,2023-04-10,234.889,405476
tok06,2023-04-11,220.923,594338
tok06,2023-04-12,219.572,293665
tok06,2023-04-13,223.432,512939
tok06,2023-04-14,245.34,262069
tok06,2023-04-15,223.38,775496
tok06,2023-04-16,204.8,504168
tok06,2023-04-17,201.096,729508
tok06,2023-04-18,195.282,563004
tok06,2023-04-19,190.166,621500
tok06,2023-04-20,181.633,379798
tok06,2023-04-21,179.012,280997
tok06,2023-04-22,185.591,560485
tok06,2023-04-23,180.854,273149
tok06,2023-04-24,179.658,1051144
tok06,2023-04-25,179.549,157283
tok06,2023-04-26,184.739,205168
tok06,2023-04-27,185.229,369105
tok06,2023-04-28,172.229,578696
tok06,2023-04-29,173.227,527972
tok06,2023-04-30,178.334,572281
tok06,2023-05-01,192.587,471189
tok06,2023-05-02,192.405,202719
tok06,2023-05-03,190.06,192790
tok06,2023-05-04,185.289,497847
tok06,2023-05-05,184.297,1222385
tok06,2023-05-06,187.938,458286
tok06,2023-05-07,177.56,402705
tok06,2023-05-08,177.202,269519
tok06,2023-05-09,187.167,574844
tok06,2023-05-10,176.57,343620
tok06,2023-05-11,178.548,321962
tok06,2023-05-12,171.925,426100
tok06,2023-05-13,161.135,534845
tok06,2023-05-14,159.929,373589
tok06,2023-05-15,155.749,693447
tok06,2023-05-16,156.688,612118
tok06,2023-05-17,155.519,604166
tok06,2023-05-18,160.067,967861
tok06,2023-05-19,164.621,442009
tok06,2023-05-20,168.427,544814
tok06,2023-05-21,180.823,257800
tok06,2023-05-22,179.733,482440
tok06,2023-05-23,187.058,263456
tok06,2023-05-24,187.526,422369
tok06,2023-05-25,175.617,213604
tok06,2023-05-26,174.282,396748
tok06,2023-05-27,171.561,334761
tok06,2023-05-28,174.823,639952
tok06,2023-05-29,193.273,693212
tok06,2023-05-30,185.757,409166
tok06,2023-05-31,181.907,167504
tok06,2023-06-01,185.304,386912
tok06,2023-06-02,180.896,755835
tok06,2023-06-03,181.735,387087
tok06,2023-06-04,185.73,303248
tok06,2023-06-05,170.046,223159
tok06,2023-06-06,171.791,923926
tok06,2023-06-07,173.052,686228
tok06,2023-06-08,185.242,358087
tok06,2023-06-09,164.963,455721
tok06,2023-06-10,164.422,258461
tok06,2023-06-11,175.194,1398832
tok06,2023-06-12,193.84,434299
tok06,2023-06-13,181.275,375357
tok06,2023-06-14,187.811,337997
tok06,2023-06-15,199.741,282932
tok06,2023-06-16,185.809,330530
tok06,2023-06-17,183.18,404255
tok06,2023-06-18,192.363,696820
tok06,2023-06-19,192.003,822403
tok06,2023-06-20,190.813,569343
tok06,2023-06-21,195.162,269814
tok06,2023-06-22,198.27,366758
tok06,2023-06-23,202.747,499830
tok06,2023-06-24,207.836,562161
tok06,2023-06-25,218.412,701663
tok06,2023-06-26,208.522,921994
tok06,2023-06-27,208.989,710207
tok06,2023-06-28,214.804,1081248
tok06,2023-06-29,212.145,479290
tok06,2023-06-30,222.266,733468
tok06,2023-07-01,228.157,347547
tok06,2023-07-02,232.363,365138
tok06,2023-07-03,241.192,454659
tok06,2023-07-04,242.029,821065
tok06,2023-07-05,240.107,401246
tok06,2023-07-06,230.067,604703
tok06,2023-07-07,215.382,1716327
tok06,2023-07-08,218.64,371132
tok06,2023-07-09,205.188,825669
tok06,2023-07-10,210.525,306696
tok06,2023-07-11,203.099,572079
tok06,2023-07-12,196.541,236044
tok06,2023-07-13,202.262,262277
tok06,2023-07-14,220.714,456384
tok06,2023-07-15,228.385,758271
tok06,2023-07-16,236.332,483914
tok06,2023-07-17,238.794,471695
tok06,2023-07-18,249.552,194921
tok06,2023-07-19,245.495,431951
tok06,2023-07-20,254.493,319248
tok06,2023-07-21,266.303,435630
tok06,2023-07-22,245.917,614658
tok06,2023-07-23,236.595,800317
tok06,2023-07-24,240.738,158815
tok06,2023-07-25,242.369,416033
tok06,2023-07-26,259.199,430918
tok06,2023-07-27,278.344,550011
tok06,2023-07-28,279.517,207946
tok06,2023-07-29,268.654,242538
tok06,2023-07-30,278.371,353819
tok06,2023-07-31,283.213,761760
tok06,2023-08-01,291.017,263290
tok06,2023-08-02,297.027,496307
tok06,2023-08-03,302.994,566326
tok06,2023-08-04,333.947,414563
tok06,2023-08-05,358.278,560602
tok06,2023-08-06,339.051,510589
tok06,2023-08-07,353.404,677735
tok06,2023-08-08,344.091,599781
tok06,2023-08-09,345.827,680218
tok06,2023-08-10,354.222,723411
tok06,2023-08-11,330.299,349858
tok06,2023-08-12,337.972,313881
tok06,2023-08-13,348.638,628766
tok06,2023-08-14,332.367,602551
tok06,2023-08-15,339.331,605148
tok06,2023-08-16,357.51,284954
tok06,2023-08-17,324.226,625234
tok06,2023-08-18,331.925,469650
tok06,2023-08-19,346.558,775012
tok06,2023-08-20,364.412,271103
tok06,2023-08-21,363.832,879074
tok06,2023-08-22,366.442,521064
tok06,2023-08-23,358.008,166129
tok06,2023-08-24,353.785,531033
tok06,2023-08-25,341.834,253985
tok06,2023-08-26,337.323,192215
tok06,2023-08-27,313.646,462946
tok06,2023-08-28,321.756,626755
tok06,2023-08-29,327.262,620454
tok06,2023-08-30,338.306,294244
tok06,2023-08-31,331.515,232297
tok06,2023-09-01,337.332,318931
tok06,2023-09-02,343.025,271271
tok06,2023-09-03,342.589,1221045
tok06,2023-09-04,328.995,962672
tok06,2023-09-05,335.452,372593
tok06,2023-09-06,317.827,262494
tok06,2023-09-07,332.858,316027
tok06,2023-09-08,325.867,226241
tok06,2023-09-09,325.224,380022
tok06,2023-09-10,326.58,1037275
tok06,2023-09-11,326.094,316794
tok06,2023-09-12,323.668,640360
tok06,2023-09-13,338.499,1088737
tok06,2023-09-14,327.2,692993
tok06,2023-09-15,312.055,553338
tok06,2023-09-16,314.763,696451
tok06,2023-09-17,310.616,822368
tok06,2023-09-18,332.177,409892
tok06,2023-09-19,317.629,509457
tok06,2023-09-20,317.171,507531
tok06,2023-09-21,317.733,427910
tok06,2023-09-22,315.462,878742
tok06,2023-09-23,315.751,327925
tok06,2023-09-24,304.904,332499
tok06,2023-09-25,303.673,309431
tok06,2023-09-26,289.377,1059215
tok06,2023-09-27,282.557,406033
tok06,2023-09-28,259.814,337233
tok06,2023-09-29,249.075,357862
tok06,2023-09-30,254.979,501987
tok06,2023-10-01,242.584,311833
tok06,2023-10-02,253.361,478775
tok06,2023-10-03,245.739,525417
tok06,2023-10-04,252.203,476156
tok06,2023-10-05,263.647,226996
tok06,2023-10-06,254.866,547876
tok06,2023-10-07,235.8,704987
tok06,2023-10-08,242.925,1368987
tok06,2023-10-09,239.464,516805
tok06,2023-10-10,238.897,152007
tok06,2023-10-11,218.082,339502
tok06,2023-10-12,213.937,409599
tok06,2023-10-13,211.655,345098
tok06,2023-10-14,207.336,300480
tok06,2023-10-15,217.918,287863
tok06,2023-10-16,225.306,985762
tok06,2023-10-17,234.898,662795
tok06,2023-10-18,240.423,638827
tok06,2023-10-19,224.835,674722
tok06,2023-10-20,225.191,404566
tok06,2023-10-21,242.381,407450
tok06,2023-10-22,234.924,393010
tok06,2023-10-23,231.393,1026239
tok06,2023-10-24,238.048,289685
tok06,2023-10-25,239.162,556201
tok06,2023-10-26,236.929,366963
tok06,2023-10-27,233.459,405142
tok06,2023-10-28,213.566,377465
tok06,2023-10-29,220.148,542071
tok06,2023-10-30,213.752,508311
tok06,2023-10-31,213.718,244942
tok06,2023-11-01,215.241,629685
tok06,2023-11-02,223.114,940431
tok06,2023-11-03,231.397,439085
tok06,2023-11-04,230.993,138603
tok06,2023-11-05,230.44,440575
tok06,2023-11-06,236.069,975496
tok06,2023-11-07,226.947,349434
tok06,2023-11-08,239.96,356236
tok06,2023-11-09,240.376,537084
tok06,2023-11-10,235.258,294722
tok06,2023-11-11,235.219,667053
tok06,2023-11-12,239.155,544970
tok06,2023-11-13,249.202,465662
tok06,2023-11-14,258.533,835804
tok06,2023-11-15,259.23,304163
tok06,2023-11-16,264.685,706622
tok06,2023-11-17,268.127,581233
tok06,2023-11-18,284.287,482663
tok06,2023-11-19,278.363,393545
tok06,2023-11-20,276.748,587307
tok06,2023-11-21,282.669,398560
tok06,2023-11-22,283.427,395649
tok06,2023-11-23,282.213,1275903
tok06,2023-11-24,287.224,553710
tok06,2023-11-25,269.469,361773
tok06,2023-11-26,278.451,396378
tok06,2023-11-27,285.555,326704
tok06,2023-11-28,288.135,252102
tok06,2023-11-29,285.748,326290
tok06,2023-11-30,284.862,562499
tok06,2023-12-01,295.884,255979
tok06,2023-12-02,318.186,484899
tok06,2023-12-03,329.587,421656
tok06,2023-12-04,356.726,482949
tok06,2023-12-05,368.188,344963
tok06,2023-12-06,368.938,296117
tok06,2023-12-07,360.75,377953
tok06,2023-12-08,344.701,494842
tok06,2023-12-09,362.328,549712
tok06,2023-12-10,366.609,558164
tok06,2023-12-11,356.699,588545
tok06,2023-12-12,363.688,1427563
tok06,2023-12-13,364.857,276972
tok06,2023-12-14,358.973,2270128
tok06,2023-12-15,375.141,778830
tok06,2023-12-16,385.89,241072
tok06,2023-12-17,393.602,442075
tok06,2023-12-18,384.433,429515
tok06,2023-12-19,392.768,448469
tok06,2023-12-20,381.142,361942
tok06,2023-12-21,352.775,309492
tok06,2023-12-22,331.887,494876
tok06,2023-12-23,315.227,342739
tok06,2023-12-24,310.91,172723
tok06,2023-12-25,313.603,806203
tok06,2023-12-26,313.044,707447
tok06,2023-12-27,310.243,884661
tok06,2023-12-28,304.487,159017
tok06,2023-12-29,303.58,715335
tok06,2023-12-30,318.251,244469
tok06,2023-12-31,310.161,495381
tok07,2021-01-01,95.122,286559
tok07,2021-01-02,95.501,474034
tok07,2021-01-03,98.738,670449
tok07,2021-01-04,101.288,764254
tok07,2021-01-05,103.115,644514
tok07,2021-01-06,104.648,679552
tok07,2021-01-07,97.099,853463
tok07,2021-01-08,96.29,514705
tok07,2021-01-09,99.623,131504
tok07,2021-01-10,90.881,236060
tok07,2021-01-11,88.05,598301
tok07,2021-01-12,81.347,225239
tok07,2021-01-13,80.541,328945
tok07,2021-01-14,83.934,507609
tok07,2021-01-15,80.506,550363
tok07,2021-01-16,78.272,380668
tok07,2021-01-17,76.964,343129
tok07,2021-01-18,76.574,418293
tok07,2021-01-19,73.03,170047
tok07,2021-01-20,78.573,561718
tok07,2021-01-21,74.498,421321
tok07,2021-01-22,70.425,822802
tok07,2021-01-23,71.775,585158
tok07,2021-01-24,73.061,426361
tok07,2021-01-25,73.445,312097
tok07,2021-01-26,71.922,278328
tok07,2021-01-27,70.61,501204
tok07,2021-01-28,70.748,311625
tok07,2021-01-29,78.642,451237
tok07,2021-01-30,82.208,674590
tok07,2021-01-31,83.732,248435
tok07,2021-02-01,83.088,332348
tok07,2021-02-02,79.978,371507
tok07,2021-02-03,76.032,748952
tok07,2021-02-04,72.794,619977
tok07,2021-02-05,73.892,233684
tok07,2021-02-06,74.761,412776
tok07,2021-02-07,70.167,188336
tok07,2021-02-08,69.623,455254
tok07,2021-02-09,70.412,599290
tok07,2021-02-10,71.4,744191
tok07,2021-02-11,75.841,419444
tok07,2021-02-12,72.091,536884
tok07,2021-02-13,71.297,898570
tok07,2021-02-14,68.513,707550
tok07,2021-02-15,69.412,1415638
tok07,2021-02-16,74.798,447314
tok07,2021-02-17,73.25,562888
tok07,2021-02-18,73.776,147024
tok07,2021-02-19,72.672,533836
tok07,2021-02-20,76.809,513031
tok07,2021-02-21,76.199,367029
tok07,2021-02-22,77.792,377513
tok07,2021-02-23,77.701,308791
tok07,2021-02-24,81.172,678733
tok07,2021-02-25,80.648,253197
tok07,2021-02-26,80.809,178677
tok07,2021-02-27,83.72,448476
tok07,2021-02-28,83.05,336538
tok07,2021-03-01,89.179,1228257
tok07,2021-03-02,93.975,572439
tok07,2021-03-03,97.444,316781
tok07,2021-03-04,99.351,553562
tok07,2021-03-05,105.955,611002
tok07,2021-03-06,111.369,541916
tok07,2021-03-07,112.68,243547
tok07,2021-03-08,110.897,379992
tok07,2021-03-09,110.242,451072
tok07,2021-03-10,107.021,351746
tok07,2021-03-11,102.235,321823
tok07,2021-03-12,104.515,273910
tok07,2021-03-13,106.888,583244
tok07,2021-03-14,99.505,525195
tok07,2021-03-15,102.87,1377981
tok07,2021-03-16,101.552,369337
tok07,2021-03-17,104.407,260640
tok07,2021-03-18,104.942,538324
tok07,2021-03-19,108.152,364057
tok07,2021-03-20,115.53,392111
tok07,2021-03-21,112.144,489949
tok07,2021-03-22,110.88,1054879
tok07,2021-03-23,106.276,1181921
tok07,2021-03-24,103.815,508216
tok07,2021-03-25,99.705,592805
tok07,2021-03-26,95.906,323363
tok07,2021-03-27,100.663,844077
tok07,2021-03-28,94.433,188884
tok07,2021-03-29,93.678,559026
tok07,2021-03-30,86.792,438092
tok07,2021-03-31,90.194,341565
tok07,2021-04-01,91.084,502408
tok07,2021-04-02,94.387,324213
tok07,2021-04-03,99.916,232457
tok07,2021-04-04,101.523,541715
tok07,2021-04-05,99.48,664183
tok07,2021-04-06,95.907,234952
tok07,2021-04-07,90.098,173449
tok07,2021-04-08,89.74,356659
tok07,2021-04-09,94.716,246859
tok07,2021-04-10,90.427,835040
tok07,2021-04-11,91.087,295467
tok07,2021-04-12,94.251,1120547
tok07,2021-04-13,98.844,495904
tok07,2021-04-14,95.977,663977
tok07,2021-04-15,103.889,919976
tok07,2021-04-16,104.921,546245
tok07,2021-04-17,109.146,467522
tok07,2021-04-18,109.33,370405
tok07,2021-04-19,110.32,321644
tok07,2021-04-20,110.64,699771
tok07,2021-04-21,102.439,274153
tok07,2021-04-22,99.696,1133020
tok07,2021-04-23,101.868,726405
tok07,2021-04-24,103.542,428691
tok07,2021-04-25,101.125,262502
tok07,2021-04-26,96.735,354117
tok07,2021-04-27,97.209,994089
tok07,2021-04-28,96.084,619724
tok07,2021-04-29,100.937,254691
tok07,2021-04-30,114.939,332857
tok07,2021-05-01,104.055,377549
tok07,2021-05-02,99.509,830287
tok07,2021-05-03,97.004,417523
tok07,2021-05-04,95.016,326176
tok07,2021-05-05,97.177,403615
tok07,2021-05-06,95.682,224136
tok07,2021-05-07,96.625,355498
tok07,2021-05-08,101.381,1015103
tok07,2021-05-09,105.923,450481
tok07,2021-05-10,109.186,663320
tok07,2021-05-11,107.354,289166
tok07,2021-05-12,110.664,430279
tok07,2021-05-13,114.914,357508
tok07,2021-05-14,119.092,136484
tok07,2021-05-15,124.07,344913
tok07,2021-05-16,120.46,663125
tok07,2021-05-17,126.391,546865
tok07,2021-05-18,127.277,448427
tok07,2021-05-19,127.97,318138
tok07,2021-05-20,126.301,255338
tok07,2021-05-21,131.232,1064771
tok07,2021-05-22,138.662,629162
tok07,2021-05-23,134.499,1028858
tok07,2021-05-24,129.635,391011
tok07,2021-05-25,134.097,924053
tok07,2021-05-26,123.675,334678
tok07,2021-05-27,134.538,473631
tok07,2021-05-28,136.43,429921
tok07,2021-05-29,131.836,814731
tok07,2021-05-30,124.311,373698
tok07,2021-05-31,120.391,442350
tok07,2021-06-01,117.645,203793
tok07,2021-06-02,121.264,258286
tok07,2021-06-03,117.223,712177
tok07,2021-06-04,115.621,931942
tok07,2021-06-05,109.102,559650
tok07,2021-06-06,107.494,602644
tok07,2021-06-07,106.537,364088
tok07,2021-06-08,105.087,571181
tok07,2021-06-09,105.586,225529
tok07,2021-06-10,102.318,527158
tok07,2021-06-11,115.46,545574
tok07,2021-06-12,110.491,783790
tok07,2021-06-13,113.555,721969
tok07,2021-06-14,109.648,670478
tok07,2021-06-15,116.477,123103
tok07,2021-06-16,118.682,611531
tok07,2021-06-17,115.12,253510
tok07,2021-06-18,102.838,321564
tok07,2021-06-19,107.772,683841
tok07,2021-06-20,98.533,553683
tok07,2021-06-21,95.091,490965
tok07,2021-06-22,89.364,347322
tok07,2021-06-23,93.784,409988
tok07,2021-06-24,97.735,255409
tok07,2021-06-25,99.211,206125
tok07,2021-06-26,92.848,300123
tok07,2021-06-27,95.195,233669
tok07,2021-06-28,89.146,427653
tok07,2021-06-29,93.618,320413
tok07,2021-06-30,90.56,615868
tok07,2021-07-01,90.375,513637
tok07,2021-07-02,90.058,692140
tok07,2021-07-03,91.39,271666
tok07,2021-07-04,86.381,628536
tok07,2021-07-05,88.135,682199
tok07,2021-07-06,83.174,355875
tok07,2021-07-07,79.82,408199
tok07,2021-07-08,78.453,654823
tok07,2021-07-09,75.864,475568
tok07,2021-07-10,74.517,1031598
tok07,2021-07-11,73.831,360016
tok07,2021-07-12,74.213,226080
tok07,2021-07-13,76.162,222903
tok07,2021-07-14,74.391,376102
tok07,2021-07-15,68.25,457189
tok07,2021-07-16,66.791,414746
tok07,2021-07-17,66.998,311333
tok07,2021-07-18,63.836,272641
tok07,2021-07-19,69.128,178516
tok07,2021-07-20,69.566,682521
tok07,2021-07-21,69.524,283535
tok07,2021-07-22,69.203,370548
tok07,2021-07-23,68.235,268210
tok07,2021-07-24,66.939,1011774
tok07,2021-07-25,64.647,265664
tok07,2021-07-26,64.962,1141804
tok07,2021-07-27,65.276,377049
tok07,2021-07-28,68.271,492257
tok07,2021-07-29,78.134,391488
tok07,2021-07-30,75.848,697505
tok07,2021-07-31,70.677,566286
tok07,2021-08-01,68.175,758793
tok07,2021-08-02,65.111,318894
tok07,2021-08-03,62.326,553195
tok07,2021-08-04,60.006,869235
tok07,2021-08-05,56.877,328574
tok07,2021-08-06,55.746,614940
tok07,2021-08-07,56.512,540914
tok07,2021-08-08,56.384,691080
tok07,2021-08-09,56.17,373801
tok07,2021-08-10,57.869,474346
tok07,2021-08-11,57.703,481758
tok07,2021-08-12,57.614,196720
tok07,2021-08-13,60.711,433318
tok07,2021-08-14,64.644,266220
tok07,2021-08-15,61.629,523946
tok07,2021-08-16,63.51,755154
tok07,2021-08-17,61.879,670548
tok07,2021-08-18,66.973,202618
tok07,2021-08-19,68.9,689699
tok07,2021-08-20,70.889,164803
tok07,2021-08-21,74.746,501078
tok07,2021-08-22,73.022,430800
tok07,2021-08-23,73.658,735551
tok07,2021-08-24,73.242,445612
tok07,2021-08-25,79.081,979039
tok07,2021-08-26,78.054,259583
tok07,2021-08-27,76.362,290386
tok07,2021-08-28,81.438,461059
tok07,2021-08-29,82.071,231637
tok07,2021-08-30,76.775,647427
tok07,2021-08-31,75.255,865462
tok07,2021-09-01,80.218,380950
tok07,2021-09-02,81.248,545517
tok07,2021-09-03,80.805,664840
tok07,2021-09-04,84.767,396952
tok07,2021-09-05,85.855,301287
tok07,2021-09-06,81.934,556679
tok07,2021-09-07,81.838,264751
tok07,2021-09-08,82.565,559831
tok07,2021-09-09,78.686,447941
tok07,2021-09-10,78.213,257040
tok07,2021-09-11,78.212,794756
tok07,2021-09-12,78.0,320091
tok07,2021-09-13,81.637,671069
tok07,2021-09-14,82.746,304489
tok07,2021-09-15,81.27,615715
tok07,2021-09-16,83.276,648160
tok07,2021-09-17,81.964,874084
tok07,2021-09-18,81.296,398891
tok07,2021-09-19,76.082,472075
tok07,2021-09-20,76.624,668022
tok07,2021-09-21,78.559,821292
tok07,2021-09-22,79.816,871501
tok07,2021-09-23,75.633,439752
tok07,2021-09-24,70.746,416975
tok07,2021-09-25,74.425,380443
tok07,2021-09-26,70.953,533230
tok07,2021-09-27,68.105,428330
tok07,2021-09-28,67.598,372972
tok07,2021-09-29,70.624,623407
tok07,2021-09-30,71.068,399663
tok07,2021-10-01,74.808,479881
tok07,2021-10-02,71.164,182927
tok07,2021-10-03,70.06,434341
tok07,2021-10-04,72.774,293510
tok07,2021-10-05,72.517,869976
tok07,2021-10-06,72.293,289739
tok07,2021-10-07,74.221,174101
tok07,2021-10-08,73.411,579227
tok07,2021-10-09,77.68,1076786
tok07,2021-10-10,74.061,227691
tok07,2021-10-11,71.883,544467
tok07,2021-10-12,73.951,390804
tok07,2021-10-13,71.61,305018
tok07,2021-10-14,72.279,416070
tok07,2021-10-15,73.045,269206
tok07,2021-10-16,70.117,570347
tok07,2021-10-17,69.352,564777
tok07,2021-10-18,66.107,540264
tok07,2021-10-19,68.814,419068
tok07,2021-10-20,71.121,705106
tok07,2021-10-21,67.951,629622
tok07,2021-10-22,64.021,1184169
tok07,2021-10-23,64.908,257993
tok07,2021-10-24,67.698,725193
tok07,2021-10-25,67.596,535273
tok07,2021-10-26,66.812,635214
tok07,2021-10-27,63.017,183234
tok07,2021-10-28,61.734,318102
tok07,2021-10-29,65.061,387451
tok07,2021-10-30,64.725,892342
tok07,2021-10-31,62.031,252607
tok07,2021-11-01,60.81,444650
tok07,2021-11-02,63.51,295507
tok07,2021-11-03,66.16,600721
tok07,2021-11-04,69.772,184292
tok07,2021-11-05,68.936,444712
tok07,2021-11-06,71.902,279335
tok07,2021-11-07,77.277,190051
tok07,2021-11-08,75.522,253946
tok07,2021-11-09,75.257,346261
tok07,2021-11-10,78.286,724131
tok07,2021-11-11,78.926,275430
tok07,2021-11-12,78.845,406781
tok07,2021-11-13,80.42,494774
tok07,2021-11-14,82.791,302922
tok07,2021-11-15,82.865,470099
tok07,2021-11-16,84.495,261735
tok07,2021-11-17,83.759,1090469
tok07,2021-11-18,85.194,269128
tok07,2021-11-19,88.843,197655
tok07,2021-11-20,88.165,266583
tok07,2021-11-21,83.066,482259
tok07,2021-11-22,85.528,968644
tok07,2021-11-23,88.488,250770
tok07,2021-11-24,87.724,454841
tok07,2021-11-25,92.186,156432
tok07,2021-11-26,92.081,1237836
tok07,2021-11-27,88.934,336834
tok07,2021-11-28,93.55,139546
tok07,2021-11-29,95.269,618131
tok07,2021-11-30,93.816,307088
tok07,2021-12-01,94.76,186543
tok07,2021-12-02,97.635,412807
tok07,2021-12-03,95.286,503672
tok07,2021-12-04,95.873,276888
tok07,2021-12-05,91.541,419474
tok07,2021-12-06,90.081,290143
tok07,2021-12-07,88.312,407929
tok07,2021-12-08,94.384,193982
tok07,2021-12-09,89.223,336033
tok07,2021-12-10,92.086,598776
tok07,2021-12-11,90.207,281710
tok07,2021-12-12,93.103,464353
tok07,2021-12-13,92.885,901974
tok07,2021-12-14,100.039,518652
tok07,2021-12-15,106.584,910964
tok07,2021-12-16,106.505,504377
tok07,2021-12-17,108.026,508642
tok07,2021-12-18,109.003,532651
tok07,2021-12-19,107.274,241323
tok07,2021-12-20,104.202,979164
tok07,2021-12-21,109.788,404873
tok07,2021-12-22,110.417,444034
tok07,2021-12-23,104.038,311144
tok07,2021-12-24,104.564,255662
tok07,2021-12-25,100.676,350356
tok07,2021-12-26,98.478,348052
tok07,2021-12-27,95.233,412466
tok07,2021-12-28,100.937,409285
tok07,2021-12-29,103.186,401112
tok07,2021-12-30,102.288,157547
tok07,2021-12-31,104.888,669078
tok07,2022-01-01,106.0,407433
tok07,2022-01-02,106.062,268581
tok07,2022-01-03,108.254,243281
tok07,2022-01-04,110.163,444146
tok07,2022-01-05,109.61,676398
tok07,2022-01-06,102.646,223848
tok07,2022-01-07,103.652,157692
tok07,2022-01-08,102.176,453923
tok07,2022-01-09,96.95,316570
tok07,2022-01-10,100.519,132830
tok07,2022-01-11,105.214,554928
tok07,2022-01-12,102.552,392484
tok07,2022-01-13,105.495,544892
tok07,2022-01-14,105.111,229324
tok07,2022-01-15,103.822,356337
tok07,2022-01-16,107.695,583661
tok07,2022-01-17,102.159,716710
tok07,2022-01-18,100.183,471856
tok07,2022-01-19,94.661,686067
tok07,2022-01-20,94.292,303052
tok07,2022-01-21,92.189,1800556
tok07,2022-01-22,89.474,347826
tok07,2022-01-23,85.111,651789
tok07,2022-01-24,86.339,442018
tok07,2022-01-25,82.781,302840
tok07,2022-01-26,82.647,234144
tok07,2022-01-27,75.735,305989
tok07,2022-01-28,74.734,922525
tok07,2022-01-29,77.075,581999
tok07,2022-01-30,79.637,546476
tok07,2022-01-31,76.763,283980
tok07,2022-02-01,78.046,287421
tok07,2022-02-02,79.357,401953
tok07,2022-02-03,82.597,715268
tok07,2022-02-04,82.109,210485
tok07,2022-02-05,78.251,584427
tok07,2022-02-06,73.701,326642
tok07,2022-02-07,72.933,364060
tok07,2022-02-08,68.956,1004963
tok07,2022-02-09,69.52,416517
tok07,2022-02-10,68.117,457663
tok07,2022-02-11,65.495,501089
tok07,2022-02-12,63.313,457043
tok07,2022-02-13,61.501,278516
tok07,2022-02-14,61.567,410305
tok07,2022-02-15,63.15,604956
tok07,2022-02-16,62.119,490433
tok07,2022-02-17,62.848,461205
tok07,2022-02-18,61.401,413422
tok07,2022-02-19,64.558,835226
tok07,2022-02-20,64.237,741851
tok07,2022-02-21,63.639,247273
tok07,2022-02-22,58.127,475188
tok07,2022-02-23,55.719,1083918
tok07,2022-02-24,54.372,912205
tok07,2022-02-25,52.105,291391
tok07,2022-02-26,50.239,703660
tok07,2022-02-27,48.246,312719
tok07,2022-02-28,48.179,1048589
tok07,2022-03-01,50.128,386885
tok07,2022-03-02,50.353,279791
tok07,2022-03-03,52.985,811378
tok07,2022-03-04,51.449,576203
tok07,2022-03-05,52.866,258006
tok07,2022-03-06,52.129,858263
tok07,2022-03-07,51.394,766546
tok07,2022-03-08,49.564,697611
tok07,2022-03-09,47.531,286881
tok07,2022-03-10,48.446,511781
tok07,2022-03-11,47.397,330504
tok07,2022-03-12,44.818,253057
tok07,2022-03-13,41.905,128560
tok07,2022-03-14,43.77,319680
tok07,2022-03-15,44.223,517401
tok07,2022-03-16,42.366,365241
tok07,2022-03-17,42.526,297147
tok07,2022-03-18,43.032,168285
tok07,2022-03-19,44.789,407429
tok07,2022-03-20,47.379,204946
tok07,2022-03-21,49.244,419533
tok07,2022-03-22,52.282,794325
tok07,2022-03-23,51.744,435449
tok07,2022-03-24,53.323,585972
tok07,2022-03-25,53.044,227490
tok07,2022-03-26,53.734,800970
tok07,2022-03-27,56.139,934257
tok07,2022-03-28,57.003,833552
tok07,2022-03-29,56.595,382862
tok07,2022-03-30,53.766,345929
tok07,2022-03-31,50.468,715354
tok07,2022-04-01,55.184,1192167
tok07,2022-04-02,57.871,452273
tok07,2022-04-03,57.925,443861
tok07,2022-04-04,55.145,189295
tok07,2022-04-05,59.949,473858
tok07,2022-04-06,58.807,367641
tok07,2022-04-07,54.852,355757
tok07,2022-04-08,54.024,368698
tok07,2022-04-09,53.858,443768
tok07,2022-04-10,53.165,457899
tok07,2022-04-11,51.61,447197
tok07,2022-04-12,52.358,566001
tok07,2022-04-13,51.883,293143
tok07,2022-04-14,52.694,296634
tok07,2022-04-15,50.075,762192
tok07,2022-04-16,49.846,331356
tok07,2022-04-17,49.161,358253
tok07,2022-04-18,49.903,360220
tok07,2022-04-19,50.288,604765
tok07,2022-04-20,48.529,283932
tok07,2022-04-21,48.578,437837
tok07,2022-04-22,52.731,291991
tok07,2022-04-23,51.658,227840
tok07,2022-04-24,51.361,425999
tok07,2022-04-25,50.477,151841
tok07,2022-04-26,54.315,275529
tok07,2022-04-27,58.298,682436
tok07,2022-04-28,57.038,1340129
tok07,2022-04-29,57.8,909019
tok07,2022-04-30,61.255,327615
tok07,2022-05-01,61.674,497917
tok07,2022-05-02,66.637,258914
tok07,2022-05-03,68.431,344613
tok07,2022-05-04,66.784,572601
tok07,2022-05-05,62.37,404726
tok07,2022-05-06,64.754,195007
tok07,2022-05-07,67.005,316085
tok07,2022-05-08,67.195,406003
tok07,2022-05-09,66.231,300406
tok07,2022-05-10,66.672,213255
tok07,2022-05-11,70.49,260139
tok07,2022-05-12,67.38,263548
tok07,2022-05-13,63.161,1132207
tok07,2022-05-14,62.18,315718
tok07,2022-05-15,58.011,381307
tok07,2022-05-16,54.296,285358
tok07,2022-05-17,53.355,213373
tok07,2022-05-18,51.05,672899
tok07,2022-05-19,53.418,330098
tok07,2022-05-20,52.079,334856
tok07,2022-05-21,52.063,491298
tok07,2022-05-22,51.463,641684
tok07,2022-05-23,51.539,444052
tok07,2022-05-24,53.922,265690
tok07,2022-05-25,53.634,692103
tok07,2022-05-26,57.475,417463
tok07,2022-05-27,55.759,271317
tok07,2022-05-28,58.299,548004
tok07,2022-05-29,58.349,227421
tok07,2022-05-30,52.838,357314
tok07,2022-05-31,56.713,340231
tok07,2022-06-01,55.307,401812
tok07,2022-06-02,51.151,225424
tok07,2022-06-03,50.853,387697
tok07,2022-06-04,48.232,570577
tok07,2022-06-05,48.048,700765
tok07,2022-06-06,47.006,816674
tok07,2022-06-07,43.849,356616
tok07,2022-06-08,46.317,330086
tok07,2022-06-09,51.72,204704
tok07,2022-06-10,53.18,567255
tok07,2022-06-11,56.625,140466
tok07,2022-06-12,55.884,609622
tok07,2022-06-13,54.463,611886
tok07,2022-06-14,56.241,589869
tok07,2022-06-15,52.9,447686
tok07,2022-06-16,53.643,452099
tok07,2022-06-17,54.344,335821
tok07,2022-06-18,52.181,327724
tok07,2022-06-19,50.373,189955
tok07,2022-06-20,47.852,274212
tok07,2022-06-21,47.559,241674
tok07,2022-06-22,46.028,362968
tok07,2022-06-23,45.541,414073
tok07,2022-06-24,45.959,368877
tok07,2022-06-25,48.319,716807
tok07,2022-06-26,52.401,690316
tok07,2022-06-27,55.858,899778
tok07,2022-06-28,54.703,1216233
tok07,2022-06-29,52.267,762065
tok07,2022-06-30,48.574,646691
tok07,2022-07-01,47.48,236873
tok07,2022-07-02,47.153,680592
tok07,2022-07-03,48.007,1782761
tok07,2022-07-04,51.311,320636
tok07,2022-07-05,49.738,148249
tok07,2022-07-06,48.41,450988
tok07,2022-07-07,46.612,962482
tok07,2022-07-08,45.644,763502
tok07,2022-07-09,47.086,409489
tok07,2022-07-10,45.06,292163
tok07,2022-07-11,43.061,425589
tok07,2022-07-12,43.123,1097632
tok07,2022-07-13,41.293,213545
tok07,2022-07-14,41.759,378255
tok07,2022-07-15,40.124,153531
tok07,2022-07-16,41.312,228359
tok07,2022-07-17,37.374,239228
tok07,2022-07-18,39.118,1544307
tok07,2022-07-19,39.497,423478
tok07,2022-07-20,38.385,503099
tok07,2022-07-21,37.171,343784
tok07,2022-07-22,40.335,569659
tok07,2022-07-23,41.093,351998
tok07,2022-07-24,41.159,459213
tok07,2022-07-25,43.5,562671
tok07,2022-07-26,42.691,356845
tok07,2022-07-27,42.762,875311
tok07,2022-07-28,44.623,699319
tok07,2022-07-29,43.86,796845
tok07,2022-07-30,41.522,546980
tok07,2022-07-31,37.349,190876
tok07,2022-08-01,36.354,420899
tok07,2022-08-02,38.771,396429
tok07,2022-08-03,35.75,1730369
tok07,2022-08-04,37.82,137605
tok07,2022-08-05,37.205,374728
tok07,2022-08-06,34.776,671645
tok07,2022-08-07,33.618,323198
tok07,2022-08-08,32.17,474183
tok07,2022-08-09,31.2,410187
tok07,2022-08-10,30.082,317229
tok07,2022-08-11,29.759,558287
tok07,2022-08-12,30.026,211252
tok07,2022-08-13,29.908,688225
tok07,2022-08-14,30.965,300316
tok07,2022-08-15,27.579,112236
tok07,2022-08-16,26.025,253005
tok07,2022-08-17,25.71,444723
tok07,2022-08-18,25.047,529741
tok07,2022-08-19,25.784,820899
tok07,2022-08-20,26.418,483424
tok07,2022-08-21,26.349,187094
tok07,2022-08-22,26.068,257682
tok07,2022-08-23,24.646,1432755
tok07,2022-08-24,23.4,324453
tok07,2022-08-25,23.698,375100
tok07,2022-08-26,22.823,404579
tok07,2022-08-27,22.142,537890
tok07,2022-08-28,21.418,435990
tok07,2022-08-29,21.793,983896
tok07,2022-08-30,23.247,499530
tok07,2022-08-31,24.227,310011
tok07,2022-09-01,21.484,357768
tok07,2022-09-02,20.99,467758
tok07,2022-09-03,21.158,660445
tok07,2022-09-04,19.218,966633
tok07,2022-09-05,19.265,244007
tok07,2022-09-06,19.812,210276
tok07,2022-09-07,20.197,449178
tok07,2022-09-08,19.622,246487
tok07,2022-09-09,18.538,756603
tok07,2022-09-10,20.052,328502
tok07,2022-09-11,18.713,199318
tok07,2022-09-12,18.908,709510
tok07,2022-09-13,19.342,324351
tok07,2022-09-14,19.734,576814
tok07,2022-09-15,17.695,373158
tok07,2022-09-16,16.726,432861
tok07,2022-09-17,17.645,298754
tok07,2022-09-18,17.772,600620
tok07,2022-09-19,18.462,211323
tok07,2022-09-20,18.038,319263
tok07,2022-09-21,18.1,449144
tok07,2022-09-22,18.113,548399
tok07,2022-09-23,17.477,157720
tok07,2022-09-24,17.603,265903
tok07,2022-09-25,16.863,219725
tok07,2022-09-26,17.664,820753
tok07,2022-09-27,18.167,196926
tok07,2022-09-28,18.605,251474
tok07,2022-09-29,18.882,312374
tok07,2022-09-30,18.225,797598
tok07,2022-10-01,18.825,341425
tok07,2022-10-02,18.304,452249
tok07,2022-10-03,18.354,406161
tok07,2022-10-04,18.088,353382
tok07,2022-10-05,18.01,288644
tok07,2022-10-06,17.089,670270
tok07,2022-10-07,17.262,465785
tok07,2022-10-08,16.381,425974
tok07,2022-10-09,17.195,428907
tok07,2022-10-10,17.672,904298
tok07,2022-10-11,16.806,522601
tok07,2022-10-12,17.498,404669
tok07,2022-10-13,18.331,567099
tok07,2022-10-14,18.734,972959
tok07,2022-10-15,18.228,490257
tok07,2022-10-16,17.978,684098
tok07,2022-10-17,17.965,584243
tok07,2022-10-18,17.891,311451
tok07,2022-10-19,17.775,780489
tok07,2022-10-20,18.337,869390
tok07,2022-10-21,18.287,369007
tok07,2022-10-22,18.402,313874
tok07,2022-10-23,18.718,419233
tok07,2022-10-24,18.697,439042
tok07,2022-10-25,16.923,838483
tok07,2022-10-26,17.426,304155
tok07,2022-10-27,18.334,318159
tok07,2022-10-28,17.383,246911
tok07,2022-10-29,16.955,492139
tok07,2022-10-30,16.53,274271
tok07,2022-10-31,17.004,590468
tok07,2022-11-01,16.039,1036139
tok07,2022-11-02,16.888,518084
tok07,2022-11-03,15.978,788872
tok07,2022-11-04,15.356,568507
tok07,2022-11-05,15.343,671712
tok07,2022-11-06,16.087,446925
tok07,2022-11-07,15.89,183469
tok07,2022-11-08,15.695,390465
tok07,2022-11-09,16.586,139109
tok07,2022-11-10,15.343,118901
tok07,2022-11-11,15.54,383955
tok07,2022-11-12,15.232,1136425
tok07,2022-11-13,14.477,464210
tok07,2022-11-14,13.905,328012
tok07,2022-11-15,14.425,395595
tok07,2022-11-16,15.168,197618
tok07,2022-11-17,15.613,627862
tok07,2022-11-18,15.934,433658
tok07,2022-11-19,15.725,459734
tok07,2022-11-20,16.491,745227
tok07,2022-11-21,16.338,383580
tok07,2022-11-22,17.501,129508
tok07,2022-11-23,16.727,520664
tok07,2022-11-24,15.971,502172
tok07,2022-11-25,16.72,840974
tok07,2022-11-26,17.363,447695
tok07,2022-11-27,16.052,372416
tok07,2022-11-28,15.904,339203
tok07,2022-11-29,16.841,403384
tok07,2022-11-30,16.664,326961
tok07,2022-12-01,17.446,222949
tok07,2022-12-02,17.588,242860
tok07,2022-12-03,18.306,542271
tok07,2022-12-04,17.745,160485
tok07,2022-12-05,18.281,690054
tok07,2022-12-06,19.161,172766
tok07,2022-12-07,19.309,378967
tok07,2022-12-08,20.101,933561
tok07,2022-12-09,20.372,846977
tok07,2022-12-10,20.242,712784
tok07,2022-12-11,20.487,820804
tok07,2022-12-12,20.73,357795
tok07,2022-12-13,20.654,161358
tok07,2022-12-14,21.088,237337
tok07,2022-12-15,20.655,478239
tok07,2022-12-16,19.275,864971
tok07,2022-12-17,18.594,758802
tok07,2022-12-18,18.539,892427
tok07,2022-12-19,18.846,276963
tok07,2022-12-20,17.853,850016
tok07,2022-12-21,17.038,756101
tok07,2022-12-22,15.877,254759
tok07,2022-12-23,15.549,260041
tok07,2022-12-24,15.167,340209
tok07,2022-12-25,15.169,612404
tok07,2022-12-26,15.098,390734
tok07,2022-12-27,15.234,590256
tok07,2022-12-28,15.855,577180
tok07,2022-12-29,16.523,659471
tok07,2022-12-30,17.695,768183
tok07,2022-12-31,18.315,259761
tok07,2023-01-01,17.119,444774
tok07,2023-01-02,17.728,241519
tok07,2023-01-03,16.72,598700
tok07,2023-01-04,17.594,1464093
tok07,2023-01-05,18.594,675794
tok07,2023-01-06,18.757,620250
tok07,2023-01-07,18.929,404617
tok07,2023-01-08,19.624,276867
tok07,2023-01-09,21.104,551342
tok07,2023-01-10,21.82,676306
tok07,2023-01-11,20.09,470572
tok07,2023-01-12,20.061,247063
tok07,2023-01-13,19.503,810880
tok07,2023-01-14,19.223,1188899
tok07,2023-01-15,19.303,1457250
tok07,2023-01-16,17.247,251918
tok07,2023-01-17,17.115,411908
tok07,2023-01-18,16.485,422321
tok07,2023-01-19,15.022,756858
tok07,2023-01-20,14.39,487673
tok07,2023-01-21,14.773,582228
tok07,2023-01-22,14.212,531454
tok07,2023-01-23,14.643,604991
tok07,2023-01-24,14.181,400863
tok07,2023-01-25,13.502,553325
tok07,2023-01-26,14.785,530704
tok07,2023-01-27,15.471,331597
tok07,2023-01-28,15.183,813632
tok07,2023-01-29,15.18,503470
tok07,2023-01-30,15.172,675708
tok07,2023-01-31,15.282,511845
tok07,2023-02-01,15.227,241153
tok07,2023-02-02,15.276,147373
tok07,2023-02-03,15.324,360168
tok07,2023-02-04,15.513,691181
tok07,2023-02-05,16.405,757878
tok07,2023-02-06,16.879,364549
tok07,2023-02-07,16.958,525060
tok07,2023-02-08,16.275,380628
tok07,2023-02-09,15.189,171945
tok07,2023-02-10,15.558,248652
tok07,2023-02-11,15.508,329489
tok07,2023-02-12,15.911,401768
tok07,2023-02-13,16.002,616859
tok07,2023-02-14,16.003,324079
tok07,2023-02-15,16.367,509266
tok07,2023-02-16,16.519,388119
tok07,2023-02-17,16.304,172555
tok07,2023-02-18,15.598,329854
tok07,2023-02-19,15.644,538145
tok07,2023-02-20,16.482,588572
tok07,2023-02-21,15.822,404870
tok07,2023-02-22,16.531,453828
tok07,2023-02-23,17.385,365940
tok07,2023-02-24,16.455,963360
tok07,2023-02-25,16.059,490930
tok07,2023-02-26,15.675,465058
tok07,2023-02-27,15.231,753603
tok07,2023-02-28,14.772,782191
tok07,2023-03-01,14.819,523442
tok07,2023-03-02,14.288,437372
tok07,2023-03-03,14.127,134292
tok07,2023-03-04,14.027,331449
tok07,2023-03-05,13.863,467698
tok07,2023-03-06,13.337,232798
tok07,2023-03-07,14.564,504818
tok07,2023-03-08,14.815,667107
tok07,2023-03-09,14.786,801697
tok07,2023-03-10,15.433,975610
tok07,2023-03-11,15.985,723366
tok07,2023-03-12,15.212,687457
tok07,2023-03-13,14.864,273953
tok07,2023-03-14,14.689,281860
tok07,2023-03-15,14.437,370399
tok07,2023-03-16,14.92,538502
tok07,2023-03-17,14.485,1639179
tok07,2023-03-18,14.077,277159
tok07,2023-03-19,14.686,412544
tok07,2023-03-20,15.018,642513
tok07,2023-03-21,14.998,307603
tok07,2023-03-22,15.51,798830
tok07,2023-03-23,16.498,1167160
tok07,2023-03-24,16.812,366052
tok07,2023-03-25,16.152,478918
tok07,2023-03-26,16.825,473926
tok07,2023-03-27,18.469,146407
tok07,2023-03-28,19.279,733263
tok07,2023-03-29,20.093,833203
tok07,2023-03-30,18.938,246256
tok07,2023-03-31,19.697,482154
tok07,2023-04-01,20.12,714765
tok07,2023-04-02,20.386,191606
tok07,2023-04-03,20.672,99979
tok07,2023-04-04,21.513,219839
tok07,2023-04-05,21.31,300997
tok07,2023-04-06,20.455,137453
tok07,2023-04-07,19.17,615845
tok07,2023-04-08,19.576,560730
tok07,2023-04-09,19.208,244332
tok07,2023-04-10,18.581,768602
tok07,2023-04-11,18.816,269787
tok07,2023-04-12,20.092,500877
tok07,2023-04-13,20.26,704323
tok07,2023-04-14,19.594,342551
tok07,2023-04-15,20.428,621765
tok07,2023-04-16,21.758,931942
tok07,2023-04-17,21.922,849942
tok07,2023-04-18,22.17,505513
tok07,2023-04-19,21.642,494539
tok07,2023-04-20,22.179,339535
tok07,2023-04-21,22.77,404844
tok07,2023-04-22,22.756,544185
tok07,2023-04-23,21.004,1101887
tok07,2023-04-24,22.673,277264
tok07,2023-04-25,22.358,427540
tok07,2023-04-26,22.229,226942
tok07,2023-04-27,22.54,673999
tok07,2023-04-28,22.038,252274
tok07,2023-04-29,22.778,273592
tok07,2023-04-30,22.509,715702
tok07,2023-05-01,23.37,594312
tok07,2023-05-02,23.86,265526
tok07,2023-05-03,24.254,320417
tok07,2023-05-04,23.74,660849
tok07,2023-05-05,24.449,381512
tok07,2023-05-06,24.28,482077
tok07,2023-05-07,24.549,479726
tok07,2023-05-08,25.0,337079
tok07,2023-05-09,24.731,363334
tok07,2023-05-10,24.173,474613
tok07,2023-05-11,24.65,477546
tok07,2023-05-12,24.299,185860
tok07,2023-05-13,23.362,259638
tok07,2023-05-14,22.532,820703
tok07,2023-05-15,22.838,200140
tok07,2023-05-16,22.558,517439
tok07,2023-05-17,22.398,244077
tok07,2023-05-18,22.582,748354
tok07,2023-05-19,23.527,1168032
tok07,2023-05-20,22.958,831414
tok07,2023-05-21,23.929,178006
tok07,2023-05-22,21.27,1335213
tok07,2023-05-23,21.824,661629
tok07,2023-05-24,22.077,305438
tok07,2023-05-25,20.816,292660
tok07,2023-05-26,20.715,637103
tok07,2023-05-27,22.481,656337
tok07,2023-05-28,23.387,318645
tok07,2023-05-29,23.921,617489
tok07,2023-05-30,24.281,254188
tok07,2023-05-31,23.509,403327
tok07,2023-06-01,23.744,677461
tok07,2023-06-02,22.924,508334
tok07,2023-06-03,22.951,857692
tok07,2023-06-04,22.956,2060518
tok07,2023-06-05,21.453,425334
tok07,2023-06-06,20.986,798411
tok07,2023-06-07,20.961,425575
tok07,2023-06-08,21.442,269847
tok07,2023-06-09,21.399,733472
tok07,2023-06-10,20.366,789453
tok07,2023-06-11,19.897,1427546
tok07,2023-06-12,21.59,452708
tok07,2023-06-13,22.474,915056
tok07,2023-06-14,21.736,149724
tok07,2023-06-15,23.116,639025
tok07,2023-06-16,22.965,419009
tok07,2023-06-17,23.442,357809
tok07,2023-06-18,23.638,265389
tok07,2023-06-19,21.032,289344
tok07,2023-06-20,20.274,457170
tok07,2023-06-21,20.735,1173281
tok07,2023-06-22,19.553,1310650
tok07,2023-06-23,18.695,661420
tok07,2023-06-24,17.854,519609
tok07,2023-06-25,18.863,301679
tok07,2023-06-26,19.499,248195
tok07,2023-06-27,18.147,474460
tok07,2023-06-28,17.491,377949
tok07,2023-06-29,16.716,762361
tok07,2023-06-30,18.375,346556
tok07,2023-07-01,17.886,258643
tok07,2023-07-02,17.773,482950
tok07,2023-07-03,17.354,315800
tok07,2023-07-04,16.911,1115762
tok07,2023-07-05,17.162,429127
tok07,2023-07-06,15.934,408594
tok07,2023-07-07,16.904,256411
tok07,2023-07-08,17.375,552965
tok07,2023-07-09,17.962,405094
tok07,2023-07-10,17.427,475230
tok07,2023-07-11,18.779,268057
tok07,2023-07-12,17.91,667025
tok07,2023-07-13,17.815,420483
tok07,2023-07-14,17.771,240331
tok07,2023-07-15,17.695,397508
tok07,2023-07-16,18.424,150780
tok07,2023-07-17,17.847,1490696
tok07,2023-07-18,17.011,330113
tok07,2023-07-19,17.081,992297
tok07,2023-07-20,16.537,592377
tok07,2023-07-21,16.331,144558
tok07,2023-07-22,16.331,334711
tok07,2023-07-23,15.547,418247
tok07,2023-07-24,15.359,398320
tok07,2023-07-25,16.351,605093
tok07,2023-07-26,16.631,498474
tok07,2023-07-27,16.461,737579
tok07,2023-07-28,17.282,578386
tok07,2023-07-29,17.649,731670
tok07,2023-07-30,17.789,423241
tok07,2023-07-31,18.239,167134
tok07,2023-08-01,17.664,572577
tok07,2023-08-02,18.396,571412
tok07,2023-08-03,18.703,469069
tok07,2023-08-04,18.035,281436
tok07,2023-08-05,17.572,431828
tok07,2023-08-06,17.909,365990
tok07,2023-08-07,18.739,238028
tok07,2023-08-08,19.065,688907
tok07,2023-08-09,20.015,592264
tok07,2023-08-10,20.711,293742
tok07,2023-08-11,20.263,323105
tok07,2023-08-12,20.968,248185
tok07,2023-08-13,19.575,537368
tok07,2023-08-14,19.965,447007
tok07,2023-08-15,19.045,416599
tok07,2023-08-16,19.034,586246
tok07,2023-08-17,18.466,404622
tok07,2023-08-18,17.68,425025
tok07,2023-08-19,17.985,890213
tok07,2023-08-20,19.136,160775
tok07,2023-08-21,19.365,444609
tok07,2023-08-22,19.641,313809
tok07,2023-08-23,20.318,425357
tok07,2023-08-24,20.85,579461
tok07,2023-08-25,20.523,1069129
tok07,2023-08-26,20.508,569699
tok07,2023-08-27,20.494,741711
tok07,2023-08-28,20.54,543076
tok07,2023-08-29,19.995,681813
tok07,2023-08-30,19.847,295838
tok07,2023-08-31,19.467,413008
tok07,2023-09-01,18.808,1096379
tok07,2023-09-02,18.768,383034
tok07,2023-09-03,20.122,369992
tok07,2023-09-04,18.832,490122
tok07,2023-09-05,19.525,350879
tok07,2023-09-06,19.277,416551
tok07,2023-09-07,19.858,700420
tok07,2023-09-08,18.537,314428
tok07,2023-09-09,18.292,295347
tok07,2023-09-10,17.72,298959
tok07,2023-09-11,16.707,232033
tok07,2023-09-12,17.857,885992
tok07,2023-09-13,18.149,480233
tok07,2023-09-14,18.463,859541
tok07,2023-09-15,19.166,399712
tok07,2023-09-16,18.914,561891
tok07,2023-09-17,19.619,714303
tok07,2023-09-18,19.202,633614
tok07,2023-09-19,19.443,529541
tok07,2023-09-20,19.231,459170
tok07,2023-09-21,19.666,285033
tok07,2023-09-22,19.103,1273213
tok07,2023-09-23,18.559,305536
tok07,2023-09-24,18.668,399042
tok07,2023-09-25,19.26,269097
tok07,2023-09-26,19.532,314895
tok07,2023-09-27,21.319,508991
tok07,2023-09-28,22.158,265058
tok07,2023-09-29,22.539,860950
tok07,2023-09-30,21.391,631494
tok07,2023-10-01,21.484,270979
tok07,2023-10-02,21.168,930649
tok07,2023-10-03,19.756,265840
tok07,2023-10-04,19.787,309394
tok07,2023-10-05,20.13,276299
tok07,2023-10-06,20.102,299650
tok07,2023-10-07,20.546,484685
tok07,2023-10-08,20.024,171192
tok07,2023-10-09,18.649,1146949
tok07,2023-10-10,19.727,213469
tok07,2023-10-11,19.357,1700671
tok07,2023-10-12,20.726,424797
tok07,2023-10-13,20.273,696395
tok07,2023-10-14,20.472,162455
tok07,2023-10-15,20.548,374931
tok07,2023-10-16,21.251,541111
tok07,2023-10-17,20.854,799997
tok07,2023-10-18,20.557,542374
tok07,2023-10-19,21.189,597553
tok07,2023-10-20,21.484,611532
tok07,2023-10-21,21.048,272610
tok07,2023-10-22,20.923,725427
tok07,2023-10-23,20.858,331448
tok07,2023-10-24,20.634,831113
tok07,2023-10-25,19.302,201127
tok07,2023-10-26,18.599,353468
tok07,2023-10-27,20.236,824265
tok07,2023-10-28,19.678,326643
tok07,2023-10-29,18.67,1016263
tok07,2023-10-30,20.241,331100
tok07,2023-10-31,20.393,1749538
tok07,2023-11-01,20.429,314218
tok07,2023-11-02,21.272,260396
tok07,2023-11-03,20.412,440523
tok07,2023-11-04,21.425,288091
tok07,2023-11-05,21.55,561623
tok07,2023-11-06,20.672,459460
tok07,2023-11-07,20.475,424838
tok07,2023-11-08,21.738,269185
tok07,2023-11-09,19.687,1124307
tok07,2023-11-10,19.141,1079260
tok07,2023-11-11,18.448,400349
tok07,2023-11-12,18.325,2400895
tok07,2023-11-13,18.017,662007
tok07,2023-11-14,17.555,373213
tok07,2023-11-15,17.644,382234
tok07,2023-11-16,18.009,524579
tok07,2023-11-17,18.983,260734
tok07,2023-11-18,19.162,356803
tok07,2023-11-19,19.358,739670
tok07,2023-11-20,19.208,437581
tok07,2023-11-21,19.457,405820
tok07,2023-11-22,19.645,367854
tok07,2023-11-23,19.585,465094
tok07,2023-11-24,18.505,242368
tok07,2023-11-25,18.279,160275
tok07,2023-11-26,18.542,1149236
tok07,2023-11-27,18.458,508129
tok07,2023-11-28,17.592,521198
tok07,2023-11-29,17.679,334471
tok07,2023-11-30,16.811,365407
tok07,2023-12-01,17.086,537527
tok07,2023-12-02,17.283,304053
tok07,2023-12-03,16.031,504138
tok07,2023-12-04,15.649,271036
tok07,2023-12-05,16.792,335018
tok07,2023-12-06,16.595,464517
tok07,2023-12-07,15.63,440258
tok07,2023-12-08,16.009,373140
tok07,2023-12-09,15.678,319930
tok07,2023-12-10,15.127,313496
tok07,2023-12-11,14.702,377891
tok07,2023-12-12,14.661,167247
tok07,2023-12-13,13.609,169932
tok07,2023-12-14,13.268,547881
tok07,2023-12-15,12.817,305354
tok07,2023-12-16,12.251,199224
tok07,2023-12-17,12.017,460519
tok07,2023-12-18,12.662,342836
tok07,2023-12-19,12.847,848467
tok07,2023-12-20,12.959,133920
tok07,2023-12-21,12.662,408679
tok07,2023-12-22,13.095,265765
tok07,2023-12-23,12.519,721088
tok07,2023-12-24,13.295,634948
tok07,2023-12-25,12.845,579528
tok07,2023-12-26,13.187,493317
tok07,2023-12-27,13.142,274527
tok07,2023-12-28,12.896,1021249
tok07,2023-12-29,12.577,336406
tok07,2023-12-30,12.397,1012314
tok07,2023-12-31,12.715,416051
tok08,2021-01-01,103.052,254251
tok08,2021-01-02,101.669,415878
tok08,2021-01-03,99.592,291022
tok08,2021-01-04,98.7,558032
tok08,2021-01-05,98.877,700181
tok08,2021-01-06,100.745,259741
tok08,2021-01-07,102.267,419339
tok08,2021-01-08,100.241,388514
tok08,2021-01-09,102.589,158654
tok08,2021-01-10,99.75,454971
tok08,2021-01-11,97.656,539419
tok08,2021-01-12,98.205,448075
tok08,2021-01-13,103.016,610508
tok08,2021-01-14,98.106,295998
tok08,2021-01-15,94.162,368629
tok08,2021-01-16,93.597,152753
tok08,2021-01-17,92.491,183126
tok08,2021-01-18,100.247,284292
tok08,2021-01-19,102.152,184824
tok08,2021-01-20,109.354,515399
tok08,2021-01-21,111.266,415561
tok08,2021-01-22,115.333,526415
tok08,2021-01-23,114.505,440299
tok08,2021-01-24,123.118,230134
tok08,2021-01-25,113.796,135253
tok08,2021-01-26,113.616,309182
tok08,2021-01-27,119.004,368543
tok08,2021-01-28,128.817,566360
tok08,2021-01-29,138.372,534035
tok08,2021-01-30,133.394,428525
tok08,2021-01-31,134.272,367520
tok08,2021-02-01,131.825,194114
tok08,2021-02-02,130.808,1061528
tok08,2021-02-03,134.101,183947
tok08,2021-02-04,137.683,237057
tok08,2021-02-05,136.401,401112
tok08,2021-02-06,125.063,1345881
tok08,2021-02-07,128.281,588940
tok08,2021-02-08,125.588,610587
tok08,2021-02-09,128.306,453721
tok08,2021-02-10,131.662,242732
tok08,2021-02-11,133.118,301284
tok08,2021-02-12,142.858,335522
tok08,2021-02-13,139.775,323543
tok08,2021-02-14,139.073,384804
tok08,2021-02-15,140.194,319935
tok08,2021-02-16,143.683,527863
tok08,2021-02-17,138.666,735875
tok08,2021-02-18,132.566,1251992
tok08,2021-02-19,131.807,779884
tok08,2021-02-20,137.439,413524
tok08,2021-02-21,135.545,181012
tok08,2021-02-22,136.883,310213
tok08,2021-02-23,142.494,313687
tok08,2021-02-24,131.508,775033
tok08,2021-02-25,129.595,856422
tok08,2021-02-26,130.012,1140963
tok08,2021-02-27,131.212,383873
tok08,2021-02-28,140.246,787606
tok08,2021-03-01,142.292,421143
tok08,2021-03-02,137.504,331867
tok08,2021-03-03,140.985,253890
tok08,2021-03-04,140.844,403067
tok08,2021-03-05,142.037,177575
tok08,2021-03-06,143.193,252808
tok08,2021-03-07,142.809,419066
tok08,2021-03-08,145.586,244494
tok08,2021-03-09,138.77,243719
tok08,2021-03-10,148.404,252921
tok08,2021-03-11,152.996,372440
tok08,2021-03-12,156.354,412218
tok08,2021-03-13,157.338,478229
tok08,2021-03-14,157.778,554884
tok08,2021-03-15,155.46,433416
tok08,2021-03-16,166.898,441082
tok08,2021-03-17,170.683,304261
tok08,2021-03-18,160.84,321843
tok08,2021-03-19,159.562,642611
tok08,2021-03-20,155.983,873668
tok08,2021-03-21,139.774,339644
tok08,2021-03-22,140.961,589666
tok08,2021-03-23,139.554,198559
tok08,2021-03-24,131.516,452375
tok08,2021-03-25,131.857,972766
tok08,2021-03-26,134.305,589608
tok08,2021-03-27,134.979,697742
tok08,2021-03-28,132.273,478739
tok08,2021-03-29,137.763,695276
tok08,2021-03-30,138.393,427972
tok08,2021-03-31,143.619,559048
tok08,2021-04-01,144.701,337833
tok08,2021-04-02,149.527,409260
tok08,2021-04-03,150.693,311010
tok08,2021-04-04,147.456,354150
tok08,2021-04-05,143.591,926836
tok08,2021-04-06,140.126,518302
tok08,2021-04-07,141.102,691340
tok08,2021-04-08,132.758,384035
tok08,2021-04-09,134.662,967322
tok08,2021-04-10,136.256,136459
tok08,2021-04-11,133.112,155121
tok08,2021-04-12,130.539,498566
tok08,2021-04-13,121.163,853354
tok08,2021-04-14,111.998,382338
tok08,2021-04-15,106.306,531352
tok08,2021-04-16,103.079,205351
tok08,2021-04-17,103.7,1260353
tok08,2021-04-18,107.877,347285
tok08,2021-04-19,109.773,242075
tok08,2021-04-20,115.271,470139
tok08,2021-04-21,124.11,319850
tok08,2021-04-22,127.463,1075133
tok08,2021-04-23,122.943,1047602
tok08,2021-04-24,117.83,259782
tok08,2021-04-25,114.297,447045
tok08,2021-04-26,112.642,424253
tok08,2021-04-27,116.001,666823
tok08,2021-04-28,117.651,1108598
tok08,2021-04-29,115.246,220113
tok08,2021-04-30,124.234,333639
tok08,2021-05-01,119.671,645418
tok08,2021-05-02,124.234,221627
tok08,2021-05-03,124.041,502452
tok08,2021-05-04,124.452,492113
tok08,2021-05-05,127.959,1021419
tok08,2021-05-06,129.166,321936
tok08,2021-05-07,123.627,866462
tok08,2021-05-08,116.334,334465
tok08,2021-05-09,117.24,413486
tok08,2021-05-10,119.753,234698
tok08,2021-05-11,126.524,207666
tok08,2021-05-12,117.411,779679
tok08,2021-05-13,109.554,236188
tok08,2021-05-14,109.338,206567
tok08,2021-05-15,105.859,631317
tok08,2021-05-16,104.52,166152
tok08,2021-05-17,106.972,218544
tok08,2021-05-18,101.967,445270
tok08,2021-05-19,101.091,366143
tok08,2021-05-20,99.317,408414
tok08,2021-05-21,98.163,239980
tok08,2021-05-22,94.368,534156
tok08,2021-05-23,92.894,255160
tok08,2021-05-24,93.625,305966
tok08,2021-05-25,100.153,524672
tok08,2021-05-26,105.016,632877
tok08,2021-05-27,102.973,309677
tok08,2021-05-28,108.278,503393
tok08,2021-05-29,118.362,291792
tok08,2021-05-30,117.216,376718
tok08,2021-05-31,116.916,283122
tok08,2021-06-01,118.069,165956
tok08,2021-06-02,114.076,271015
tok08,2021-06-03,107.718,542737
tok08,2021-06-04,113.799,328796
tok08,2021-06-05,118.609,330399
tok08,2021-06-06,121.994,406531
tok08,2021-06-07,133.496,786302
tok08,2021-06-08,136.898,351531
tok08,2021-06-09,124.468,292771
tok08,2021-06-10,121.458,347092
tok08,2021-06-11,131.141,289634
tok08,2021-06-12,124.951,395658
tok08,2021-06-13,125.295,355110
tok08,2021-06-14,132.843,325480
tok08,2021-06-15,122.216,369672
tok08,2021-06-16,133.554,510547
tok08,2021-06-17,132.245,173965
tok08,2021-06-18,132.745,731799
tok08,2021-06-19,132.212,762075
tok08,2021-06-20,138.137,414210
tok08,2021-06-21,139.273,495411
tok08,2021-06-22,141.286,455238
tok08,2021-06-23,140.664,781471
tok08,2021-06-24,133.459,525161
tok08,2021-06-25,137.731,392050
tok08,2021-06-26,144.604,279104
tok08,2021-06-27,143.324,385619
tok08,2021-06-28,149.293,333327
tok08,2021-06-29,150.688,410994
tok08,2021-06-30,149.543,206790
tok08,2021-07-01,151.15,351694
tok08,2021-07-02,152.082,337427
tok08,2021-07-03,154.32,164149
tok08,2021-07-04,148.689,755024
tok08,2021-07-05,155.599,194815
tok08,2021-07-06,152.968,820536
tok08,2021-07-07,151.275,351483
tok08,2021-07-08,156.858,141910
tok08,2021-07-09,151.093,1019536
tok08,2021-07-10,152.198,395785
tok08,2021-07-11,154.678,560526
tok08,2021-07-12,152.224,143723
tok08,2021-07-13,155.346,394607
tok08,2021-07-14,163.6,774083
tok08,2021-07-15,163.068,357275
tok08,2021-07-16,167.645,740364
tok08,2021-07-17,191.763,542521
tok08,2021-07-18,183.502,821536
tok08,2021-07-19,175.284,275452
tok08,2021-07-20,168.709,490711
tok08,2021-07-21,177.803,954015
tok08,2021-07-22,177.73,995167
tok08,2021-07-23,186.703,324460
tok08,2021-07-24,180.794,846079
tok08,2021-07-25,169.576,473825
tok08,2021-07-26,167.493,503231
tok08,2021-07-27,163.12,720174
tok08,2021-07-28,168.092,521145
tok08,2021-07-29,164.966,827170
tok08,2021-07-30,168.669,515806
tok08,2021-07-31,156.187,269973
tok08,2021-08-01,150.685,666991
tok08,2021-08-02,148.392,507072
tok08,2021-08-03,149.854,443682
tok08,2021-08-04,144.999,156527
tok08,2021-08-05,151.328,332965
tok08,2021-08-06,154.341,203663
tok08,2021-08-07,155.539,578723
tok08,2021-08-08,153.295,384685
tok08,2021-08-09,152.162,1033726
tok08,2021-08-10,156.937,931213
tok08,2021-08-11,155.513,419607
tok08,2021-08-12,151.712,769904
tok08,2021-08-13,147.367,529625
tok08,2021-08-14,156.405,659080
tok08,2021-08-15,150.221,284730
tok08,2021-08-16,152.231,347020
tok08,2021-08-17,158.793,397766
tok08,2021-08-18,167.363,456338
tok08,2021-08-19,169.096,402889
tok08,2021-08-20,156.481,556755
tok08,2021-08-21,148.997,391157
tok08,2021-08-22,146.228,240885
tok08,2021-08-23,142.193,288692
tok08,2021-08-24,144.954,219648
tok08,2021-08-25,154.134,136505
tok08,2021-08-26,149.39,319381
tok08,2021-08-27,152.006,101274
tok08,2021-08-28,143.247,206657
tok08,2021-08-29,132.112,548364
tok08,2021-08-30,141.572,612947
tok08,2021-08-31,143.796,290027
tok08,2021-09-01,133.733,787919
tok08,2021-09-02,132.168,218001
tok08,2021-09-03,129.992,646915
tok08,2021-09-04,133.632,457189
tok08,2021-09-05,136.052,903345
tok08,2021-09-06,139.262,870784
tok08,2021-09-07,145.318,389886
tok08,2021-09-08,142.802,637948
tok08,2021-09-09,145.277,441343
tok08,2021-09-10,141.693,208300
tok08,2021-09-11,134.131,310300
tok08,2021-09-12,128.136,175314
tok08,2021-09-13,133.112,435408
tok08,2021-09-14,121.435,209698
tok08,2021-09-15,117.855,638501
tok08,2021-09-16,118.625,380754
tok08,2021-09-17,112.46,191136
tok08,2021-09-18,109.735,353367
tok08,2021-09-19,112.35,219019
tok08,2021-09-20,112.755,386399
tok08,2021-09-21,114.804,648672
tok08,2021-09-22,115.385,1693629
tok08,2021-09-23,122.819,457885
tok08,2021-09-24,124.628,349143
tok08,2021-09-25,122.872,435868
tok08,2021-09-26,126.98,306886
tok08,2021-09-27,129.751,691127
tok08,2021-09-28,130.408,1001012
tok08,2021-09-29,138.877,344421
tok08,2021-09-30,131.898,495285
tok08,2021-10-01,126.861,306917
tok08,2021-10-02,130.197,914309
tok08,2021-10-03,132.764,322019
tok08,2021-10-04,131.683,96608
tok08,2021-10-05,126.161,731956
tok08,2021-10-06,120.786,337462
tok08,2021-10-07,112.172,195444
tok08,2021-10-08,114.759,491117
tok08,2021-10-09,109.66,349755
tok08,2021-10-10,111.679,472116
tok08,2021-10-11,114.643,503526
tok08,2021-10-12,109.138,859213
tok08,2021-10-13,108.142,332243
tok08,2021-10-14,111.591,332513
tok08,2021-10-15,116.527,450876
tok08,2021-10-16,114.289,217363
tok08,2021-10-17,123.739,900594
tok08,2021-10-18,126.828,264489
tok08,2021-10-19,128.67,276005
tok08,2021-10-20,135.751,1313721
tok08,2021-10-21,137.559,297790
tok08,2021-10-22,133.682,285844
tok08,2021-10-23,142.074,453260
tok08,2021-10-24,140.928,315207
tok08,2021-10-25,146.159,1226080
tok08,2021-10-26,153.986,285696
tok08,2021-10-27,159.77,563451
tok08,2021-10-28,164.464,314328
tok08,2021-10-29,155.356,300425
tok08,2021-10-30,162.925,527133
tok08,2021-10-31,168.151,555478
tok08,2021-11-01,175.673,229523
tok08,2021-11-02,177.574,644828
tok08,2021-11-03,176.586,519939
tok08,2021-11-04,184.146,630018
tok08,2021-11-05,173.373,344876
tok08,2021-11-06,168.568,486426
tok08,2021-11-07,167.391,506559
tok08,2021-11-08,168.258,167251
tok08,2021-11-09,163.834,919663
tok08,2021-11-10,166.86,256395
tok08,2021-11-11,167.799,491437
tok08,2021-11-12,158.15,592636
tok08,2021-11-13,151.989,695505
tok08,2021-11-14,150.513,363423
tok08,2021-11-15,145.842,344961
tok08,2021-11-16,142.865,549740
tok08,2021-11-17,143.863,236801
tok08,2021-11-18,144.002,649709
tok08,2021-11-19,149.188,548909
tok08,2021-11-20,148.074,292056
tok08,2021-11-21,152.599,418472
tok08,2021-11-22,143.09,238586
tok08,2021-11-23,140.269,268657
tok08,2021-11-24,144.971,625421
tok08,2021-11-25,152.821,532584
tok08,2021-11-26,151.38,231689
tok08,2021-11-27,150.409,601378
tok08,2021-11-28,153.362,563167
tok08,2021-11-29,150.965,692655
tok08,2021-11-30,154.278,819884
tok08,2021-12-01,141.578,320825
tok08,2021-12-02,146.869,990529
tok08,2021-12-03,144.542,309073
tok08,2021-12-04,146.792,602909
tok08,2021-12-05,162.483,893623
tok08,2021-12-06,166.559,783347
tok08,2021-12-07,159.121,207376
tok08,2021-12-08,165.459,304982
tok08,2021-12-09,157.403,435568
tok08,2021-12-10,151.077,298914
tok08,2021-12-11,146.674,558241
tok08,2021-12-12,148.581,399785
tok08,2021-12-13,153.54,329659
tok08,2021-12-14,165.89,605698
tok08,2021-12-15,170.37,387947
tok08,2021-12-16,170.505,370148
tok08,2021-12-17,176.116,448993
tok08,2021-12-18,166.115,194687
tok08,2021-12-19,167.279,362070
tok08,2021-12-20,163.352,536529
tok08,2021-12-21,167.145,544870
tok08,2021-12-22,153.797,743198
tok08,2021-12-23,164.843,644748
tok08,2021-12-24,161.952,698766
tok08,2021-12-25,158.776,416170
tok08,2021-12-26,159.544,262017
tok08,2021-12-27,160.591,505505
tok08,2021-12-28,163.636,451511
tok08,2021-12-29,165.616,238178
tok08,2021-12-30,153.405,438643
tok08,2021-12-31,141.773,536746
tok08,2022-01-01,140.419,474422
tok08,2022-01-02,141.785,281125
tok08,2022-01-03,141.227,504681
tok08,2022-01-04,140.71,190297
tok08,2022-01-05,136.787,406146
tok08,2022-01-06,140.557,386294
tok08,2022-01-07,134.199,384644
tok08,2022-01-08,133.291,427182
tok08,2022-01-09,134.556,186610
tok08,2022-01-10,130.664,477412
tok08,2022-01-11,135.891,765211
tok08,2022-01-12,136.411,321940
tok08,2022-01-13,136.902,342387
tok08,2022-01-14,129.834,318326
tok08,2022-01-15,132.615,657379
tok08,2022-01-16,137.045,264474
tok08,2022-01-17,132.679,556106
tok08,2022-01-18,133.087,410540
tok08,2022-01-19,131.085,431624
tok08,2022-01-20,137.787,465428
tok08,2022-01-21,135.637,696746
tok08,2022-01-22,143.051,410357
tok08,2022-01-23,143.049,344916
tok08,2022-01-24,141.123,379887
tok08,2022-01-25,153.956,314629
tok08,2022-01-26,165.938,743948
tok08,2022-01-27,173.864,627728
tok08,2022-01-28,169.557,311830
tok08,2022-01-29,161.201,464592
tok08,2022-01-30,161.415,219714
tok08,2022-01-31,165.754,416284
tok08,2022-02-01,165.949,709050
tok08,2022-02-02,168.507,548844
tok08,2022-02-03,173.172,165448
tok08,2022-02-04,165.026,248129
tok08,2022-02-05,159.564,629194
tok08,2022-02-06,165.36,598331
tok08,2022-02-07,164.952,649253
tok08,2022-02-08,165.889,531250
tok08,2022-02-09,171.434,285800
tok08,2022-02-10,169.777,282942
tok08,2022-02-11,166.94,381037
tok08,2022-02-12,169.702,513276
tok08,2022-02-13,180.784,442392
tok08,2022-02-14,189.164,874824
tok08,2022-02-15,180.064,371474
tok08,2022-02-16,173.019,72696
tok08,2022-02-17,170.285,608525
tok08,2022-02-18,188.13,654586
tok08,2022-02-19,178.032,717656
tok08,2022-02-20,185.394,223686
tok08,2022-02-21,189.298,905454
tok08,2022-02-22,183.533,265701
tok08,2022-02-23,196.316,445747
tok08,2022-02-24,187.707,634440
tok08,2022-02-25,180.013,272481
tok08,2022-02-26,187.14,121969
tok08,2022-02-27,194.821,638870
tok08,2022-02-28,184.198,390748
tok08,2022-03-01,191.656,265349
tok08,2022-03-02,188.363,877712
tok08,2022-03-03,184.867,574535
tok08,2022-03-04,195.098,2253176
tok08,2022-03-05,199.357,613771
tok08,2022-03-06,180.101,1125438
tok08,2022-03-07,185.566,292400
tok08,2022-03-08,180.872,339360
tok08,2022-03-09,188.121,346349
tok08,2022-03-10,199.205,612073
tok08,2022-03-11,202.403,418813
tok08,2022-03-12,218.421,451473
tok08,2022-03-13,223.272,539431
tok08,2022-03-14,220.145,548758
tok08,2022-03-15,224.167,1201146
tok08,2022-03-16,213.499,705116
tok08,2022-03-17,216.679,114096
tok08,2022-03-18,217.073,393480
tok08,2022-03-19,224.004,653436
tok08,2022-03-20,231.948,424030
tok08,2022-03-21,234.426,277244
tok08,2022-03-22,234.699,533753
tok08,2022-03-23,230.696,304496
tok08,2022-03-24,213.174,1311501
tok08,2022-03-25,211.572,286066
tok08,2022-03-26,201.359,569994
tok08,2022-03-27,204.767,489561
tok08,2022-03-28,204.173,376514
tok08,2022-03-29,217.526,326209
tok08,2022-03-30,216.535,487610
tok08,2022-03-31,193.605,408355
tok08,2022-04-01,179.376,194641
tok08,2022-04-02,170.963,88960
tok08,2022-04-03,178.215,789874
tok08,2022-04-04,167.987,343785
tok08,2022-04-05,168.306,408632
tok08,2022-04-06,162.538,564950
tok08,2022-04-07,160.832,374654
tok08,2022-04-08,164.359,607321
tok08,2022-04-09,160.374,390535
tok08,2022-04-10,169.477,655344
tok08,2022-04-11,174.982,162215
tok08,2022-04-12,173.47,227969
tok08,2022-04-13,181.911,282727
tok08,2022-04-14,176.3,464274
tok08,2022-04-15,174.547,201602
tok08,2022-04-16,160.636,370871
tok08,2022-04-17,165.337,1405726
tok08,2022-04-18,176.002,233544
tok08,2022-04-19,192.182,1143369
tok08,2022-04-20,195.963,182721
tok08,2022-04-21,193.293,256238
tok08,2022-04-22,193.741,856090
tok08,2022-04-23,195.816,413124
tok08,2022-04-24,190.758,424076
tok08,2022-04-25,199.247,296112
tok08,2022-04-26,196.638,410723
tok08,2022-04-27,195.37,201250
tok08,2022-04-28,181.189,578027
tok08,2022-04-29,175.076,195669
tok08,2022-04-30,172.129,571776
tok08,2022-05-01,183.538,402288
tok08,2022-05-02,181.251,523478
tok08,2022-05-03,185.037,327198
tok08,2022-05-04,177.347,454170
tok08,2022-05-05,186.316,800685
tok08,2022-05-06,199.776,462748
tok08,2022-05-07,183.931,668460
tok08,2022-05-08,186.976,980984
tok08,2022-05-09,187.067,674234
tok08,2022-05-10,179.058,187980
tok08,2022-05-11,185.381,464307
tok08,2022-05-12,194.932,343494
tok08,2022-05-13,182.16,531710
tok08,2022-05-14,199.489,274227
tok08,2022-05-15,194.89,648628
tok08,2022-05-16,197.706,630135
tok08,2022-05-17,199.075,324792
tok08,2022-05-18,185.961,667262
tok08,2022-05-19,173.125,497173
tok08,2022-05-20,162.698,503003
tok08,2022-05-21,163.76,1053035
tok08,2022-05-22,166.307,980564
tok08,2022-05-23,167.788,328129
tok08,2022-05-24,162.615,671646
tok08,2022-05-25,151.327,467866
tok08,2022-05-26,147.286,525078
tok08,2022-05-27,145.542,178041
tok08,2022-05-28,141.275,512512
tok08,2022-05-29,143.863,265662
tok08,2022-05-30,140.68,1016740
tok08,2022-05-31,131.285,452682
tok08,2022-06-01,123.504,574790
tok08,2022-06-02,113.501,298190
tok08,2022-06-03,127.349,681635
tok08,2022-06-04,132.262,392856
tok08,2022-06-05,128.856,353096
tok08,2022-06-06,137.562,281048
tok08,2022-06-07,131.091,324279
tok08,2022-06-08,131.502,960411
tok08,2022-06-09,133.234,472357
tok08,2022-06-10,126.772,507737
tok08,2022-06-11,128.07,438560
tok08,2022-06-12,124.883,631432
tok08,2022-06-13,109.55,359294
tok08,2022-06-14,119.725,608570
tok08,2022-06-15,115.49,256733
tok08,2022-06-16,115.978,460838
tok08,2022-06-17,117.566,397451
tok08,2022-06-18,109.03,214248
tok08,2022-06-19,101.245,502652
tok08,2022-06-20,98.204,430477
tok08,2022-06-21,98.022,1345227
tok08,2022-06-22,98.689,621060
tok08,2022-06-23,103.96,746770
tok08,2022-06-24,99.21,520386
tok08,2022-06-25,92.106,404340
tok08,2022-06-26,92.242,365670
tok08,2022-06-27,93.52,676222
tok08,2022-06-28,91.558,966593
tok08,2022-06-29,95.529,589055
tok08,2022-06-30,91.774,345873
tok08,2022-07-01,91.297,424907
tok08,2022-07-02,88.632,926138
tok08,2022-07-03,94.539,590942
tok08,2022-07-04,94.044,607368
tok08,2022-07-05,91.262,587864
tok08,2022-07-06,91.086,181526
tok08,2022-07-07,95.088,747587
tok08,2022-07-08,98.086,351989
tok08,2022-07-09,97.772,434716
tok08,2022-07-10,100.855,900749
tok08,2022-07-11,101.448,551539
tok08,2022-07-12,105.44,535909
tok08,2022-07-13,112.609,549106
tok08,2022-07-14,112.436,233384
tok08,2022-07-15,111.406,223518
tok08,2022-07-16,102.667,475035
tok08,2022-07-17,96.829,197592
tok08,2022-07-18,93.041,495591
tok08,2022-07-19,98.082,268579
tok08,2022-07-20,98.279,740259
tok08,2022-07-21,96.611,206484
tok08,2022-07-22,98.527,153926
tok08,2022-07-23,99.464,692025
tok08,2022-07-24,92.297,280898
tok08,2022-07-25,93.714,566994
tok08,2022-07-26,101.535,760270
tok08,2022-07-27,95.054,964840
tok08,2022-07-28,97.936,218096
tok08,2022-07-29,98.306,729472
tok08,2022-07-30,96.668,211201
tok08,2022-07-31,98.801,362062
tok08,2022-08-01,96.721,244106
tok08,2022-08-02,98.609,598989
tok08,2022-08-03,98.643,329914
tok08,2022-08-04,102.244,309050
tok08,2022-08-05,100.382,403086
tok08,2022-08-06,98.359,755271
tok08,2022-08-07,96.795,353975
tok08,2022-08-08,98.895,205778
tok08,2022-08-09,95.83,279086
tok08,2022-08-10,99.588,875858
tok08,2022-08-11,104.737,587942
tok08,2022-08-12,105.054,511444
tok08,2022-08-13,99.513,820413
tok08,2022-08-14,94.003,263008
tok08,2022-08-15,86.471,199205
tok08,2022-08-16,84.222,855180
tok08,2022-08-17,86.367,401751
tok08,2022-08-18,81.192,309303
tok08,2022-08-19,78.411,655244
tok08,2022-08-20,76.814,230018
tok08,2022-08-21,76.796,671233
tok08,2022-08-22,78.509,536609
tok08,2022-08-23,72.8,583816
tok08,2022-08-24,77.117,470391
tok08,2022-08-25,84.741,674095
tok08,2022-08-26,86.914,484862
tok08,2022-08-27,90.425,287828
tok08,2022-08-28,93.43,262668
tok08,2022-08-29,95.217,253976
tok08,2022-08-30,95.924,1121125
tok08,2022-08-31,95.596,433447
tok08,2022-09-01,95.661,269920
tok08,2022-09-02,102.569,378668
tok08,2022-09-03,94.181,998971
tok08,2022-09-04,91.253,1234535
tok08,2022-09-05,93.684,383313
tok08,2022-09-06,93.461,827505
tok08,2022-09-07,90.742,537948
tok08,2022-09-08,90.516,639789
tok08,2022-09-09,96.193,542759
tok08,2022-09-10,89.156,315014
tok08,2022-09-11,89.81,740554
tok08,2022-09-12,86.489,609917
tok08,2022-09-13,82.463,458224
tok08,2022-09-14,87.448,257026
tok08,2022-09-15,87.997,248890
tok08,2022-09-16,83.489,194022
tok08,2022-09-17,84.112,932659
tok08,2022-09-18,93.356,230558
tok08,2022-09-19,94.502,397849
tok08,2022-09-20,100.438,229252
tok08,2022-09-21,102.582,442767
tok08,2022-09-22,95.262,620707
tok08,2022-09-23,97.85,345862
tok08,2022-09-24,106.135,185682
tok08,2022-09-25,111.377,407277
tok08,2022-09-26,112.064,701823
tok08,2022-09-27,115.621,483419
tok08,2022-09-28,117.16,478630
tok08,2022-09-29,114.082,444979
tok08,2022-09-30,113.436,630338
tok08,2022-10-01,115.229,839725
tok08,2022-10-02,107.7,277337
tok08,2022-10-03,100.947,462277
tok08,2022-10-04,99.252,763211
tok08,2022-10-05,96.575,637280
tok08,2022-10-06,99.439,784411
tok08,2022-10-07,102.069,489701
tok08,2022-10-08,98.084,517760
tok08,2022-10-09,92.689,444488
tok08,2022-10-10,89.688,287067
tok08,2022-10-11,91.232,413194
tok08,2022-10-12,93.777,312090
tok08,2022-10-13,96.644,452613
tok08,2022-10-14,93.8,1060513
tok08,2022-10-15,94.951,448496
tok08,2022-10-16,95.657,445902
tok08,2022-10-17,103.292,854424
tok08,2022-10-18,106.554,556520
tok08,2022-10-19,104.722,391899
tok08,2022-10-20,103.571,354771
tok08,2022-10-21,105.207,312203
tok08,2022-10-22,101.753,254677
tok08,2022-10-23,104.901,258977
tok08,2022-10-24,110.414,456333
tok08,2022-10-25,112.686,385721
tok08,2022-10-26,114.129,406260
tok08,2022-10-27,111.841,515827
tok08,2022-10-28,114.476,216987
tok08,2022-10-29,121.355,578172
tok08,2022-10-30,120.539,232685
tok08,2022-10-31,123.86,544835
tok08,2022-11-01,121.707,231067
tok08,2022-11-02,116.753,711092
tok08,2022-11-03,124.619,388003
tok08,2022-11-04,126.7,555161
tok08,2022-11-05,129.448,866746
tok08,2022-11-06,120.182,297295
tok08,2022-11-07,126.534,385112
tok08,2022-11-08,130.703,589234
tok08,2022-11-09,135.027,374287
tok08,2022-11-10,128.624,755010
tok08,2022-11-11,121.914,282310
tok08,2022-11-12,124.202,341938
tok08,2022-11-13,118.639,408372
tok08,2022-11-14,120.854,591201
tok08,2022-11-15,128.682,873153
tok08,2022-11-16,133.66,468515
tok08,2022-11-17,144.463,1408356
tok08,2022-11-18,143.686,249451
tok08,2022-11-19,138.861,629503
tok08,2022-11-20,142.485,1398546
tok08,2022-11-21,137.394,609556
tok08,2022-11-22,138.011,358827
tok08,2022-11-23,128.814,346883
tok08,2022-11-24,131.329,674543
tok08,2022-11-25,130.457,496868
tok08,2022-11-26,126.446,214301
tok08,2022-11-27,126.77,246534
tok08,2022-11-28,132.079,384751
tok08,2022-11-29,136.324,287163
tok08,2022-11-30,128.005,227557
tok08,2022-12-01,129.368,660236
tok08,2022-12-02,132.55,681425
tok08,2022-12-03,122.248,387885
tok08,2022-12-04,119.389,456210
tok08,2022-12-05,118.064,498285
tok08,2022-12-06,116.766,243239
tok08,2022-12-07,112.47,663947
tok08,2022-12-08,111.131,933971
tok08,2022-12-09,106.034,579886
tok08,2022-12-10,104.904,351062
tok08,2022-12-11,100.842,229117
tok08,2022-12-12,103.875,223035
tok08,2022-12-13,106.695,219233
tok08,2022-12-14,111.112,939322
tok08,2022-12-15,114.148,975074
tok08,2022-12-16,115.261,528753
tok08,2022-12-17,104.813,550399
tok08,2022-12-18,103.105,390105
tok08,2022-12-19,94.358,543130
tok08,2022-12-20,94.565,1089646
tok08,2022-12-21,93.284,848597
tok08,2022-12-22,93.519,449273
tok08,2022-12-23,94.805,283580
tok08,2022-12-24,93.16,500153
tok08,2022-12-25,92.671,343990
tok08,2022-12-26,87.414,1182749
tok08,2022-12-27,85.84,413890
tok08,2022-12-28,90.042,327543
tok08,2022-12-29,92.15,408361
tok08,2022-12-30,94.694,208408
tok08,2022-12-31,88.533,564460
tok08,2023-01-01,87.274,348946
tok08,2023-01-02,92.592,1158311
tok08,2023-01-03,95.361,631964
tok08,2023-01-04,98.076,537160
tok08,2023-01-05,110.119,154055
tok08,2023-01-06,115.455,559051
tok08,2023-01-07,113.507,542967
tok08,2023-01-08,112.621,234761
tok08,2023-01-09,118.789,413212
tok08,2023-01-10,116.687,518476
tok08,2023-01-11,119.354,269440
tok08,2023-01-12,121.881,274192
tok08,2023-01-13,124.343,1118256
tok08,2023-01-14,126.149,443188
tok08,2023-01-15,123.348,827004
tok08,2023-01-16,127.251,332025
tok08,2023-01-17,122.685,758276
tok08,2023-01-18,123.538,154039
tok08,2023-01-19,118.728,349806
tok08,2023-01-20,120.774,283046
tok08,2023-01-21,118.399,773864
tok08,2023-01-22,116.266,654765
tok08,2023-01-23,111.688,263328
tok08,2023-01-24,114.076,434190
tok08,2023-01-25,115.881,441594
tok08,2023-01-26,115.604,349109
tok08,2023-01-27,119.223,572192
tok08,2023-01-28,117.283,371103
tok08,2023-01-29,118.701,894297
tok08,2023-01-30,119.22,406169
tok08,2023-01-31,116.487,319185
tok08,2023-02-01,121.228,704582
tok08,2023-02-02,120.671,533078
tok08,2023-02-03,109.382,357922
tok08,2023-02-04,107.173,468679
tok08,2023-02-05,101.034,865327
tok08,2023-02-06,98.474,425986
tok08,2023-02-07,93.496,360214
tok08,2023-02-08,91.086,470098
tok08,2023-02-09,89.017,319652
tok08,2023-02-10,91.298,944246
tok08,2023-02-11,94.433,542254
tok08,2023-02-12,90.328,200930
tok08,2023-02-13,90.087,375290
tok08,2023-02-14,90.473,527504
tok08,2023-02-15,92.665,207605
tok08,2023-02-16,93.675,395788
tok08,2023-02-17,95.617,313860
tok08,2023-02-18,93.544,595395
tok08,2023-02-19,94.942,493977
tok08,2023-02-20,93.359,303138
tok08,2023-02-21,90.693,539731
tok08,2023-02-22,91.087,258425
tok08,2023-02-23,89.974,792695
tok08,2023-02-24,87.04,276165
tok08,2023-02-25,92.26,374064
tok08,2023-02-26,92.536,994059
tok08,2023-02-27,92.96,261387
tok08,2023-02-28,91.301,2276143
tok08,2023-03-01,93.192,536059
tok08,2023-03-02,92.765,677943
tok08,2023-03-03,91.526,503492
tok08,2023-03-04,89.303,1134691
tok08,2023-03-05,93.251,567956
tok08,2023-03-06,96.142,411318
tok08,2023-03-07,96.818,626958
tok08,2023-03-08,92.9,496978
tok08,2023-03-09,94.206,498878
tok08,2023-03-10,98.099,382105
tok08,2023-03-11,98.19,515285
tok08,2023-03-12,93.184,347002
tok08,2023-03-13,90.69,492090
tok08,2023-03-14,89.849,1012441
tok08,2023-03-15,91.811,538153
tok08,2023-03-16,92.097,1221469
tok08,2023-03-17,90.409,155776
tok08,2023-03-18,91.694,617914
tok08,2023-03-19,97.049,347508
tok08,2023-03-20,99.825,982511
tok08,2023-03-21,103.003,534054
tok08,2023-03-22,105.354,542592
tok08,2023-03-23,110.284,592561
tok08,2023-03-24,105.963,220974
tok08,2023-03-25,109.894,539914
tok08,2023-03-26,106.47,391424
tok08,2023-03-27,97.658,444225
tok08,2023-03-28,93.755,775853
tok08,2023-03-29,94.667,769847
tok08,2023-03-30,96.414,628968
tok08,2023-03-31,97.828,916169
tok08,2023-04-01,99.616,241350
tok08,2023-04-02,96.237,804362
tok08,2023-04-03,100.1,677457
tok08,2023-04-04,106.535,278410
tok08,2023-04-05,113.552,316603
tok08,2023-04-06,118.12,359929
tok08,2023-04-07,122.529,411302
tok08,2023-04-08,121.604,507893
tok08,2023-04-09,123.264,377243
tok08,2023-04-10,121.326,951158
tok08,2023-04-11,124.733,627904
tok08,2023-04-12,124.625,930075
tok08,2023-04-13,132.328,297413
tok08,2023-04-14,126.066,585301
tok08,2023-04-15,132.832,526243
tok08,2023-04-16,131.83,918847
tok08,2023-04-17,137.561,391200
tok08,2023-04-18,129.595,326429
tok08,2023-04-19,123.876,553798
tok08,2023-04-20,128.906,632477
tok08,2023-04-21,132.291,327517
tok08,2023-04-22,135.44,183442
tok08,2023-04-23,135.113,593657
tok08,2023-04-24,126.956,267644
tok08,2023-04-25,120.749,437082
tok08,2023-04-26,123.902,280704
tok08,2023-04-27,129.701,405569
tok08,2023-04-28,136.729,1035376
tok08,2023-04-29,137.032,482166
tok08,2023-04-30,138.042,221938
tok08,2023-05-01,145.077,769133
tok08,2023-05-02,147.56,388782
tok08,2023-05-03,149.665,176856
tok08,2023-05-04,145.991,561280
tok08,2023-05-05,147.935,422683
tok08,2023-05-06,142.269,1037919
tok08,2023-05-07,150.327,478452
tok08,2023-05-08,158.205,631075
tok08,2023-05-09,164.007,657272
tok08,2023-05-10,163.576,368245
tok08,2023-05-11,163.092,638099
tok08,2023-05-12,176.182,246405
tok08,2023-05-13,183.198,611897
tok08,2023-05-14,169.968,303729
tok08,2023-05-15,172.577,217801
tok08,2023-05-16,188.691,259582
tok08,2023-05-17,196.983,253640
tok08,2023-05-18,207.77,429652
tok08,2023-05-19,218.728,1101068
tok08,2023-05-20,207.266,217407
tok08,2023-05-21,216.979,446720
tok08,2023-05-22,216.079,1018932
tok08,2023-05-23,210.313,437577
tok08,2023-05-24,219.263,284774
tok08,2023-05-25,203.416,836065
tok08,2023-05-26,201.849,629403
tok08,2023-05-27,205.851,623622
tok08,2023-05-28,208.611,232273
tok08,2023-05-29,207.817,340023
tok08,2023-05-30,200.679,579299
tok08,2023-05-31,187.954,365470
tok08,2023-06-01,192.077,637509
tok08,2023-06-02,198.242,381331
tok08,2023-06-03,201.395,479647
tok08,2023-06-04,192.199,357573
tok08,2023-06-05,189.22,435037
tok08,2023-06-06,174.76,479367
tok08,2023-06-07,173.727,303384
tok08,2023-06-08,174.176,408019
tok08,2023-06-09,167.374,485734
tok08,2023-06-10,165.748,634207
tok08,2023-06-11,175.773,193009
tok08,2023-06-12,170.165,632770
tok08,2023-06-13,159.856,864163
tok08,2023-06-14,158.778,479623
tok08,2023-06-15,155.404,955427
tok08,2023-06-16,145.798,629405
tok08,2023-06-17,147.975,404974
tok08,2023-06-18,149.347,266135
tok08,2023-06-19,139.369,555231
tok08,2023-06-20,129.271,1281060
tok08,2023-06-21,121.884,255854
tok08,2023-06-22,124.897,549535
tok08,2023-06-23,119.164,720474
tok08,2023-06-24,123.303,646571
tok08,2023-06-25,116.452,428277
tok08,2023-06-26,121.645,275768
tok08,2023-06-27,123.375,133323
tok08,2023-06-28,111.88,198862
tok08,2023-06-29,104.571,756321
tok08,2023-06-30,101.405,544717
tok08,2023-07-01,102.817,554476
tok08,2023-07-02,103.448,478770
tok08,2023-07-03,102.428,468100
tok08,2023-07-04,100.191,594876
tok08,2023-07-05,94.678,843754
tok08,2023-07-06,90.471,452814
tok08,2023-07-07,92.081,295367
tok08,2023-07-08,92.243,513394
tok08,2023-07-09,100.364,636991
tok08,2023-07-10,99.401,403908
tok08,2023-07-11,97.471,742751
tok08,2023-07-12,96.522,396193
tok08,2023-07-13,98.928,454959
tok08,2023-07-14,99.625,411829
tok08,2023-07-15,98.61,949854
tok08,2023-07-16,99.809,260134
tok08,2023-07-17,104.036,418090
tok08,2023-07-18,103.561,557439
tok08,2023-07-19,104.047,540674
tok08,2023-07-20,106.446,1050127
tok08,2023-07-21,106.888,695197
tok08,2023-07-22,114.242,293736
tok08,2023-07-23,113.212,296032
tok08,2023-07-24,121.141,466264
tok08,2023-07-25,119.34,648651
tok08,2023-07-26,122.429,216068
tok08,2023-07-27,127.822,480179
tok08,2023-07-28,129.773,1320142
tok08,2023-07-29,138.829,758425
tok08,2023-07-30,143.943,446545
tok08,2023-07-31,157.193,375862
tok08,2023-08-01,158.76,534495
tok08,2023-08-02,155.486,397761
tok08,2023-08-03,146.149,429382
tok08,2023-08-04,143.761,181412
tok08,2023-08-05,142.442,327428
tok08,2023-08-06,150.411,123576
tok08,2023-08-07,159.366,467323
tok08,2023-08-08,155.1,599150
tok08,2023-08-09,152.459,223521
tok08,2023-08-10,149.714,208227
tok08,2023-08-11,150.077,535841
tok08,2023-08-12,147.812,860244
tok08,2023-08-13,150.884,819666
tok08,2023-08-14,150.462,625242
tok08,2023-08-15,153.743,461101
tok08,2023-08-16,156.476,162377
tok08,2023-08-17,151.158,540176
tok08,2023-08-18,151.189,503368
tok08,2023-08-19,148.438,200613
tok08,2023-08-20,149.813,766781
tok08,2023-08-21,156.559,413629
tok08,2023-08-22,152.591,295885
tok08,2023-08-23,143.287,966725
tok08,2023-08-24,141.856,271245
tok08,2023-08-25,138.251,416061
tok08,2023-08-26,150.932,214771
tok08,2023-08-27,157.471,500825
tok08,2023-08-28,159.736,874773
tok08,2023-08-29,153.774,551682
tok08,2023-08-30,152.902,918382
tok08,2023-08-31,150.417,357700
tok08,2023-09-01,134.807,437297
tok08,2023-09-02,137.862,619310
tok08,2023-09-03,134.105,613885
tok08,2023-09-04,128.508,465467
tok08,2023-09-05,135.225,282185
tok08,2023-09-06,130.829,309839
tok08,2023-09-07,126.026,905543
tok08,2023-09-08,130.396,301028
tok08,2023-09-09,133.02,334105
tok08,2023-09-10,131.456,476314
tok08,2023-09-11,136.777,487113
tok08,2023-09-12,134.033,226863
tok08,2023-09-13,131.675,492113
tok08,2023-09-14,135.387,460684
tok08,2023-09-15,142.229,291164
tok08,2023-09-16,130.83,447097
tok08,2023-09-17,129.227,287349
tok08,2023-09-18,127.045,1064975
tok08,2023-09-19,130.952,521362
tok08,2023-09-20,131.446,381751
tok08,2023-09-21,134.875,460504
tok08,2023-09-22,139.554,324107
tok08,2023-09-23,141.262,254785
tok08,2023-09-24,134.698,174790
tok08,2023-09-25,140.221,146919
tok08,2023-09-26,140.528,409525
tok08,2023-09-27,132.01,182622
tok08,2023-09-28,134.363,230439
tok08,2023-09-29,134.236,307630
tok08,2023-09-30,133.209,1388654
tok08,2023-10-01,137.273,451750
tok08,2023-10-02,140.103,554805
tok08,2023-10-03,139.176,998800
tok08,2023-10-04,138.498,148521
tok08,2023-10-05,139.824,1173261
tok08,2023-10-06,151.801,391519
tok08,2023-10-07,145.406,259075
tok08,2023-10-08,139.623,230739
tok08,2023-10-09,144.473,366735
tok08,2023-10-10,146.856,681175
tok08,2023-10-11,139.786,522415
tok08,2023-10-12,133.599,295135
tok08,2023-10-13,134.003,246568
tok08,2023-10-14,135.645,437368
tok08,2023-10-15,131.91,517036
tok08,2023-10-16,134.392,344359
tok08,2023-10-17,137.957,249618
tok08,2023-10-18,127.024,662058
tok08,2023-10-19,118.275,481553
tok08,2023-10-20,117.793,648627
tok08,2023-10-21,111.169,310551
tok08,2023-10-22,107.376,638588
tok08,2023-10-23,101.908,482678
tok08,2023-10-24,106.114,316007
tok08,2023-10-25,106.688,269562
tok08,2023-10-26,111.839,524685
tok08,2023-10-27,112.042,215121
tok08,2023-10-28,110.51,283796
tok08,2023-10-29,115.18,387361
tok08,2023-10-30,117.049,158703
tok08,2023-10-31,121.226,358412
tok08,2023-11-01,117.77,329117
tok08,2023-11-02,126.455,450929
tok08,2023-11-03,128.799,452119
tok08,2023-11-04,128.0,644744
tok08,2023-11-05,118.973,208288
tok08,2023-11-06,123.284,264423
tok08,2023-11-07,129.864,398688
tok08,2023-11-08,123.773,609414
tok08,2023-11-09,126.319,1219257
tok08,2023-11-10,123.805,523288
tok08,2023-11-11,114.151,789828
tok08,2023-11-12,117.368,307749
tok08,2023-11-13,116.85,311217
tok08,2023-11-14,124.112,463306
tok08,2023-11-15,120.073,255079
tok08,2023-11-16,117.74,829068
tok08,2023-11-17,115.234,221302
tok08,2023-11-18,118.467,847232
tok08,2023-11-19,114.469,390991
tok08,2023-11-20,109.632,130605
tok08,2023-11-21,113.383,304607
tok08,2023-11-22,107.874,317284
tok08,2023-11-23,108.295,414977
tok08,2023-11-24,102.816,457336
tok08,2023-11-25,101.954,476128
tok08,2023-11-26,104.101,211459
tok08,2023-11-27,103.929,226308
tok08,2023-11-28,104.367,320868
tok08,2023-11-29,108.412,272777
tok08,2023-11-30,112.71,710242
tok08,2023-12-01,113.668,553607
tok08,2023-12-02,117.416,776610
tok08,2023-12-03,118.241,622308
tok08,2023-12-04,122.157,355481
tok08,2023-12-05,118.036,527048
tok08,2023-12-06,118.666,702915
tok08,2023-12-07,128.146,1004647
tok08,2023-12-08,132.512,197946
tok08,2023-12-09,126.771,634307
tok08,2023-12-10,130.004,872550
tok08,2023-12-11,132.612,521141
tok08,2023-12-12,138.005,460047
tok08,2023-12-13,143.333,458921
tok08,2023-12-14,147.918,616362
tok08,2023-12-15,139.835,355667
tok08,2023-12-16,141.08,971406
tok08,2023-12-17,136.83,437937
tok08,2023-12-18,133.457,723754
tok08,2023-12-19,136.414,393158
tok08,2023-12-20,135.563,421833
tok08,2023-12-21,147.613,566145
tok08,2023-12-22,151.054,369732
tok08,2023-12-23,149.833,575210
tok08,2023-12-24,152.316,725939
tok08,2023-12-25,155.478,1248632
tok08,2023-12-26,149.396,416403
tok08,2023-12-27,150.87,680426
tok08,2023-12-28,148.718,779467
tok08,2023-12-29,151.035,2070507
tok08,2023-12-30,149.231,582180
tok08,2023-12-31,142.788,492493
tok09,2021-01-01,97.924,496476
tok09,2021-01-02,92.896,529134
tok09,2021-01-03,96.572,290860
tok09,2021-01-04,93.614,983108
tok09,2021-01-05,99.943,199171
tok09,2021-01-06,102.065,1067788
tok09,2021-01-07,92.264,375503
tok09,2021-01-08,87.918,286677
tok09,2021-01-09,89.841,470941
tok09,2021-01-10,90.456,393932
tok09,2021-01-11,92.197,387123
tok09,2021-01-12,94.737,541026
tok09,2021-01-13,93.223,527599
tok09,2021-01-14,86.928,262182
tok09,2021-01-15,84.972,568617
tok09,2021-01-16,80.256,418183
tok09,2021-01-17,79.63,555051
tok09,2021-01-18,84.72,389233
tok09,2021-01-19,84.325,409245
tok09,2021-01-20,82.938,472143
tok09,2021-01-21,79.482,328175
tok09,2021-01-22,83.735,292685
tok09,2021-01-23,76.852,453382
tok09,2021-01-24,79.686,661518
tok09,2021-01-25,81.486,710815
tok09,2021-01-26,81.641,594753
tok09,2021-01-27,83.381,467381
tok09,2021-01-28,82.828,556292
tok09,2021-01-29,80.389,914675
tok09,2021-01-30,76.508,347785
tok09,2021-01-31,80.781,194729
tok09,2021-02-01,80.102,180815
tok09,2021-02-02,81.951,871124
tok09,2021-02-03,83.684,384206
tok09,2021-02-04,83.783,308886
tok09,2021-02-05,85.015,479804
tok09,2021-02-06,81.371,326477
tok09,2021-02-07,81.792,498016
tok09,2021-02-08,83.286,716745
tok09,2021-02-09,88.246,773141
tok09,2021-02-10,93.444,464007
tok09,2021-02-11,93.776,911081
tok09,2021-02-12,91.902,650986
tok09,2021-02-13,93.49,310022
tok09,2021-02-14,94.345,229531
tok09,2021-02-15,88.099,507655
tok09,2021-02-16,86.936,316241
tok09,2021-02-17,87.243,1102069
tok09,2021-02-18,87.218,276796
tok09,2021-02-19,90.878,218729
tok09,2021-02-20,83.341,239643
tok09,2021-02-21,80.475,492096
tok09,2021-02-22,79.166,360101
tok09,2021-02-23,76.829,617493
tok09,2021-02-24,78.472,354366
tok09,2021-02-25,78.508,467782
tok09,2021-02-26,78.005,494845
tok09,2021-02-27,71.197,336866
tok09,2021-02-28,68.786,778075
tok09,2021-03-01,76.447,299901
tok09,2021-03-02,75.048,779978
tok09,2021-03-03,77.676,532772
tok09,2021-03-04,85.193,411715
tok09,2021-03-05,89.063,1433660
tok09,2021-03-06,93.026,355430
tok09,2021-03-07,88.501,313881
tok09,2021-03-08,91.955,432677
tok09,2021-03-09,86.4,184534
tok09,2021-03-10,83.982,1041085
tok09,2021-03-11,83.594,445634
tok09,2021-03-12,82.179,391868
tok09,2021-03-13,79.573,225865
tok09,2021-03-14,77.888,506709
tok09,2021-03-15,76.153,281333
tok09,2021-03-16,75.489,184701
tok09,2021-03-17,74.269,848947
tok09,2021-03-18,74.356,404488
tok09,2021-03-19,76.15,348377
tok09,2021-03-20,82.742,193669
tok09,2021-03-21,87.485,301863
tok09,2021-03-22,90.337,455123
tok09,2021-03-23,83.864,950919
tok09,2021-03-24,84.936,479336
tok09,2021-03-25,86.946,935369
tok09,2021-03-26,87.466,434556
tok09,2021-03-27,88.256,556136
tok09,2021-03-28,89.105,741986
tok09,2021-03-29,91.151,503053
tok09,2021-03-30,91.07,652292
tok09,2021-03-31,89.384,547385
tok09,2021-04-01,89.469,277562
tok09,2021-04-02,96.816,132233
tok09,2021-04-03,99.693,791810
tok09,2021-04-04,97.438,765708
tok09,2021-04-05,100.161,304841
tok09,2021-04-06,99.64,210021
tok09,2021-04-07,100.34,401335
tok09,2021-04-08,93.654,124038
tok09,2021-04-09,95.475,1298619
tok09,2021-04-10,94.014,420322
tok09,2021-04-11,97.055,192971
tok09,2021-04-12,102.153,426096
tok09,2021-04-13,101.326,822866
tok09,2021-04-14,92.444,333041
tok09,2021-04-15,95.743,461587
tok09,2021-04-16,89.936,482425
tok09,2021-04-17,90.895,652331
tok09,2021-04-18,93.229,558685
tok09,2021-04-19,93.273,991960
tok09,2021-04-20,91.681,338792
tok09,2021-04-21,93.492,810988
tok09,2021-04-22,97.701,201021
tok09,2021-04-23,102.0,355068
tok09,2021-04-24,112.538,259370
tok09,2021-04-25,111.234,559923
tok09,2021-04-26,102.366,549958
tok09,2021-04-27,105.214,273314
tok09,2021-04-28,106.395,300687
tok09,2021-04-29,103.379,179411
tok09,2021-04-30,102.391,340101
tok09,2021-05-01,101.319,577992
tok09,2021-05-02,100.57,603666
tok09,2021-05-03,100.954,442097
tok09,2021-05-04,96.266,417223
tok09,2021-05-05,94.759,188942
tok09,2021-05-06,97.948,427491
tok09,2021-05-07,96.387,280074
tok09,2021-05-08,100.321,741958
tok09,2021-05-09,101.016,277221
tok09,2021-05-10,97.67,906401
tok09,2021-05-11,97.21,362131
tok09,2021-05-12,91.452,364158
tok09,2021-05-13,91.353,249067
tok09,2021-05-14,94.455,563485
tok09,2021-05-15,95.108,309678
tok09,2021-05-16,96.663,391164
tok09,2021-05-17,97.88,341281
tok09,2021-05-18,95.686,320025
tok09,2021-05-19,99.45,541508
tok09,2021-05-20,95.085,543203
tok09,2021-05-21,93.111,724606
tok09,2021-05-22,95.746,432438
tok09,2021-05-23,103.844,268452
tok09,2021-05-24,100.55,394085
tok09,2021-05-25,98.899,401394
tok09,2021-05-26,99.074,583211
tok09,2021-05-27,103.725,465966
tok09,2021-05-28,100.501,737516
tok09,2021-05-29,104.603,255084
tok09,2021-05-30,109.764,678613
tok09,2021-05-31,108.054,230038
tok09,2021-06-01,101.359,645140
tok09,2021-06-02,98.651,317508
tok09,2021-06-03,97.748,187469
tok09,2021-06-04,94.274,439978
tok09,2021-06-05,95.397,280697
tok09,2021-06-06,97.302,558899
tok09,2021-06-07,95.184,445645
tok09,2021-06-08,95.677,445414
tok09,2021-06-09,95.332,759632
tok09,2021-06-10,99.828,178931
tok09,2021-06-11,98.52,206015
tok09,2021-06-12,100.365,414434
tok09,2021-06-13,104.525,191156
tok09,2021-06-14,107.57,1029597
tok09,2021-06-15,108.551,785750
tok09,2021-06-16,108.432,619855
tok09,2021-06-17,109.784,658268
tok09,2021-06-18,115.301,349029
tok09,2021-06-19,110.79,361410
tok09,2021-06-20,108.58,1002628
tok09,2021-06-21,107.776,572773
tok09,2021-06-22,109.716,160694
tok09,2021-06-23,100.321,935966
tok09,2021-06-24,102.289,562717
tok09,2021-06-25,103.168,497784
tok09,2021-06-26,99.18,273879
tok09,2021-06-27,98.194,560653
tok09,2021-06-28,100.842,113561
tok09,2021-06-29,99.647,534091
tok09,2021-06-30,98.699,374256
tok09,2021-07-01,98.048,377747
tok09,2021-07-02,94.052,227665
tok09,2021-07-03,97.178,184423
tok09,2021-07-04,106.303,272815
tok09,2021-07-05,113.068,420646
tok09,2021-07-06,111.033,422435
tok09,2021-07-07,120.859,371235
tok09,2021-07-08,123.022,899332
tok09,2021-07-09,123.565,403692
tok09,2021-07-10,131.157,723421
tok09,2021-07-11,125.564,273616
tok09,2021-07-12,131.567,312712
tok09,2021-07-13,126.152,704963
tok09,2021-07-14,126.568,188035
tok09,2021-07-15,123.9,368814
tok09,2021-07-16,123.937,124360
tok09,2021-07-17,117.395,406010
tok09,2021-07-18,112.965,565005
tok09,2021-07-19,110.854,286337
tok09,2021-07-20,112.947,517197
tok09,2021-07-21,107.021,615105
tok09,2021-07-22,105.651,314551
tok09,2021-07-23,108.83,503455
tok09,2021-07-24,111.767,650364
tok09,2021-07-25,109.053,366708
tok09,2021-07-26,110.285,361215
tok09,2021-07-27,109.583,361028
tok09,2021-07-28,113.816,407207
tok09,2021-07-29,109.776,524343
tok09,2021-07-30,104.746,419694
tok09,2021-07-31,100.205,604675
tok09,2021-08-01,95.386,778412
tok09,2021-08-02,94.345,320458
tok09,2021-08-03,96.396,768581
tok09,2021-08-04,95.613,366981
tok09,2021-08-05,99.246,312138
tok09,2021-08-06,100.294,324473
tok09,2021-08-07,107.653,304207
tok09,2021-08-08,103.363,216864
tok09,2021-08-09,100.056,487064
tok09,2021-08-10,104.855,233252
tok09,2021-08-11,105.748,257563
tok09,2021-08-12,105.351,546679
tok09,2021-08-13,96.979,388207
tok09,2021-08-14,99.817,418010
tok09,2021-08-15,94.74,434465
tok09,2021-08-16,93.417,394151
tok09,2021-08-17,91.246,178927
tok09,2021-08-18,91.847,681297
tok09,2021-08-19,93.773,310281
tok09,2021-08-20,100.427,218864
tok09,2021-08-21,95.862,718996
tok09,2021-08-22,95.028,637864
tok09,2021-08-23,95.116,233835
tok09,2021-08-24,94.723,192142
tok09,2021-08-25,97.559,986112
tok09,2021-08-26,99.95,349370
tok09,2021-08-27,89.067,442163
tok09,2021-08-28,93.53,465501
tok09,2021-08-29,96.265,522910
tok09,2021-08-30,97.433,350581
tok09,2021-08-31,96.384,426977
tok09,2021-09-01,94.224,422657
tok09,2021-09-02,88.479,1394224
tok09,2021-09-03,81.136,786665
tok09,2021-09-04,82.739,200478
tok09,2021-09-05,83.552,365626
tok09,2021-09-06,83.167,307857
tok09,2021-09-07,80.568,569723
tok09,2021-09-08,80.972,744131
tok09,2021-09-09,84.897,493542
tok09,2021-09-10,82.662,643928
tok09,2021-09-11,81.544,589641
tok09,2021-09-12,81.995,189020
tok09,2021-09-13,84.265,597808
tok09,2021-09-14,84.007,199856
tok09,2021-09-15,83.862,409236
tok09,2021-09-16,85.594,526172
tok09,2021-09-17,78.735,317304
tok09,2021-09-18,77.071,260533
tok09,2021-09-19,77.611,370580
tok09,2021-09-20,77.709,196803
tok09,2021-09-21,81.616,490178
tok09,2021-09-22,88.312,281677
tok09,2021-09-23,83.854,191319
tok09,2021-09-24,84.171,564509
tok09,2021-09-25,79.19,697744
tok09,2021-09-26,83.359,445135
tok09,2021-09-27,79.038,859180
tok09,2021-09-28,83.016,767511
tok09,2021-09-29,85.413,295343
tok09,2021-09-30,82.599,900053
tok09,2021-10-01,85.651,858750
tok09,2021-10-02,86.697,434352
tok09,2021-10-03,87.057,721584
tok09,2021-10-04,90.968,268097
tok09,2021-10-05,88.875,725658
tok09,2021-10-06,89.147,479352
tok09,2021-10-07,91.921,224502
tok09,2021-10-08,92.275,362212
tok09,2021-10-09,91.17,244674
tok09,2021-10-10,89.188,357300
tok09,2021-10-11,88.07,236396
tok09,2021-10-12,85.178,261317
tok09,2021-10-13,85.912,278884
tok09,2021-10-14,84.657,264211
tok09,2021-10-15,85.31,510963
tok09,2021-10-16,84.463,366684
tok09,2021-10-17,79.738,964267
tok09,2021-10-18,79.477,188624
tok09,2021-10-19,78.203,694736
tok09,2021-10-20,76.819,1394957
tok09,2021-10-21,74.861,280085
tok09,2021-10-22,76.744,401650
tok09,2021-10-23,80.262,1469080
tok09,2021-10-24,80.315,701744
tok09,2021-10-25,76.397,891749
tok09,2021-10-26,73.893,768361
tok09,2021-10-27,69.533,281570
tok09,2021-10-28,72.726,814943
tok09,2021-10-29,70.669,636261
tok09,2021-10-30,73.44,910787
tok09,2021-10-31,73.599,632626
tok09,2021-11-01,73.946,338320
tok09,2021-11-02,78.177,286434
tok09,2021-11-03,79.354,1145989
tok09,2021-11-04,81.37,595870
tok09,2021-11-05,80.126,202304
tok09,2021-11-06,83.039,361746
tok09,2021-11-07,80.043,487649
tok09,2021-11-08,80.577,438648
tok09,2021-11-09,79.63,505938
tok09,2021-11-10,77.885,174154
tok09,2021-11-11,79.071,255198
tok09,2021-11-12,75.656,546311
tok09,2021-11-13,72.476,185909
tok09,2021-11-14,71.275,424065
tok09,2021-11-15,68.918,645265
tok09,2021-11-16,65.973,206524
tok09,2021-11-17,63.008,627343
tok09,2021-11-18,66.025,498240
tok09,2021-11-19,63.634,140920
tok09,2021-11-20,63.22,233714
tok09,2021-11-21,63.314,430842
tok09,2021-11-22,62.568,513023
tok09,2021-11-23,61.326,616431
tok09,2021-11-24,60.628,491966
tok09,2021-11-25,57.797,149135
tok09,2021-11-26,59.224,372849
tok09,2021-11-27,61.66,245829
tok09,2021-11-28,63.177,207236
tok09,2021-11-29,66.153,357928
tok09,2021-11-30,64.815,316094
tok09,2021-12-01,60.001,574819
tok09,2021-12-02,60.727,309484
tok09,2021-12-03,59.575,614281
tok09,2021-12-04,59.014,392448
tok09,2021-12-05,57.426,477071
tok09,2021-12-06,58.765,867814
tok09,2021-12-07,57.907,404321
tok09,2021-12-08,58.73,337479
tok09,2021-12-09,58.659,595612
tok09,2021-12-10,62.371,321959
tok09,2021-12-11,60.648,748026
tok09,2021-12-12,61.452,553331
tok09,2021-12-13,65.344,683482
tok09,2021-12-14,65.488,728794
tok09,2021-12-15,60.588,794637
tok09,2021-12-16,63.844,166555
tok09,2021-12-17,62.897,513415
tok09,2021-12-18,65.168,473329
tok09,2021-12-19,66.099,363106
tok09,2021-12-20,62.854,465085
tok09,2021-12-21,64.16,377484
tok09,2021-12-22,67.581,829788
tok09,2021-12-23,66.964,798640
tok09,2021-12-24,69.247,471170
tok09,2021-12-25,73.998,577898
tok09,2021-12-26,77.118,418415
tok09,2021-12-27,73.949,153722
tok09,2021-12-28,75.724,279051
tok09,2021-12-29,76.83,477214
tok09,2021-12-30,73.714,517614
tok09,2021-12-31,76.325,498200
tok09,2022-01-01,75.819,1028497
tok09,2022-01-02,76.105,282752
tok09,2022-01-03,78.822,307911
tok09,2022-01-04,75.046,178638
tok09,2022-01-05,72.641,516952
tok09,2022-01-06,74.512,616890
tok09,2022-01-07,76.976,454652
tok09,2022-01-08,77.785,417492
tok09,2022-01-09,76.919,332322
tok09,2022-01-10,79.626,473191
tok09,2022-01-11,79.09,312826
tok09,2022-01-12,77.421,601896
tok09,2022-01-13,78.583,234751
tok09,2022-01-14,65.901,263137
tok09,2022-01-15,62.17,758502
tok09,2022-01-16,60.828,494477
tok09,2022-01-17,58.719,242628
tok09,2022-01-18,58.987,943606
tok09,2022-01-19,57.945,617201
tok09,2022-01-20,59.876,399888
tok09,2022-01-21,59.262,550417
tok09,2022-01-22,56.818,462010
tok09,2022-01-23,55.616,384656
tok09,2022-01-24,53.73,418778
tok09,2022-01-25,54.294,389395
tok09,2022-01-26,53.335,517548
tok09,2022-01-27,52.143,420407
tok09,2022-01-28,55.622,686254
tok09,2022-01-29,55.831,423524
tok09,2022-01-30,56.869,681330
tok09,2022-01-31,57.092,466536
tok09,2022-02-01,54.683,329414
tok09,2022-02-02,54.102,1027553
tok09,2022-02-03,53.296,369675
tok09,2022-02-04,54.1,290082
tok09,2022-02-05,54.285,274973
tok09,2022-02-06,53.821,303294
tok09,2022-02-07,54.417,510446
tok09,2022-02-08,53.043,272146
tok09,2022-02-09,50.277,246803
tok09,2022-02-10,50.04,462609
tok09,2022-02-11,46.849,375893
tok09,2022-02-12,48.988,715184
tok09,2022-02-13,49.245,313543
tok09,2022-02-14,48.594,271208
tok09,2022-02-15,49.425,391898
tok09,2022-02-16,48.542,251577
tok09,2022-02-17,49.948,373005
tok09,2022-02-18,52.11,288026
tok09,2022-02-19,51.545,387677
tok09,2022-02-20,46.319,441309
tok09,2022-02-21,46.943,414471
tok09,2022-02-22,45.142,454608
tok09,2022-02-23,44.39,1261977
tok09,2022-02-24,43.271,223380
tok09,2022-02-25,42.525,292793
tok09,2022-02-26,43.981,219514
tok09,2022-02-27,43.895,526334
tok09,2022-02-28,42.514,681602
tok09,2022-03-01,44.028,1182784
tok09,2022-03-02,40.663,544333
tok09,2022-03-03,41.428,517506
tok09,2022-03-04,39.976,618937
tok09,2022-03-05,39.029,244734
tok09,2022-03-06,38.3,429941
tok09,2022-03-07,36.364,829210
tok09,2022-03-08,36.15,313942
tok09,2022-03-09,36.463,448094
tok09,2022-03-10,36.596,601978
tok09,2022-03-11,36.668,415838
tok09,2022-03-12,35.036,214474
tok09,2022-03-13,31.033,465150
tok09,2022-03-14,30.08,526892
tok09,2022-03-15,31.238,254624
tok09,2022-03-16,32.147,313929
tok09,2022-03-17,31.118,114852
tok09,2022-03-18,31.77,483241
tok09,2022-03-19,30.912,218701
tok09,2022-03-20,29.174,365804
tok09,2022-03-21,27.481,514078
tok09,2022-03-22,28.889,428854
tok09,2022-03-23,28.674,428672
tok09,2022-03-24,28.422,398117
tok09,2022-03-25,28.285,696053
tok09,2022-03-26,29.066,665013
tok09,2022-03-27,30.167,861113
tok09,2022-03-28,31.624,287918
tok09,2022-03-29,30.902,531152
tok09,2022-03-30,30.742,364370
tok09,2022-03-31,29.219,200687
tok09,2022-04-01,27.888,422082
tok09,2022-04-02,29.585,556798
tok09,2022-04-03,29.801,385328
tok09,2022-04-04,30.778,1082506
tok09,2022-04-05,32.239,910501
tok09,2022-04-06,31.293,541656
tok09,2022-04-07,31.565,264960
tok09,2022-04-08,31.492,1036830
tok09,2022-04-09,30.395,480027
tok09,2022-04-10,28.969,329310
tok09,2022-04-11,29.128,424357
tok09,2022-04-12,30.024,253254
tok09,2022-04-13,31.452,320946
tok09,2022-04-14,29.581,383629
tok09,2022-04-15,29.572,438023
tok09,2022-04-16,29.913,823486
tok09,2022-04-17,31.606,495540
tok09,2022-04-18,29.964,440141
tok09,2022-04-19,29.933,229980
tok09,2022-04-20,30.654,328658
tok09,2022-04-21,29.235,427493
tok09,2022-04-22,28.128,478115
tok09,2022-04-23,26.879,220137
tok09,2022-04-24,28.763,823044
tok09,2022-04-25,25.827,349848
tok09,2022-04-26,26.112,525448
tok09,2022-04-27,25.457,661924
tok09,2022-04-28,25.077,470222
tok09,2022-04-29,25.331,1009986
tok09,2022-04-30,25.634,385205
tok09,2022-05-01,25.112,234388
tok09,2022-05-02,26.578,1006273
tok09,2022-05-03,27.436,492914
tok09,2022-05-04,27.371,174876
tok09,2022-05-05,27.695,830669
tok09,2022-05-06,25.372,891708
tok09,2022-05-07,23.533,147573
tok09,2022-05-08,22.576,613239
tok09,2022-05-09,23.434,741725
tok09,2022-05-10,25.268,701950
tok09,2022-05-11,24.761,436882
tok09,2022-05-12,23.691,296990
tok09,2022-05-13,23.911,290225
tok09,2022-05-14,25.403,633881
tok09,2022-05-15,24.85,271167
tok09,2022-05-16,27.088,469969
tok09,2022-05-17,26.479,458006
tok09,2022-05-18,25.198,513151
tok09,2022-05-19,26.761,769539
tok09,2022-05-20,26.166,312719
tok09,2022-05-21,25.959,359090
tok09,2022-05-22,25.875,289181
tok09,2022-05-23,23.493,756295
tok09,2022-05-24,23.183,949796
tok09,2022-05-25,22.479,428573
tok09,2022-05-26,23.363,185317
tok09,2022-05-27,22.944,251299
tok09,2022-05-28,22.706,322035
tok09,2022-05-29,21.843,376110
tok09,2022-05-30,22.173,149264
tok09,2022-05-31,21.356,561049
tok09,2022-06-01,21.094,533041
tok09,2022-06-02,19.715,443188
tok09,2022-06-03,18.471,430502
tok09,2022-06-04,16.841,245526
tok09,2022-06-05,16.839,867950
tok09,2022-06-06,17.382,1195684
tok09,2022-06-07,18.335,411291
tok09,2022-06-08,17.927,950645
tok09,2022-06-09,17.37,1573672
tok09,2022-06-10,16.804,812192
tok09,2022-06-11,15.612,269296
tok09,2022-06-12,16.223,389034
tok09,2022-06-13,14.363,350310
tok09,2022-06-14,15.053,919980
tok09,2022-06-15,15.055,440753
tok09,2022-06-16,14.635,222705
tok09,2022-06-17,14.314,615424
tok09,2022-06-18,14.811,727362
tok09,2022-06-19,14.935,528491
tok09,2022-06-20,14.192,235750
tok09,2022-06-21,14.173,693924
tok09,2022-06-22,14.841,289121
tok09,2022-06-23,15.15,542982
tok09,2022-06-24,14.759,746026
tok09,2022-06-25,14.707,161298
tok09,2022-06-26,15.641,381858
tok09,2022-06-27,16.245,416775
tok09,2022-06-28,16.85,751499
tok09,2022-06-29,15.813,681669
tok09,2022-06-30,16.565,501602
tok09,2022-07-01,15.514,636013
tok09,2022-07-02,15.345,845400
tok09,2022-07-03,15.592,452999
tok09,2022-07-04,15.801,251372
tok09,2022-07-05,15.451,169657
tok09,2022-07-06,15.286,694403
tok09,2022-07-07,14.971,778164
tok09,2022-07-08,16.38,384663
tok09,2022-07-09,16.414,265081
tok09,2022-07-10,14.768,599992
tok09,2022-07-11,15.362,641247
tok09,2022-07-12,15.25,1098808
tok09,2022-07-13,16.171,403745
tok09,2022-07-14,15.707,247620
tok09,2022-07-15,16.741,551039
tok09,2022-07-16,16.815,222236
tok09,2022-07-17,17.575,559661
tok09,2022-07-18,18.37,289103
tok09,2022-07-19,19.259,938862
tok09,2022-07-20,18.325,671749
tok09,2022-07-21,18.712,509853
tok09,2022-07-22,20.051,965816
tok09,2022-07-23,18.921,219944
tok09,2022-07-24,19.006,277246
tok09,2022-07-25,19.805,774881
tok09,2022-07-26,21.298,263778
tok09,2022-07-27,21.428,599271
tok09,2022-07-28,21.971,156505
tok09,2022-07-29,20.327,664381
tok09,2022-07-30,20.161,369960
tok09,2022-07-31,19.682,406948
tok09,2022-08-01,20.709,509904
tok09,2022-08-02,20.934,217139
tok09,2022-08-03,21.477,478951
tok09,2022-08-04,23.445,190664
tok09,2022-08-05,24.162,501173
tok09,2022-08-06,24.817,536724
tok09,2022-08-07,24.876,265388
tok09,2022-08-08,23.93,266991
tok09,2022-08-09,22.987,543849
tok09,2022-08-10,22.921,573781
tok09,2022-08-11,21.836,697614
tok09,2022-08-12,21.53,298484
tok09,2022-08-13,22.368,70294
tok09,2022-08-14,21.926,407880
tok09,2022-08-15,22.112,371654
tok09,2022-08-16,22.76,445674
tok09,2022-08-17,22.468,373814
tok09,2022-08-18,23.133,224482
tok09,2022-08-19,24.678,677468
tok09,2022-08-20,25.478,309174
tok09,2022-08-21,26.172,169068
tok09,2022-08-22,25.797,235169
tok09,2022-08-23,28.654,589178
tok09,2022-08-24,28.27,321165
tok09,2022-08-25,26.658,386209
tok09,2022-08-26,26.139,331284
tok09,2022-08-27,25.432,375165
tok09,2022-08-28,26.654,1354494
tok09,2022-08-29,25.065,200336
tok09,2022-08-30,24.267,523349
tok09,2022-08-31,23.7,208387
tok09,2022-09-01,22.822,770555
tok09,2022-09-02,22.38,826651
tok09,2022-09-03,22.434,546318
tok09,2022-09-04,22.123,386137
tok09,2022-09-05,23.39,454147
tok09,2022-09-06,22.627,385601
tok09,2022-09-07,21.865,507137
tok09,2022-09-08,20.653,425595
tok09,2022-09-09,20.989,290461
tok09,2022-09-10,21.643,327710
tok09,2022-09-11,22.273,314547
tok09,2022-09-12,20.387,278797
tok09,2022-09-13,20.844,302957
tok09,2022-09-14,19.919,938812
tok09,2022-09-15,19.074,465909
tok09,2022-09-16,19.808,318960
tok09,2022-09-17,21.573,368589
tok09,2022-09-18,22.165,420466
tok09,2022-09-19,21.345,417226
tok09,2022-09-20,22.436,291290
tok09,2022-09-21,22.4,283925
tok09,2022-09-22,23.866,663115
tok09,2022-09-23,25.585,399909
tok09,2022-09-24,25.98,393178
tok09,2022-09-25,26.801,280069
tok09,2022-09-26,24.995,393137
tok09,2022-09-27,24.699,1039010
tok09,2022-09-28,24.51,846117
tok09,2022-09-29,23.721,395491
tok09,2022-09-30,22.368,682179
tok09,2022-10-01,21.714,254769
tok09,2022-10-02,19.909,879961
tok09,2022-10-03,20.426,535517
tok09,2022-10-04,20.672,353179
tok09,2022-10-05,21.228,564852
tok09,2022-10-06,22.335,420477
tok09,2022-10-07,20.823,723235
tok09,2022-10-08,20.759,794509
tok09,2022-10-09,21.404,614924
tok09,2022-10-10,21.375,390085
tok09,2022-10-11,22.59,143989
tok09,2022-10-12,23.659,408115
tok09,2022-10-13,25.486,861005
tok09,2022-10-14,23.902,752054
tok09,2022-10-15,25.517,651727
tok09,2022-10-16,25.569,407786
tok09,2022-10-17,23.544,497695
tok09,2022-10-18,23.921,1246747
tok09,2022-10-19,23.092,430556
tok09,2022-10-20,23.35,153966
tok09,2022-10-21,21.732,133781
tok09,2022-10-22,20.626,862884
tok09,2022-10-23,20.856,1212415
tok09,2022-10-24,20.626,623300
tok09,2022-10-25,18.762,358617
tok09,2022-10-26,19.924,432451
tok09,2022-10-27,20.008,540151
tok09,2022-10-28,21.153,844637
tok09,2022-10-29,21.388,334381
tok09,2022-10-30,20.897,1193739
tok09,2022-10-31,20.866,294238
tok09,2022-11-01,22.239,493959
tok09,2022-11-02,21.932,299540
tok09,2022-11-03,21.863,251872
tok09,2022-11-04,21.678,437282
tok09,2022-11-05,22.153,428598
tok09,2022-11-06,21.627,979511
tok09,2022-11-07,21.729,339801
tok09,2022-11-08,23.447,255335
tok09,2022-11-09,24.473,1053825
tok09,2022-11-10,23.088,1160518
tok09,2022-11-11,22.214,288601
tok09,2022-11-12,21.866,660616
tok09,2022-11-13,21.755,702424
tok09,2022-11-14,21.996,422912
tok09,2022-11-15,22.645,423565
tok09,2022-11-16,22.349,333488
tok09,2022-11-17,23.635,272379
tok09,2022-11-18,23.349,162184
tok09,2022-11-19,23.657,315005
tok09,2022-11-20,22.884,345013
tok09,2022-11-21,23.596,1149492
tok09,2022-11-22,24.951,214711
tok09,2022-11-23,24.782,356698
tok09,2022-11-24,25.021,603996
tok09,2022-11-25,23.713,404428
tok09,2022-11-26,23.207,516106
tok09,2022-11-27,22.222,409345
tok09,2022-11-28,22.847,192200
tok09,2022-11-29,25.081,592048
tok09,2022-11-30,23.349,311935
tok09,2022-12-01,20.936,454425
tok09,2022-12-02,20.456,358731
tok09,2022-12-03,19.468,420208
tok09,2022-12-04,20.195,735594
tok09,2022-12-05,20.753,791039
tok09,2022-12-06,19.733,280646
tok09,2022-12-07,19.658,480313
tok09,2022-12-08,20.099,544066
tok09,2022-12-09,21.65,447807
tok09,2022-12-10,20.187,288351
tok09,2022-12-11,20.474,1019562
tok09,2022-12-12,21.597,321932
tok09,2022-12-13,21.883,199845
tok09,2022-12-14,21.818,632689
tok09,2022-12-15,21.614,248073
tok09,2022-12-16,21.916,441867
tok09,2022-12-17,22.68,686054
tok09,2022-12-18,23.735,383529
tok09,2022-12-19,23.057,532293
tok09,2022-12-20,24.806,699711
tok09,2022-12-21,25.091,650675
tok09,2022-12-22,26.29,550807
tok09,2022-12-23,25.436,561522
tok09,2022-12-24,22.855,281693
tok09,2022-12-25,23.671,381224
tok09,2022-12-26,24.037,394786
tok09,2022-12-27,23.308,361773
tok09,2022-12-28,22.015,390014
tok09,2022-12-29,19.761,435888
tok09,2022-12-30,18.114,307145
tok09,2022-12-31,18.708,146711
tok09,2023-01-01,18.041,581914
tok09,2023-01-02,18.078,412005
tok09,2023-01-03,17.709,682846
tok09,2023-01-04,18.449,376845
tok09,2023-01-05,18.67,331748
tok09,2023-01-06,19.406,248174
tok09,2023-01-07,20.378,412444
tok09,2023-01-08,21.591,252848
tok09,2023-01-09,20.237,744148
tok09,2023-01-10,21.07,610844
tok09,2023-01-11,18.976,169196
tok09,2023-01-12,20.446,579759
tok09,2023-01-13,18.929,122704
tok09,2023-01-14,19.829,218093
tok09,2023-01-15,20.145,663133
tok09,2023-01-16,20.85,382646
tok09,2023-01-17,20.957,628802
tok09,2023-01-18,20.11,333377
tok09,2023-01-19,20.666,968694
tok09,2023-01-20,20.732,633773
tok09,2023-01-21,20.477,615381
tok09,2023-01-22,20.764,218162
tok09,2023-01-23,20.113,744319
tok09,2023-01-24,20.912,236838
tok09,2023-01-25,21.241,523855
tok09,2023-01-26,22.093,240031
tok09,2023-01-27,21.573,647346
tok09,2023-01-28,21.995,368283
tok09,2023-01-29,22.322,641740
tok09,2023-01-30,23.8,441029
tok09,2023-01-31,22.868,409264
tok09,2023-02-01,23.154,474725
tok09,2023-02-02,22.344,562042
tok09,2023-02-03,21.748,416055
tok09,2023-02-04,22.723,186950
tok09,2023-02-05,21.968,561070
tok09,2023-02-06,21.948,478681
tok09,2023-02-07,21.346,615063
tok09,2023-02-08,20.006,314951
tok09,2023-02-09,20.023,489528
tok09,2023-02-10,20.685,995643
tok09,2023-02-11,20.126,548467
tok09,2023-02-12,19.985,1304147
tok09,2023-02-13,19.199,333659
tok09,2023-02-14,17.946,667003
tok09,2023-02-15,18.497,334747
tok09,2023-02-16,18.967,675895
tok09,2023-02-17,17.641,368242
tok09,2023-02-18,16.879,409165
tok09,2023-02-19,17.247,382294
tok09,2023-02-20,16.717,530904
tok09,2023-02-21,15.404,427078
tok09,2023-02-22,16.145,97761
tok09,2023-02-23,16.246,797444
tok09,2023-02-24,16.669,246291
tok09,2023-02-25,16.531,548698
tok09,2023-02-26,16.526,336659
tok09,2023-02-27,15.749,571759
tok09,2023-02-28,15.591,540620
tok09,2023-03-01,14.791,341115
tok09,2023-03-02,15.072,423660
tok09,2023-03-03,16.669,155212
tok09,2023-03-04,18.131,329767
tok09,2023-03-05,18.04,294118
tok09,2023-03-06,18.157,435038
tok09,2023-03-07,18.29,435568
tok09,2023-03-08,17.561,206452
tok09,2023-03-09,17.248,532904
tok09,2023-03-10,16.365,754752
tok09,2023-03-11,16.228,211156
tok09,2023-03-12,15.944,289954
tok09,2023-03-13,15.91,554099
tok09,2023-03-14,15.966,877892
tok09,2023-03-15,15.727,714623
tok09,2023-03-16,15.942,399485
tok09,2023-03-17,15.971,720490
tok09,2023-03-18,16.73,617905
tok09,2023-03-19,17.318,364788
tok09,2023-03-20,17.474,205354
tok09,2023-03-21,17.888,425885
tok09,2023-03-22,17.578,258387
tok09,2023-03-23,18.125,392694
tok09,2023-03-24,18.542,687555
tok09,2023-03-25,18.621,232832
tok09,2023-03-26,18.294,357518
tok09,2023-03-27,18.698,529457
tok09,2023-03-28,18.924,647055
tok09,2023-03-29,18.983,231506
tok09,2023-03-30,18.114,839882
tok09,2023-03-31,18.4,710047
tok09,2023-04-01,17.638,829239
tok09,2023-04-02,14.74,587325
tok09,2023-04-03,14.717,318539
tok09,2023-04-04,13.947,400014
tok09,2023-04-05,13.101,500139
tok09,2023-04-06,13.504,595939
tok09,2023-04-07,13.353,525925
tok09,2023-04-08,13.099,361126
tok09,2023-04-09,13.563,321568
tok09,2023-04-10,12.997,568816
tok09,2023-04-11,12.729,322369
tok09,2023-04-12,11.991,387689
tok09,2023-04-13,11.084,343466
tok09,2023-04-14,11.264,1038208
tok09,2023-04-15,12.006,524449
tok09,2023-04-16,11.183,602379
tok09,2023-04-17,11.587,364608
tok09,2023-04-18,11.278,616674
tok09,2023-04-19,11.195,533599
tok09,2023-04-20,11.361,1087628
tok09,2023-04-21,12.227,773640
tok09,2023-04-22,13.137,400573
tok09,2023-04-23,13.28,790220
tok09,2023-04-24,13.545,453697
tok09,2023-04-25,13.169,628486
tok09,2023-04-26,13.63,299310
tok09,2023-04-27,13.461,495342
tok09,2023-04-28,12.935,390620
tok09,2023-04-29,14.179,853699
tok09,2023-04-30,14.179,699773
tok09,2023-05-01,14.334,518503
tok09,2023-05-02,13.971,733705
tok09,2023-05-03,12.85,558247
tok09,2023-05-04,12.536,1119777
tok09,2023-05-05,11.954,648132
tok09,2023-05-06,12.197,161177
tok09,2023-05-07,12.285,214806
tok09,2023-05-08,12.493,413816
tok09,2023-05-09,13.179,1257356
tok09,2023-05-10,13.609,301358
tok09,2023-05-11,13.276,760345
tok09,2023-05-12,12.975,364440
tok09,2023-05-13,12.841,786605
tok09,2023-05-14,13.195,238862
tok09,2023-05-15,13.773,566617
tok09,2023-05-16,13.776,287277
tok09,2023-05-17,13.133,262131
tok09,2023-05-18,12.789,287005
tok09,2023-05-19,13.146,469963
tok09,2023-05-20,14.143,504701
tok09,2023-05-21,13.607,1247114
tok09,2023-05-22,12.513,650063
tok09,2023-05-23,11.783,581256
tok09,2023-05-24,11.617,364365
tok09,2023-05-25,11.601,479500
tok09,2023-05-26,11.135,737443
tok09,2023-05-27,10.926,255497
tok09,2023-05-28,10.613,167729
tok09,2023-05-29,10.248,180876
tok09,2023-05-30,10.031,531421
tok09,2023-05-31,9.723,694517
tok09,2023-06-01,9.827,316108
tok09,2023-06-02,9.195,377864
tok09,2023-06-03,9.859,431088
tok09,2023-06-04,9.807,369241
tok09,2023-06-05,9.97,280014
tok09,2023-06-06,9.578,470668
tok09,2023-06-07,9.702,1020677
tok09,2023-06-08,9.064,367940
tok09,2023-06-09,8.704,495102
tok09,2023-06-10,8.613,321449
tok09,2023-06-11,9.092,362203
tok09,2023-06-12,8.89,934541
tok09,2023-06-13,8.945,589795
tok09,2023-06-14,8.399,529999
tok09,2023-06-15,8.308,655710
tok09,2023-06-16,8.534,416469
tok09,2023-06-17,8.861,523709
tok09,2023-06-18,8.734,1021479
tok09,2023-06-19,9.349,287634
tok09,2023-06-20,9.29,452064
tok09,2023-06-21,9.763,305949
tok09,2023-06-22,9.19,310077
tok09,2023-06-23,8.105,309424
tok09,2023-06-24,7.793,238540
tok09,2023-06-25,7.326,535655
tok09,2023-06-26,7.245,877560
tok09,2023-06-27,7.283,565322
tok09,2023-06-28,7.241,287608
tok09,2023-06-29,7.559,390435
tok09,2023-06-30,7.256,213001
tok09,2023-07-01,7.166,331973
tok09,2023-07-02,7.397,304546
tok09,2023-07-03,8.053,667147
tok09,2023-07-04,8.364,383076
tok09,2023-07-05,8.56,264318
tok09,2023-07-06,8.787,799323
tok09,2023-07-07,9.158,301018
tok09,2023-07-08,9.502,326088
tok09,2023-07-09,9.487,483860
tok09,2023-07-10,10.238,165697
tok09,2023-07-11,9.983,618025
tok09,2023-07-12,10.211,508446
tok09,2023-07-13,10.177,611927
tok09,2023-07-14,11.205,721553
tok09,2023-07-15,11.798,363145
tok09,2023-07-16,11.698,673386
tok09,2023-07-17,12.259,355461
tok09,2023-07-18,12.497,480062
tok09,2023-07-19,12.669,526145
tok09,2023-07-20,13.656,428027
tok09,2023-07-21,13.719,281326
tok09,2023-07-22,14.336,652714
tok09,2023-07-23,14.125,455631
tok09,2023-07-24,13.977,537708
tok09,2023-07-25,13.453,279205
tok09,2023-07-26,13.51,924596
tok09,2023-07-27,13.528,489535
tok09,2023-07-28,13.275,632426
tok09,2023-07-29,12.544,318045
tok09,2023-07-30,11.577,527458
tok09,2023-07-31,10.911,736911
tok09,2023-08-01,10.882,570335
tok09,2023-08-02,10.907,675204
tok09,2023-08-03,10.769,1577334
tok09,2023-08-04,10.909,909362
tok09,2023-08-05,11.071,576363
tok09,2023-08-06,11.774,608362
tok09,2023-08-07,11.614,469576
tok09,2023-08-08,12.205,346696
tok09,2023-08-09,12.816,301178
tok09,2023-08-10,12.916,399303
tok09,2023-08-11,12.771,640176
tok09,2023-08-12,11.961,313587
tok09,2023-08-13,11.343,548837
tok09,2023-08-14,10.851,599277
tok09,2023-08-15,11.287,457577
tok09,2023-08-16,11.358,323904
tok09,2023-08-17,11.279,439271
tok09,2023-08-18,10.681,271838
tok09,2023-08-19,10.504,441672
tok09,2023-08-20,9.499,222300
tok09,2023-08-21,9.534,210959
tok09,2023-08-22,9.544,451362
tok09,2023-08-23,8.901,267735
tok09,2023-08-24,8.606,253003
tok09,2023-08-25,8.279,342804
tok09,2023-08-26,7.688,1026052
tok09,2023-08-27,7.766,255029
tok09,2023-08-28,7.184,468620
tok09,2023-08-29,7.111,358246
tok09,2023-08-30,6.621,700518
tok09,2023-08-31,6.751,388912
tok09,2023-09-01,6.574,219968
tok09,2023-09-02,6.691,263289
tok09,2023-09-03,6.71,971670
tok09,2023-09-04,6.993,321768
tok09,2023-09-05,7.185,431090
tok09,2023-09-06,7.424,425514
tok09,2023-09-07,7.461,407555
tok09,2023-09-08,7.374,82245
tok09,2023-09-09,7.37,741017
tok09,2023-09-10,7.381,148316
tok09,2023-09-11,7.551,607739
tok09,2023-09-12,7.813,178140
tok09,2023-09-13,7.779,372604
tok09,2023-09-14,8.194,741340
tok09,2023-09-15,7.853,1236411
tok09,2023-09-16,8.123,366199
tok09,2023-09-17,7.703,210527
tok09,2023-09-18,8.053,443571
tok09,2023-09-19,7.995,732327
tok09,2023-09-20,7.926,215733
tok09,2023-09-21,7.594,637096
tok09,2023-09-22,7.196,485622
tok09,2023-09-23,7.084,183612
tok09,2023-09-24,6.974,525763
tok09,2023-09-25,6.823,414040
tok09,2023-09-26,6.682,1192794
tok09,2023-09-27,6.937,685984
tok09,2023-09-28,6.514,314089
tok09,2023-09-29,6.349,1446334
tok09,2023-09-30,5.948,1728264
tok09,2023-10-01,5.953,388032
tok09,2023-10-02,5.576,350028
tok09,2023-10-03,5.542,262560
tok09,2023-10-04,5.581,212762
tok09,2023-10-05,5.846,494562
tok09,2023-10-06,5.85,341076
tok09,2023-10-07,5.56,410004
tok09,2023-10-08,5.577,1153890
tok09,2023-10-09,5.275,307643
tok09,2023-10-10,4.996,645446
tok09,2023-10-11,4.841,243514
tok09,2023-10-12,4.931,261487
tok09,2023-10-13,4.917,310936
tok09,2023-10-14,4.849,266574
tok09,2023-10-15,4.775,431886
tok09,2023-10-16,4.69,363746
tok09,2023-10-17,4.882,240947
tok09,2023-10-18,4.975,521645
tok09,2023-10-19,4.626,681018
tok09,2023-10-20,4.527,804855
tok09,2023-10-21,4.706,988079
tok09,2023-10-22,4.88,335081
tok09,2023-10-23,4.754,463610
tok09,2023-10-24,4.585,251502
tok09,2023-10-25,4.704,607565
tok09,2023-10-26,4.926,477991
tok09,2023-10-27,4.908,384522
tok09,2023-10-28,4.943,529078
tok09,2023-10-29,4.927,385953
tok09,2023-10-30,5.156,607578
tok09,2023-10-31,5.14,553053
tok09,2023-11-01,5.166,285493
tok09,2023-11-02,5.028,368318
tok09,2023-11-03,4.78,259494
tok09,2023-11-04,4.942,398603
tok09,2023-11-05,5.345,229905
tok09,2023-11-06,5.512,999437
tok09,2023-11-07,5.769,493324
tok09,2023-11-08,5.443,256920
tok09,2023-11-09,5.718,637903
tok09,2023-11-10,5.548,669181
tok09,2023-11-11,5.909,406785
tok09,2023-11-12,5.929,875587
tok09,2023-11-13,5.875,388934
tok09,2023-11-14,5.532,482053
tok09,2023-11-15,5.423,347932
tok09,2023-11-16,5.355,299675
tok09,2023-11-17,4.938,434145
tok09,2023-11-18,4.63,630263
tok09,2023-11-19,4.374,669297
tok09,2023-11-20,4.042,592076
tok09,2023-11-21,3.688,321572
tok09,2023-11-22,3.656,151861
tok09,2023-11-23,3.385,382030
tok09,2023-11-24,3.591,387474
tok09,2023-11-25,3.424,418494
tok09,2023-11-26,3.6,267756
tok09,2023-11-27,3.629,294388
tok09,2023-11-28,3.732,827941
tok09,2023-11-29,3.708,983408
tok09,2023-11-30,3.399,535039
tok09,2023-12-01,3.427,353000
tok09,2023-12-02,3.487,236998
tok09,2023-12-03,3.705,574944
tok09,2023-12-04,3.676,423327
tok09,2023-12-05,3.695,508189
tok09,2023-12-06,3.517,298949
tok09,2023-12-07,3.432,365756
tok09,2023-12-08,3.499,438410
tok09,2023-12-09,3.536,514264
tok09,2023-12-10,3.581,334965
tok09,2023-12-11,3.504,239233
tok09,2023-12-12,3.474,439774
tok09,2023-12-13,3.622,385449
tok09,2023-12-14,3.528,575117
tok09,2023-12-15,3.582,663065
tok09,2023-12-16,3.817,425163
tok09,2023-12-17,3.646,336563
tok09,2023-12-18,3.465,319668
tok09,2023-12-19,3.432,922139
tok09,2023-12-20,3.475,237207
tok09,2023-12-21,3.343,498568
tok09,2023-12-22,3.272,592167
tok09,2023-12-23,3.101,750040
tok09,2023-12-24,3.517,259560
tok09,2023-12-25,3.358,208011
tok09,2023-12-26,3.324,463392
tok09,2023-12-27,3.08,653596
tok09,2023-12-28,3.178,226592
tok09,2023-12-29,3.181,397190
tok09,2023-12-30,3.059,337116
tok09,2023-12-31,2.921,681521
tok10,2021-01-01,91.577,1196755
tok10,2021-01-02,89.773,342625
tok10,2021-01-03,90.593,178171
tok10,2021-01-04,94.561,592444
tok10,2021-01-05,96.858,551030
tok10,2021-01-06,100.626,386308
tok10,2021-01-07,101.098,400106
tok10,2021-01-08,102.502,670537
tok10,2021-01-09,101.572,540990
tok10,2021-01-10,102.82,410786
tok10,2021-01-11,103.473,436775
tok10,2021-01-12,110.818,338872
tok10,2021-01-13,112.805,327921
tok10,2021-01-14,113.107,478342
tok10,2021-01-15,103.722,242101
tok10,2021-01-16,102.668,162660
tok10,2021-01-17,101.855,131014
tok10,2021-01-18,98.828,333619
tok10,2021-01-19,101.838,348968
tok10,2021-01-20,102.357,610159
tok10,2021-01-21,97.978,419468
tok10,2021-01-22,93.636,816914
tok10,2021-01-23,91.713,374193
tok10,2021-01-24,91.636,549155
tok10,2021-01-25,88.513,557329
tok10,2021-01-26,90.122,148041
tok10,2021-01-27,90.887,478315
tok10,2021-01-28,91.778,381575
tok10,2021-01-29,89.366,433703
tok10,2021-01-30,90.896,410042
tok10,2021-01-31,86.643,95118
tok10,2021-02-01,84.989,354186
tok10,2021-02-02,87.901,540808
tok10,2021-02-03,86.208,994438
tok10,2021-02-04,88.674,324603
tok10,2021-02-05,87.36,276946
tok10,2021-02-06,95.332,583024
tok10,2021-02-07,98.994,853142
tok10,2021-02-08,99.587,543623
tok10,2021-02-09,99.021,297120
tok10,2021-02-10,95.53,318908
tok10,2021-02-11,96.645,658249
tok10,2021-02-12,99.463,343478
tok10,2021-02-13,99.373,460313
tok10,2021-02-14,94.235,792300
tok10,2021-02-15,94.209,400947
tok10,2021-02-16,95.03,439858
tok10,2021-02-17,102.714,356506
tok10,2021-02-18,104.955,1075894
tok10,2021-02-19,111.721,322258
tok10,2021-02-20,116.733,169231
tok10,2021-02-21,120.252,336552
tok10,2021-02-22,114.918,517951
tok10,2021-02-23,109.594,729808
tok10,2021-02-24,102.608,407779
tok10,2021-02-25,106.063,364524
tok10,2021-02-26,98.609,464742
tok10,2021-02-27,93.021,548087
tok10,2021-02-28,96.548,962689
tok10,2021-03-01,96.698,757358
tok10,2021-03-02,95.893,326786
tok10,2021-03-03,102.013,450856
tok10,2021-03-04,96.714,261884
tok10,2021-03-05,100.054,325541
tok10,2021-03-06,98.851,414056
tok10,2021-03-07,100.196,519593
tok10,2021-03-08,91.71,338680
tok10,2021-03-09,95.037,1146768
tok10,2021-03-10,91.186,329286
tok10,2021-03-11,89.062,371859
tok10,2021-03-12,92.675,703273
tok10,2021-03-13,97.579,283039
tok10,2021-03-14,94.113,531807
tok10,2021-03-15,93.66,543466
tok10,2021-03-16,98.501,629886
tok10,2021-03-17,100.1,494567
tok10,2021-03-18,100.215,487157
tok10,2021-03-19,100.226,516052
tok10,2021-03-20,104.718,365167
tok10,2021-03-21,100.712,1138276
tok10,2021-03-22,103.951,450914
tok10,2021-03-23,102.409,939351
tok10,2021-03-24,101.938,308326
tok10,2021-03-25,99.93,680194
tok10,2021-03-26,102.27,867233
tok10,2021-03-27,110.605,397904
tok10,2021-03-28,105.656,219622
tok10,2021-03-29,99.543,519213
tok10,2021-03-30,97.849,608320
tok10,2021-03-31,97.978,330071
tok10,2021-04-01,99.199,1096807
tok10,2021-04-02,100.372,1039500
tok10,2021-04-03,98.626,511485
tok10,2021-04-04,104.363,525029
tok10,2021-04-05,110.042,299927
tok10,2021-04-06,115.045,264590
tok10,2021-04-07,123.361,674570
tok10,2021-04-08,122.114,307588
tok10,2021-04-09,128.122,740779
tok10,2021-04-10,117.239,338806
tok10,2021-04-11,118.867,641697
tok10,2021-04-12,120.618,386131
tok10,2021-04-13,121.521,828117
tok10,2021-04-14,123.388,375813
tok10,2021-04-15,116.768,392911
tok10,2021-04-16,111.809,910172
tok10,2021-04-17,114.449,934582
tok10,2021-04-18,112.376,262228
tok10,2021-04-19,111.788,465322
tok10,2021-04-20,107.526,177459
tok10,2021-04-21,106.623,713796
tok10,2021-04-22,111.382,457721
tok10,2021-04-23,111.739,603628
tok10,2021-04-24,107.882,358261
tok10,2021-04-25,103.252,465994
tok10,2021-04-26,108.12,730196
tok10,2021-04-27,108.218,524084
tok10,2021-04-28,105.272,348372
tok10,2021-04-29,107.3,501610
tok10,2021-04-30,109.165,263763
tok10,2021-05-01,111.521,818974
tok10,2021-05-02,105.265,791022
tok10,2021-05-03,105.455,519355
tok10,2021-05-04,103.212,268736
tok10,2021-05-05,96.167,280597
tok10,2021-05-06,97.678,536991
tok10,2021-05-07,103.769,292134
tok10,2021-05-08,97.796,612614
tok10,2021-05-09,97.6,225248
tok10,2021-05-10,98.525,571439
tok10,2021-05-11,94.679,437415
tok10,2021-05-12,93.821,291651
tok10,2021-05-13,95.97,370258
tok10,2021-05-14,97.386,293531
tok10,2021-05-15,99.547,806437
tok10,2021-05-16,93.433,648014
tok10,2021-05-17,96.915,304071
tok10,2021-05-18,98.707,455562
tok10,2021-05-19,100.742,238258
tok10,2021-05-20,104.341,375695
tok10,2021-05-21,108.596,202539
tok10,2021-05-22,112.243,335120
tok10,2021-05-23,114.581,466664
tok10,2021-05-24,118.21,551532
tok10,2021-05-25,119.974,347070
tok10,2021-05-26,118.64,442373
tok10,2021-05-27,120.583,528488
tok10,2021-05-28,123.533,163415
tok10,2021-05-29,123.072,622455
tok10,2021-05-30,119.703,358493
tok10,2021-05-31,117.01,350658
tok10,2021-06-01,113.663,517986
tok10,2021-06-02,117.238,837442
tok10,2021-06-03,114.347,275364
tok10,2021-06-04,113.861,253325
tok10,2021-06-05,116.119,182261
tok10,2021-06-06,118.525,349418
tok10,2021-06-07,131.185,896822
tok10,2021-06-08,128.146,500311
tok10,2021-06-09,121.465,255687
tok10,2021-06-10,121.191,956613
tok10,2021-06-11,121.538,301485
tok10,2021-06-12,117.909,400188
tok10,2021-06-13,123.039,420683
tok10,2021-06-14,119.657,809032
tok10,2021-06-15,120.727,453980
tok10,2021-06-16,125.416,464834
tok10,2021-06-17,132.736,591269
tok10,2021-06-18,130.708,467374
tok10,2021-06-19,140.704,959972
tok10,2021-06-20,137.341,790160
tok10,2021-06-21,147.859,257540
tok10,2021-06-22,146.291,201930
tok10,2021-06-23,140.034,329710
tok10,2021-06-24,139.195,332259
tok10,2021-06-25,138.837,196986
tok10,2021-06-26,144.501,464540
tok10,2021-06-27,151.877,332973
tok10,2021-06-28,152.33,529712
tok10,2021-06-29,157.77,256250
tok10,2021-06-30,163.835,388434
tok10,2021-07-01,169.856,430559
tok10,2021-07-02,170.238,206026
tok10,2021-07-03,172.489,344619
tok10,2021-07-04,161.272,395402
tok10,2021-07-05,163.67,595823
tok10,2021-07-06,171.698,345877
tok10,2021-07-07,171.239,225005
tok10,2021-07-08,170.082,347999
tok10,2021-07-09,168.892,433803
tok10,2021-07-10,167.893,573346
tok10,2021-07-11,167.038,234000
tok10,2021-07-12,172.167,421996
tok10,2021-07-13,162.809,815359
tok10,2021-07-14,168.427,274495
tok10,2021-07-15,163.862,944337
tok10,2021-07-16,159.351,817939
tok10,2021-07-17,160.984,190139
tok10,2021-07-18,166.861,528113
tok10,2021-07-19,176.497,1101596
tok10,2021-07-20,170.05,370383
tok10,2021-07-21,165.973,781889
tok10,2021-07-22,167.742,231803
tok10,2021-07-23,161.32,517688
tok10,2021-07-24,152.017,332018
tok10,2021-07-25,141.41,497580
tok10,2021-07-26,131.621,458062
tok10,2021-07-27,128.589,348144
tok10,2021-07-28,133.184,436422
tok10,2021-07-29,132.56,491190
tok10,2021-07-30,132.237,527745
tok10,2021-07-31,132.75,585583
tok10,2021-08-01,129.714,441233
tok10,2021-08-02,140.21,510905
tok10,2021-08-03,142.817,327606
tok10,2021-08-04,141.94,681055
tok10,2021-08-05,133.816,331622
tok10,2021-08-06,140.482,1024967
tok10,2021-08-07,152.172,284894
tok10,2021-08-08,150.073,560852
tok10,2021-08-09,151.985,249542
tok10,2021-08-10,152.14,512829
tok10,2021-08-11,150.403,746257
tok10,2021-08-12,148.691,743495
tok10,2021-08-13,147.247,920465
tok10,2021-08-14,136.759,609360
tok10,2021-08-15,136.449,514421
tok10,2021-08-16,126.409,235265
tok10,2021-08-17,129.471,480229
tok10,2021-08-18,128.358,205571
tok10,2021-08-19,129.782,406565
tok10,2021-08-20,127.707,577848
tok10,2021-08-21,132.481,486175
tok10,2021-08-22,134.866,179169
tok10,2021-08-23,135.622,508293
tok10,2021-08-24,133.909,612371
tok10,2021-08-25,134.9,896012
tok10,2021-08-26,127.738,1342809
tok10,2021-08-27,130.433,1116106
tok10,2021-08-28,129.317,638643
tok10,2021-08-29,120.009,295115
tok10,2021-08-30,118.22,775954
tok10,2021-08-31,110.528,956535
tok10,2021-09-01,96.747,1051826
tok10,2021-09-02,94.703,323727
tok10,2021-09-03,90.009,426265
tok10,2021-09-04,91.025,771704
tok10,2021-09-05,98.713,578657
tok10,2021-09-06,99.332,388527
tok10,2021-09-07,97.901,278211
tok10,2021-09-08,101.928,272892
tok10,2021-09-09,93.376,465900
tok10,2021-09-10,91.527,497866
tok10,2021-09-11,91.398,435135
tok10,2021-09-12,90.189,426025
tok10,2021-09-13,91.226,411472
tok10,2021-09-14,91.099,768599
tok10,2021-09-15,87.602,379137
tok10,2021-09-16,88.422,157179
tok10,2021-09-17,89.49,968888
tok10,2021-09-18,90.391,237018
tok10,2021-09-19,90.264,296604
tok10,2021-09-20,91.023,718779
tok10,2021-09-21,77.744,608281
tok10,2021-09-22,75.693,468838
tok10,2021-09-23,74.02,542774
tok10,2021-09-24,74.279,480349
tok10,2021-09-25,72.516,526787
tok10,2021-09-26,72.184,544933
tok10,2021-09-27,70.001,306604
tok10,2021-09-28,69.546,335323
tok10,2021-09-29,63.646,562242
tok10,2021-09-30,63.289,260703
tok10,2021-10-01,63.969,656211
tok10,2021-10-02,64.349,768481
tok10,2021-10-03,67.873,240229
tok10,2021-10-04,66.637,1052608
tok10,2021-10-05,68.314,842786
tok10,2021-10-06,66.927,301893
tok10,2021-10-07,68.23,652648
tok10,2021-10-08,72.762,899260
tok10,2021-10-09,74.383,535179
tok10,2021-10-10,76.17,857632
tok10,2021-10-11,72.734,221762
tok10,2021-10-12,72.541,545211
tok10,2021-10-13,73.518,1040295
tok10,2021-10-14,78.861,938841
tok10,2021-10-15,77.463,260448
tok10,2021-10-16,75.315,804371
tok10,2021-10-17,74.293,581841
tok10,2021-10-18,77.694,479804
tok10,2021-10-19,73.947,220490
tok10,2021-10-20,70.622,410209
tok10,2021-10-21,68.148,1029800
tok10,2021-10-22,69.364,252007
tok10,2021-10-23,67.437,218035
tok10,2021-10-24,75.409,442623
tok10,2021-10-25,75.287,744465
tok10,2021-10-26,70.648,660393
tok10,2021-10-27,69.553,356665
tok10,2021-10-28,71.49,184726
tok10,2021-10-29,68.516,434157
tok10,2021-10-30,67.993,301650
tok10,2021-10-31,71.198,618599
tok10,2021-11-01,76.788,439436
tok10,2021-11-02,74.44,742949
tok10,2021-11-03,71.655,126809
tok10,2021-11-04,67.253,706394
tok10,2021-11-05,66.212,697036
tok10,2021-11-06,64.243,237832
tok10,2021-11-07,64.139,236936
tok10,2021-11-08,59.809,338026
tok10,2021-11-09,60.715,448571
tok10,2021-11-10,63.085,538696
tok10,2021-11-11,62.978,474712
tok10,2021-11-12,62.278,440431
tok10,2021-11-13,58.437,314174
tok10,2021-11-14,55.392,874741
tok10,2021-11-15,55.129,258506
tok10,2021-11-16,53.199,417671
tok10,2021-11-17,54.447,266110
tok10,2021-11-18,50.822,708939
tok10,2021-11-19,50.859,689232
tok10,2021-11-20,48.19,342016
tok10,2021-11-21,47.657,489284
tok10,2021-11-22,48.037,1747833
tok10,2021-11-23,49.079,680718
tok10,2021-11-24,48.384,809269
tok10,2021-11-25,50.142,411173
tok10,2021-11-26,47.007,618881
tok10,2021-11-27,44.198,1098817
tok10,2021-11-28,43.837,657570
tok10,2021-11-29,43.388,952955
tok10,2021-11-30,41.781,704327
tok10,2021-12-01,43.773,211990
tok10,2021-12-02,44.403,261016
tok10,2021-12-03,42.399,430313
tok10,2021-12-04,43.357,412629
tok10,2021-12-05,42.449,531478
tok10,2021-12-06,44.248,242454
tok10,2021-12-07,42.552,368238
tok10,2021-12-08,40.794,484895
tok10,2021-12-09,40.909,345496
tok10,2021-12-10,40.264,347079
tok10,2021-12-11,38.33,298925
tok10,2021-12-12,40.573,913970
tok10,2021-12-13,40.832,445432
tok10,2021-12-14,41.683,263044
tok10,2021-12-15,39.802,202392
tok10,2021-12-16,40.075,179614
tok10,2021-12-17,40.536,402160
tok10,2021-12-18,42.097,560180
tok10,2021-12-19,41.927,505383
tok10,2021-12-20,41.891,505687
tok10,2021-12-21,41.512,184815
tok10,2021-12-22,43.648,1134018
tok10,2021-12-23,43.485,263634
tok10,2021-12-24,44.467,671194
tok10,2021-12-25,43.382,976112
tok10,2021-12-26,45.396,204812
tok10,2021-12-27,40.924,824245
tok10,2021-12-28,43.082,480949
tok10,2021-12-29,39.983,351529
tok10,2021-12-30,40.571,387664
tok10,2021-12-31,39.129,346758
tok10,2022-01-01,39.057,288153
tok10,2022-01-02,37.12,430614
tok10,2022-01-03,34.704,126855
tok10,2022-01-04,37.223,695944
tok10,2022-01-05,37.377,942632
tok10,2022-01-06,38.575,200026
tok10,2022-01-07,38.959,1267033
tok10,2022-01-08,37.539,722732
tok10,2022-01-09,39.142,508793
tok10,2022-01-10,38.291,451778
tok10,2022-01-11,38.824,410757
tok10,2022-01-12,39.332,285743
tok10,2022-01-13,38.038,585187
tok10,2022-01-14,40.177,501268
tok10,2022-01-15,43.182,409480
tok10,2022-01-16,43.821,395758
tok10,2022-01-17,42.323,461087
tok10,2022-01-18,43.022,451058
tok10,2022-01-19,43.389,1018145
tok10,2022-01-20,44.922,634089
tok10,2022-01-21,44.692,493939
tok10,2022-01-22,42.429,370761
tok10,2022-01-23,40.999,1150571
tok10,2022-01-24,45.118,560673
tok10,2022-01-25,45.753,581538
tok10,2022-01-26,41.649,479863
tok10,2022-01-27,42.375,317910
tok10,2022-01-28,44.171,420454
tok10,2022-01-29,43.581,272820
tok10,2022-01-30,45.817,494126
tok10,2022-01-31,45.757,257886
tok10,2022-02-01,47.417,141226
tok10,2022-02-02,46.482,672115
tok10,2022-02-03,45.36,413780
tok10,2022-02-04,45.158,221869
tok10,2022-02-05,44.198,274472
tok10,2022-02-06,43.843,930294
tok10,2022-02-07,43.114,314828
tok10,2022-02-08,41.722,682785
tok10,2022-02-09,40.252,378447
tok10,2022-02-10,41.262,214920
tok10,2022-02-11,43.22,412595
tok10,2022-02-12,44.485,323191
tok10,2022-02-13,46.782,921919
tok10,2022-02-14,47.542,785783
tok10,2022-02-15,47.5,240235
tok10,2022-02-16,46.959,575122
tok10,2022-02-17,46.618,563061
tok10,2022-02-18,45.993,1726675
tok10,2022-02-19,46.389,243398
tok10,2022-02-20,47.581,276076
tok10,2022-02-21,48.213,332618
tok10,2022-02-22,50.746,728529
tok10,2022-02-23,48.4,548219
tok10,2022-02-24,46.448,175265
tok10,2022-02-25,45.496,1542345
tok10,2022-02-26,43.703,427693
tok10,2022-02-27,42.94,386501
tok10,2022-02-28,42.336,196816
tok10,2022-03-01,42.414,1103398
tok10,2022-03-02,42.87,884269
tok10,2022-03-03,43.873,450991
tok10,2022-03-04,43.694,414863
tok10,2022-03-05,41.453,557139
tok10,2022-03-06,42.143,913280
tok10,2022-03-07,42.175,1207007
tok10,2022-03-08,41.701,241235
tok10,2022-03-09,42.81,367539
tok10,2022-03-10,41.093,240198
tok10,2022-03-11,44.211,351932
tok10,2022-03-12,43.725,345021
tok10,2022-03-13,43.912,331857
tok10,2022-03-14,43.009,376382
tok10,2022-03-15,43.616,283418
tok10,2022-03-16,45.731,1101055
tok10,2022-03-17,46.391,730355
tok10,2022-03-18,46.485,346563
tok10,2022-03-19,45.262,140276
tok10,2022-03-20,47.125,321087
tok10,2022-03-21,48.486,400534
tok10,2022-03-22,48.312,419138
tok10,2022-03-23,50.925,523279
tok10,2022-03-24,53.66,698122
tok10,2022-03-25,53.949,497198
tok10,2022-03-26,52.535,185880
tok10,2022-03-27,50.759,779132
tok10,2022-03-28,52.621,303239
tok10,2022-03-29,52.283,213169
tok10,2022-03-30,50.153,724363
tok10,2022-03-31,50.726,1486787
tok10,2022-04-01,51.17,354100
tok10,2022-04-02,54.962,338713
tok10,2022-04-03,56.232,242095
tok10,2022-04-04,50.247,452955
tok10,2022-04-05,49.893,749142
tok10,2022-04-06,47.523,438959
tok10,2022-04-07,46.3,461821
tok10,2022-04-08,42.882,344634
tok10,2022-04-09,41.752,617077
tok10,2022-04-10,39.93,499268
tok10,2022-04-11,38.483,886988
tok10,2022-04-12,38.98,646889
tok10,2022-04-13,40.522,474159
tok10,2022-04-14,40.134,535930
tok10,2022-04-15,40.413,533549
tok10,2022-04-16,39.686,322280
tok10,2022-04-17,42.6,391437
tok10,2022-04-18,44.905,483777
tok10,2022-04-19,45.05,242168
tok10,2022-04-20,44.162,462341
tok10,2022-04-21,42.883,379256
tok10,2022-04-22,42.61,723308
tok10,2022-04-23,39.127,236908
tok10,2022-04-24,40.326,314388
tok10,2022-04-25,41.621,315555
tok10,2022-04-26,41.329,522421
tok10,2022-04-27,40.155,720370
tok10,2022-04-28,38.243,470205
tok10,2022-04-29,38.853,277255
tok10,2022-04-30,38.562,413176
tok10,2022-05-01,38.124,438580
tok10,2022-05-02,38.139,538554
tok10,2022-05-03,38.524,399978
tok10,2022-05-04,38.275,1569988
tok10,2022-05-05,39.337,369109
tok10,2022-05-06,38.822,610469
tok10,2022-05-07,39.657,683994
tok10,2022-05-08,39.144,481882
tok10,2022-05-09,39.067,574353
tok10,2022-05-10,37.299,350898
tok10,2022-05-11,39.577,716252
tok10,2022-05-12,38.948,1210439
tok10,2022-05-13,39.224,774793
tok10,2022-05-14,39.23,787945
tok10,2022-05-15,40.361,697534
tok10,2022-05-16,40.132,449528
tok10,2022-05-17,36.706,741935
tok10,2022-05-18,37.206,257850
tok10,2022-05-19,35.447,374665
tok10,2022-05-20,34.564,303551
tok10,2022-05-21,34.338,402915
tok10,2022-05-22,33.17,528967
tok10,2022-05-23,31.974,312180
tok10,2022-05-24,33.062,592867
tok10,2022-05-25,34.044,446071
tok10,2022-05-26,35.059,802936
tok10,2022-05-27,37.991,412891
tok10,2022-05-28,39.312,250916
tok10,2022-05-29,38.208,163288
tok10,2022-05-30,36.3,440881
tok10,2022-05-31,36.319,320846
tok10,2022-06-01,36.583,176573
tok10,2022-06-02,35.74,263389
tok10,2022-06-03,33.748,369056
tok10,2022-06-04,33.792,423865
tok10,2022-06-05,32.985,1745716
tok10,2022-06-06,35.792,866249
tok10,2022-06-07,38.973,362793
tok10,2022-06-08,39.351,356137
tok10,2022-06-09,39.425,477935
tok10,2022-06-10,41.637,226851
tok10,2022-06-11,41.244,551700
tok10,2022-06-12,41.748,500151
tok10,2022-06-13,40.113,465218
tok10,2022-06-14,39.879,740017
tok10,2022-06-15,38.812,191087
tok10,2022-06-16,36.939,607812
tok10,2022-06-17,37.216,733780
tok10,2022-06-18,35.093,290098
tok10,2022-06-19,34.736,337209
tok10,2022-06-20,35.356,421183
tok10,2022-06-21,36.448,389038
tok10,2022-06-22,36.696,290403
tok10,2022-06-23,37.427,399724
tok10,2022-06-24,34.926,256129
tok10,2022-06-25,37.685,339588
tok10,2022-06-26,36.168,739534
tok10,2022-06-27,37.586,262314
tok10,2022-06-28,37.64,403848
tok10,2022-06-29,39.412,350323
tok10,2022-06-30,39.679,269173
tok10,2022-07-01,41.634,266773
tok10,2022-07-02,42.201,805169
tok10,2022-07-03,41.955,490185
tok10,2022-07-04,42.075,457799
tok10,2022-07-05,44.96,749384
tok10,2022-07-06,47.269,565129
tok10,2022-07-07,47.898,775317
tok10,2022-07-08,51.556,814094
tok10,2022-07-09,50.59,518822
tok10,2022-07-10,48.066,396097
tok10,2022-07-11,51.512,341819
tok10,2022-07-12,49.406,507055
tok10,2022-07-13,49.86,225784
tok10,2022-07-14,48.643,692106
tok10,2022-07-15,48.073,272182
tok10,2022-07-16,43.07,182572
tok10,2022-07-17,43.385,399529
tok10,2022-07-18,42.215,214935
tok10,2022-07-19,40.202,556399
tok10,2022-07-20,41.301,984383
tok10,2022-07-21,40.446,864415
tok10,2022-07-22,40.46,706137
tok10,2022-07-23,40.669,623550
tok10,2022-07-24,37.568,291095
tok10,2022-07-25,40.902,585114
tok10,2022-07-26,40.353,154691
tok10,2022-07-27,40.229,919886
tok10,2022-07-28,41.04,355206
tok10,2022-07-29,41.97,365634
tok10,2022-07-30,44.22,670242
tok10,2022-07-31,47.807,275284
tok10,2022-08-01,45.856,391302
tok10,2022-08-02,46.072,361400
tok10,2022-08-03,45.175,485522
tok10,2022-08-04,43.975,481385
tok10,2022-08-05,43.86,607888
tok10,2022-08-06,43.864,629873
tok10,2022-08-07,46.374,1372727
tok10,2022-08-08,45.353,301802
tok10,2022-08-09,44.463,218769
tok10,2022-08-10,46.206,799772
tok10,2022-08-11,43.606,295136
tok10,2022-08-12,45.656,478361
tok10,2022-08-13,44.638,698708
tok10,2022-08-14,43.738,687070
tok10,2022-08-15,44.624,605050
tok10,2022-08-16,44.444,576137
tok10,2022-08-17,46.94,841070
tok10,2022-08-18,48.708,286695
tok10,2022-08-19,47.282,876030
tok10,2022-08-20,44.485,475406
tok10,2022-08-21,44.178,609500
tok10,2022-08-22,46.041,313521
tok10,2022-08-23,46.457,904721
tok10,2022-08-24,50.258,379137
tok10,2022-08-25,52.706,409208
tok10,2022-08-26,56.812,629022
tok10,2022-08-27,55.06,542594
tok10,2022-08-28,57.924,288236
tok10,2022-08-29,52.488,199721
tok10,2022-08-30,54.022,288045
tok10,2022-08-31,51.931,573114
tok10,2022-09-01,50.816,1107264
tok10,2022-09-02,50.599,468560
tok10,2022-09-03,51.681,449133
tok10,2022-09-04,52.798,241538
tok10,2022-09-05,55.178,361095
tok10,2022-09-06,55.383,301360
tok10,2022-09-07,56.847,448144
tok10,2022-09-08,57.28,298637
tok10,2022-09-09,61.391,414193
tok10,2022-09-10,62.399,705996
tok10,2022-09-11,63.302,208104
tok10,2022-09-12,63.966,346675
tok10,2022-09-13,64.125,840774
tok10,2022-09-14,66.801,446136
tok10,2022-09-15,67.893,487985
tok10,2022-09-16,65.092,477543
tok10,2022-09-17,65.607,762251
tok10,2022-09-18,59.45,207431
tok10,2022-09-19,60.935,108850
tok10,2022-09-20,57.721,416749
tok10,2022-09-21,59.237,652157
tok10,2022-09-22,60.475,493308
tok10,2022-09-23,61.122,610952
tok10,2022-09-24,65.108,302042
tok10,2022-09-25,66.845,652072
tok10,2022-09-26,68.481,573563
tok10,2022-09-27,69.584,279291
tok10,2022-09-28,70.74,257210
tok10,2022-09-29,69.118,194046
tok10,2022-09-30,69.731,306408
tok10,2022-10-01,73.252,311484
tok10,2022-10-02,77.042,198164
tok10,2022-10-03,84.397,441669
tok10,2022-10-04,82.678,539863
tok10,2022-10-05,85.277,431533
tok10,2022-10-06,89.887,277855
tok10,2022-10-07,91.048,475002
tok10,2022-10-08,87.978,434978
tok10,2022-10-09,84.641,434963
tok10,2022-10-10,87.295,630033
tok10,2022-10-11,90.423,237346
tok10,2022-10-12,84.871,447879
tok10,2022-10-13,86.378,272721
tok10,2022-10-14,83.161,253487
tok10,2022-10-15,77.445,828763
tok10,2022-10-16,80.93,527648
tok10,2022-10-17,79.176,997198
tok10,2022-10-18,76.382,529246
tok10,2022-10-19,78.521,453562
tok10,2022-10-20,74.072,1374224
tok10,2022-10-21,73.369,614341
tok10,2022-10-22,69.422,530400
tok10,2022-10-23,70.686,887466
tok10,2022-10-24,68.924,655780
tok10,2022-10-25,73.401,379690
tok10,2022-10-26,66.513,752352
tok10,2022-10-27,61.512,802286
tok10,2022-10-28,64.329,615303
tok10,2022-10-29,63.015,744845
tok10,2022-10-30,60.666,427157
tok10,2022-10-31,59.949,316472
tok10,2022-11-01,65.313,268293
tok10,2022-11-02,63.484,333770
tok10,2022-11-03,61.882,242983
tok10,2022-11-04,63.563,1397526
tok10,2022-11-05,59.63,217222
tok10,2022-11-06,59.547,222158
tok10,2022-11-07,61.101,322647
tok10,2022-11-08,58.667,778330
tok10,2022-11-09,57.287,635161
tok10,2022-11-10,60.674,836149
tok10,2022-11-11,60.744,878137
tok10,2022-11-12,62.822,385947
tok10,2022-11-13,61.808,277574
tok10,2022-11-14,58.307,450220
tok10,2022-11-15,57.525,261102
tok10,2022-11-16,65.398,431807
tok10,2022-11-17,70.005,326778
tok10,2022-11-18,71.067,329911
tok10,2022-11-19,67.814,330462
tok10,2022-11-20,65.631,458786
tok10,2022-11-21,65.673,305772
tok10,2022-11-22,63.941,319059
tok10,2022-11-23,63.262,882319
tok10,2022-11-24,62.591,396818
tok10,2022-11-25,63.105,440532
tok10,2022-11-26,61.719,362430
tok10,2022-11-27,61.639,382151
tok10,2022-11-28,58.831,420635
tok10,2022-11-29,55.104,354473
tok10,2022-11-30,53.321,1296438
tok10,2022-12-01,56.614,615266
tok10,2022-12-02,56.781,589067
tok10,2022-12-03,56.545,813023
tok10,2022-12-04,50.207,674048
tok10,2022-12-05,47.268,515712
tok10,2022-12-06,47.183,574110
tok10,2022-12-07,46.472,554447
tok10,2022-12-08,48.154,575214
tok10,2022-12-09,47.998,1447496
tok10,2022-12-10,46.353,985366
tok10,2022-12-11,49.213,385268
tok10,2022-12-12,47.611,1142125
tok10,2022-12-13,46.897,338695
tok10,2022-12-14,46.109,628832
tok10,2022-12-15,47.508,268174
tok10,2022-12-16,48.774,579374
tok10,2022-12-17,46.284,223592
tok10,2022-12-18,47.58,469911
tok10,2022-12-19,47.826,478816
tok10,2022-12-20,49.711,443934
tok10,2022-12-21,48.646,830676
tok10,2022-12-22,49.619,857252
tok10,2022-12-23,49.932,241583
tok10,2022-12-24,50.43,272248
tok10,2022-12-25,48.255,389794
tok10,2022-12-26,49.424,420201
tok10,2022-12-27,50.473,800253
tok10,2022-12-28,52.439,652571
tok10,2022-12-29,53.894,690342
tok10,2022-12-30,51.673,411504
tok10,2022-12-31,48.159,996114
tok10,2023-01-01,48.142,334812
tok10,2023-01-02,48.158,257103
tok10,2023-01-03,51.656,836824
tok10,2023-01-04,49.755,213461
tok10,2023-01-05,50.64,349476
tok10,2023-01-06,47.885,514739
tok10,2023-01-07,48.273,473911
tok10,2023-01-08,45.374,1162690
tok10,2023-01-09,47.278,229293
tok10,2023-01-10,47.614,454810
tok10,2023-01-11,47.283,332312
tok10,2023-01-12,47.12,512126
tok10,2023-01-13,45.597,468080
tok10,2023-01-14,43.171,1691084
tok10,2023-01-15,43.726,886956
tok10,2023-01-16,43.173,273707
tok10,2023-01-17,44.392,576008
tok10,2023-01-18,41.709,513384
tok10,2023-01-19,42.523,158016
tok10,2023-01-20,41.126,628313
tok10,2023-01-21,42.648,154235
tok10,2023-01-22,40.731,473412
tok10,2023-01-23,40.304,381677
tok10,2023-01-24,41.486,892853
tok10,2023-01-25,44.842,582546
tok10,2023-01-26,42.549,266672
tok10,2023-01-27,46.146,417524
tok10,2023-01-28,43.88,315046
tok10,2023-01-29,42.772,631751
tok10,2023-01-30,42.131,743570
tok10,2023-01-31,41.823,1035808
tok10,2023-02-01,40.305,508180
tok10,2023-02-02,43.321,713152
tok10,2023-02-03,42.489,1036744
tok10,2023-02-04,43.555,982359
tok10,2023-02-05,44.8,496616
tok10,2023-02-06,42.887,324507
tok10,2023-02-07,41.85,346448
tok10,2023-02-08,40.657,572962
tok10,2023-02-09,41.246,469254
tok10,2023-02-10,41.654,1039957
tok10,2023-02-11,43.262,179187
tok10,2023-02-12,42.868,1029697
tok10,2023-02-13,41.191,449738
tok10,2023-02-14,44.387,833380
tok10,2023-02-15,43.216,667744
tok10,2023-02-16,40.51,347456
tok10,2023-02-17,41.568,412884
tok10,2023-02-18,41.314,343158
tok10,2023-02-19,39.833,327397
tok10,2023-02-20,39.228,546002
tok10,2023-02-21,41.084,745232
tok10,2023-02-22,39.537,498019
tok10,2023-02-23,40.835,324874
tok10,2023-02-24,38.928,572356
tok10,2023-02-25,38.429,260938
tok10,2023-02-26,37.959,322748
tok10,2023-02-27,37.373,360901
tok10,2023-02-28,36.031,618822
tok10,2023-03-01,33.953,307708
tok10,2023-03-02,34.384,658400
tok10,2023-03-03,35.528,391857
tok10,2023-03-04,34.66,441924
tok10,2023-03-05,37.091,510025
tok10,2023-03-06,35.45,282588
tok10,2023-03-07,33.249,434416
tok10,2023-03-08,34.385,562271
tok10,2023-03-09,36.065,467744
tok10,2023-03-10,35.553,834554
tok10,2023-03-11,37.247,1537202
tok10,2023-03-12,34.514,416887
tok10,2023-03-13,34.06,417022
tok10,2023-03-14,34.078,524759
tok10,2023-03-15,35.601,470467
tok10,2023-03-16,36.535,310887
tok10,2023-03-17,39.263,539969
tok10,2023-03-18,38.151,443290
tok10,2023-03-19,38.252,409853
tok10,2023-03-20,40.202,430813
tok10,2023-03-21,41.867,435017
tok10,2023-03-22,42.5,526791
tok10,2023-03-23,41.036,228931
tok10,2023-03-24,38.067,726513
tok10,2023-03-25,39.451,583217
tok10,2023-03-26,38.53,649324
tok10,2023-03-27,38.427,455852
tok10,2023-03-28,34.743,181812
tok10,2023-03-29,34.417,255003
tok10,2023-03-30,35.84,739166
tok10,2023-03-31,36.392,1024512
tok10,2023-04-01,34.902,472963
tok10,2023-04-02,36.568,729012
tok10,2023-04-03,34.511,562410
tok10,2023-04-04,34.331,501615
tok10,2023-04-05,34.78,382635
tok10,2023-04-06,35.975,937056
tok10,2023-04-07,36.884,393559
tok10,2023-04-08,37.407,532531
tok10,2023-04-09,36.547,821209
tok10,2023-04-10,36.855,271537
tok10,2023-04-11,36.715,347517
tok10,2023-04-12,34.699,262700
tok10,2023-04-13,35.491,315588
tok10,2023-04-14,36.195,280079
tok10,2023-04-15,37.846,443235
tok10,2023-04-16,41.039,627328
tok10,2023-04-17,40.054,237913
tok10,2023-04-18,41.666,555813
tok10,2023-04-19,42.16,302181
tok10,2023-04-20,42.513,552327
tok10,2023-04-21,40.245,276647
tok10,2023-04-22,40.768,793786
tok10,2023-04-23,38.178,267558
tok10,2023-04-24,39.205,325885
tok10,2023-04-25,40.063,402432
tok10,2023-04-26,42.708,193066
tok10,2023-04-27,41.289,438050
tok10,2023-04-28,40.834,311098
tok10,2023-04-29,41.238,786335
tok10,2023-04-30,40.792,589284
tok10,2023-05-01,38.612,426860
tok10,2023-05-02,39.449,353918
tok10,2023-05-03,42.184,487595
tok10,2023-05-04,41.433,455378
tok10,2023-05-05,42.587,387296
tok10,2023-05-06,39.966,768654
tok10,2023-05-07,39.115,431473
tok10,2023-05-08,38.121,1276672
tok10,2023-05-09,38.867,279434
tok10,2023-05-10,40.865,516634
tok10,2023-05-11,40.304,164722
tok10,2023-05-12,40.358,493694
tok10,2023-05-13,43.654,229034
tok10,2023-05-14,47.863,344992
tok10,2023-05-15,50.657,252867
tok10,2023-05-16,48.924,717923
tok10,2023-05-17,49.83,324594
tok10,2023-05-18,50.484,188192
tok10,2023-05-19,50.477,639114
tok10,2023-05-20,54.874,1046853
tok10,2023-05-21,53.931,168951
tok10,2023-05-22,52.841,256805
tok10,2023-05-23,49.706,250854
tok10,2023-05-24,47.673,400415
tok10,2023-05-25,50.819,292374
tok10,2023-05-26,48.492,404982
tok10,2023-05-27,48.77,768909
tok10,2023-05-28,50.186,444087
tok10,2023-05-29,51.282,260425
tok10,2023-05-30,50.334,259660
tok10,2023-05-31,50.658,274067
tok10,2023-06-01,50.829,505555
tok10,2023-06-02,52.791,258576
tok10,2023-06-03,55.728,532604
tok10,2023-06-04,56.034,519875
tok10,2023-06-05,55.711,492878
tok10,2023-06-06,59.777,239493
tok10,2023-06-07,63.124,351302
tok10,2023-06-08,63.763,322767
tok10,2023-06-09,60.896,199667
tok10,2023-06-10,60.102,402183
tok10,2023-06-11,57.605,343015
tok10,2023-06-12,59.073,628768
tok10,2023-06-13,59.919,223454
tok10,2023-06-14,57.098,351852
tok10,2023-06-15,58.171,534190
tok10,2023-06-16,59.108,426896
tok10,2023-06-17,62.287,227904
tok10,2023-06-18,58.475,152306
tok10,2023-06-19,58.843,164644
tok10,2023-06-20,57.177,430350
tok10,2023-06-21,61.195,3547688
tok10,2023-06-22,59.918,197136
tok10,2023-06-23,59.202,630650
tok10,2023-06-24,62.28,243926
tok10,2023-06-25,62.331,188282
tok10,2023-06-26,64.235,410405
tok10,2023-06-27,64.388,383379
tok10,2023-06-28,67.579,444636
tok10,2023-06-29,71.414,315703
tok10,2023-06-30,66.766,657294
tok10,2023-07-01,71.063,412621
tok10,2023-07-02,74.083,913469
tok10,2023-07-03,76.171,574314
tok10,2023-07-04,74.21,626074
tok10,2023-07-05,75.639,383161
tok10,2023-07-06,78.336,484231
tok10,2023-07-07,77.554,584640
tok10,2023-07-08,83.064,742106
tok10,2023-07-09,85.456,229659
tok10,2023-07-10,83.728,434842
tok10,2023-07-11,81.862,547132
tok10,2023-07-12,84.041,852937
tok10,2023-07-13,84.851,814637
tok10,2023-07-14,90.11,904609
tok10,2023-07-15,87.154,1535524
tok10,2023-07-16,87.984,322514
tok10,2023-07-17,92.54,255206
tok10,2023-07-18,92.095,324670
tok10,2023-07-19,95.491,621699
tok10,2023-07-20,91.37,470686
tok10,2023-07-21,97.152,559910
tok10,2023-07-22,93.175,267305
tok10,2023-07-23,91.47,327926
tok10,2023-07-24,94.724,268647
tok10,2023-07-25,93.741,266326
tok10,2023-07-26,95.769,608749
tok10,2023-07-27,90.275,697406
tok10,2023-07-28,88.697,1471259
tok10,2023-07-29,89.006,306882
tok10,2023-07-30,90.911,193328
tok10,2023-07-31,92.314,591886
tok10,2023-08-01,87.765,253240
tok10,2023-08-02,95.536,1084310
tok10,2023-08-03,94.227,156568
tok10,2023-08-04,95.873,1138068
tok10,2023-08-05,104.34,662086
tok10,2023-08-06,107.916,249360
tok10,2023-08-07,110.822,218153
tok10,2023-08-08,114.135,344849
tok10,2023-08-09,117.983,513246
tok10,2023-08-10,121.543,214102
tok10,2023-08-11,121.384,1333193
tok10,2023-08-12,116.994,422511
tok10,2023-08-13,118.619,288657
tok10,2023-08-14,118.999,438019
tok10,2023-08-15,122.916,194115
tok10,2023-08-16,119.091,524214
tok10,2023-08-17,111.428,457860
tok10,2023-08-18,104.277,600754
tok10,2023-08-19,105.689,609028
tok10,2023-08-20,106.59,274610
tok10,2023-08-21,107.175,647574
tok10,2023-08-22,109.225,206285
tok10,2023-08-23,109.694,661729
tok10,2023-08-24,108.266,411716
tok10,2023-08-25,108.766,239122
tok10,2023-08-26,102.213,552215
tok10,2023-08-27,98.867,569822
tok10,2023-08-28,98.162,390726
tok10,2023-08-29,97.32,595090
tok10,2023-08-30,100.653,891139
tok10,2023-08-31,105.416,519326
tok10,2023-09-01,114.271,470969
tok10,2023-09-02,112.645,315604
tok10,2023-09-03,94.843,398036
tok10,2023-09-04,93.483,381288
tok10,2023-09-05,95.228,1031170
tok10,2023-09-06,94.438,519690
tok10,2023-09-07,93.862,203081
tok10,2023-09-08,91.236,286195
tok10,2023-09-09,95.324,720201
tok10,2023-09-10,94.002,421221
tok10,2023-09-11,99.899,465051
tok10,2023-09-12,100.193,269950
tok10,2023-09-13,101.456,529272
tok10,2023-09-14,104.089,575195
tok10,2023-09-15,104.004,609335
tok10,2023-09-16,106.02,678133
tok10,2023-09-17,101.241,722136
tok10,2023-09-18,104.719,400300
tok10,2023-09-19,104.257,701142
tok10,2023-09-20,113.676,559771
tok10,2023-09-21,116.437,516472
tok10,2023-09-22,110.092,543140
tok10,2023-09-23,108.929,416821
tok10,2023-09-24,102.848,247913
tok10,2023-09-25,107.741,263674
tok10,2023-09-26,103.655,420720
tok10,2023-09-27,108.271,467521
tok10,2023-09-28,108.876,474319
tok10,2023-09-29,101.938,512473
tok10,2023-09-30,104.782,166324
tok10,2023-10-01,101.553,802743
tok10,2023-10-02,97.132,448027
tok10,2023-10-03,93.779,393776
tok10,2023-10-04,92.823,377850
tok10,2023-10-05,91.476,679597
tok10,2023-10-06,88.825,174742
tok10,2023-10-07,93.543,640536
tok10,2023-10-08,95.375,596764
tok10,2023-10-09,93.276,380786
tok10,2023-10-10,97.676,359601
tok10,2023-10-11,101.054,494975
tok10,2023-10-12,103.798,198218
tok10,2023-10-13,106.465,750497
tok10,2023-10-14,104.953,430435
tok10,2023-10-15,107.685,531009
tok10,2023-10-16,114.422,355069
tok10,2023-10-17,114.701,129009
tok10,2023-10-18,116.771,459978
tok10,2023-10-19,115.828,535739
tok10,2023-10-20,110.558,460908
tok10,2023-10-21,107.183,333477
tok10,2023-10-22,114.23,624938
tok10,2023-10-23,115.945,511630
tok10,2023-10-24,106.928,401918
tok10,2023-10-25,104.149,343020
tok10,2023-10-26,105.577,164708
tok10,2023-10-27,100.29,347930
tok10,2023-10-28,103.492,371307
tok10,2023-10-29,101.642,446697
tok10,2023-10-30,103.959,394621
tok10,2023-10-31,97.835,598644
tok10,2023-11-01,94.814,179586
tok10,2023-11-02,97.259,454757
tok10,2023-11-03,95.205,343423
tok10,2023-11-04,94.523,387022
tok10,2023-11-05,91.493,572279
tok10,2023-11-06,92.912,224911
tok10,2023-11-07,98.358,210855
tok10,2023-11-08,96.369,557252
tok10,2023-11-09,101.67,315317
tok10,2023-11-10,104.21,790104
tok10,2023-11-11,104.327,431023
tok10,2023-11-12,97.498,506059
tok10,2023-11-13,101.558,671390
tok10,2023-11-14,107.568,173847
tok10,2023-11-15,111.386,237071
tok10,2023-11-16,114.58,417816
tok10,2023-11-17,117.518,752432
tok10,2023-11-18,113.691,856452
tok10,2023-11-19,125.58,367871
tok10,2023-11-20,130.169,825627
tok10,2023-11-21,130.32,306533
tok10,2023-11-22,130.554,407877
tok10,2023-11-23,123.378,196329
tok10,2023-11-24,119.444,211512
tok10,2023-11-25,119.191,483532
tok10,2023-11-26,127.571,304926
tok10,2023-11-27,125.531,359494
tok10,2023-11-28,127.177,187556
tok10,2023-11-29,128.012,355129
tok10,2023-11-30,132.496,292598
tok10,2023-12-01,139.781,446076
tok10,2023-12-02,145.52,496604
tok10,2023-12-03,137.732,336105
tok10,2023-12-04,135.018,143159
tok10,2023-12-05,128.535,327636
tok10,2023-12-06,139.467,1068548
tok10,2023-12-07,137.025,233451
tok10,2023-12-08,120.37,261549
tok10,2023-12-09,121.232,670842
tok10,2023-12-10,116.656,228536
tok10,2023-12-11,126.438,355113
tok10,2023-12-12,127.639,330770
tok10,2023-12-13,132.202,715966
tok10,2023-12-14,129.785,420201
tok10,2023-12-15,140.374,375339
tok10,2023-12-16,126.945,540089
tok10,2023-12-17,133.925,462322
tok10,2023-12-18,144.317,275236
tok10,2023-12-19,147.785,270750
tok10,2023-12-20,139.206,556586
tok10,2023-12-21,142.848,265134
tok10,2023-12-22,128.501,338988
tok10,2023-12-23,134.794,1006843
tok10,2023-12-24,136.754,429162
tok10,2023-12-25,131.03,335394
tok10,2023-12-26,133.841,490195
tok10,2023-12-27,127.711,217186
tok10,2023-12-28,130.532,564688
tok10,2023-12-29,125.799,949723
tok10,2023-12-30,121.863,860901
tok10,2023-12-31,118.845,217009
tok11,2021-01-01,100.934,406363
tok11,2021-01-02,102.286,406363
tok11,2021-01-03,99.188,232127
tok11,2021-01-04,94.686,477024
tok11,2021-01-05,95.2,304801
tok11,2021-01-06,94.04,405944
tok11,2021-01-07,93.284,483886
tok11,2021-01-08,94.908,500923
tok11,2021-01-09,99.487,604898
tok11,2021-01-10,107.247,385280
tok11,2021-01-11,109.184,345133
tok11,2021-01-12,113.522,294028
tok11,2021-01-13,115.821,351177
tok11,2021-01-14,115.076,745782
tok11,2021-01-15,118.353,376673
tok11,2021-01-16,119.022,278002
tok11,2021-01-17,113.489,445002
tok11,2021-01-18,117.734,419719
tok11,2021-01-19,122.409,374036
tok11,2021-01-20,118.128,432502
tok11,2021-01-21,123.412,173073
tok11,2021-01-22,125.856,514047
tok11,2021-01-23,119.768,233080
tok11,2021-01-24,114.098,1047251
tok11,2021-01-25,118.449,350848
tok11,2021-01-26,120.968,677213
tok11,2021-01-27,121.712,924071
tok11,2021-01-28,114.054,720176
tok11,2021-01-29,115.192,196977
tok11,2021-01-30,118.56,1032754
tok11,2021-01-31,118.38,439029
tok11,2021-02-01,104.269,389195
tok11,2021-02-02,104.021,402781
tok11,2021-02-03,105.441,403779
tok11,2021-02-04,107.254,959763
tok11,2021-02-05,99.308,152697
tok11,2021-02-06,91.57,117740
tok11,2021-02-07,94.105,371491
tok11,2021-02-08,97.203,339248
tok11,2021-02-09,88.181,295976
tok11,2021-02-10,92.388,292848
tok11,2021-02-11,94.677,259784
tok11,2021-02-12,101.55,150731
tok11,2021-02-13,93.519,500254
tok11,2021-02-14,91.803,302117
tok11,2021-02-15,92.356,382344
tok11,2021-02-16,92.637,317118
tok11,2021-02-17,96.885,466198
tok11,2021-02-18,92.346,607506
tok11,2021-02-19,92.298,622134
tok11,2021-02-20,92.885,1165674
tok11,2021-02-21,93.661,545396
tok11,2021-02-22,94.298,202229
tok11,2021-02-23,93.488,584190
tok11,2021-02-24,93.296,245072
tok11,2021-02-25,95.394,390802
tok11,2021-02-26,96.363,338035
tok11,2021-02-27,93.267,420972
tok11,2021-02-28,91.182,221679
tok11,2021-03-01,87.533,248758
tok11,2021-03-02,87.709,361003
tok11,2021-03-03,82.069,343704
tok11,2021-03-04,79.434,340113
tok11,2021-03-05,75.927,253720
tok11,2021-03-06,79.088,359311
tok11,2021-03-07,75.944,266933
tok11,2021-03-08,82.706,564103
tok11,2021-03-09,88.094,844494
tok11,2021-03-10,88.162,275966
tok11,2021-03-11,86.764,726846
tok11,2021-03-12,89.286,478657
tok11,2021-03-13,92.3,246802
tok11,2021-03-14,89.105,201971
tok11,2021-03-15,86.594,590380
tok11,2021-03-16,80.825,926778
tok11,2021-03-17,81.61,603763
tok11,2021-03-18,79.441,295726
tok11,2021-03-19,78.861,513895
tok11,2021-03-20,75.841,578012
tok11,2021-03-21,72.642,610957
tok11,2021-03-22,70.707,1129966
tok11,2021-03-23,68.462,687176
tok11,2021-03-24,62.399,428352
tok11,2021-03-25,62.796,439937
tok11,2021-03-26,64.304,168579
tok11,2021-03-27,63.056,546434
tok11,2021-03-28,62.026,333359
tok11,2021-03-29,58.201,561848
tok11,2021-03-30,56.068,564675
tok11,2021-03-31,55.55,305427
tok11,2021-04-01,58.45,531831
tok11,2021-04-02,61.34,705543
tok11,2021-04-03,61.184,527887
tok11,2021-04-04,59.718,466733
tok11,2021-04-05,60.853,425515
tok11,2021-04-06,58.58,529531
tok11,2021-04-07,57.385,614242
tok11,2021-04-08,60.422,234847
tok11,2021-04-09,62.046,506374
tok11,2021-04-10,65.168,190397
tok11,2021-04-11,66.277,144693
tok11,2021-04-12,65.314,730251
tok11,2021-04-13,65.647,533137
tok11,2021-04-14,66.28,678463
tok11,2021-04-15,69.905,267793
tok11,2021-04-16,73.41,753257
tok11,2021-04-17,73.474,681770
tok11,2021-04-18,72.037,427661
tok11,2021-04-19,73.419,504667
tok11,2021-04-20,71.384,722336
tok11,2021-04-21,71.528,184005
tok11,2021-04-22,73.648,378228
tok11,2021-04-23,73.303,241083
tok11,2021-04-24,77.766,378807
tok11,2021-04-25,74.995,525135
tok11,2021-04-26,76.5,1066654
tok11,2021-04-27,78.661,677472
tok11,2021-04-28,81.732,514939
tok11,2021-04-29,82.722,415291
tok11,2021-04-30,84.939,463803
tok11,2021-05-01,87.904,1504449
tok11,2021-05-02,88.093,202961
tok11,2021-05-03,84.987,304616
tok11,2021-05-04,86.514,847641
tok11,2021-05-05,85.318,399408
tok11,2021-05-06,83.575,423219
tok11,2021-05-07,82.007,831064
tok11,2021-05-08,85.263,685679
tok11,2021-05-09,84.458,342420
tok11,2021-05-10,84.332,1693118
tok11,2021-05-11,88.193,419987
tok11,2021-05-12,83.482,789985
tok11,2021-05-13,77.846,874627
tok11,2021-05-14,73.754,735023
tok11,2021-05-15,72.796,454532
tok11,2021-05-16,72.582,663867
tok11,2021-05-17,67.415,306008
tok11,2021-05-18,69.527,301832
tok11,2021-05-19,68.85,380814
tok11,2021-05-20,66.442,925015
tok11,2021-05-21,67.68,555775
tok11,2021-05-22,67.927,339749
tok11,2021-05-23,65.893,634702
tok11,2021-05-24,67.684,244735
tok11,2021-05-25,67.255,679028
tok11,2021-05-26,68.904,428346
tok11,2021-05-27,72.723,497349
tok11,2021-05-28,75.884,607611
tok11,2021-05-29,77.872,673112
tok11,2021-05-30,74.709,675186
tok11,2021-05-31,75.782,821974
tok11,2021-06-01,75.13,373460
tok11,2021-06-02,73.432,648242
tok11,2021-06-03,72.739,1052079
tok11,2021-06-04,77.689,359252
tok11,2021-06-05,76.565,431917
tok11,2021-06-06,80.129,425157
tok11,2021-06-07,79.966,361220
tok11,2021-06-08,85.044,521952
tok11,2021-06-09,88.831,264839
tok11,2021-06-10,88.801,536205
tok11,2021-06-11,91.126,538011
tok11,2021-06-12,92.398,319056
tok11,2021-06-13,87.367,279507
tok11,2021-06-14,85.388,402400
tok11,2021-06-15,80.279,555268
tok11,2021-06-16,78.048,869901
tok11,2021-06-17,76.983,683592
tok11,2021-06-18,74.228,443896
tok11,2021-06-19,72.294,469150
tok11,2021-06-20,71.929,220056
tok11,2021-06-21,71.176,809231
tok11,2021-06-22,72.6,747294
tok11,2021-06-23,72.93,408311
tok11,2021-06-24,71.815,446579
tok11,2021-06-25,68.096,555130
tok11,2021-06-26,68.958,891479
tok11,2021-06-27,70.295,388757
tok11,2021-06-28,72.333,416365
tok11,2021-06-29,75.773,443645
tok11,2021-06-30,80.273,282170
tok11,2021-07-01,83.918,602246
tok11,2021-07-02,87.946,289398
tok11,2021-07-03,89.069,393573
tok11,2021-07-04,87.113,339181
tok11,2021-07-05,82.869,643036
tok11,2021-07-06,81.064,408633
tok11,2021-07-07,81.582,379289
tok11,2021-07-08,79.843,473514
tok11,2021-07-09,75.938,264565
tok11,2021-07-10,77.184,444223
tok11,2021-07-11,74.44,390143
tok11,2021-07-12,72.144,421761
tok11,2021-07-13,70.176,418487
tok11,2021-07-14,67.166,282493
tok11,2021-07-15,67.541,282169
tok11,2021-07-16,66.794,319285
tok11,2021-07-17,68.606,354648
tok11,2021-07-18,68.043,577970
tok11,2021-07-19,71.295,481561
tok11,2021-07-20,72.233,312939
tok11,2021-07-21,74.304,545525
tok11,2021-07-22,74.761,236937
tok11,2021-07-23,72.734,554400
tok11,2021-07-24,75.043,244087
tok11,2021-07-25,77.846,700766
tok11,2021-07-26,76.098,383876
tok11,2021-07-27,71.967,413809
tok11,2021-07-28,70.88,434759
tok11,2021-07-29,70.162,309961
tok11,2021-07-30,71.517,222536
tok11,2021-07-31,71.007,763515
tok11,2021-08-01,69.657,156807
tok11,2021-08-02,69.513,936204
tok11,2021-08-03,71.886,478184
tok11,2021-08-04,70.822,381135
tok11,2021-08-05,69.817,711865
tok11,2021-08-06,74.393,434708
tok11,2021-08-07,71.474,231444
tok11,2021-08-08,72.162,820645
tok11,2021-08-09,71.592,388572
tok11,2021-08-10,73.904,330180
tok11,2021-08-11,73.07,290045
tok11,2021-08-12,73.835,313203
tok11,2021-08-13,69.703,733017
tok11,2021-08-14,72.087,233735
tok11,2021-08-15,70.588,253244
tok11,2021-08-16,72.317,824152
tok11,2021-08-17,68.117,626375
tok11,2021-08-18,65.815,390813
tok11,2021-08-19,64.709,537873
tok11,2021-08-20,67.737,345946
tok11,2021-08-21,65.117,414209
tok11,2021-08-22,66.075,275611
tok11,2021-08-23,67.738,607217
tok11,2021-08-24,69.678,264647
tok11,2021-08-25,68.954,234692
tok11,2021-08-26,67.919,228883
tok11,2021-08-27,66.171,301921
tok11,2021-08-28,71.437,359744
tok11,2021-08-29,76.238,352388
tok11,2021-08-30,74.466,929250
tok11,2021-08-31,78.177,169244
tok11,2021-09-01,82.141,276225
tok11,2021-09-02,85.658,409284
tok11,2021-09-03,90.838,429129
tok11,2021-09-04,92.53,1238388
tok11,2021-09-05,91.137,345657
tok11,2021-09-06,91.544,439087
tok11,2021-09-07,91.915,161702
tok11,2021-09-08,91.626,763401
tok11,2021-09-09,92.035,216887
tok11,2021-09-10,87.426,361200
tok11,2021-09-11,87.345,1068023
tok11,2021-09-12,90.236,558924
tok11,2021-09-13,84.445,301144
tok11,2021-09-14,84.185,509600
tok11,2021-09-15,85.902,280130
tok11,2021-09-16,85.623,400501
tok11,2021-09-17,84.154,607188
tok11,2021-09-18,82.386,458077
tok11,2021-09-19,83.315,662723
tok11,2021-09-20,84.512,699174
tok11,2021-09-21,81.462,148817
tok11,2021-09-22,83.146,515045
tok11,2021-09-23,84.764,211188
tok11,2021-09-24,83.325,1012242
tok11,2021-09-25,77.172,980748
tok11,2021-09-26,77.576,772007
tok11,2021-09-27,77.969,295812
tok11,2021-09-28,76.321,384539
tok11,2021-09-29,77.978,862770
tok11,2021-09-30,74.339,601982
tok11,2021-10-01,77.47,198408
tok11,2021-10-02,73.526,474546
tok11,2021-10-03,70.093,978167
tok11,2021-10-04,66.971,543058
tok11,2021-10-05,72.727,544350
tok11,2021-10-06,77.543,433850
tok11,2021-10-07,76.239,122652
tok11,2021-10-08,77.982,419559
tok11,2021-10-09,80.602,482949
tok11,2021-10-10,74.597,779868
tok11,2021-10-11,78.856,864941
tok11,2021-10-12,82.684,820486
tok11,2021-10-13,79.208,554644
tok11,2021-10-14,78.235,1016484
tok11,2021-10-15,79.68,474314
tok11,2021-10-16,78.122,334889
tok11,2021-10-17,77.4,639774
tok11,2021-10-18,73.228,595008
tok11,2021-10-19,76.092,538763
tok11,2021-10-20,76.118,886839
tok11,2021-10-21,76.622,537837
tok11,2021-10-22,79.935,376688
tok11,2021-10-23,82.822,291790
tok11,2021-10-24,82.525,460925
tok11,2021-10-25,82.06,431584
tok11,2021-10-26,80.874,464728
tok11,2021-10-27,79.492,225987
tok11,2021-10-28,79.942,354549
tok11,2021-10-29,72.804,200822
tok11,2021-10-30,77.334,376512
tok11,2021-10-31,72.034,333061
tok11,2021-11-01,73.674,494014
tok11,2021-11-02,73.022,282399
tok11,2021-11-03,70.809,376281
tok11,2021-11-04,73.526,569297
tok11,2021-11-05,74.549,367000
tok11,2021-11-06,73.082,221797
tok11,2021-11-07,73.182,737324
tok11,2021-11-08,73.263,430244
tok11,2021-11-09,71.138,692361
tok11,2021-11-10,70.517,360378
tok11,2021-11-11,71.227,292203
tok11,2021-11-12,70.705,768766
tok11,2021-11-13,68.386,687665
tok11,2021-11-14,62.972,685863
tok11,2021-11-15,65.315,288840
tok11,2021-11-16,64.917,612656
tok11,2021-11-17,67.868,167411
tok11,2021-11-18,71.6,908865
tok11,2021-11-19,75.055,274584
tok11,2021-11-20,75.762,906605
tok11,2021-11-21,70.548,775350
tok11,2021-11-22,73.932,422486
tok11,2021-11-23,72.062,367733
tok11,2021-11-24,75.524,278424
tok11,2021-11-25,76.27,330468
tok11,2021-11-26,79.937,686367
tok11,2021-11-27,80.151,449040
tok11,2021-11-28,80.202,498586
tok11,2021-11-29,76.629,308226
tok11,2021-11-30,80.105,819233
tok11,2021-12-01,83.484,114974
tok11,2021-12-02,83.481,860002
tok11,2021-12-03,81.069,1093518
tok11,2021-12-04,83.034,524620
tok11,2021-12-05,85.025,252171
tok11,2021-12-06,86.342,249477
tok11,2021-12-07,82.939,544788
tok11,2021-12-08,89.195,313303
tok11,2021-12-09,83.07,237215
tok11,2021-12-10,81.928,813221
tok11,2021-12-11,87.443,408528
tok11,2021-12-12,88.166,341989
tok11,2021-12-13,90.912,270092
tok11,2021-12-14,94.472,494591
tok11,2021-12-15,97.37,447587
tok11,2021-12-16,96.589,183091
tok11,2021-12-17,92.575,612704
tok11,2021-12-18,96.477,268114
tok11,2021-12-19,97.119,312890
tok11,2021-12-20,94.257,387373
tok11,2021-12-21,99.936,950226
tok11,2021-12-22,98.816,684743
tok11,2021-12-23,96.476,331527
tok11,2021-12-24,94.355,481157
tok11,2021-12-25,97.536,539677
tok11,2021-12-26,95.933,1231221
tok11,2021-12-27,97.443,604864
tok11,2021-12-28,97.723,309534
tok11,2021-12-29,99.126,439321
tok11,2021-12-30,103.876,341502
tok11,2021-12-31,103.967,336361
tok11,2022-01-01,101.615,424565
tok11,2022-01-02,102.197,173634
tok11,2022-01-03,100.312,362833
tok11,2022-01-04,98.137,175871
tok11,2022-01-05,92.558,266692
tok11,2022-01-06,89.328,418635
tok11,2022-01-07,92.981,419884
tok11,2022-01-08,88.397,334902
tok11,2022-01-09,90.017,1291622
tok11,2022-01-10,88.584,446215
tok11,2022-01-11,96.237,463616
tok11,2022-01-12,99.686,326390
tok11,2022-01-13,103.461,779631
tok11,2022-01-14,104.699,1054546
tok11,2022-01-15,102.405,1569823
tok11,2022-01-16,99.359,363962
tok11,2022-01-17,98.534,484416
tok11,2022-01-18,84.698,376650
tok11,2022-01-19,86.089,586219
tok11,2022-01-20,82.61,334636
tok11,2022-01-21,81.801,263081
tok11,2022-01-22,75.925,277305
tok11,2022-01-23,78.335,895388
tok11,2022-01-24,77.534,338636
tok11,2022-01-25,75.512,773620
tok11,2022-01-26,76.496,672136
tok11,2022-01-27,76.148,682712
tok11,2022-01-28,73.743,234309
tok11,2022-01-29,74.967,382497
tok11,2022-01-30,75.554,362964
tok11,2022-01-31,82.811,192025
tok11,2022-02-01,84.325,324346
tok11,2022-02-02,85.323,337027
tok11,2022-02-03,88.063,1020440
tok11,2022-02-04,88.719,377769
tok11,2022-02-05,82.858,617001
tok11,2022-02-06,80.644,354926
tok11,2022-02-07,88.308,797233
tok11,2022-02-08,91.872,1233842
tok11,2022-02-09,92.092,190633
tok11,2022-02-10,94.562,678957
tok11,2022-02-11,88.463,611508
tok11,2022-02-12,85.266,787772
tok11,2022-02-13,88.273,367544
tok11,2022-02-14,86.573,414997
tok11,2022-02-15,81.451,589311
tok11,2022-02-16,82.677,357336
tok11,2022-02-17,80.638,330428
tok11,2022-02-18,84.777,242978
tok11,2022-02-19,81.576,117905
tok11,2022-02-20,81.635,382945
tok11,2022-02-21,83.948,387112
tok11,2022-02-22,88.501,546355
tok11,2022-02-23,81.743,496250
tok11,2022-02-24,77.903,273120
tok11,2022-02-25,77.887,608257
tok11,2022-02-26,75.132,723843
tok11,2022-02-27,72.111,1299560
tok11,2022-02-28,65.866,1477885
tok11,2022-03-01,62.955,470679
tok11,2022-03-02,67.65,371959
tok11,2022-03-03,65.662,649396
tok11,2022-03-04,60.422,1056985
tok11,2022-03-05,60.629,489759
tok11,2022-03-06,61.652,711463
tok11,2022-03-07,62.987,627082
tok11,2022-03-08,62.133,544236
tok11,2022-03-09,62.622,244473
tok11,2022-03-10,62.414,588451
tok11,2022-03-11,58.038,303235
tok11,2022-03-12,57.256,314046
tok11,2022-03-13,59.564,246089
tok11,2022-03-14,59.094,438411
tok11,2022-03-15,62.035,885005
tok11,2022-03-16,60.979,702291
tok11,2022-03-17,59.973,303011
tok11,2022-03-18,61.07,542301
tok11,2022-03-19,59.772,693815
tok11,2022-03-20,60.379,474908
tok11,2022-03-21,59.572,335127
tok11,2022-03-22,58.04,479659
tok11,2022-03-23,56.968,457731
tok11,2022-03-24,59.197,275484
tok11,2022-03-25,60.517,488828
tok11,2022-03-26,61.501,644275
tok11,2022-03-27,62.656,1136776
tok11,2022-03-28,57.848,367308
tok11,2022-03-29,55.178,506065
tok11,2022-03-30,53.831,448573
tok11,2022-03-31,56.638,347676
tok11,2022-04-01,51.947,469421
tok11,2022-04-02,51.022,240126
tok11,2022-04-03,49.611,530672
tok11,2022-04-04,50.307,207983
tok11,2022-04-05,49.031,1064743
tok11,2022-04-06,49.558,414950
tok11,2022-04-07,48.936,889575
tok11,2022-04-08,50.812,208683
tok11,2022-04-09,47.238,361283
tok11,2022-04-10,42.868,213074
tok11,2022-04-11,42.677,468329
tok11,2022-04-12,44.051,383238
tok11,2022-04-13,46.592,609018
tok11,2022-04-14,49.558,1971371
tok11,2022-04-15,48.557,597431
tok11,2022-04-16,46.461,295175
tok11,2022-04-17,46.996,314969
tok11,2022-04-18,47.055,310574
tok11,2022-04-19,47.115,981271
tok11,2022-04-20,47.573,308883
tok11,2022-04-21,44.469,992020
tok11,2022-04-22,42.723,554492
tok11,2022-04-23,42.444,481658
tok11,2022-04-24,41.033,553742
tok11,2022-04-25,41.719,627833
tok11,2022-04-26,41.021,348218
tok11,2022-04-27,42.959,596007
tok11,2022-04-28,42.544,261030
tok11,2022-04-29,43.667,657727
tok11,2022-04-30,42.533,716495
tok11,2022-05-01,44.782,265430
tok11,2022-05-02,43.859,422716
tok11,2022-05-03,43.43,465700
tok11,2022-05-04,44.87,465536
tok11,2022-05-05,42.395,230291
tok11,2022-05-06,45.071,452460
tok11,2022-05-07,46.599,318929
tok11,2022-05-08,47.619,351902
tok11,2022-05-09,50.532,601099
tok11,2022-05-10,52.888,555302
tok11,2022-05-11,48.244,244136
tok11,2022-05-12,49.018,450869
tok11,2022-05-13,49.248,799256
tok11,2022-05-14,51.449,279661
tok11,2022-05-15,48.766,283614
tok11,2022-05-16,48.867,152715
tok11,2022-05-17,47.667,492615
tok11,2022-05-18,44.628,174116
tok11,2022-05-19,42.803,202914
tok11,2022-05-20,42.793,513100
tok11,2022-05-21,47.791,314876
tok11,2022-05-22,49.021,494705
tok11,2022-05-23,51.709,401163
tok11,2022-05-24,53.79,849620
tok11,2022-05-25,56.286,826471
tok11,2022-05-26,57.379,1205932
tok11,2022-05-27,54.634,586646
tok11,2022-05-28,55.664,435547
tok11,2022-05-29,57.019,604121
tok11,2022-05-30,55.768,617752
tok11,2022-05-31,56.328,504242
tok11,2022-06-01,52.01,358284
tok11,2022-06-02,49.684,244557
tok11,2022-06-03,48.666,642751
tok11,2022-06-04,48.979,239647
tok11,2022-06-05,49.574,202996
tok11,2022-06-06,47.269,563808
tok11,2022-06-07,48.162,1129159
tok11,2022-06-08,47.591,263373
tok11,2022-06-09,45.776,321301
tok11,2022-06-10,46.738,525147
tok11,2022-06-11,47.449,281459
tok11,2022-06-12,46.82,418959
tok11,2022-06-13,45.776,530986
tok11,2022-06-14,45.051,901345
tok11,2022-06-15,48.05,168617
tok11,2022-06-16,48.483,320386
tok11,2022-06-17,48.594,502517
tok11,2022-06-18,49.844,417593
tok11,2022-06-19,52.544,327519
tok11,2022-06-20,49.888,612379
tok11,2022-06-21,49.573,159262
tok11,2022-06-22,52.703,473670
tok11,2022-06-23,57.005,494658
tok11,2022-06-24,54.956,729445
tok11,2022-06-25,51.912,217532
tok11,2022-06-26,50.239,276205
tok11,2022-06-27,49.41,344955
tok11,2022-06-28,50.908,407310
tok11,2022-06-29,49.323,538078
tok11,2022-06-30,49.304,358073
tok11,2022-07-01,46.577,607504
tok11,2022-07-02,49.399,247144
tok11,2022-07-03,49.553,290117
tok11,2022-07-04,49.264,222634
tok11,2022-07-05,49.723,689459
tok11,2022-07-06,51.052,395407
tok11,2022-07-07,47.817,317334
tok11,2022-07-08,47.289,552889
tok11,2022-07-09,47.253,439617
tok11,2022-07-10,46.585,204767
tok11,2022-07-11,45.75,642112
tok11,2022-07-12,41.366,509833
tok11,2022-07-13,40.267,365148
tok11,2022-07-14,42.163,1163610
tok11,2022-07-15,40.975,530524
tok11,2022-07-16,41.78,517718
tok11,2022-07-17,42.525,364694
tok11,2022-07-18,45.003,463339
tok11,2022-07-19,43.887,372228
tok11,2022-07-20,44.143,428144
tok11,2022-07-21,44.346,302382
tok11,2022-07-22,46.821,771079
tok11,2022-07-23,48.005,570787
tok11,2022-07-24,46.137,201658
tok11,2022-07-25,47.752,308211
tok11,2022-07-26,46.107,292234
tok11,2022-07-27,43.941,520093
tok11,2022-07-28,45.396,282309
tok11,2022-07-29,50.385,331061
tok11,2022-07-30,48.026,209905
tok11,2022-07-31,47.029,364069
tok11,2022-08-01,48.321,184208
tok11,2022-08-02,50.147,221657
tok11,2022-08-03,48.434,278185
tok11,2022-08-04,45.485,1053428
tok11,2022-08-05,43.883,240201
tok11,2022-08-06,43.522,797604
tok11,2022-08-07,44.888,226518
tok11,2022-08-08,43.505,969484
tok11,2022-08-09,43.524,1209230
tok11,2022-08-10,44.993,1029028
tok11,2022-08-11,43.874,428965
tok11,2022-08-12,44.612,276599
tok11,2022-08-13,43.606,311412
tok11,2022-08-14,46.785,374227
tok11,2022-08-15,46.559,603734
tok11,2022-08-16,45.094,251906
tok11,2022-08-17,48.429,231659
tok11,2022-08-18,50.961,1220413
tok11,2022-08-19,54.1,258554
tok11,2022-08-20,52.037,241582
tok11,2022-08-21,50.083,212902
tok11,2022-08-22,49.366,392304
tok11,2022-08-23,47.273,577099
tok11,2022-08-24,50.14,175021
tok11,2022-08-25,50.778,302022
tok11,2022-08-26,47.46,225973
tok11,2022-08-27,49.905,405523
tok11,2022-08-28,49.231,348455
tok11,2022-08-29,47.18,378101
tok11,2022-08-30,45.403,249035
tok11,2022-08-31,46.457,465510
tok11,2022-09-01,42.109,426480
tok11,2022-09-02,41.949,669468
tok11,2022-09-03,42.817,425068
tok11,2022-09-04,43.575,628849
tok11,2022-09-05,43.847,306737
tok11,2022-09-06,41.546,981679
tok11,2022-09-07,39.379,460643
tok11,2022-09-08,39.584,249794
tok11,2022-09-09,37.901,485104
tok11,2022-09-10,38.764,546089
tok11,2022-09-11,40.001,517450
tok11,2022-09-12,41.726,290412
tok11,2022-09-13,40.778,236550
tok11,2022-09-14,41.447,495582
tok11,2022-09-15,42.03,388088
tok11,2022-09-16,43.644,535658
tok11,2022-09-17,39.988,418207
tok11,2022-09-18,40.274,538117
tok11,2022-09-19,38.496,219645
tok11,2022-09-20,39.125,557528
tok11,2022-09-21,42.271,725691
tok11,2022-09-22,45.999,364168
tok11,2022-09-23,44.687,226450
tok11,2022-09-24,44.688,452065
tok11,2022-09-25,45.367,149514
tok11,2022-09-26,43.945,250070
tok11,2022-09-27,44.076,148510
tok11,2022-09-28,43.804,87362
tok11,2022-09-29,43.247,295303
tok11,2022-09-30,44.068,452623
tok11,2022-10-01,40.874,336344
tok11,2022-10-02,38.661,938799
tok11,2022-10-03,38.762,382190
tok11,2022-10-04,40.378,326316
tok11,2022-10-05,39.361,593227
tok11,2022-10-06,39.768,522059
tok11,2022-10-07,41.317,568161
tok11,2022-10-08,41.282,547817
tok11,2022-10-09,42.331,556156
tok11,2022-10-10,41.86,230275
tok11,2022-10-11,42.759,685873
tok11,2022-10-12,41.044,1219336
tok11,2022-10-13,41.61,297221
tok11,2022-10-14,38.565,482670
tok11,2022-10-15,37.134,592091
tok11,2022-10-16,37.411,700762
tok11,2022-10-17,39.268,476544
tok11,2022-10-18,42.04,344749
tok11,2022-10-19,42.51,852983
tok11,2022-10-20,44.328,669083
tok11,2022-10-21,42.627,365996
tok11,2022-10-22,41.829,424151
tok11,2022-10-23,40.664,1312825
tok11,2022-10-24,39.959,759645
tok11,2022-10-25,39.318,793064
tok11,2022-10-26,40.043,376843
tok11,2022-10-27,38.376,404941
tok11,2022-10-28,39.556,476132
tok11,2022-10-29,39.317,329320
tok11,2022-10-30,39.225,840452
tok11,2022-10-31,37.135,334296
tok11,2022-11-01,36.955,392777
tok11,2022-11-02,39.761,1328809
tok11,2022-11-03,38.038,314593
tok11,2022-11-04,39.451,509138
tok11,2022-11-05,41.123,442437
tok11,2022-11-06,39.138,266608
tok11,2022-11-07,38.791,340161
tok11,2022-11-08,39.706,322835
tok11,2022-11-09,37.086,959245
tok11,2022-11-10,38.966,218601
tok11,2022-11-11,38.897,326460
tok11,2022-11-12,40.893,700806
tok11,2022-11-13,40.662,624646
tok11,2022-11-14,39.853,590487
tok11,2022-11-15,41.565,197374
tok11,2022-11-16,41.18,539834
tok11,2022-11-17,42.994,709981
tok11,2022-11-18,41.998,569313
tok11,2022-11-19,40.236,289419
tok11,2022-11-20,39.989,343589
tok11,2022-11-21,41.124,294874
tok11,2022-11-22,42.899,358095
tok11,2022-11-23,44.854,206706
tok11,2022-11-24,45.975,525916
tok11,2022-11-25,43.315,354046
tok11,2022-11-26,43.494,379991
tok11,2022-11-27,44.62,409226
tok11,2022-11-28,45.422,487761
tok11,2022-11-29,47.403,716198
tok11,2022-11-30,46.928,427955
tok11,2022-12-01,47.835,516716
tok11,2022-12-02,45.982,337186
tok11,2022-12-03,47.13,293362
tok11,2022-12-04,45.319,316055
tok11,2022-12-05,48.533,418714
tok11,2022-12-06,51.779,660594
tok11,2022-12-07,49.36,592702
tok11,2022-12-08,52.285,839848
tok11,2022-12-09,52.336,473251
tok11,2022-12-10,55.0,132835
tok11,2022-12-11,56.053,540968
tok11,2022-12-12,59.686,274168
tok11,2022-12-13,59.715,356495
tok11,2022-12-14,59.994,459439
tok11,2022-12-15,56.196,513826
tok11,2022-12-16,56.344,750072
tok11,2022-12-17,56.796,438048
tok11,2022-12-18,58.88,488615
tok11,2022-12-19,55.616,402828
tok11,2022-12-20,56.678,731757
tok11,2022-12-21,59.457,508803
tok11,2022-12-22,60.083,514317
tok11,2022-12-23,58.26,703065
tok11,2022-12-24,59.204,455696
tok11,2022-12-25,62.181,493935
tok11,2022-12-26,61.119,848194
tok11,2022-12-27,62.794,309907
tok11,2022-12-28,57.556,231712
tok11,2022-12-29,61.223,221844
tok11,2022-12-30,61.52,452892
tok11,2022-12-31,61.297,415372
tok11,2023-01-01,62.732,711792
tok11,2023-01-02,66.719,346912
tok11,2023-01-03,63.156,767660
tok11,2023-01-04,60.996,187728
tok11,2023-01-05,59.506,553440
tok11,2023-01-06,61.766,268656
tok11,2023-01-07,63.781,821622
tok11,2023-01-08,60.158,287974
tok11,2023-01-09,61.631,689056
tok11,2023-01-10,62.51,173195
tok11,2023-01-11,63.31,154661
tok11,2023-01-12,63.988,379966
tok11,2023-01-13,69.012,843641
tok11,2023-01-14,68.415,555752
tok11,2023-01-15,69.503,162079
tok11,2023-01-16,69.036,579972
tok11,2023-01-17,67.417,1069354
tok11,2023-01-18,68.675,557801
tok11,2023-01-19,69.783,361027
tok11,2023-01-20,73.092,643301
tok11,2023-01-21,77.033,509444
tok11,2023-01-22,80.536,379364
tok11,2023-01-23,76.438,561782
tok11,2023-01-24,77.409,385928
tok11,2023-01-25,85.488,368354
tok11,2023-01-26,85.14,328110
tok11,2023-01-27,84.459,190017
tok11,2023-01-28,82.02,252552
tok11,2023-01-29,78.802,554638
tok11,2023-01-30,78.239,614138
tok11,2023-01-31,77.404,469000
tok11,2023-02-01,75.03,906435
tok11,2023-02-02,81.222,585036
tok11,2023-02-03,76.523,502855
tok11,2023-02-04,80.531,618518
tok11,2023-02-05,77.99,303519
tok11,2023-02-06,75.834,438462
tok11,2023-02-07,74.858,254587
tok11,2023-02-08,69.041,1072823
tok11,2023-02-09,73.737,304322
tok11,2023-02-10,69.41,994180
tok11,2023-02-11,70.894,692043
tok11,2023-02-12,71.311,442481
tok11,2023-02-13,74.94,201655
tok11,2023-02-14,75.736,756839
tok11,2023-02-15,77.615,297909
tok11,2023-02-16,81.172,707344
tok11,2023-02-17,82.893,206694
tok11,2023-02-18,85.18,373434
tok11,2023-02-19,88.227,664279
tok11,2023-02-20,87.951,388700
tok11,2023-02-21,88.173,854637
tok11,2023-02-22,91.021,701063
tok11,2023-02-23,86.393,334907
tok11,2023-02-24,76.568,522811
tok11,2023-02-25,76.155,537265
tok11,2023-02-26,80.215,188855
tok11,2023-02-27,81.8,288281
tok11,2023-02-28,83.831,305305
tok11,2023-03-01,83.633,360125
tok11,2023-03-02,83.946,447718
tok11,2023-03-03,81.829,640752
tok11,2023-03-04,85.134,448739
tok11,2023-03-05,84.983,626047
tok11,2023-03-06,85.596,282830
tok11,2023-03-07,89.278,544405
tok11,2023-03-08,98.429,434902
tok11,2023-03-09,97.0,457213
tok11,2023-03-10,96.412,857047
tok11,2023-03-11,94.458,173735
tok11,2023-03-12,88.803,1484070
tok11,2023-03-13,86.167,2199238
tok11,2023-03-14,85.83,193396
tok11,2023-03-15,87.097,738768
tok11,2023-03-16,78.972,443365
tok11,2023-03-17,78.651,523921
tok11,2023-03-18,77.851,375026
tok11,2023-03-19,77.078,443564
tok11,2023-03-20,77.301,583577
tok11,2023-03-21,72.289,1093417
tok11,2023-03-22,75.086,840490
tok11,2023-03-23,76.595,305143
tok11,2023-03-24,69.195,575454
tok11,2023-03-25,72.027,497843
tok11,2023-03-26,70.305,582264
tok11,2023-03-27,75.276,666967
tok11,2023-03-28,74.541,604511
tok11,2023-03-29,70.895,192314
tok11,2023-03-30,68.129,345454
tok11,2023-03-31,70.731,570979
tok11,2023-04-01,70.177,413465
tok11,2023-04-02,68.208,320605
tok11,2023-04-03,68.733,420006
tok11,2023-04-04,68.248,444023
tok11,2023-04-05,65.366,863376
tok11,2023-04-06,61.028,1325568
tok11,2023-04-07,57.145,1006887
tok11,2023-04-08,55.139,692012
tok11,2023-04-09,57.041,750733
tok11,2023-04-10,55.176,627218
tok11,2023-04-11,55.304,424440
tok11,2023-04-12,56.841,541136
tok11,2023-04-13,58.508,441426
tok11,2023-04-14,58.592,213459
tok11,2023-04-15,60.112,423158
tok11,2023-04-16,60.722,550772
tok11,2023-04-17,60.898,897958
tok11,2023-04-18,65.154,205968
tok11,2023-04-19,69.446,448325
tok11,2023-04-20,63.9,556209
tok11,2023-04-21,63.908,614368
tok11,2023-04-22,61.746,382185
tok11,2023-04-23,60.977,180618
tok11,2023-04-24,58.232,491573
tok11,2023-04-25,55.795,514839
tok11,2023-04-26,56.094,542553
tok11,2023-04-27,58.23,787478
tok11,2023-04-28,58.238,376122
tok11,2023-04-29,55.626,880079
tok11,2023-04-30,55.229,516350
tok11,2023-05-01,53.72,737300
tok11,2023-05-02,51.789,512175
tok11,2023-05-03,49.697,531467
tok11,2023-05-04,53.385,629373
tok11,2023-05-05,57.186,537829
tok11,2023-05-06,55.963,240312
tok11,2023-05-07,58.022,609619
tok11,2023-05-08,57.395,596985
tok11,2023-05-09,59.607,345440
tok11,2023-05-10,63.111,488655
tok11,2023-05-11,67.35,201951
tok11,2023-05-12,69.507,203348
tok11,2023-05-13,74.512,457474
tok11,2023-05-14,73.401,894791
tok11,2023-05-15,71.241,447277
tok11,2023-05-16,66.782,711572
tok11,2023-05-17,64.923,459294
tok11,2023-05-18,64.528,325287
tok11,2023-05-19,64.276,197269
tok11,2023-05-20,64.827,600115
tok11,2023-05-21,63.794,468312
tok11,2023-05-22,63.646,299454
tok11,2023-05-23,65.721,151546
tok11,2023-05-24,66.282,635352
tok11,2023-05-25,69.796,398621
tok11,2023-05-26,76.109,331856
tok11,2023-05-27,77.597,835077
tok11,2023-05-28,72.114,206961
tok11,2023-05-29,70.936,547365
tok11,2023-05-30,72.495,548544
tok11,2023-05-31,76.111,237355
tok11,2023-06-01,76.08,353868
tok11,2023-06-02,75.333,276107
tok11,2023-06-03,78.551,687857
tok11,2023-06-04,79.667,1400855
tok11,2023-06-05,80.466,486435
tok11,2023-06-06,77.598,227412
tok11,2023-06-07,75.602,571144
tok11,2023-06-08,75.254,587189
tok11,2023-06-09,74.503,415933
tok11,2023-06-10,75.759,1388822
tok11,2023-06-11,74.929,805985
tok11,2023-06-12,76.027,611607
tok11,2023-06-13,72.027,433147
tok11,2023-06-14,76.819,623706
tok11,2023-06-15,73.384,202087
tok11,2023-06-16,73.304,1140312
tok11,2023-06-17,75.947,362525
tok11,2023-06-18,78.007,306614
tok11,2023-06-19,77.821,472385
tok11,2023-06-20,73.543,404673
tok11,2023-06-21,73.403,874267
tok11,2023-06-22,70.598,441751
tok11,2023-06-23,67.241,358368
tok11,2023-06-24,68.092,759623
tok11,2023-06-25,68.612,294623
tok11,2023-06-26,65.987,155637
tok11,2023-06-27,70.224,546005
tok11,2023-06-28,71.604,203818
tok11,2023-06-29,70.928,351454
tok11,2023-06-30,68.527,688435
tok11,2023-07-01,65.85,313724
tok11,2023-07-02,62.606,129595
tok11,2023-07-03,60.046,385336
tok11,2023-07-04,62.063,626469
tok11,2023-07-05,60.108,402616
tok11,2023-07-06,59.909,359026
tok11,2023-07-07,61.772,899473
tok11,2023-07-08,59.433,203060
tok11,2023-07-09,59.571,252761
tok11,2023-07-10,57.359,463646
tok11,2023-07-11,54.78,724528
tok11,2023-07-12,56.987,180791
tok11,2023-07-13,53.194,405324
tok11,2023-07-14,52.995,1630265
tok11,2023-07-15,47.341,370538
tok11,2023-07-16,44.879,201701
tok11,2023-07-17,42.444,345013
tok11,2023-07-18,41.174,143426
tok11,2023-07-19,40.358,269064
tok11,2023-07-20,39.274,1026905
tok11,2023-07-21,36.592,559331
tok11,2023-07-22,35.892,452874
tok11,2023-07-23,36.788,1014061
tok11,2023-07-24,38.944,805530
tok11,2023-07-25,38.255,674458
tok11,2023-07-26,37.761,265107
tok11,2023-07-27,37.565,538545
tok11,2023-07-28,37.176,689490
tok11,2023-07-29,36.495,305410
tok11,2023-07-30,36.561,334055
tok11,2023-07-31,38.467,380622
tok11,2023-08-01,38.487,600737
tok11,2023-08-02,38.2,860307
tok11,2023-08-03,36.965,289056
tok11,2023-08-04,36.216,195873
tok11,2023-08-05,35.006,408865
tok11,2023-08-06,35.539,516129
tok11,2023-08-07,35.462,335627
tok11,2023-08-08,35.63,283879
tok11,2023-08-09,32.025,297800
tok11,2023-08-10,31.32,1168503
tok11,2023-08-11,32.379,159889
tok11,2023-08-12,32.318,209138
tok11,2023-08-13,32.307,219003
tok11,2023-08-14,29.827,268699
tok11,2023-08-15,29.939,421874
tok11,2023-08-16,28.571,612910
tok11,2023-08-17,27.008,468386
tok11,2023-08-18,27.945,455720
tok11,2023-08-19,28.232,294750
tok11,2023-08-20,28.129,596994
tok11,2023-08-21,29.314,435539
tok11,2023-08-22,32.238,424723
tok11,2023-08-23,31.573,484522
tok11,2023-08-24,31.615,567285
tok11,2023-08-25,31.465,1342520
tok11,2023-08-26,30.124,808419
tok11,2023-08-27,30.78,163517
tok11,2023-08-28,32.025,526172
tok11,2023-08-29,32.03,229150
tok11,2023-08-30,33.458,504305
tok11,2023-08-31,35.558,149746
tok11,2023-09-01,34.05,284555
tok11,2023-09-02,32.259,320447
tok11,2023-09-03,33.572,748196
tok11,2023-09-04,32.442,511742
tok11,2023-09-05,33.968,326603
tok11,2023-09-06,34.041,232798
tok11,2023-09-07,36.778,279558
tok11,2023-09-08,35.817,395405
tok11,2023-09-09,35.8,620055
tok11,2023-09-10,34.117,814620
tok11,2023-09-11,33.234,266902
tok11,2023-09-12,30.844,460903
tok11,2023-09-13,30.303,409170
tok11,2023-09-14,29.595,1088576
tok11,2023-09-15,31.533,857264
tok11,2023-09-16,33.016,561775
tok11,2023-09-17,32.326,431882
tok11,2023-09-18,32.821,432864
tok11,2023-09-19,33.016,370577
tok11,2023-09-20,30.904,435453
tok11,2023-09-21,32.537,751518
tok11,2023-09-22,33.56,1105793
tok11,2023-09-23,35.577,387736
tok11,2023-09-24,33.799,494936
tok11,2023-09-25,33.417,580913
tok11,2023-09-26,30.203,309952
tok11,2023-09-27,30.976,396852
tok11,2023-09-28,28.533,284680
tok11,2023-09-29,27.94,707992
tok11,2023-09-30,27.505,919232
tok11,2023-10-01,30.457,404706
tok11,2023-10-02,30.014,359076
tok11,2023-10-03,28.37,495649
tok11,2023-10-04,27.828,435850
tok11,2023-10-05,28.25,109057
tok11,2023-10-06,26.971,296790
tok11,2023-10-07,26.316,793636
tok11,2023-10-08,26.405,836100
tok11,2023-10-09,25.868,207438
tok11,2023-10-10,25.661,563114
tok11,2023-10-11,26.127,420200
tok11,2023-10-12,26.086,856599
tok11,2023-10-13,24.928,432135
tok11,2023-10-14,25.517,371370
tok11,2023-10-15,24.904,488200
tok11,2023-10-16,21.868,817557
tok11,2023-10-17,22.014,397892
tok11,2023-10-18,23.377,347939
tok11,2023-10-19,23.779,530939
tok11,2023-10-20,22.555,276860
tok11,2023-10-21,25.031,392825
tok11,2023-10-22,24.747,322351
tok11,2023-10-23,24.832,407973
tok11,2023-10-24,24.877,670551
tok11,2023-10-25,24.807,698463
tok11,2023-10-26,24.484,285617
tok11,2023-10-27,23.807,810159
tok11,2023-10-28,25.194,914346
tok11,2023-10-29,24.736,343225
tok11,2023-10-30,27.005,674689
tok11,2023-10-31,26.627,446042
tok11,2023-11-01,25.654,529268
tok11,2023-11-02,27.373,169637
tok11,2023-11-03,27.481,329535
tok11,2023-11-04,27.109,1113097
tok11,2023-11-05,28.999,552783
tok11,2023-11-06,28.172,299471
tok11,2023-11-07,29.218,986410
tok11,2023-11-08,31.704,250452
tok11,2023-11-09,33.198,456816
tok11,2023-11-10,30.947,659167
tok11,2023-11-11,30.462,546776
tok11,2023-11-12,30.931,383017
tok11,2023-11-13,31.45,748555
tok11,2023-11-14,33.677,334167
tok11,2023-11-15,30.969,316997
tok11,2023-11-16,31.719,686158
tok11,2023-11-17,31.086,331304
tok11,2023-11-18,28.491,533165
tok11,2023-11-19,28.641,401773
tok11,2023-11-20,28.343,683531
tok11,2023-11-21,26.786,390260
tok11,2023-11-22,27.448,472398
tok11,2023-11-23,26.139,445993
tok11,2023-11-24,25.857,157136
tok11,2023-11-25,26.933,574252
tok11,2023-11-26,28.003,355891
tok11,2023-11-27,26.336,464593
tok11,2023-11-28,25.361,329051
tok11,2023-11-29,26.454,127709
tok11,2023-11-30,28.091,1016132
tok11,2023-12-01,27.129,541033
tok11,2023-12-02,27.828,532415
tok11,2023-12-03,27.417,638867
tok11,2023-12-04,31.062,297423
tok11,2023-12-05,28.938,426662
tok11,2023-12-06,29.183,229301
tok11,2023-12-07,28.865,1114068
tok11,2023-12-08,30.34,408151
tok11,2023-12-09,33.134,377350
tok11,2023-12-10,34.996,521388
tok11,2023-12-11,36.723,993825
tok11,2023-12-12,34.527,209705
tok11,2023-12-13,34.747,304811
tok11,2023-12-14,35.628,510386
tok11,2023-12-15,35.121,352771
tok11,2023-12-16,33.324,293496
tok11,2023-12-17,31.903,224274
tok11,2023-12-18,33.923,329711
tok11,2023-12-19,34.532,449201
tok11,2023-12-20,37.89,288179
tok11,2023-12-21,38.26,298447
tok11,2023-12-22,39.374,500414
tok11,2023-12-23,39.821,839398
tok11,2023-12-24,40.431,188904
tok11,2023-12-25,43.253,430383
tok11,2023-12-26,45.095,654659
tok11,2023-12-27,46.302,119204
tok11,2023-12-28,46.493,330796
tok11,2023-12-29,46.351,716700
tok11,2023-12-30,41.433,321476
tok11,2023-12-31,41.529,430208
tok12,2021-01-01,98.608,385838
tok12,2021-01-02,102.155,505597
tok12,2021-01-03,101.61,332580
tok12,2021-01-04,105.817,565478
tok12,2021-01-05,108.535,546253
tok12,2021-01-06,101.426,351013
tok12,2021-01-07,103.498,1046497
tok12,2021-01-08,107.395,255518
tok12,2021-01-09,107.038,406816
tok12,2021-01-10,110.172,407621
tok12,2021-01-11,109.672,1168191
tok12,2021-01-12,108.243,133875
tok12,2021-01-13,106.542,249168
tok12,2021-01-14,103.705,304193
tok12,2021-01-15,98.167,599835
tok12,2021-01-16,106.635,463889
tok12,2021-01-17,104.171,162413
tok12,2021-01-18,100.863,1341346
tok12,2021-01-19,106.209,703310
tok12,2021-01-20,101.674,545643
tok12,2021-01-21,98.585,165876
tok12,2021-01-22,97.287,370865
tok12,2021-01-23,103.107,621203
tok12,2021-01-24,98.84,941189
tok12,2021-01-25,104.507,343167
tok12,2021-01-26,95.787,246094
tok12,2021-01-27,98.674,590672
tok12,2021-01-28,98.766,151337
tok12,2021-01-29,95.271,519985
tok12,2021-01-30,94.745,675962
tok12,2021-01-31,95.72,610921
tok12,2021-02-01,94.056,391756
tok12,2021-02-02,94.621,381232
tok12,2021-02-03,92.554,273464
tok12,2021-02-04,94.956,482013
tok12,2021-02-05,92.776,993544
tok12,2021-02-06,92.966,388887
tok12,2021-02-07,97.708,509580
tok12,2021-02-08,98.971,888256
tok12,2021-02-09,99.904,431454
tok12,2021-02-10,103.649,1023974
tok12,2021-02-11,106.391,773778
tok12,2021-02-12,102.094,546183
tok12,2021-02-13,109.061,499264
tok12,2021-02-14,113.671,627248
tok12,2021-02-15,114.854,308130
tok12,2021-02-16,114.258,337877
tok12,2021-02-17,116.835,423436
tok12,2021-02-18,121.334,450717
tok12,2021-02-19,117.004,367528
tok12,2021-02-20,114.625,860347
tok12,2021-02-21,114.376,138602
tok12,2021-02-22,109.964,623582
tok12,2021-02-23,106.085,569067
tok12,2021-02-24,106.139,352703
tok12,2021-02-25,111.056,304627
tok12,2021-02-26,110.927,431119
tok12,2021-02-27,113.953,654951
tok12,2021-02-28,107.188,910344
tok12,2021-03-01,103.8,343220
tok12,2021-03-02,101.277,145559
tok12,2021-03-03,95.89,111466
tok12,2021-03-04,93.777,240849
tok12,2021-03-05,92.516,520498
tok12,2021-03-06,86.527,152329
tok12,2021-03-07,83.329,650757
tok12,2021-03-08,83.235,492030
tok12,2021-03-09,77.123,270736
tok12,2021-03-10,73.647,344408
tok12,2021-03-11,74.233,410738
tok12,2021-03-12,75.934,216262
tok12,2021-03-13,72.451,458829
tok12,2021-03-14,70.478,281677
tok12,2021-03-15,67.18,420287
tok12,2021-03-16,67.315,535984
tok12,2021-03-17,73.828,380087
tok12,2021-03-18,67.231,517508
tok12,2021-03-19,70.423,263687
tok12,2021-03-20,70.221,588169
tok12,2021-03-21,67.393,244694
tok12,2021-03-22,67.983,440406
tok12,2021-03-23,68.764,528009
tok12,2021-03-24,68.579,464451
tok12,2021-03-25,71.447,327359
tok12,2021-03-26,70.78,550290
tok12,2021-03-27,70.861,884517
tok12,2021-03-28,75.718,180243
tok12,2021-03-29,74.921,136356
tok12,2021-03-30,72.629,855937
tok12,2021-03-31,75.658,756625
tok12,2021-04-01,77.603,216382
tok12,2021-04-02,78.176,858339
tok12,2021-04-03,82.887,229617
tok12,2021-04-04,84.475,499944
tok12,2021-04-05,81.553,671080
tok12,2021-04-06,81.209,461648
tok12,2021-04-07,87.424,352568
tok12,2021-04-08,86.101,264049
tok12,2021-04-09,89.048,518969
tok12,2021-04-10,90.826,270233
tok12,2021-04-11,91.017,1484767
tok12,2021-04-12,92.292,230011
tok12,2021-04-13,96.738,993449
tok12,2021-04-14,103.02,815049
tok12,2021-04-15,108.186,506428
tok12,2021-04-16,110.322,921093
tok12,2021-04-17,109.319,349794
tok12,2021-04-18,103.212,446962
tok12,2021-04-19,104.116,532983
tok12,2021-04-20,111.811,354691
tok12,2021-04-21,106.544,502407
tok12,2021-04-22,102.622,430283
tok12,2021-04-23,101.928,139181
tok12,2021-04-24,97.064,603980
tok12,2021-04-25,96.263,174380
tok12,2021-04-26,101.439,393397
tok12,2021-04-27,96.909,1076514
tok12,2021-04-28,96.041,583438
tok12,2021-04-29,94.078,323544
tok12,2021-04-30,96.164,181090
tok12,2021-05-01,94.842,394839
tok12,2021-05-02,95.239,508291
tok12,2021-05-03,95.342,191872
tok12,2021-05-04,94.584,327860
tok12,2021-05-05,96.584,174149
tok12,2021-05-06,96.619,287703
tok12,2021-05-07,97.654,381432
tok12,2021-05-08,94.107,327183
tok12,2021-05-09,98.357,354326
tok12,2021-05-10,98.104,373904
tok12,2021-05-11,93.819,697910
tok12,2021-05-12,86.881,948107
tok12,2021-05-13,82.456,1013216
tok12,2021-05-14,81.042,573336
tok12,2021-05-15,80.281,517866
tok12,2021-05-16,79.073,940070
tok12,2021-05-17,79.077,459542
tok12,2021-05-18,75.638,227531
tok12,2021-05-19,73.817,695821
tok12,2021-05-20,74.379,815820
tok12,2021-05-21,74.652,270019
tok12,2021-05-22,74.003,436513
tok12,2021-05-23,70.149,299609
tok12,2021-05-24,69.492,279932
tok12,2021-05-25,70.251,224082
tok12,2021-05-26,74.409,662752
tok12,2021-05-27,79.259,827939
tok12,2021-05-28,77.896,961753
tok12,2021-05-29,72.702,464658
tok12,2021-05-30,74.809,544430
tok12,2021-05-31,75.695,878467
tok12,2021-06-01,76.742,310172
tok12,2021-06-02,75.118,363648
tok12,2021-06-03,78.324,935282
tok12,2021-06-04,81.129,285714
tok12,2021-06-05,76.328,359008
tok12,2021-06-06,72.799,460201
tok12,2021-06-07,71.887,345610
tok12,2021-06-08,73.774,400034
tok12,2021-06-09,75.297,747112
tok12,2021-06-10,70.516,387255
tok12,2021-06-11,72.165,120617
tok12,2021-06-12,74.553,580692
tok12,2021-06-13,73.985,174964
tok12,2021-06-14,75.03,354958
tok12,2021-06-15,80.432,232276
tok12,2021-06-16,82.245,784940
tok12,2021-06-17,74.184,278166
tok12,2021-06-18,73.517,869937
tok12,2021-06-19,75.627,554167
tok12,2021-06-20,71.717,405141
tok12,2021-06-21,76.006,544257
tok12,2021-06-22,77.552,651302
tok12,2021-06-23,74.077,638819
tok12,2021-06-24,77.009,481829
tok12,2021-06-25,74.498,436919
tok12,2021-06-26,75.904,814525
tok12,2021-06-27,75.799,313159
tok12,2021-06-28,81.15,512956
tok12,2021-06-29,80.332,537361
tok12,2021-06-30,76.292,255043
tok12,2021-07-01,76.424,218674
tok12,2021-07-02,72.02,488620
tok12,2021-07-03,71.868,387650
tok12,2021-07-04,69.587,461395
tok12,2021-07-05,72.69,293384
tok12,2021-07-06,75.493,711685
tok12,2021-07-07,80.735,634012
tok12,2021-07-08,79.558,435189
tok12,2021-07-09,79.179,212650
tok12,2021-07-10,77.141,558423
tok12,2021-07-11,76.092,583876
tok12,2021-07-12,76.379,921735
tok12,2021-07-13,76.368,450770
tok12,2021-07-14,81.172,459921
tok12,2021-07-15,80.12,579099
tok12,2021-07-16,77.021,298496
tok12,2021-07-17,75.767,442804
tok12,2021-07-18,82.348,576978
tok12,2021-07-19,82.786,365447
tok12,2021-07-20,89.282,450048
tok12,2021-07-21,89.457,607387
tok12,2021-07-22,94.407,529369
tok12,2021-07-23,94.624,784496
tok12,2021-07-24,99.024,1273755
tok12,2021-07-25,94.623,608796
tok12,2021-07-26,94.518,500254
tok12,2021-07-27,93.784,577178
tok12,2021-07-28,96.43,349253
tok12,2021-07-29,92.666,138013
tok12,2021-07-30,100.402,623071
tok12,2021-07-31,102.666,513022
tok12,2021-08-01,106.024,112551
tok12,2021-08-02,105.624,415492
tok12,2021-08-03,108.551,522968
tok12,2021-08-04,107.169,376291
tok12,2021-08-05,109.429,587345
tok12,2021-08-06,108.242,470994
tok12,2021-08-07,102.837,201838
tok12,2021-08-08,100.537,540855
tok12,2021-08-09,101.982,357167
tok12,2021-08-10,102.431,543588
tok12,2021-08-11,99.441,721917
tok12,2021-08-12,103.656,398323
tok12,2021-08-13,103.378,557876
tok12,2021-08-14,95.352,422433
tok12,2021-08-15,93.395,454234
tok12,2021-08-16,89.463,372053
tok12,2021-08-17,97.711,401903
tok12,2021-08-18,102.652,160578
tok12,2021-08-19,104.084,397151
tok12,2021-08-20,104.469,589113
tok12,2021-08-21,99.338,180196
tok12,2021-08-22,100.384,481715
tok12,2021-08-23,99.334,645148
tok12,2021-08-24,94.964,450685
tok12,2021-08-25,90.056,1337914
tok12,2021-08-26,93.937,1019665
tok12,2021-08-27,100.073,462391
tok12,2021-08-28,95.287,412104
tok12,2021-08-29,98.098,544577
tok12,2021-08-30,96.204,788118
tok12,2021-08-31,93.989,422893
tok12,2021-09-01,90.975,418782
tok12,2021-09-02,89.678,630986
tok12,2021-09-03,87.843,428562
tok12,2021-09-04,85.48,264107
tok12,2021-09-05,82.451,625354
tok12,2021-09-06,78.696,762847
tok12,2021-09-07,79.822,357648
tok12,2021-09-08,80.446,717833
tok12,2021-09-09,77.52,201673
tok12,2021-09-10,75.365,426646
tok12,2021-09-11,75.301,417757
tok12,2021-09-12,78.522,1359977
tok12,2021-09-13,76.025,248928
tok12,2021-09-14,74.71,327877
tok12,2021-09-15,72.923,573045
tok12,2021-09-16,74.278,879651
tok12,2021-09-17,68.665,269118
tok12,2021-09-18,66.046,459326
tok12,2021-09-19,64.233,987983
tok12,2021-09-20,61.398,388737
tok12,2021-09-21,63.278,397259
tok12,2021-09-22,63.853,744131
tok12,2021-09-23,67.719,230347
tok12,2021-09-24,62.838,891797
tok12,2021-09-25,62.579,273384
tok12,2021-09-26,61.99,568505
tok12,2021-09-27,63.171,1022074
tok12,2021-09-28,67.067,855464
tok12,2021-09-29,67.405,466304
tok12,2021-09-30,62.901,678630
tok12,2021-10-01,62.776,412339
tok12,2021-10-02,62.319,262483
tok12,2021-10-03,64.672,231512
tok12,2021-10-04,63.976,353451
tok12,2021-10-05,67.286,563452
tok12,2021-10-06,65.634,541612
tok12,2021-10-07,63.987,430979
tok12,2021-10-08,64.277,566067
tok12,2021-10-09,62.531,720852
tok12,2021-10-10,63.002,353885
tok12,2021-10-11,63.828,604135
tok12,2021-10-12,65.023,450167
tok12,2021-10-13,63.524,483460
tok12,2021-10-14,58.503,492789
tok12,2021-10-15,61.724,569294
tok12,2021-10-16,65.039,331601
tok12,2021-10-17,61.741,386355
tok12,2021-10-18,62.807,344313
tok12,2021-10-19,61.358,405752
tok12,2021-10-20,61.621,405757
tok12,2021-10-21,65.022,413697
tok12,2021-10-22,63.553,555033
tok12,2021-10-23,60.265,758569
tok12,2021-10-24,57.777,512881
tok12,2021-10-25,59.054,276112
tok12,2021-10-26,60.058,373450
tok12,2021-10-27,63.44,316282
tok12,2021-10-28,64.666,1133379
tok12,2021-10-29,65.885,465587
tok12,2021-10-30,64.332,317949
tok12,2021-10-31,61.408,1095854
tok12,2021-11-01,62.157,548845
tok12,2021-11-02,63.189,296743
tok12,2021-11-03,61.127,380372
tok12,2021-11-04,60.205,261044
tok12,2021-11-05,53.185,227101
tok12,2021-11-06,54.272,303610
tok12,2021-11-07,51.897,507124
tok12,2021-11-08,54.12,686940
tok12,2021-11-09,52.429,306948
tok12,2021-11-10,53.692,995039
tok12,2021-11-11,53.563,538829
tok12,2021-11-12,53.144,352911
tok12,2021-11-13,50.175,560927
tok12,2021-11-14,50.96,241150
tok12,2021-11-15,55.486,1001909
tok12,2021-11-16,55.357,259768
tok12,2021-11-17,57.406,376812
tok12,2021-11-18,56.61,519177
tok12,2021-11-19,54.116,322637
tok12,2021-11-20,50.816,364261
tok12,2021-11-21,53.75,313949
tok12,2021-11-22,56.204,253888
tok12,2021-11-23,57.576,758654
tok12,2021-11-24,55.318,402405
tok12,2021-11-25,51.895,424574
tok12,2021-11-26,49.996,654971
tok12,2021-11-27,51.994,453640
tok12,2021-11-28,53.836,982356
tok12,2021-11-29,54.122,523415
tok12,2021-11-30,51.01,163757
tok12,2021-12-01,51.467,664375
tok12,2021-12-02,51.894,647922
tok12,2021-12-03,51.454,199183
tok12,2021-12-04,49.209,223760
tok12,2021-12-05,50.475,591714
tok12,2021-12-06,45.129,269073
tok12,2021-12-07,45.147,613858
tok12,2021-12-08,46.078,386164
tok12,2021-12-09,49.564,208462
tok12,2021-12-10,49.421,272258
tok12,2021-12-11,47.214,2270992
tok12,2021-12-12,43.873,568203
tok12,2021-12-13,40.027,565113
tok12,2021-12-14,42.336,150000
tok12,2021-12-15,43.638,226477
tok12,2021-12-16,43.365,310934
tok12,2021-12-17,41.445,221934
tok12,2021-12-18,42.853,269401
tok12,2021-12-19,42.779,648652
tok12,2021-12-20,42.472,740829
tok12,2021-12-21,44.924,304811
tok12,2021-12-22,44.283,708196
tok12,2021-12-23,44.861,515723
tok12,2021-12-24,42.486,785779
tok12,2021-12-25,42.013,500640
tok12,2021-12-26,42.444,361458
tok12,2021-12-27,41.278,279193
tok12,2021-12-28,38.223,398098
tok12,2021-12-29,36.991,127769
tok12,2021-12-30,36.741,247871
tok12,2021-12-31,34.994,325149
tok12,2022-01-01,33.718,325472
tok12,2022-01-02,32.474,179142
tok12,2022-01-03,30.253,794872
tok12,2022-01-04,30.409,483391
tok12,2022-01-05,30.128,536063
tok12,2022-01-06,28.674,553408
tok12,2022-01-07,28.857,1003998
tok12,2022-01-08,29.134,547032
tok12,2022-01-09,29.721,354807
tok12,2022-01-10,30.685,1023600
tok12,2022-01-11,30.15,396634
tok12,2022-01-12,28.952,246374
tok12,2022-01-13,30.009,550201
tok12,2022-01-14,28.766,434370
tok12,2022-01-15,28.305,398128
tok12,2022-01-16,29.454,653867
tok12,2022-01-17,29.202,343815
tok12,2022-01-18,29.2,247270
tok12,2022-01-19,27.632,603792
tok12,2022-01-20,28.904,425160
tok12,2022-01-21,29.009,610601
tok12,2022-01-22,31.366,1260254
tok12,2022-01-23,33.165,151596
tok12,2022-01-24,33.862,410955
tok12,2022-01-25,34.664,472813
tok12,2022-01-26,34.95,397458
tok12,2022-01-27,32.539,819681
tok12,2022-01-28,33.114,707764
tok12,2022-01-29,34.933,296854
tok12,2022-01-30,35.897,557119
tok12,2022-01-31,37.644,364135
tok12,2022-02-01,37.493,662473
tok12,2022-02-02,35.773,269513
tok12,2022-02-03,35.282,908997
tok12,2022-02-04,33.815,672023
tok12,2022-02-05,30.986,358187
tok12,2022-02-06,30.27,403548
tok12,2022-02-07,31.455,630078
tok12,2022-02-08,31.694,788813
tok12,2022-02-09,31.919,224288
tok12,2022-02-10,32.499,344479
tok12,2022-02-11,32.103,270392
tok12,2022-02-12,35.1,476012
tok12,2022-02-13,35.339,403809
tok12,2022-02-14,33.461,533549
tok12,2022-02-15,32.991,780388
tok12,2022-02-16,30.8,523895
tok12,2022-02-17,30.319,290780
tok12,2022-02-18,29.225,388618
tok12,2022-02-19,30.109,857254
tok12,2022-02-20,29.231,191903
tok12,2022-02-21,29.235,305544
tok12,2022-02-22,30.344,723238
tok12,2022-02-23,29.899,397069
tok12,2022-02-24,30.629,1082808
tok12,2022-02-25,31.22,621273
tok12,2022-02-26,30.531,332823
tok12,2022-02-27,29.7,287176
tok12,2022-02-28,26.981,407918
tok12,2022-03-01,26.176,316701
tok12,2022-03-02,28.182,536790
tok12,2022-03-03,29.556,858654
tok12,2022-03-04,30.45,592682
tok12,2022-03-05,29.618,225723
tok12,2022-03-06,32.694,285438
tok12,2022-03-07,31.724,739002
tok12,2022-03-08,32.041,168370
tok12,2022-03-09,31.474,142091
tok12,2022-03-10,30.903,495452
tok12,2022-03-11,30.215,348049
tok12,2022-03-12,30.04,112217
tok12,2022-03-13,29.824,880594
tok12,2022-03-14,29.263,512726
tok12,2022-03-15,28.62,486238
tok12,2022-03-16,29.091,493008
tok12,2022-03-17,28.72,249160
tok12,2022-03-18,27.499,255154
tok12,2022-03-19,27.313,370706
tok12,2022-03-20,28.676,429506
tok12,2022-03-21,26.99,207875
tok12,2022-03-22,25.842,408296
tok12,2022-03-23,26.948,407434
tok12,2022-03-24,25.527,878647
tok12,2022-03-25,25.535,1199618
tok12,2022-03-26,25.998,908287
tok12,2022-03-27,26.329,1641765
tok12,2022-03-28,25.595,324638
tok12,2022-03-29,24.998,328160
tok12,2022-03-30,26.008,313903
tok12,2022-03-31,26.829,445250
tok12,2022-04-01,26.651,899047
tok12,2022-04-02,27.3,467561
tok12,2022-04-03,25.787,318799
tok12,2022-04-04,26.467,883646
tok12,2022-04-05,25.878,248149
tok12,2022-04-06,25.841,534446
tok12,2022-04-07,26.297,375425
tok12,2022-04-08,27.032,449485
tok12,2022-04-09,27.247,701827
tok12,2022-04-10,25.012,252942
tok12,2022-04-11,23.294,1485925
tok12,2022-04-12,22.749,355109
tok12,2022-04-13,24.072,974401
tok12,2022-04-14,24.224,366089
tok12,2022-04-15,24.753,313807
tok12,2022-04-16,24.788,547815
tok12,2022-04-17,23.678,941859
tok12,2022-04-18,24.948,715206
tok12,2022-04-19,23.148,529021
tok12,2022-04-20,23.563,629480
tok12,2022-04-21,23.522,233042
tok12,2022-04-22,22.687,308894
tok12,2022-04-23,21.932,867810
tok12,2022-04-24,22.197,328073
tok12,2022-04-25,22.11,323799
tok12,2022-04-26,20.686,870615
tok12,2022-04-27,20.701,395660
tok12,2022-04-28,22.183,250546
tok12,2022-04-29,22.566,631560
tok12,2022-04-30,22.515,389853
tok12,2022-05-01,24.152,247945
tok12,2022-05-02,23.767,829164
tok12,2022-05-03,26.125,161831
tok12,2022-05-04,25.256,800554
tok12,2022-05-05,25.443,317286
tok12,2022-05-06,25.453,317237
tok12,2022-05-07,26.337,320714
tok12,2022-05-08,26.905,1112477
tok12,2022-05-09,25.829,474490
tok12,2022-05-10,26.106,172807
tok12,2022-05-11,25.362,777897
tok12,2022-05-12,24.954,276108
tok12,2022-05-13,24.67,186053
tok12,2022-05-14,25.058,629909
tok12,2022-05-15,25.24,318277
tok12,2022-05-16,25.092,340753
tok12,2022-05-17,24.343,461668
tok12,2022-05-18,23.952,372160
tok12,2022-05-19,22.877,459395
tok12,2022-05-20,22.455,336981
tok12,2022-05-21,23.113,276353
tok12,2022-05-22,22.258,245957
tok12,2022-05-23,22.671,689464
tok12,2022-05-24,22.15,237745
tok12,2022-05-25,22.257,311711
tok12,2022-05-26,22.876,690950
tok12,2022-05-27,23.179,258044
tok12,2022-05-28,22.553,577341
tok12,2022-05-29,21.886,407114
tok12,2022-05-30,22.375,377832
tok12,2022-05-31,25.321,678179
tok12,2022-06-01,26.611,746610
tok12,2022-06-02,28.169,429702
tok12,2022-06-03,29.935,411018
tok12,2022-06-04,33.447,415868
tok12,2022-06-05,33.236,1049614
tok12,2022-06-06,34.874,441402
tok12,2022-06-07,33.939,300699
tok12,2022-06-08,33.249,636536
tok12,2022-06-09,34.656,474421
tok12,2022-06-10,33.194,242558
tok12,2022-06-11,33.412,619035
tok12,2022-06-12,33.553,453233
tok12,2022-06-13,32.805,127013
tok12,2022-06-14,28.925,327150
tok12,2022-06-15,29.489,377699
tok12,2022-06-16,28.258,639674
tok12,2022-06-17,27.933,753678
tok12,2022-06-18,27.186,1226480
tok12,2022-06-19,28.305,621061
tok12,2022-06-20,29.1,405262
tok12,2022-06-21,30.662,125751
tok12,2022-06-22,30.338,689007
tok12,2022-06-23,26.618,620262
tok12,2022-06-24,28.311,698866
tok12,2022-06-25,28.848,1348404
tok12,2022-06-26,28.61,255647
tok12,2022-06-27,29.289,703084
tok12,2022-06-28,25.661,447720
tok12,2022-06-29,26.886,431766
tok12,2022-06-30,26.621,322488
tok12,2022-07-01,26.136,406577
tok12,2022-07-02,26.124,193644
tok12,2022-07-03,26.259,750818
tok12,2022-07-04,27.207,747214
tok12,2022-07-05,26.452,381625
tok12,2022-07-06,27.176,239628
tok12,2022-07-07,25.595,149859
tok12,2022-07-08,23.128,725791
tok12,2022-07-09,23.833,248694
tok12,2022-07-10,24.736,360853
tok12,2022-07-11,23.898,175496
tok12,2022-07-12,22.317,207807
tok12,2022-07-13,22.122,214596
tok12,2022-07-14,20.961,861664
tok12,2022-07-15,21.126,166468
tok12,2022-07-16,20.737,782565
tok12,2022-07-17,19.549,599788
tok12,2022-07-18,20.504,319050
tok12,2022-07-19,20.442,312086
tok12,2022-07-20,20.868,473805
tok12,2022-07-21,20.874,505370
tok12,2022-07-22,19.671,239368
tok12,2022-07-23,19.88,400475
tok12,2022-07-24,18.923,457031
tok12,2022-07-25,18.859,283352
tok12,2022-07-26,18.878,514324
tok12,2022-07-27,19.293,186640
tok12,2022-07-28,20.615,261688
tok12,2022-07-29,22.022,271016
tok12,2022-07-30,21.714,507603
tok12,2022-07-31,22.496,376496
tok12,2022-08-01,22.096,272145
tok12,2022-08-02,22.328,592665
tok12,2022-08-03,22.861,548206
tok12,2022-08-04,22.025,221938
tok12,2022-08-05,21.936,197374
tok12,2022-08-06,21.278,327529
tok12,2022-08-07,19.343,261641
tok12,2022-08-08,19.63,710412
tok12,2022-08-09,19.46,574977
tok12,2022-08-10,18.853,457527
tok12,2022-08-11,19.761,531054
tok12,2022-08-12,18.722,369600
tok12,2022-08-13,19.516,286790
tok12,2022-08-14,19.718,959997
tok12,2022-08-15,20.683,277239
tok12,2022-08-16,21.682,433875
tok12,2022-08-17,20.912,433879
tok12,2022-08-18,20.26,722169
tok12,2022-08-19,19.948,785538
tok12,2022-08-20,19.952,1330444
tok12,2022-08-21,21.075,368253
tok12,2022-08-22,20.515,648104
tok12,2022-08-23,20.051,153324
tok12,2022-08-24,19.245,1390202
tok12,2022-08-25,17.478,260956
tok12,2022-08-26,18.437,403121
tok12,2022-08-27,17.873,485817
tok12,2022-08-28,17.47,339424
tok12,2022-08-29,16.11,700487
tok12,2022-08-30,15.683,710373
tok12,2022-08-31,16.147,458605
tok12,2022-09-01,16.32,349718
tok12,2022-09-02,15.564,352050
tok12,2022-09-03,15.28,356221
tok12,2022-09-04,15.062,378505
tok12,2022-09-05,14.709,244496
tok12,2022-09-06,15.559,342260
tok12,2022-09-07,15.407,364758
tok12,2022-09-08,15.371,853023
tok12,2022-09-09,14.496,663287
tok12,2022-09-10,13.143,208045
tok12,2022-09-11,13.284,517201
tok12,2022-09-12,13.419,411064
tok12,2022-09-13,13.264,568245
tok12,2022-09-14,12.112,404288
tok12,2022-09-15,12.879,696409
tok12,2022-09-16,14.461,657690
tok12,2022-09-17,13.642,396870
tok12,2022-09-18,13.609,666526
tok12,2022-09-19,14.742,343526
tok12,2022-09-20,15.091,471778
tok12,2022-09-21,13.83,1254857
tok12,2022-09-22,13.601,341694
tok12,2022-09-23,12.676,161589
tok12,2022-09-24,13.534,400490
tok12,2022-09-25,13.929,598416
tok12,2022-09-26,14.519,461530
tok12,2022-09-27,14.403,576143
tok12,2022-09-28,14.306,275947
tok12,2022-09-29,15.453,672199
tok12,2022-09-30,16.417,336764
tok12,2022-10-01,17.166,248957
tok12,2022-10-02,17.38,460531
tok12,2022-10-03,18.558,183345
tok12,2022-10-04,18.465,555403
tok12,2022-10-05,19.268,179417
tok12,2022-10-06,19.062,393631
tok12,2022-10-07,19.116,517454
tok12,2022-10-08,19.446,382447
tok12,2022-10-09,19.722,344074
tok12,2022-10-10,18.575,640141
tok12,2022-10-11,17.822,291780
tok12,2022-10-12,18.311,340697
tok12,2022-10-13,18.075,346352
tok12,2022-10-14,19.747,747821
tok12,2022-10-15,21.294,632075
tok12,2022-10-16,21.449,365886
tok12,2022-10-17,22.494,539998
tok12,2022-10-18,22.676,1041147
tok12,2022-10-19,22.965,351607
tok12,2022-10-20,22.848,660257
tok12,2022-10-21,21.861,312489
tok12,2022-10-22,22.948,743514
tok12,2022-10-23,21.841,747005
tok12,2022-10-24,20.935,504326
tok12,2022-10-25,22.435,818390
tok12,2022-10-26,23.249,221363
tok12,2022-10-27,22.407,470597
tok12,2022-10-28,23.051,580117
tok12,2022-10-29,23.779,276011
tok12,2022-10-30,25.035,499234
tok12,2022-10-31,25.817,404046
tok12,2022-11-01,25.521,784593
tok12,2022-11-02,27.811,490065
tok12,2022-11-03,29.312,236391
tok12,2022-11-04,29.817,219411
tok12,2022-11-05,29.331,902109
tok12,2022-11-06,29.467,224367
tok12,2022-11-07,28.66,565297
tok12,2022-11-08,28.595,533438
tok12,2022-11-09,27.35,794898
tok12,2022-11-10,26.244,408054
tok12,2022-11-11,26.903,604432
tok12,2022-11-12,29.817,547491
tok12,2022-11-13,28.455,307473
tok12,2022-11-14,27.937,173799
tok12,2022-11-15,28.434,317032
tok12,2022-11-16,29.056,918948
tok12,2022-11-17,28.728,352161
tok12,2022-11-18,27.749,491522
tok12,2022-11-19,27.019,275753
tok12,2022-11-20,26.476,421674
tok12,2022-11-21,24.786,872555
tok12,2022-11-22,25.091,66503
tok12,2022-11-23,25.711,649535
tok12,2022-11-24,25.9,236648
tok12,2022-11-25,26.83,917787
tok12,2022-11-26,28.282,1033163
tok12,2022-11-27,26.762,363570
tok12,2022-11-28,26.85,355127
tok12,2022-11-29,27.498,414507
tok12,2022-11-30,28.103,290450
tok12,2022-12-01,26.805,249135
tok12,2022-12-02,26.088,198749
tok12,2022-12-03,24.465,404960
tok12,2022-12-04,26.737,613935
tok12,2022-12-05,27.622,310714
tok12,2022-12-06,28.103,746548
tok12,2022-12-07,29.61,1070547
tok12,2022-12-08,28.729,319395
tok12,2022-12-09,29.125,302334
tok12,2022-12-10,29.331,434506
tok12,2022-12-11,29.223,119899
tok12,2022-12-12,30.936,1203226
tok12,2022-12-13,29.955,1039489
tok12,2022-12-14,28.711,330084
tok12,2022-12-15,29.427,856844
tok12,2022-12-16,30.322,1180804
tok12,2022-12-17,30.63,527754
tok12,2022-12-18,31.576,826997
tok12,2022-12-19,30.173,532936
tok12,2022-12-20,31.2,319750
tok12,2022-12-21,32.259,263687
tok12,2022-12-22,32.504,483647
tok12,2022-12-23,32.895,1027967
tok12,2022-12-24,32.22,458645
tok12,2022-12-25,29.193,215012
tok12,2022-12-26,31.629,474262
tok12,2022-12-27,31.113,699242
tok12,2022-12-28,32.252,578741
tok12,2022-12-29,34.142,495352
tok12,2022-12-30,34.496,480133
tok12,2022-12-31,34.292,418471
tok12,2023-01-01,32.332,471956
tok12,2023-01-02,31.407,196172
tok12,2023-01-03,30.019,273676
tok12,2023-01-04,30.426,560572
tok12,2023-01-05,31.402,744303
tok12,2023-01-06,33.43,448066
tok12,2023-01-07,34.047,945195
tok12,2023-01-08,33.297,206313
tok12,2023-01-09,33.492,920584
tok12,2023-01-10,32.889,471198
tok12,2023-01-11,32.343,282063
tok12,2023-01-12,33.368,517757
tok12,2023-01-13,34.379,94516
tok12,2023-01-14,33.764,361867
tok12,2023-01-15,32.984,275791
tok12,2023-01-16,31.147,402620
tok12,2023-01-17,32.72,391579
tok12,2023-01-18,33.459,1154507
tok12,2023-01-19,32.479,399644
tok12,2023-01-20,31.728,808620
tok12,2023-01-21,32.629,342247
tok12,2023-01-22,33.097,417458
tok12,2023-01-23,33.465,826477
tok12,2023-01-24,32.831,387770
tok12,2023-01-25,32.117,358462
tok12,2023-01-26,30.92,445916
tok12,2023-01-27,29.428,387037
tok12,2023-01-28,30.692,316497
tok12,2023-01-29,31.729,478791
tok12,2023-01-30,31.351,743501
tok12,2023-01-31,33.05,124430
tok12,2023-02-01,31.687,394621
tok12,2023-02-02,32.179,672361
tok12,2023-02-03,31.981,155632
tok12,2023-02-04,31.597,841409
tok12,2023-02-05,33.075,2274845
tok12,2023-02-06,30.62,542785
tok12,2023-02-07,30.612,387358
tok12,2023-02-08,28.533,231946
tok12,2023-02-09,28.429,580655
tok12,2023-02-10,29.863,259940
tok12,2023-02-11,30.53,656335
tok12,2023-02-12,31.781,255100
tok12,2023-02-13,29.286,440402
tok12,2023-02-14,30.789,527879
tok12,2023-02-15,31.121,252261
tok12,2023-02-16,32.064,773131
tok12,2023-02-17,32.754,190050
tok12,2023-02-18,34.377,420450
tok12,2023-02-19,35.838,366005
tok12,2023-02-20,33.204,468969
tok12,2023-02-21,31.808,294773
tok12,2023-02-22,30.762,606445
tok12,2023-02-23,29.848,398111
tok12,2023-02-24,29.319,962700
tok12,2023-02-25,27.659,983287
tok12,2023-02-26,28.071,482396
tok12,2023-02-27,26.023,869769
tok12,2023-02-28,25.556,812567
tok12,2023-03-01,24.347,226494
tok12,2023-03-02,23.283,951260
tok12,2023-03-03,23.156,633707
tok12,2023-03-04,21.596,638211
tok12,2023-03-05,21.069,623029
tok12,2023-03-06,21.703,384264
tok12,2023-03-07,21.947,354810
tok12,2023-03-08,21.503,851138
tok12,2023-03-09,20.157,532180
tok12,2023-03-10,19.919,714168
tok12,2023-03-11,19.357,1393101
tok12,2023-03-12,18.483,193077
tok12,2023-03-13,18.425,341993
tok12,2023-03-14,18.542,650192
tok12,2023-03-15,18.821,329692
tok12,2023-03-16,19.234,516921
tok12,2023-03-17,19.346,547937
tok12,2023-03-18,20.71,537134
tok12,2023-03-19,18.955,870921
tok12,2023-03-20,19.337,544285
tok12,2023-03-21,20.305,773241
tok12,2023-03-22,20.845,267479
tok12,2023-03-23,21.489,449892
tok12,2023-03-24,22.311,373418
tok12,2023-03-25,21.312,760844
tok12,2023-03-26,20.876,537806
tok12,2023-03-27,20.318,299344
tok12,2023-03-28,20.762,282586
tok12,2023-03-29,21.324,542136
tok12,2023-03-30,23.076,165539
tok12,2023-03-31,23.468,1090097
tok12,2023-04-01,23.914,623373
tok12,2023-04-02,23.5,452048
tok12,2023-04-03,24.915,512829
tok12,2023-04-04,24.805,403426
tok12,2023-04-05,24.097,416477
tok12,2023-04-06,24.19,350728
tok12,2023-04-07,23.518,194774
tok12,2023-04-08,23.611,268132
tok12,2023-04-09,24.365,407549
tok12,2023-04-10,24.407,183853
tok12,2023-04-11,25.272,355128
tok12,2023-04-12,25.183,408557
tok12,2023-04-13,26.884,602142
tok12,2023-04-14,27.455,355243
tok12,2023-04-15,27.216,806818
tok12,2023-04-16,28.216,489969
tok12,2023-04-17,28.345,330362
tok12,2023-04-18,25.857,373674
tok12,2023-04-19,26.114,842272
tok12,2023-04-20,25.407,718608
tok12,2023-04-21,24.988,467552
tok12,2023-04-22,25.584,303639
tok12,2023-04-23,24.531,282395
tok12,2023-04-24,26.81,358783
tok12,2023-04-25,26.142,203885
tok12,2023-04-26,26.203,461310
tok12,2023-04-27,25.993,198362
tok12,2023-04-28,25.862,390297
tok12,2023-04-29,27.3,332122
tok12,2023-04-30,27.733,643313
tok12,2023-05-01,28.774,356420
tok12,2023-05-02,28.053,860502
tok12,2023-05-03,27.232,406827
tok12,2023-05-04,28.913,442610
tok12,2023-05-05,27.417,848700
tok12,2023-05-06,26.175,1236675
tok12,2023-05-07,25.653,129546
tok12,2023-05-08,25.714,364590
tok12,2023-05-09,24.374,631373
tok12,2023-05-10,23.27,235460
tok12,2023-05-11,22.234,707262
tok12,2023-05-12,21.351,403766
tok12,2023-05-13,19.813,897697
tok12,2023-05-14,20.537,336363
tok12,2023-05-15,21.252,326211
tok12,2023-05-16,20.138,213274
tok12,2023-05-17,20.234,210980
tok12,2023-05-18,19.686,294456
tok12,2023-05-19,18.239,341711
tok12,2023-05-20,18.508,380307
tok12,2023-05-21,17.548,744789
tok12,2023-05-22,16.651,258448
tok12,2023-05-23,17.589,1240867
tok12,2023-05-24,16.274,659108
tok12,2023-05-25,16.821,422269
tok12,2023-05-26,16.82,198949
tok12,2023-05-27,16.028,634813
tok12,2023-05-28,15.77,200130
tok12,2023-05-29,15.25,617548
tok12,2023-05-30,15.476,216262
tok12,2023-05-31,15.25,450184
tok12,2023-06-01,15.539,445852
tok12,2023-06-02,15.074,694392
tok12,2023-06-03,15.22,243061
tok12,2023-06-04,15.278,432227
tok12,2023-06-05,15.39,307386
tok12,2023-06-06,14.555,654760
tok12,2023-06-07,13.856,303774
tok12,2023-06-08,14.064,241281
tok12,2023-06-09,14.11,692772
tok12,2023-06-10,14.196,2241333
tok12,2023-06-11,13.654,504009
tok12,2023-06-12,14.812,643060
tok12,2023-06-13,14.045,566599
tok12,2023-06-14,13.823,306223
tok12,2023-06-15,13.295,560646
tok12,2023-06-16,13.5,234624
tok12,2023-06-17,12.216,139252
tok12,2023-06-18,11.782,696126
tok12,2023-06-19,11.314,461998
tok12,2023-06-20,11.641,425401
tok12,2023-06-21,11.351,330469
tok12,2023-06-22,12.047,343784
tok12,2023-06-23,12.461,182897
tok12,2023-06-24,12.629,516787
tok12,2023-06-25,12.397,151619
tok12,2023-06-26,12.191,359244
tok12,2023-06-27,11.676,403388
tok12,2023-06-28,11.599,557527
tok12,2023-06-29,10.653,497961
tok12,2023-06-30,9.701,227500
tok12,2023-07-01,10.123,571274
tok12,2023-07-02,9.837,127804
tok12,2023-07-03,9.552,187198
tok12,2023-07-04,9.238,357986
tok12,2023-07-05,9.424,446066
tok12,2023-07-06,10.036,602410
tok12,2023-07-07,10.336,454873
tok12,2023-07-08,10.429,561582
tok12,2023-07-09,10.407,988711
tok12,2023-07-10,10.923,343187
tok12,2023-07-11,10.431,674457
tok12,2023-07-12,10.8,510983
tok12,2023-07-13,11.305,250856
tok12,2023-07-14,11.561,258322
tok12,2023-07-15,11.092,1250071
tok12,2023-07-16,11.101,741344
tok12,2023-07-17,11.521,503282
tok12,2023-07-18,11.327,483013
tok12,2023-07-19,10.255,324253
tok12,2023-07-20,10.875,225661
tok12,2023-07-21,11.2,280066
tok12,2023-07-22,11.311,313299
tok12,2023-07-23,10.871,351504
tok12,2023-07-24,11.177,255473
tok12,2023-07-25,11.272,235356
tok12,2023-07-26,11.665,207096
tok12,2023-07-27,11.723,188565
tok12,2023-07-28,12.443,133623
tok12,2023-07-29,13.41,1242942
tok12,2023-07-30,13.722,325008
tok12,2023-07-31,13.884,478146
tok12,2023-08-01,13.872,173551
tok12,2023-08-02,15.101,411091
tok12,2023-08-03,15.397,857379
tok12,2023-08-04,15.181,501034
tok12,2023-08-05,15.157,730341
tok12,2023-08-06,15.301,739204
tok12,2023-08-07,15.316,425255
tok12,2023-08-08,14.024,284496
tok12,2023-08-09,14.172,610163
tok12,2023-08-10,14.74,175291
tok12,2023-08-11,14.553,176847
tok12,2023-08-12,14.378,637435
tok12,2023-08-13,13.871,661007
tok12,2023-08-14,14.043,440690
tok12,2023-08-15,14.551,380120
tok12,2023-08-16,14.488,336348
tok12,2023-08-17,13.964,430197
tok12,2023-08-18,13.982,739176
tok12,2023-08-19,13.88,303294
tok12,2023-08-20,13.443,163886
tok12,2023-08-21,13.583,476097
tok12,2023-08-22,13.853,119405
tok12,2023-08-23,13.777,495089
tok12,2023-08-24,13.151,498409
tok12,2023-08-25,13.798,332780
tok12,2023-08-26,13.629,468038
tok12,2023-08-27,14.1,343633
tok12,2023-08-28,14.087,713797
tok12,2023-08-29,14.529,430517
tok12,2023-08-30,13.834,278831
tok12,2023-08-31,13.976,699747
tok12,2023-09-01,14.21,377419
tok12,2023-09-02,14.978,267924
tok12,2023-09-03,15.317,820023
tok12,2023-09-04,16.233,380358
tok12,2023-09-05,16.053,389949
tok12,2023-09-06,15.71,418630
tok12,2023-09-07,16.42,661401
tok12,2023-09-08,16.605,523100
tok12,2023-09-09,17.189,143380
tok12,2023-09-10,17.07,177832
tok12,2023-09-11,17.095,328744
tok12,2023-09-12,16.836,734829
tok12,2023-09-13,15.988,535963
tok12,2023-09-14,14.726,299281
tok12,2023-09-15,15.703,390809
tok12,2023-09-16,16.266,538179
tok12,2023-09-17,16.292,273245
tok12,2023-09-18,15.713,307320
tok12,2023-09-19,15.66,452955
tok12,2023-09-20,15.616,705901
tok12,2023-09-21,14.914,542017
tok12,2023-09-22,15.042,283372
tok12,2023-09-23,14.718,441499
tok12,2023-09-24,15.307,294477
tok12,2023-09-25,14.865,704698
tok12,2023-09-26,14.962,205853
tok12,2023-09-27,15.983,801466
tok12,2023-09-28,15.755,587263
tok12,2023-09-29,14.457,688109
tok12,2023-09-30,13.943,620973
tok12,2023-10-01,14.066,448305
tok12,2023-10-02,14.474,342179
tok12,2023-10-03,14.562,271049
tok12,2023-10-04,15.68,496563
tok12,2023-10-05,15.616,1002794
tok12,2023-10-06,14.987,296957
tok12,2023-10-07,14.899,266981
tok12,2023-10-08,14.803,282693
tok12,2023-10-09,14.597,450296
tok12,2023-10-10,14.599,630724
tok12,2023-10-11,15.797,563210
tok12,2023-10-12,15.909,373683
tok12,2023-10-13,16.321,596403
tok12,2023-10-14,14.994,556072
tok12,2023-10-15,14.688,659198
tok12,2023-10-16,15.145,342294
tok12,2023-10-17,16.02,360266
tok12,2023-10-18,15.579,367520
tok12,2023-10-19,15.124,454469
tok12,2023-10-20,14.085,554385
tok12,2023-10-21,15.139,407139
tok12,2023-10-22,14.948,775404
tok12,2023-10-23,15.216,690955
tok12,2023-10-24,15.657,481845
tok12,2023-10-25,15.945,719275
tok12,2023-10-26,14.911,604017
tok12,2023-10-27,15.224,406822
tok12,2023-10-28,16.024,372873
tok12,2023-10-29,15.524,394263
tok12,2023-10-30,15.378,242317
tok12,2023-10-31,15.82,495265
tok12,2023-11-01,14.998,1396635
tok12,2023-11-02,14.806,585112
tok12,2023-11-03,15.558,484660
tok12,2023-11-04,15.152,314778
tok12,2023-11-05,15.453,201393
tok12,2023-11-06,15.451,294344
tok12,2023-11-07,15.038,350627
tok12,2023-11-08,15.889,147158
tok12,2023-11-09,17.464,467428
tok12,2023-11-10,17.244,266425
tok12,2023-11-11,16.17,517963
tok12,2023-11-12,15.66,385480
tok12,2023-11-13,15.027,526495
tok12,2023-11-14,15.361,449441
tok12,2023-11-15,15.108,1071077
tok12,2023-11-16,15.211,169752
tok12,2023-11-17,14.91,434201
tok12,2023-11-18,14.644,551171
tok12,2023-11-19,14.266,1260258
tok12,2023-11-20,14.906,269997
tok12,2023-11-21,14.428,842423
tok12,2023-11-22,14.152,515307
tok12,2023-11-23,14.266,265469
tok12,2023-11-24,14.727,510911
tok12,2023-11-25,14.383,919531
tok12,2023-11-26,13.354,538071
tok12,2023-11-27,12.571,318560
tok12,2023-11-28,12.336,140636
tok12,2023-11-29,11.78,755511
tok12,2023-11-30,12.187,225803
tok12,2023-12-01,12.165,827695
tok12,2023-12-02,11.555,470440
tok12,2023-12-03,10.972,703500
tok12,2023-12-04,11.164,375890
tok12,2023-12-05,11.473,583947
tok12,2023-12-06,10.111,448951
tok12,2023-12-07,9.306,270051
tok12,2023-12-08,9.119,722453
tok12,2023-12-09,9.02,241518
tok12,2023-12-10,8.651,544962
tok12,2023-12-11,8.523,449272
tok12,2023-12-12,8.101,157821
tok12,2023-12-13,8.081,347993
tok12,2023-12-14,8.902,1269990
tok12,2023-12-15,8.954,420331
tok12,2023-12-16,8.904,240389
tok12,2023-12-17,8.786,1172365
tok12,2023-12-18,8.981,279384
tok12,2023-12-19,8.996,135376
tok12,2023-12-20,9.43,365620
tok12,2023-12-21,9.705,695328
tok12,2023-12-22,9.475,472242
tok12,2023-12-23,9.627,213381
tok12,2023-12-24,9.603,454644
tok12,2023-12-25,9.676,174910
tok12,2023-12-26,10.405,476515
tok12,2023-12-27,10.073,938755
tok12,2023-12-28,10.2,407263
tok12,2023-12-29,9.7,529844
tok12,2023-12-30,8.983,460243
tok12,2023-12-31,8.858,553645
tok13,2021-01-01,91.883,625729
tok13,2021-01-02,89.206,430528
tok13,2021-01-03,90.552,841693
tok13,2021-01-04,98.771,356545
tok13,2021-01-05,102.953,309538
tok13,2021-01-06,99.266,491672
tok13,2021-01-07,96.202,910036
tok13,2021-01-08,93.803,379046
tok13,2021-01-09,97.282,519076
tok13,2021-01-10,105.807,445478
tok13,2021-01-11,110.74,363554
tok13,2021-01-12,110.673,265996
tok13,2021-01-13,106.922,1683936
tok13,2021-01-14,108.346,724013
tok13,2021-01-15,107.464,177353
tok13,2021-01-16,101.51,590348
tok13,2021-01-17,99.599,424931
tok13,2021-01-18,102.027,927936
tok13,2021-01-19,103.001,556223
tok13,2021-01-20,95.042,471034
tok13,2021-01-21,96.289,536144
tok13,2021-01-22,96.166,170337
tok13,2021-01-23,96.976,159823
tok13,2021-01-24,101.525,595190
tok13,2021-01-25,100.714,275846
tok13,2021-01-26,102.775,1001600
tok13,2021-01-27,94.863,283570
tok13,2021-01-28,94.43,203334
tok13,2021-01-29,96.167,943598
tok13,2021-01-30,102.625,510089
tok13,2021-01-31,100.944,304168
tok13,2021-02-01,104.962,219043
tok13,2021-02-02,100.951,897362
tok13,2021-02-03,105.92,320559
tok13,2021-02-04,106.485,1246944
tok13,2021-02-05,108.845,112150
tok13,2021-02-06,101.804,337728
tok13,2021-02-07,106.728,239374
tok13,2021-02-08,109.808,529065
tok13,2021-02-09,106.835,520781
tok13,2021-02-10,108.974,516059
tok13,2021-02-11,105.901,592299
tok13,2021-02-12,104.418,318764
tok13,2021-02-13,103.834,587484
tok13,2021-02-14,113.401,655418
tok13,2021-02-15,111.682,553510
tok13,2021-02-16,110.392,584866
tok13,2021-02-17,108.182,236864
tok13,2021-02-18,105.889,342765
tok13,2021-02-19,104.186,414810
tok13,2021-02-20,106.879,261962
tok13,2021-02-21,101.279,638556
tok13,2021-02-22,103.579,586215
tok13,2021-02-23,104.744,498829
tok13,2021-02-24,100.351,889671
tok13,2021-02-25,97.402,703468
tok13,2021-02-26,100.387,637692
tok13,2021-02-27,101.363,653929
tok13,2021-02-28,97.856,751739
tok13,2021-03-01,87.683,385868
tok13,2021-03-02,81.184,533780
tok13,2021-03-03,83.302,645423
tok13,2021-03-04,82.094,335612
tok13,2021-03-05,77.696,763589
tok13,2021-03-06,74.206,494940
tok13,2021-03-07,75.869,1087060
tok13,2021-03-08,77.04,561068
tok13,2021-03-09,81.443,359993
tok13,2021-03-10,81.111,351897
tok13,2021-03-11,77.947,604868
tok13,2021-03-12,77.671,369092
tok13,2021-03-13,78.528,383571
tok13,2021-03-14,75.7,937474
tok13,2021-03-15,76.906,275214
tok13,2021-03-16,72.64,721425
tok13,2021-03-17,71.934,654436
tok13,2021-03-18,70.014,162710
tok13,2021-03-19,67.735,852100
tok13,2021-03-20,68.937,160678
tok13,2021-03-21,74.327,534729
tok13,2021-03-22,79.203,182393
tok13,2021-03-23,80.635,533429
tok13,2021-03-24,82.925,177605
tok13,2021-03-25,79.893,485858
tok13,2021-03-26,75.948,534445
tok13,2021-03-27,76.151,299332
tok13,2021-03-28,75.291,364514
tok13,2021-03-29,75.58,645965
tok13,2021-03-30,78.176,439901
tok13,2021-03-31,80.914,420284
tok13,2021-04-01,85.563,768573
tok13,2021-04-02,88.416,651026
tok13,2021-04-03,86.328,871609
tok13,2021-04-04,79.637,688749
tok13,2021-04-05,80.518,395469
tok13,2021-04-06,72.489,347293
tok13,2021-04-07,67.593,367072
tok13,2021-04-08,69.185,536983
tok13,2021-04-09,68.329,401973
tok13,2021-04-10,66.365,501795
tok13,2021-04-11,67.405,858948
tok13,2021-04-12,66.575,274599
tok13,2021-04-13,70.427,499609
tok13,2021-04-14,73.169,433843
tok13,2021-04-15,78.527,442291
tok13,2021-04-16,73.508,546368
tok13,2021-04-17,72.921,363099
tok13,2021-04-18,73.102,185361
tok13,2021-04-19,75.355,721642
tok13,2021-04-20,74.266,325901
tok13,2021-04-21,77.035,621771
tok13,2021-04-22,74.34,132277
tok13,2021-04-23,74.619,244555
tok13,2021-04-24,67.891,661884
tok13,2021-04-25,68.233,455454
tok13,2021-04-26,68.158,433990
tok13,2021-04-27,71.003,770100
tok13,2021-04-28,63.727,448871
tok13,2021-04-29,61.954,326916
tok13,2021-04-30,58.367,613613
tok13,2021-05-01,56.645,167883
tok13,2021-05-02,57.821,283494
tok13,2021-05-03,56.103,406791
tok13,2021-05-04,58.124,838001
tok13,2021-05-05,60.427,421673
tok13,2021-05-06,59.753,541876
tok13,2021-05-07,57.349,401380
tok13,2021-05-08,54.952,455579
tok13,2021-05-09,55.097,230776
tok13,2021-05-10,52.464,395606
tok13,2021-05-11,53.549,638575
tok13,2021-05-12,52.902,500598
tok13,2021-05-13,53.396,590423
tok13,2021-05-14,54.13,547457
tok13,2021-05-15,54.97,317112
tok13,2021-05-16,55.324,493220
tok13,2021-05-17,57.929,259588
tok13,2021-05-18,58.396,531396
tok13,2021-05-19,61.126,333081
tok13,2021-05-20,63.344,266494
tok13,2021-05-21,66.074,439371
tok13,2021-05-22,68.805,765096
tok13,2021-05-23,70.882,426147
tok13,2021-05-24,71.125,308441
tok13,2021-05-25,68.949,484225
tok13,2021-05-26,68.821,1932704
tok13,2021-05-27,67.774,409130
tok13,2021-05-28,68.323,271547
tok13,2021-05-29,68.396,285018
tok13,2021-05-30,64.825,330965
tok13,2021-05-31,60.173,526825
tok13,2021-06-01,62.977,217952
tok13,2021-06-02,62.513,223602
tok13,2021-06-03,59.723,321670
tok13,2021-06-04,59.149,499111
tok13,2021-06-05,56.744,389951
tok13,2021-06-06,57.291,409247
tok13,2021-06-07,61.431,491540
tok13,2021-06-08,59.868,592773
tok13,2021-06-09,57.716,595572
tok13,2021-06-10,57.221,354448
tok13,2021-06-11,59.188,551850
tok13,2021-06-12,61.287,187950
tok13,2021-06-13,58.606,283657
tok13,2021-06-14,57.049,424602
tok13,2021-06-15,53.224,397537
tok13,2021-06-16,53.895,422792
tok13,2021-06-17,50.387,205243
tok13,2021-06-18,51.375,502142
tok13,2021-06-19,51.285,223804
tok13,2021-06-20,55.081,510786
tok13,2021-06-21,53.051,547787
tok13,2021-06-22,56.427,281784
tok13,2021-06-23,57.025,401149
tok13,2021-06-24,55.732,423257
tok13,2021-06-25,58.004,438587
tok13,2021-06-26,58.931,288957
tok13,2021-06-27,61.491,623188
tok13,2021-06-28,66.335,395059
tok13,2021-06-29,60.072,370210
tok13,2021-06-30,61.031,273866
tok13,2021-07-01,58.45,592927
tok13,2021-07-02,56.874,331316
tok13,2021-07-03,55.386,307841
tok13,2021-07-04,55.638,532715
tok13,2021-07-05,58.113,503129
tok13,2021-07-06,59.354,403934
tok13,2021-07-07,62.895,1074611
tok13,2021-07-08,59.73,116230
tok13,2021-07-09,60.111,434207
tok13,2021-07-10,59.183,316045
tok13,2021-07-11,60.593,895354
tok13,2021-07-12,58.262,433071
tok13,2021-07-13,60.31,410872
tok13,2021-07-14,58.876,610699
tok13,2021-07-15,62.797,317192
tok13,2021-07-16,63.33,558152
tok13,2021-07-17,67.792,778418
tok13,2021-07-18,66.008,632798
tok13,2021-07-19,62.825,692470
tok13,2021-07-20,68.291,244869
tok13,2021-07-21,67.444,402622
tok13,2021-07-22,66.732,497429
tok13,2021-07-23,68.545,77507
tok13,2021-07-24,70.782,171456
tok13,2021-07-25,67.696,229778
tok13,2021-07-26,65.658,332732
tok13,2021-07-27,66.142,332182
tok13,2021-07-28,62.704,294002
tok13,2021-07-29,65.041,372827
tok13,2021-07-30,67.05,742062
tok13,2021-07-31,71.958,380117
tok13,2021-08-01,75.066,333824
tok13,2021-08-02,74.573,715492
tok13,2021-08-03,73.934,533729
tok13,2021-08-04,77.95,216738
tok13,2021-08-05,78.68,390072
tok13,2021-08-06,80.849,309402
tok13,2021-08-07,86.716,591123
tok13,2021-08-08,88.029,266244
tok13,2021-08-09,86.809,266418
tok13,2021-08-10,88.434,669567
tok13,2021-08-11,87.403,497701
tok13,2021-08-12,84.931,338001
tok13,2021-08-13,87.735,1011961
tok13,2021-08-14,90.084,565673
tok13,2021-08-15,90.316,228431
tok13,2021-08-16,92.628,603507
tok13,2021-08-17,93.321,710195
tok13,2021-08-18,93.996,211622
tok13,2021-08-19,90.679,354123
tok13,2021-08-20,84.083,357995
tok13,2021-08-21,75.852,719295
tok13,2021-08-22,75.452,296157
tok13,2021-08-23,73.001,137174
tok13,2021-08-24,66.844,322018
tok13,2021-08-25,65.062,426273
tok13,2021-08-26,61.921,377317
tok13,2021-08-27,62.342,396671
tok13,2021-08-28,64.676,336794
tok13,2021-08-29,62.383,523777
tok13,2021-08-30,62.072,597820
tok13,2021-08-31,64.749,365851
tok13,2021-09-01,62.54,163295
tok13,2021-09-02,67.633,601831
tok13,2021-09-03,67.793,427046
tok13,2021-09-04,67.723,611685
tok13,2021-09-05,67.066,548543
tok13,2021-09-06,69.307,273813
tok13,2021-09-07,72.798,584102
tok13,2021-09-08,70.49,402583
tok13,2021-09-09,70.442,787289
tok13,2021-09-10,65.712,337893
tok13,2021-09-11,64.074,507963
tok13,2021-09-12,65.225,319986
tok13,2021-09-13,63.911,264216
tok13,2021-09-14,61.524,341610
tok13,2021-09-15,63.754,418574
tok13,2021-09-16,62.243,592619
tok13,2021-09-17,59.827,373232
tok13,2021-09-18,56.459,163109
tok13,2021-09-19,57.102,558510
tok13,2021-09-20,57.627,737320
tok13,2021-09-21,61.036,432221
tok13,2021-09-22,60.108,295870
tok13,2021-09-23,59.088,706877
tok13,2021-09-24,60.534,495344
tok13,2021-09-25,57.306,798970
tok13,2021-09-26,57.77,343773
tok13,2021-09-27,57.309,607443
tok13,2021-09-28,53.423,312625
tok13,2021-09-29,52.115,796804
tok13,2021-09-30,54.247,379436
tok13,2021-10-01,54.722,239311
tok13,2021-10-02,53.013,582402
tok13,2021-10-03,52.33,422882
tok13,2021-10-04,51.582,490793
tok13,2021-10-05,54.567,553202
tok13,2021-10-06,58.481,361857
tok13,2021-10-07,61.475,326132
tok13,2021-10-08,62.239,536636
tok13,2021-10-09,63.48,461364
tok13,2021-10-10,70.723,786631
tok13,2021-10-11,73.467,404675
tok13,2021-10-12,72.981,178371
tok13,2021-10-13,71.852,433076
tok13,2021-10-14,75.551,496015
tok13,2021-10-15,67.6,447680
tok13,2021-10-16,65.001,327461
tok13,2021-10-17,66.872,534948
tok13,2021-10-18,66.166,790142
tok13,2021-10-19,67.847,563123
tok13,2021-10-20,65.965,440167
tok13,2021-10-21,65.517,366911
tok13,2021-10-22,69.845,355453
tok13,2021-10-23,69.553,982843
tok13,2021-10-24,63.817,286160
tok13,2021-10-25,65.474,369017
tok13,2021-10-26,69.657,287299
tok13,2021-10-27,70.76,761512
tok13,2021-10-28,69.363,592584
tok13,2021-10-29,68.627,459865
tok13,2021-10-30,71.36,590457
tok13,2021-10-31,73.86,562293
tok13,2021-11-01,70.026,287181
tok13,2021-11-02,70.517,320582
tok13,2021-11-03,68.316,455359
tok13,2021-11-04,69.66,332278
tok13,2021-11-05,67.977,1027102
tok13,2021-11-06,70.689,312720
tok13,2021-11-07,76.218,790776
tok13,2021-11-08,78.178,2154289
tok13,2021-11-09,75.993,767654
tok13,2021-11-10,69.913,1099912
tok13,2021-11-11,70.957,876296
tok13,2021-11-12,72.326,379692
tok13,2021-11-13,72.605,454549
tok13,2021-11-14,70.971,606133
tok13,2021-11-15,72.651,1424378
tok13,2021-11-16,73.252,531814
tok13,2021-11-17,68.813,425727
tok13,2021-11-18,70.64,1071892
tok13,2021-11-19,69.174,183609
tok13,2021-11-20,67.831,161062
tok13,2021-11-21,70.938,427612
tok13,2021-11-22,75.608,728435
tok13,2021-11-23,73.133,425711
tok13,2021-11-24,76.032,344595
tok13,2021-11-25,74.952,265843
tok13,2021-11-26,74.156,762021
tok13,2021-11-27,74.76,371182
tok13,2021-11-28,71.923,304199
tok13,2021-11-29,74.676,950305
tok13,2021-11-30,70.383,356156
tok13,2021-12-01,69.217,635241
tok13,2021-12-02,69.03,324002
tok13,2021-12-03,68.946,431170
tok13,2021-12-04,67.565,180934
tok13,2021-12-05,66.909,299998
tok13,2021-12-06,64.781,837327
tok13,2021-12-07,62.022,469421
tok13,2021-12-08,60.459,534093
tok13,2021-12-09,61.562,831986
tok13,2021-12-10,59.554,234646
tok13,2021-12-11,57.941,624836
tok13,2021-12-12,58.31,330563
tok13,2021-12-13,59.27,761461
tok13,2021-12-14,62.637,723467
tok13,2021-12-15,64.903,384943
tok13,2021-12-16,61.161,419528
tok13,2021-12-17,58.162,541532
tok13,2021-12-18,57.114,431052
tok13,2021-12-19,57.61,612549
tok13,2021-12-20,50.893,287474
tok13,2021-12-21,51.454,304914
tok13,2021-12-22,54.781,244377
tok13,2021-12-23,55.667,203293
tok13,2021-12-24,59.008,180910
tok13,2021-12-25,57.609,362865
tok13,2021-12-26,58.517,867440
tok13,2021-12-27,61.022,560949
tok13,2021-12-28,62.017,590190
tok13,2021-12-29,61.887,464284
tok13,2021-12-30,58.823,855353
tok13,2021-12-31,56.892,709589
tok13,2022-01-01,54.77,601882
tok13,2022-01-02,54.342,557803
tok13,2022-01-03,54.633,900753
tok13,2022-01-04,55.927,324176
tok13,2022-01-05,53.584,663831
tok13,2022-01-06,53.579,166035
tok13,2022-01-07,58.424,732602
tok13,2022-01-08,61.751,1085454
tok13,2022-01-09,59.169,471902
tok13,2022-01-10,56.32,703363
tok13,2022-01-11,56.641,598799
tok13,2022-01-12,58.152,446782
tok13,2022-01-13,59.733,684984
tok13,2022-01-14,58.946,224998
tok13,2022-01-15,61.251,427347
tok13,2022-01-16,61.522,728071
tok13,2022-01-17,61.291,564148
tok13,2022-01-18,61.323,312034
tok13,2022-01-19,59.362,444351
tok13,2022-01-20,59.791,484180
tok13,2022-01-21,59.291,338293
tok13,2022-01-22,62.936,335338
tok13,2022-01-23,65.518,251606
tok13,2022-01-24,63.571,175530
tok13,2022-01-25,64.805,318721
tok13,2022-01-26,64.918,501094
tok13,2022-01-27,61.961,320316
tok13,2022-01-28,63.021,609647
tok13,2022-01-29,61.057,406591
tok13,2022-01-30,59.877,500871
tok13,2022-01-31,56.754,249140
tok13,2022-02-01,55.377,465770
tok13,2022-02-02,55.644,953893
tok13,2022-02-03,57.173,629201
tok13,2022-02-04,58.302,470358
tok13,2022-02-05,57.885,431885
tok13,2022-02-06,55.247,358720
tok13,2022-02-07,57.332,284638
tok13,2022-02-08,58.038,505910
tok13,2022-02-09,58.172,392118
tok13,2022-02-10,59.11,497171
tok13,2022-02-11,61.719,1299201
tok13,2022-02-12,64.869,1066742
tok13,2022-02-13,62.126,586685
tok13,2022-02-14,62.23,236009
tok13,2022-02-15,59.539,218800
tok13,2022-02-16,60.422,739571
tok13,2022-02-17,60.171,638682
tok13,2022-02-18,62.045,337241
tok13,2022-02-19,59.612,316086
tok13,2022-02-20,60.456,511796
tok13,2022-02-21,58.52,150306
tok13,2022-02-22,58.806,862738
tok13,2022-02-23,59.93,340673
tok13,2022-02-24,61.149,238856
tok13,2022-02-25,62.483,479117
tok13,2022-02-26,60.855,391515
tok13,2022-02-27,61.933,1929708
tok13,2022-02-28,65.63,232792
tok13,2022-03-01,66.34,643954
tok13,2022-03-02,65.616,201883
tok13,2022-03-03,67.227,380333
tok13,2022-03-04,61.762,520921
tok13,2022-03-05,62.358,577902
tok13,2022-03-06,66.124,313759
tok13,2022-03-07,62.922,244020
tok13,2022-03-08,57.366,1398904
tok13,2022-03-09,55.812,705225
tok13,2022-03-10,56.402,411317
tok13,2022-03-11,57.215,784238
tok13,2022-03-12,58.49,326711
tok13,2022-03-13,55.775,620436
tok13,2022-03-14,56.346,507628
tok13,2022-03-15,57.639,281815
tok13,2022-03-16,58.99,759921
tok13,2022-03-17,57.49,329866
tok13,2022-03-18,58.246,336048
tok13,2022-03-19,63.048,272073
tok13,2022-03-20,63.958,166113
tok13,2022-03-21,62.126,137941
tok13,2022-03-22,60.3,330780
tok13,2022-03-23,61.74,189944
tok13,2022-03-24,61.095,2152875
tok13,2022-03-25,63.637,383211
tok13,2022-03-26,65.398,306348
tok13,2022-03-27,63.404,561302
tok13,2022-03-28,63.632,803626
tok13,2022-03-29,63.882,595716
tok13,2022-03-30,68.45,1030278
tok13,2022-03-31,64.67,473106
tok13,2022-04-01,64.47,940724
tok13,2022-04-02,63.312,332123
tok13,2022-04-03,62.792,206110
tok13,2022-04-04,59.049,480164
tok13,2022-04-05,59.293,740807
tok13,2022-04-06,58.889,260185
tok13,2022-04-07,56.361,544212
tok13,2022-04-08,58.042,274691
tok13,2022-04-09,58.037,744885
tok13,2022-04-10,55.5,314885
tok13,2022-04-11,56.011,819116
tok13,2022-04-12,53.501,562761
tok13,2022-04-13,52.311,610852
tok13,2022-04-14,49.882,309223
tok13,2022-04-15,48.461,329320
tok13,2022-04-16,46.914,518861
tok13,2022-04-17,47.705,598169
tok13,2022-04-18,50.676,183005
tok13,2022-04-19,47.457,584333
tok13,2022-04-20,47.89,494526
tok13,2022-04-21,51.782,524846
tok13,2022-04-22,53.133,929704
tok13,2022-04-23,51.485,269470
tok13,2022-04-24,52.071,283602
tok13,2022-04-25,53.71,333322
tok13,2022-04-26,53.348,288968
tok13,2022-04-27,49.666,330123
tok13,2022-04-28,50.859,339823
tok13,2022-04-29,53.198,750386
tok13,2022-04-30,53.723,476168
tok13,2022-05-01,50.862,230317
tok13,2022-05-02,49.636,307817
tok13,2022-05-03,45.764,280720
tok13,2022-05-04,47.034,786996
tok13,2022-05-05,45.586,437602
tok13,2022-05-06,45.631,290722
tok13,2022-05-07,44.495,355184
tok13,2022-05-08,43.487,298711
tok13,2022-05-09,41.373,406538
tok13,2022-05-10,41.975,98074
tok13,2022-05-11,39.791,260087
tok13,2022-05-12,41.184,661515
tok13,2022-05-13,41.327,1047174
tok13,2022-05-14,41.451,1153910
tok13,2022-05-15,39.699,771965
tok13,2022-05-16,39.772,218312
tok13,2022-05-17,39.327,1174586
tok13,2022-05-18,39.138,382866
tok13,2022-05-19,39.621,432620
tok13,2022-05-20,39.704,391292
tok13,2022-05-21,38.737,367971
tok13,2022-05-22,37.318,365516
tok13,2022-05-23,38.082,1046351
tok13,2022-05-24,37.979,764784
tok13,2022-05-25,38.327,512110
tok13,2022-05-26,38.973,404168
tok13,2022-05-27,39.975,361994
tok13,2022-05-28,37.881,496434
tok13,2022-05-29,37.722,450957
tok13,2022-05-30,35.655,1341984
tok13,2022-05-31,38.625,703390
tok13,2022-06-01,40.137,491859
tok13,2022-06-02,38.509,462396
tok13,2022-06-03,38.875,696150
tok13,2022-06-04,38.576,1345802
tok13,2022-06-05,39.346,671403
tok13,2022-06-06,37.53,609494
tok13,2022-06-07,37.167,328805
tok13,2022-06-08,37.568,361513
tok13,2022-06-09,36.91,271629
tok13,2022-06-10,37.012,337642
tok13,2022-06-11,37.804,552815
tok13,2022-06-12,38.287,452769
tok13,2022-06-13,35.432,338404
tok13,2022-06-14,34.371,204411
tok13,2022-06-15,34.533,487505
tok13,2022-06-16,36.027,1108186
tok13,2022-06-17,37.212,345148
tok13,2022-06-18,37.822,289762
tok13,2022-06-19,35.868,232520
tok13,2022-06-20,38.142,368138
tok13,2022-06-21,37.536,332258
tok13,2022-06-22,37.889,233356
tok13,2022-06-23,40.373,354607
tok13,2022-06-24,43.676,428610
tok13,2022-06-25,43.875,320758
tok13,2022-06-26,45.098,786230
tok13,2022-06-27,48.746,473106
tok13,2022-06-28,48.105,205959
tok13,2022-06-29,50.229,348218
tok13,2022-06-30,45.254,259875
tok13,2022-07-01,47.578,366111
tok13,2022-07-02,47.184,319438
tok13,2022-07-03,46.155,295222
tok13,2022-07-04,47.024,676149
tok13,2022-07-05,46.8,337014
tok13,2022-07-06,46.295,360275
tok13,2022-07-07,46.81,257826
tok13,2022-07-08,45.64,303852
tok13,2022-07-09,42.11,435792
tok13,2022-07-10,39.771,851772
tok13,2022-07-11,42.249,175500
tok13,2022-07-12,41.454,575177
tok13,2022-07-13,43.481,321138
tok13,2022-07-14,42.686,520057
tok13,2022-07-15,43.228,355067
tok13,2022-07-16,42.885,718265
tok13,2022-07-17,42.62,343643
tok13,2022-07-18,40.861,388019
tok13,2022-07-19,40.759,310181
tok13,2022-07-20,40.106,473621
tok13,2022-07-21,43.797,1305365
tok13,2022-07-22,40.026,531538
tok13,2022-07-23,39.252,271531
tok13,2022-07-24,37.383,403862
tok13,2022-07-25,38.687,446228
tok13,2022-07-26,36.842,779448
tok13,2022-07-27,36.028,588201
tok13,2022-07-28,35.67,896738
tok13,2022-07-29,36.445,894605
tok13,2022-07-30,37.443,158959
tok13,2022-07-31,39.648,1048277
tok13,2022-08-01,39.766,512012
tok13,2022-08-02,39.967,263984
tok13,2022-08-03,38.92,525758
tok13,2022-08-04,38.841,367917
tok13,2022-08-05,42.281,732482
tok13,2022-08-06,43.603,198736
tok13,2022-08-07,46.286,174860
tok13,2022-08-08,43.706,418793
tok13,2022-08-09,43.949,381494
tok13,2022-08-10,44.681,699204
tok13,2022-08-11,42.427,333280
tok13,2022-08-12,44.512,460641
tok13,2022-08-13,44.952,215195
tok13,2022-08-14,44.398,276320
tok13,2022-08-15,47.029,772126
tok13,2022-08-16,45.206,761963
tok13,2022-08-17,45.06,357320
tok13,2022-08-18,42.012,354657
tok13,2022-08-19,41.81,187474
tok13,2022-08-20,43.067,154149
tok13,2022-08-21,42.734,832248
tok13,2022-08-22,40.972,257066
tok13,2022-08-23,39.678,624959
tok13,2022-08-24,38.388,1132757
tok13,2022-08-25,39.566,669070
tok13,2022-08-26,37.699,611081
tok13,2022-08-27,40.664,434830
tok13,2022-08-28,43.348,439527
tok13,2022-08-29,40.979,594605
tok13,2022-08-30,41.402,201801
tok13,2022-08-31,42.383,414859
tok13,2022-09-01,39.119,506767
tok13,2022-09-02,39.518,255663
tok13,2022-09-03,41.509,549617
tok13,2022-09-04,40.26,683518
tok13,2022-09-05,38.762,735068
tok13,2022-09-06,40.054,716446
tok13,2022-09-07,41.871,460141
tok13,2022-09-08,40.683,578193
tok13,2022-09-09,41.46,286093
tok13,2022-09-10,39.252,541671
tok13,2022-09-11,40.995,413258
tok13,2022-09-12,41.023,1018203
tok13,2022-09-13,40.917,242283
tok13,2022-09-14,39.865,531212
tok13,2022-09-15,40.765,603634
tok13,2022-09-16,39.82,611466
tok13,2022-09-17,38.794,397277
tok13,2022-09-18,38.13,519097
tok13,2022-09-19,38.856,543278
tok13,2022-09-20,38.752,393949
tok13,2022-09-21,36.605,467007
tok13,2022-09-22,37.13,187848
tok13,2022-09-23,39.274,472906
tok13,2022-09-24,38.175,340925
tok13,2022-09-25,38.144,954186
tok13,2022-09-26,35.294,295747
tok13,2022-09-27,35.085,718195
tok13,2022-09-28,33.209,599720
tok13,2022-09-29,31.728,332578
tok13,2022-09-30,32.804,271849
tok13,2022-10-01,33.928,380598
tok13,2022-10-02,32.228,786460
tok13,2022-10-03,32.708,720816
tok13,2022-10-04,33.004,521505
tok13,2022-10-05,33.396,519700
tok13,2022-10-06,33.378,683757
tok13,2022-10-07,33.816,722942
tok13,2022-10-08,34.809,277658
tok13,2022-10-09,39.526,846223
tok13,2022-10-10,39.135,494607
tok13,2022-10-11,39.028,432086
tok13,2022-10-12,37.619,1055613
tok13,2022-10-13,35.974,212083
tok13,2022-10-14,35.205,423937
tok13,2022-10-15,32.886,844724
tok13,2022-10-16,33.0,311992
tok13,2022-10-17,31.851,873227
tok13,2022-10-18,32.09,954270
tok13,2022-10-19,32.909,1103733
tok13,2022-10-20,30.598,529943
tok13,2022-10-21,31.641,671600
tok13,2022-10-22,31.813,617703
tok13,2022-10-23,32.068,545801
tok13,2022-10-24,31.47,671050
tok13,2022-10-25,31.351,576816
tok13,2022-10-26,30.784,725113
tok13,2022-10-27,32.678,381528
tok13,2022-10-28,31.216,256897
tok13,2022-10-29,30.138,260413
tok13,2022-10-30,28.38,462129
tok13,2022-10-31,27.176,1095663
tok13,2022-11-01,27.158,254250
tok13,2022-11-02,28.111,402293
tok13,2022-11-03,27.908,194562
tok13,2022-11-04,27.075,570261
tok13,2022-11-05,26.029,426678
tok13,2022-11-06,23.371,271660
tok13,2022-11-07,23.538,253340
tok13,2022-11-08,23.232,631269
tok13,2022-11-09,23.13,712084
tok13,2022-11-10,25.647,482449
tok13,2022-11-11,27.731,346913
tok13,2022-11-12,28.201,383297
tok13,2022-11-13,27.727,534837
tok13,2022-11-14,28.514,604730
tok13,2022-11-15,27.798,1268655
tok13,2022-11-16,26.726,252819
tok13,2022-11-17,27.905,1154315
tok13,2022-11-18,29.348,1110893
tok13,2022-11-19,28.023,404624
tok13,2022-11-20,28.25,630005
tok13,2022-11-21,30.02,492495
tok13,2022-11-22,31.154,303041
tok13,2022-11-23,30.438,737144
tok13,2022-11-24,30.092,614305
tok13,2022-11-25,29.4,503978
tok13,2022-11-26,29.036,571455
tok13,2022-11-27,28.539,214870
tok13,2022-11-28,27.619,749583
tok13,2022-11-29,27.823,808867
tok13,2022-11-30,27.545,1632504
tok13,2022-12-01,27.82,461519
tok13,2022-12-02,27.101,530279
tok13,2022-12-03,26.357,341371
tok13,2022-12-04,26.165,405204
tok13,2022-12-05,25.469,366290
tok13,2022-12-06,25.862,198783
tok13,2022-12-07,25.869,349610
tok13,2022-12-08,25.894,348351
tok13,2022-12-09,27.38,471924
tok13,2022-12-10,26.726,311052
tok13,2022-12-11,25.969,340122
tok13,2022-12-12,27.743,509172
tok13,2022-12-13,27.116,610555
tok13,2022-12-14,27.453,211880
tok13,2022-12-15,24.724,523704
tok13,2022-12-16,23.947,400214
tok13,2022-12-17,23.228,921505
tok13,2022-12-18,20.787,217296
tok13,2022-12-19,22.321,283724
tok13,2022-12-20,22.257,317999
tok13,2022-12-21,21.814,1010949
tok13,2022-12-22,21.647,311240
tok13,2022-12-23,21.352,1735289
tok13,2022-12-24,21.802,713825
tok13,2022-12-25,21.147,340562
tok13,2022-12-26,20.413,396143
tok13,2022-12-27,19.762,482990
tok13,2022-12-28,20.793,261770
tok13,2022-12-29,20.717,769394
tok13,2022-12-30,21.375,504510
tok13,2022-12-31,20.006,912757
tok13,2023-01-01,20.146,621043
tok13,2023-01-02,22.036,152872
tok13,2023-01-03,23.418,1016582
tok13,2023-01-04,25.065,396069
tok13,2023-01-05,24.278,599899
tok13,2023-01-06,22.97,387493
tok13,2023-01-07,23.08,1066633
tok13,2023-01-08,21.413,321525
tok13,2023-01-09,20.777,333336
tok13,2023-01-10,20.35,185176
tok13,2023-01-11,19.601,530649
tok13,2023-01-12,19.318,880002
tok13,2023-01-13,19.09,340492
tok13,2023-01-14,20.856,320493
tok13,2023-01-15,21.977,354107
tok13,2023-01-16,22.213,905889
tok13,2023-01-17,21.892,724120
tok13,2023-01-18,21.271,261104
tok13,2023-01-19,22.311,829341
tok13,2023-01-20,22.046,273257
tok13,2023-01-21,20.465,400449
tok13,2023-01-22,21.577,324508
tok13,2023-01-23,20.731,331750
tok13,2023-01-24,19.87,82088
tok13,2023-01-25,19.269,530149
tok13,2023-01-26,19.005,212555
tok13,2023-01-27,19.941,633440
tok13,2023-01-28,18.177,556335
tok13,2023-01-29,18.086,365214
tok13,2023-01-30,17.721,459262
tok13,2023-01-31,17.237,324351
tok13,2023-02-01,17.351,527176
tok13,2023-02-02,16.974,265686
tok13,2023-02-03,16.921,499407
tok13,2023-02-04,15.807,599705
tok13,2023-02-05,15.091,801137
tok13,2023-02-06,15.371,147793
tok13,2023-02-07,15.303,333174
tok13,2023-02-08,14.379,587000
tok13,2023-02-09,14.065,607354
tok13,2023-02-10,14.245,591041
tok13,2023-02-11,15.823,413403
tok13,2023-02-12,15.86,641743
tok13,2023-02-13,16.757,577778
tok13,2023-02-14,17.609,530554
tok13,2023-02-15,18.291,668597
tok13,2023-02-16,18.372,210591
tok13,2023-02-17,19.139,445791
tok13,2023-02-18,19.86,266017
tok13,2023-02-19,20.583,424460
tok13,2023-02-20,21.491,298508
tok13,2023-02-21,22.069,327507
tok13,2023-02-22,20.643,362483
tok13,2023-02-23,19.957,522205
tok13,2023-02-24,18.838,262839
tok13,2023-02-25,18.096,216180
tok13,2023-02-26,19.66,374913
tok13,2023-02-27,20.557,520756
tok13,2023-02-28,21.096,407715
tok13,2023-03-01,19.189,664508
tok13,2023-03-02,20.249,471729
tok13,2023-03-03,19.95,302266
tok13,2023-03-04,20.082,429694
tok13,2023-03-05,21.658,583016
tok13,2023-03-06,20.74,759586
tok13,2023-03-07,21.329,847562
tok13,2023-03-08,22.21,719541
tok13,2023-03-09,22.669,232981
tok13,2023-03-10,22.113,1070698
tok13,2023-03-11,21.323,1224440
tok13,2023-03-12,23.701,262501
tok13,2023-03-13,24.093,681109
tok13,2023-03-14,25.776,396197
tok13,2023-03-15,28.158,1176640
tok13,2023-03-16,28.425,601949
tok13,2023-03-17,29.396,293565
tok13,2023-03-18,28.324,184486
tok13,2023-03-19,29.553,577368
tok13,2023-03-20,30.103,465233
tok13,2023-03-21,31.01,613405
tok13,2023-03-22,29.999,215858
tok13,2023-03-23,32.02,447842
tok13,2023-03-24,33.127,1262588
tok13,2023-03-25,33.129,263989
tok13,2023-03-26,31.799,628114
tok13,2023-03-27,30.54,210845
tok13,2023-03-28,29.099,283819
tok13,2023-03-29,29.768,287997
tok13,2023-03-30,30.04,404177
tok13,2023-03-31,29.655,547270
tok13,2023-04-01,30.481,455738
tok13,2023-04-02,30.737,855406
tok13,2023-04-03,31.528,505093
tok13,2023-04-04,32.062,263687
tok13,2023-04-05,31.301,236781
tok13,2023-04-06,32.239,282584
tok13,2023-04-07,34.308,280266
tok13,2023-04-08,33.115,649654
tok13,2023-04-09,34.266,592236
tok13,2023-04-10,35.37,448191
tok13,2023-04-11,39.725,1482858
tok13,2023-04-12,40.276,525600
tok13,2023-04-13,41.586,419023
tok13,2023-04-14,42.565,271728
tok13,2023-04-15,43.779,751049
tok13,2023-04-16,41.397,403102
tok13,2023-04-17,42.247,658446
tok13,2023-04-18,44.365,302585
tok13,2023-04-19,46.96,173811
tok13,2023-04-20,48.155,289000
tok13,2023-04-21,50.798,636289
tok13,2023-04-22,49.522,278170
tok13,2023-04-23,46.348,248248
tok13,2023-04-24,45.129,435919
tok13,2023-04-25,43.28,496733
tok13,2023-04-26,41.233,405257
tok13,2023-04-27,41.525,1147647
tok13,2023-04-28,38.396,647607
tok13,2023-04-29,39.787,216194
tok13,2023-04-30,39.229,875434
tok13,2023-05-01,41.375,589210
tok13,2023-05-02,41.289,315821
tok13,2023-05-03,42.298,388077
tok13,2023-05-04,44.957,408710
tok13,2023-05-05,45.012,212875
tok13,2023-05-06,50.416,744029
tok13,2023-05-07,50.932,686265
tok13,2023-05-08,52.877,788102
tok13,2023-05-09,49.184,323849
tok13,2023-05-10,51.505,386875
tok13,2023-05-11,47.516,316863
tok13,2023-05-12,46.456,1207110
tok13,2023-05-13,45.334,429235
tok13,2023-05-14,42.496,664058
tok13,2023-05-15,41.732,631287
tok13,2023-05-16,42.884,624183
tok13,2023-05-17,47.056,597071
tok13,2023-05-18,49.177,810722
tok13,2023-05-19,47.668,239986
tok13,2023-05-20,46.038,460026
tok13,2023-05-21,45.561,257831
tok13,2023-05-22,43.958,639121
tok13,2023-05-23,44.006,784332
tok13,2023-05-24,43.859,868171
tok13,2023-05-25,40.816,347024
tok13,2023-05-26,40.544,1238270
tok13,2023-05-27,40.194,301470
tok13,2023-05-28,37.904,325249
tok13,2023-05-29,37.998,334102
tok13,2023-05-30,38.877,600417
tok13,2023-05-31,39.993,266083
tok13,2023-06-01,41.082,1388608
tok13,2023-06-02,40.88,276444
tok13,2023-06-03,38.641,338618
tok13,2023-06-04,39.581,396656
tok13,2023-06-05,38.194,290143
tok13,2023-06-06,39.609,1593231
tok13,2023-06-07,40.046,617835
tok13,2023-06-08,39.746,611804
tok13,2023-06-09,40.313,698002
tok13,2023-06-10,42.599,514804
tok13,2023-06-11,40.511,422785
tok13,2023-06-12,42.652,587504
tok13,2023-06-13,42.631,385984
tok13,2023-06-14,43.816,566148
tok13,2023-06-15,43.475,812606
tok13,2023-06-16,42.369,412857
tok13,2023-06-17,45.386,540406
tok13,2023-06-18,48.802,165572
tok13,2023-06-19,47.857,714082
tok13,2023-06-20,51.665,2023015
tok13,2023-06-21,53.234,247108
tok13,2023-06-22,51.454,264773
tok13,2023-06-23,50.042,728437
tok13,2023-06-24,52.786,184456
tok13,2023-06-25,54.409,540869
tok13,2023-06-26,52.735,570701
tok13,2023-06-27,54.04,980442
tok13,2023-06-28,54.47,487559
tok13,2023-06-29,53.112,303062
tok13,2023-06-30,49.098,454508
tok13,2023-07-01,47.766,679589
tok13,2023-07-02,45.255,415055
tok13,2023-07-03,44.182,597204
tok13,2023-07-04,44.704,442186
tok13,2023-07-05,44.181,488718
tok13,2023-07-06,43.303,662157
tok13,2023-07-07,42.819,505706
tok13,2023-07-08,40.691,282318
tok13,2023-07-09,40.581,335084
tok13,2023-07-10,37.485,626763
tok13,2023-07-11,37.362,358077
tok13,2023-07-12,36.91,767519
tok13,2023-07-13,35.4,418726
tok13,2023-07-14,36.281,508168
tok13,2023-07-15,36.28,1164760
tok13,2023-07-16,36.84,859170
tok13,2023-07-17,36.648,234745
tok13,2023-07-18,39.45,234586
tok13,2023-07-19,39.794,351563
tok13,2023-07-20,42.228,272990
tok13,2023-07-21,40.615,550234
tok13,2023-07-22,41.369,422824
tok13,2023-07-23,39.133,546220
tok13,2023-07-24,39.672,456235
tok13,2023-07-25,38.624,413214
tok13,2023-07-26,38.441,547837
tok13,2023-07-27,38.339,422965
tok13,2023-07-28,38.948,455297
tok13,2023-07-29,38.233,292347
tok13,2023-07-30,39.302,415478
tok13,2023-07-31,36.478,345286
tok13,2023-08-01,35.459,355154
tok13,2023-08-02,36.626,311182
tok13,2023-08-03,34.798,337385
tok13,2023-08-04,36.698,397708
tok13,2023-08-05,36.701,723369
tok13,2023-08-06,35.484,510229
tok13,2023-08-07,36.795,112249
tok13,2023-08-08,38.274,1101541
tok13,2023-08-09,38.684,645788
tok13,2023-08-10,38.601,314998
tok13,2023-08-11,38.274,236655
tok13,2023-08-12,40.652,603854
tok13,2023-08-13,40.837,321463
tok13,2023-08-14,41.256,469222
tok13,2023-08-15,41.579,411524
tok13,2023-08-16,39.283,357388
tok13,2023-08-17,39.562,437334
tok13,2023-08-18,37.39,164045
tok13,2023-08-19,37.601,725605
tok13,2023-08-20,39.014,417199
tok13,2023-08-21,40.655,340092
tok13,2023-08-22,41.551,232711
tok13,2023-08-23,46.08,228286
tok13,2023-08-24,44.295,232916
tok13,2023-08-25,46.541,449542
tok13,2023-08-26,49.874,192583
tok13,2023-08-27,52.815,356226
tok13,2023-08-28,52.074,372088
tok13,2023-08-29,51.794,514525
tok13,2023-08-30,48.232,399810
tok13,2023-08-31,46.256,573450
tok13,2023-09-01,43.244,426862
tok13,2023-09-02,41.362,546066
tok13,2023-09-03,40.979,224288
tok13,2023-09-04,41.683,932118
tok13,2023-09-05,40.504,383564
tok13,2023-09-06,42.453,340912
tok13,2023-09-07,41.169,622346
tok13,2023-09-08,41.379,638398
tok13,2023-09-09,39.781,457672
tok13,2023-09-10,39.839,532266
tok13,2023-09-11,40.639,712385
tok13,2023-09-12,39.791,321739
tok13,2023-09-13,41.614,212426
tok13,2023-09-14,43.626,154497
tok13,2023-09-15,43.907,446540
tok13,2023-09-16,43.525,474558
tok13,2023-09-17,43.765,1155086
tok13,2023-09-18,42.207,370395
tok13,2023-09-19,41.403,622499
tok13,2023-09-20,44.408,350906
tok13,2023-09-21,42.774,1193921
tok13,2023-09-22,42.281,537159
tok13,2023-09-23,39.136,480328
tok13,2023-09-24,37.311,301408
tok13,2023-09-25,36.898,355018
tok13,2023-09-26,37.644,948242
tok13,2023-09-27,37.458,284137
tok13,2023-09-28,38.558,349673
tok13,2023-09-29,38.086,344982
tok13,2023-09-30,35.778,568692
tok13,2023-10-01,34.788,975955
tok13,2023-10-02,34.923,975483
tok13,2023-10-03,31.87,194936
tok13,2023-10-04,29.495,246935
tok13,2023-10-05,28.722,816345
tok13,2023-10-06,30.527,488545
tok13,2023-10-07,29.741,459743
tok13,2023-10-08,28.497,681317
tok13,2023-10-09,27.012,332737
tok13,2023-10-10,28.357,567471
tok13,2023-10-11,28.388,457025
tok13,2023-10-12,28.141,428607
tok13,2023-10-13,27.757,243827
tok13,2023-10-14,28.475,666979
tok13,2023-10-15,28.331,1100186
tok13,2023-10-16,27.296,836307
tok13,2023-10-17,28.206,705754
tok13,2023-10-18,29.129,269143
tok13,2023-10-19,27.648,343166
tok13,2023-10-20,26.534,798697
tok13,2023-10-21,26.377,444581
tok13,2023-10-22,27.987,444091
tok13,2023-10-23,28.798,458423
tok13,2023-10-24,29.616,523805
tok13,2023-10-25,30.403,383236
tok13,2023-10-26,30.824,380863
tok13,2023-10-27,32.435,976936
tok13,2023-10-28,30.042,420664
tok13,2023-10-29,29.198,808623
tok13,2023-10-30,30.835,402966
tok13,2023-10-31,30.969,471171
tok13,2023-11-01,30.287,395079
tok13,2023-11-02,29.315,532508
tok13,2023-11-03,30.343,261789
tok13,2023-11-04,31.052,758502
tok13,2023-11-05,30.712,301760
tok13,2023-11-06,29.761,845429
tok13,2023-11-07,30.783,524234
tok13,2023-11-08,31.76,1072709
tok13,2023-11-09,31.483,1012669
tok13,2023-11-10,28.975,676222
tok13,2023-11-11,28.992,248632
tok13,2023-11-12,30.023,567673
tok13,2023-11-13,27.517,530147
tok13,2023-11-14,28.909,586877
tok13,2023-11-15,29.538,274690
tok13,2023-11-16,28.878,238136
tok13,2023-11-17,29.791,510472
tok13,2023-11-18,29.081,262730
tok13,2023-11-19,30.742,798721
tok13,2023-11-20,30.176,531788
tok13,2023-11-21,29.747,640490
tok13,2023-11-22,29.798,657468
tok13,2023-11-23,29.501,351751
tok13,2023-11-24,29.593,332750
tok13,2023-11-25,29.201,1003733
tok13,2023-11-26,29.787,253478
tok13,2023-11-27,27.62,224117
tok13,2023-11-28,28.411,523694
tok13,2023-11-29,29.117,378503
tok13,2023-11-30,30.408,430821
tok13,2023-12-01,30.98,255808
tok13,2023-12-02,32.349,236581
tok13,2023-12-03,32.623,636852
tok13,2023-12-04,32.928,388131
tok13,2023-12-05,31.681,250268
tok13,2023-12-06,30.343,399131
tok13,2023-12-07,30.479,1115118
tok13,2023-12-08,31.14,305822
tok13,2023-12-09,33.584,263383
tok13,2023-12-10,32.479,309477
tok13,2023-12-11,31.399,1089752
tok13,2023-12-12,30.329,521844
tok13,2023-12-13,32.113,571998
tok13,2023-12-14,33.567,505330
tok13,2023-12-15,33.301,889169
tok13,2023-12-16,35.51,349477
tok13,2023-12-17,38.05,435016
tok13,2023-12-18,38.489,201023
tok13,2023-12-19,41.746,460451
tok13,2023-12-20,37.505,702990
tok13,2023-12-21,37.583,658545
tok13,2023-12-22,39.931,729167
tok13,2023-12-23,38.921,479069
tok13,2023-12-24,39.145,326907
tok13,2023-12-25,38.364,142889
tok13,2023-12-26,39.861,465390
tok13,2023-12-27,45.138,586771
tok13,2023-12-28,45.749,324186
tok13,2023-12-29,44.257,314772
tok13,2023-12-30,46.411,469315
tok13,2023-12-31,48.341,317249
tok14,2021-01-01,98.203,729821
tok14,2021-01-02,99.458,581694
tok14,2021-01-03,100.079,314376
tok14,2021-01-04,100.136,421804
tok14,2021-01-05,95.481,296185
tok14,2021-01-06,101.193,395734
tok14,2021-01-07,100.534,725973
tok14,2021-01-08,97.288,821514
tok14,2021-01-09,93.393,852534
tok14,2021-01-10,89.085,373826
tok14,2021-01-11,91.221,316522
tok14,2021-01-12,91.664,825016
tok14,2021-01-13,87.423,582489
tok14,2021-01-14,89.733,644769
tok14,2021-01-15,96.558,653501
tok14,2021-01-16,96.99,347638
tok14,2021-01-17,97.879,645627
tok14,2021-01-18,104.132,502340
tok14,2021-01-19,98.212,313142
tok14,2021-01-20,101.049,241928
tok14,2021-01-21,101.78,208731
tok14,2021-01-22,103.203,680801
tok14,2021-01-23,101.787,418197
tok14,2021-01-24,111.999,289603
tok14,2021-01-25,114.339,301761
tok14,2021-01-26,111.542,844424
tok14,2021-01-27,104.447,539020
tok14,2021-01-28,102.214,361846
tok14,2021-01-29,100.548,309789
tok14,2021-01-30,108.818,441522
tok14,2021-01-31,113.359,359050
tok14,2021-02-01,111.016,710359
tok14,2021-02-02,119.593,571256
tok14,2021-02-03,124.399,309486
tok14,2021-02-04,115.256,389187
tok14,2021-02-05,110.941,593179
tok14,2021-02-06,101.373,435775
tok14,2021-02-07,99.374,714922
tok14,2021-02-08,106.009,268514
tok14,2021-02-09,114.623,508398
tok14,2021-02-10,128.557,561807
tok14,2021-02-11,123.554,284141
tok14,2021-02-12,126.181,319283
tok14,2021-02-13,135.41,289279
tok14,2021-02-14,139.969,557255
tok14,2021-02-15,140.304,333245
tok14,2021-02-16,141.668,210600
tok14,2021-02-17,141.799,207140
tok14,2021-02-18,141.94,928905
tok14,2021-02-19,141.849,471783
tok14,2021-02-20,144.448,578560
tok14,2021-02-21,136.438,361379
tok14,2021-02-22,139.053,316768
tok14,2021-02-23,137.821,372272
tok14,2021-02-24,133.437,278764
tok14,2021-02-25,131.435,422367
tok14,2021-02-26,133.049,699359
tok14,2021-02-27,132.444,294629
tok14,2021-02-28,134.776,421806
tok14,2021-03-01,146.301,798788
tok14,2021-03-02,155.482,348985
tok14,2021-03-03,149.426,677226
tok14,2021-03-04,149.464,375738
tok14,2021-03-05,155.702,181605
tok14,2021-03-06,166.912,1323650
tok14,2021-03-07,160.479,392186
tok14,2021-03-08,160.411,323925
tok14,2021-03-09,167.087,1164386
tok14,2021-03-10,166.086,300235
tok14,2021-03-11,163.906,365216
tok14,2021-03-12,168.41,479519
tok14,2021-03-13,157.775,599238
tok14,2021-03-14,162.408,350761
tok14,2021-03-15,167.444,1980345
tok14,2021-03-16,157.505,442727
tok14,2021-03-17,158.184,464535
tok14,2021-03-18,156.505,594493
tok14,2021-03-19,159.943,419895
tok14,2021-03-20,164.883,461471
tok14,2021-03-21,168.445,385057
tok14,2021-03-22,163.251,484158
tok14,2021-03-23,169.428,670315
tok14,2021-03-24,181.59,257631
tok14,2021-03-25,161.305,270770
tok14,2021-03-26,165.589,821867
tok14,2021-03-27,156.82,260102
tok14,2021-03-28,154.555,339935
tok14,2021-03-29,149.778,280805
tok14,2021-03-30,150.19,369705
tok14,2021-03-31,146.258,259689
tok14,2021-04-01,136.326,590784
tok14,2021-04-02,136.423,734810
tok14,2021-04-03,144.434,402511
tok14,2021-04-04,135.67,311782
tok14,2021-04-05,132.176,422483
tok14,2021-04-06,132.83,681691
tok14,2021-04-07,131.461,332901
tok14,2021-04-08,126.716,1200185
tok14,2021-04-09,124.868,1121851
tok14,2021-04-10,112.899,567824
tok14,2021-04-11,115.265,691173
tok14,2021-04-12,115.05,1220063
tok14,2021-04-13,123.848,956209
tok14,2021-04-14,119.815,1161995
tok14,2021-04-15,119.669,600207
tok14,2021-04-16,114.908,575617
tok14,2021-04-17,111.884,129637
tok14,2021-04-18,105.307,507941
tok14,2021-04-19,102.042,252175
tok14,2021-04-20,105.857,202399
tok14,2021-04-21,108.512,717454
tok14,2021-04-22,111.177,143436
tok14,2021-04-23,108.565,831089
tok14,2021-04-24,111.498,420000
tok14,2021-04-25,117.391,355050
tok14,2021-04-26,112.359,768568
tok14,2021-04-27,109.776,951787
tok14,2021-04-28,108.515,435248
tok14,2021-04-29,104.564,337112
tok14,2021-04-30,103.58,689646
tok14,2021-05-01,105.554,293609
tok14,2021-05-02,114.369,219782
tok14,2021-05-03,108.5,937891
tok14,2021-05-04,110.539,244148
tok14,2021-05-05,114.103,262391
tok14,2021-05-06,113.677,309661
tok14,2021-05-07,111.272,331229
tok14,2021-05-08,101.853,232338
tok14,2021-05-09,104.879,622130
tok14,2021-05-10,114.093,308425
tok14,2021-05-11,128.766,329808
tok14,2021-05-12,135.996,395654
tok14,2021-05-13,127.261,342419
tok14,2021-05-14,122.493,546038
tok14,2021-05-15,114.991,251521
tok14,2021-05-16,113.803,210713
tok14,2021-05-17,108.045,368111
tok14,2021-05-18,118.267,481345
tok14,2021-05-19,123.376,157340
tok14,2021-05-20,114.33,685854
tok14,2021-05-21,109.068,452284
tok14,2021-05-22,110.418,1150721
tok14,2021-05-23,110.321,651490
tok14,2021-05-24,110.046,624630
tok14,2021-05-25,115.557,897473
tok14,2021-05-26,109.311,549536
tok14,2021-05-27,112.05,413365
tok14,2021-05-28,112.725,337860
tok14,2021-05-29,113.786,761518
tok14,2021-05-30,113.0,1167462
tok14,2021-05-31,118.141,370056
tok14,2021-06-01,116.939,199359
tok14,2021-06-02,113.394,930238
tok14,2021-06-03,108.311,229223
tok14,2021-06-04,114.101,497340
tok14,2021-06-05,117.431,490590
tok14,2021-06-06,119.795,340302
tok14,2021-06-07,116.322,229426
tok14,2021-06-08,124.427,323257
tok14,2021-06-09,121.53,434682
tok14,2021-06-10,120.24,295561
tok14,2021-06-11,123.41,857349
tok14,2021-06-12,119.627,626316
tok14,2021-06-13,121.263,849848
tok14,2021-06-14,115.429,616061
tok14,2021-06-15,112.213,270428
tok14,2021-06-16,110.556,624985
tok14,2021-06-17,118.151,546994
tok14,2021-06-18,113.493,173125
tok14,2021-06-19,117.563,206551
tok14,2021-06-20,119.038,452547
tok14,2021-06-21,113.504,643489
tok14,2021-06-22,120.159,867403
tok14,2021-06-23,118.547,902257
tok14,2021-06-24,107.716,223990
tok14,2021-06-25,110.018,347881
tok14,2021-06-26,111.521,461373
tok14,2021-06-27,118.775,203382
tok14,2021-06-28,116.884,1074138
tok14,2021-06-29,122.467,1351704
tok14,2021-06-30,119.177,782933
tok14,2021-07-01,116.562,1049132
tok14,2021-07-02,112.259,577280
tok14,2021-07-03,111.808,475441
tok14,2021-07-04,115.626,456649
tok14,2021-07-05,112.33,321896
tok14,2021-07-06,107.961,502458
tok14,2021-07-07,115.227,848636
tok14,2021-07-08,126.891,1296397
tok14,2021-07-09,123.747,399621
tok14,2021-07-10,117.615,452532
tok14,2021-07-11,123.722,235562
tok14,2021-07-12,127.584,227920
tok14,2021-07-13,124.344,191168
tok14,2021-07-14,117.667,500993
tok14,2021-07-15,109.602,206096
tok14,2021-07-16,112.407,451763
tok14,2021-07-17,114.913,299412
tok14,2021-07-18,118.153,400533
tok14,2021-07-19,124.378,491399
tok14,2021-07-20,118.709,782022
tok14,2021-07-21,120.419,390392
tok14,2021-07-22,116.792,664033
tok14,2021-07-23,116.727,486363
tok14,2021-07-24,118.784,1102799
tok14,2021-07-25,128.468,705832
tok14,2021-07-26,130.241,319247
tok14,2021-07-27,134.109,1009775
tok14,2021-07-28,140.287,1246533
tok14,2021-07-29,135.075,368789
tok14,2021-07-30,131.359,500496
tok14,2021-07-31,135.461,270453
tok14,2021-08-01,133.875,361783
tok14,2021-08-02,133.737,564835
tok14,2021-08-03,128.139,404225
tok14,2021-08-04,126.561,444475
tok14,2021-08-05,132.073,983807
tok14,2021-08-06,130.008,357018
tok14,2021-08-07,128.61,666661
tok14,2021-08-08,134.669,299253
tok14,2021-08-09,134.443,367536
tok14,2021-08-10,137.622,340674
tok14,2021-08-11,135.628,1076913
tok14,2021-08-12,134.46,416326
tok14,2021-08-13,141.845,721733
tok14,2021-08-14,135.248,374804
tok14,2021-08-15,136.829,382899
tok14,2021-08-16,136.697,375776
tok14,2021-08-17,136.377,267140
tok14,2021-08-18,138.524,369628
tok14,2021-08-19,131.91,469376
tok14,2021-08-20,131.917,798864
tok14,2021-08-21,128.872,492145
tok14,2021-08-22,120.737,682899
tok14,2021-08-23,123.15,262437
tok14,2021-08-24,118.09,544326
tok14,2021-08-25,122.324,506489
tok14,2021-08-26,126.562,435939
tok14,2021-08-27,126.271,877632
tok14,2021-08-28,129.715,326638
tok14,2021-08-29,126.677,244421
tok14,2021-08-30,128.059,591269
tok14,2021-08-31,129.263,760720
tok14,2021-09-01,139.069,502514
tok14,2021-09-02,142.798,179422
tok14,2021-09-03,142.8,133106
tok14,2021-09-04,137.796,558979
tok14,2021-09-05,143.526,630521
tok14,2021-09-06,143.559,312922
tok14,2021-09-07,147.054,500056
tok14,2021-09-08,137.386,879926
tok14,2021-09-09,136.107,187582
tok14,2021-09-10,137.387,812378
tok14,2021-09-11,131.892,233480
tok14,2021-09-12,131.792,450353
tok14,2021-09-13,129.076,315974
tok14,2021-09-14,122.738,224859
tok14,2021-09-15,120.674,365584
tok14,2021-09-16,127.169,798095
tok14,2021-09-17,122.257,548439
tok14,2021-09-18,122.851,483251
tok14,2021-09-19,116.79,274575
tok14,2021-09-20,114.179,311270
tok14,2021-09-21,117.343,468961
tok14,2021-09-22,105.383,387732
tok14,2021-09-23,102.312,835961
tok14,2021-09-24,97.037,137524
tok14,2021-09-25,98.908,644151
tok14,2021-09-26,100.537,526694
tok14,2021-09-27,97.391,1097109
tok14,2021-09-28,100.512,493351
tok14,2021-09-29,89.886,385426
tok14,2021-09-30,87.234,616018
tok14,2021-10-01,89.135,724051
tok14,2021-10-02,87.173,268499
tok14,2021-10-03,90.994,561574
tok14,2021-10-04,90.678,190087
tok14,2021-10-05,92.406,465428
tok14,2021-10-06,85.177,464496
tok14,2021-10-07,82.548,414026
tok14,2021-10-08,79.101,457581
tok14,2021-10-09,72.066,899827
tok14,2021-10-10,68.509,271491
tok14,2021-10-11,65.74,338622
tok14,2021-10-12,63.414,845311
tok14,2021-10-13,63.237,295238
tok14,2021-10-14,65.075,241156
tok14,2021-10-15,65.048,192398
tok14,2021-10-16,65.829,410221
tok14,2021-10-17,62.734,1140757
tok14,2021-10-18,64.165,612249
tok14,2021-10-19,63.613,704523
tok14,2021-10-20,63.44,1710574
tok14,2021-10-21,62.124,451840
tok14,2021-10-22,60.031,1046242
tok14,2021-10-23,58.46,425852
tok14,2021-10-24,58.066,131369
tok14,2021-10-25,55.955,326767
tok14,2021-10-26,56.17,317293
tok14,2021-10-27,56.006,494988
tok14,2021-10-28,59.286,612837
tok14,2021-10-29,58.272,225058
tok14,2021-10-30,55.055,1271302
tok14,2021-10-31,54.161,477565
tok14,2021-11-01,57.62,543301
tok14,2021-11-02,59.196,352969
tok14,2021-11-03,59.971,1372697
tok14,2021-11-04,59.498,526373
tok14,2021-11-05,56.73,182399
tok14,2021-11-06,62.19,399495
tok14,2021-11-07,58.371,218449
tok14,2021-11-08,60.524,291218
tok14,2021-11-09,62.828,230528
tok14,2021-11-10,60.213,687597
tok14,2021-11-11,59.8,243959
tok14,2021-11-12,61.931,272174
tok14,2021-11-13,58.858,606342
tok14,2021-11-14,59.133,319755
tok14,2021-11-15,54.043,425561
tok14,2021-11-16,51.638,765067
tok14,2021-11-17,48.968,330082
tok14,2021-11-18,50.827,661073
tok14,2021-11-19,47.442,406620
tok14,2021-11-20,49.173,1026253
tok14,2021-11-21,45.681,155573
tok14,2021-11-22,47.163,535649
tok14,2021-11-23,45.707,854035
tok14,2021-11-24,44.626,314144
tok14,2021-11-25,44.696,460442
tok14,2021-11-26,44.694,272614
tok14,2021-11-27,46.516,164053
tok14,2021-11-28,42.583,909488
tok14,2021-11-29,45.072,201140
tok14,2021-11-30,44.804,463747
tok14,2021-12-01,43.906,440856
tok14,2021-12-02,43.741,1282757
tok14,2021-12-03,42.605,400331
tok14,2021-12-04,42.968,395859
tok14,2021-12-05,45.06,699587
tok14,2021-12-06,46.002,632692
tok14,2021-12-07,47.095,319753
tok14,2021-12-08,47.647,849573
tok14,2021-12-09,44.204,243913
tok14,2021-12-10,45.123,613917
tok14,2021-12-11,45.65,462341
tok14,2021-12-12,45.898,324212
tok14,2021-12-13,44.144,335541
tok14,2021-12-14,42.718,169605
tok14,2021-12-15,44.282,526230
tok14,2021-12-16,44.463,523997
tok14,2021-12-17,41.839,284209
tok14,2021-12-18,42.516,552837
tok14,2021-12-19,42.947,220104
tok14,2021-12-20,45.978,248748
tok14,2021-12-21,45.022,460623
tok14,2021-12-22,44.068,1397761
tok14,2021-12-23,44.116,967984
tok14,2021-12-24,48.044,264988
tok14,2021-12-25,48.07,649630
tok14,2021-12-26,48.843,242448
tok14,2021-12-27,47.08,542131
tok14,2021-12-28,48.192,268291
tok14,2021-12-29,49.393,278935
tok14,2021-12-30,50.771,500738
tok14,2021-12-31,49.139,263826
tok14,2022-01-01,49.54,388760
tok14,2022-01-02,47.065,720562
tok14,2022-01-03,48.013,468554
tok14,2022-01-04,49.614,408107
tok14,2022-01-05,49.252,441744
tok14,2022-01-06,47.712,914042
tok14,2022-01-07,47.154,1061474
tok14,2022-01-08,47.914,437607
tok14,2022-01-09,47.828,803563
tok14,2022-01-10,49.682,290527
tok14,2022-01-11,44.832,401439
tok14,2022-01-12,40.9,324216
tok14,2022-01-13,41.542,570520
tok14,2022-01-14,43.1,1185852
tok14,2022-01-15,43.926,707986
tok14,2022-01-16,42.662,581233
tok14,2022-01-17,42.274,488439
tok14,2022-01-18,43.588,210982
tok14,2022-01-19,41.448,275937
tok14,2022-01-20,37.84,448100
tok14,2022-01-21,37.932,271966
tok14,2022-01-22,39.266,534337
tok14,2022-01-23,39.302,616583
tok14,2022-01-24,38.439,480938
tok14,2022-01-25,38.914,575944
tok14,2022-01-26,41.628,417586
tok14,2022-01-27,42.966,368958
tok14,2022-01-28,44.467,182104
tok14,2022-01-29,45.781,318549
tok14,2022-01-30,46.515,949602
tok14,2022-01-31,46.504,743373
tok14,2022-02-01,49.186,390534
tok14,2022-02-02,50.419,480601
tok14,2022-02-03,53.775,460320
tok14,2022-02-04,51.62,215258
tok14,2022-02-05,48.263,110556
tok14,2022-02-06,48.227,777801
tok14,2022-02-07,48.957,386302
tok14,2022-02-08,47.433,475492
tok14,2022-02-09,47.185,398966
tok14,2022-02-10,48.184,939002
tok14,2022-02-11,49.37,472282
tok14,2022-02-12,48.892,598227
tok14,2022-02-13,47.759,378411
tok14,2022-02-14,46.87,1037926
tok14,2022-02-15,45.003,1197332
tok14,2022-02-16,45.049,486772
tok14,2022-02-17,46.104,195039
tok14,2022-02-18,45.377,1035750
tok14,2022-02-19,44.227,859703
tok14,2022-02-20,43.345,955939
tok14,2022-02-21,44.222,556002
tok14,2022-02-22,44.81,99419
tok14,2022-02-23,43.571,268723
tok14,2022-02-24,45.253,583691
tok14,2022-02-25,46.226,252299
tok14,2022-02-26,46.71,591753
tok14,2022-02-27,46.981,282940
tok14,2022-02-28,48.173,499310
tok14,2022-03-01,50.337,576087
tok14,2022-03-02,50.148,425908
tok14,2022-03-03,45.099,272777
tok14,2022-03-04,44.707,1133325
tok14,2022-03-05,44.275,1267073
tok14,2022-03-06,44.635,356884
tok14,2022-03-07,45.781,674600
tok14,2022-03-08,43.75,782868
tok14,2022-03-09,46.003,313957
tok14,2022-03-10,47.553,568918
tok14,2022-03-11,45.81,258862
tok14,2022-03-12,48.547,460069
tok14,2022-03-13,47.28,190036
tok14,2022-03-14,50.096,653545
tok14,2022-03-15,49.294,570217
tok14,2022-03-16,51.37,461929
tok14,2022-03-17,51.775,963679
tok14,2022-03-18,54.321,351262
tok14,2022-03-19,55.893,236914
tok14,2022-03-20,55.427,242596
tok14,2022-03-21,51.511,688859
tok14,2022-03-22,47.193,302406
tok14,2022-03-23,51.642,477251
tok14,2022-03-24,48.22,350993
tok14,2022-03-25,46.746,689763
tok14,2022-03-26,45.995,242160
tok14,2022-03-27,46.914,237170
tok14,2022-03-28,47.211,309458
tok14,2022-03-29,49.331,625073
tok14,2022-03-30,49.448,358046
tok14,2022-03-31,47.141,350895
tok14,2022-04-01,51.265,358879
tok14,2022-04-02,50.35,284395
tok14,2022-04-03,50.682,709122
tok14,2022-04-04,48.897,578313
tok14,2022-04-05,51.882,287407
tok14,2022-04-06,47.422,459367
tok14,2022-04-07,47.551,720890
tok14,2022-04-08,47.809,334159
tok14,2022-04-09,50.273,767158
tok14,2022-04-10,50.613,933863
tok14,2022-04-11,49.453,855412
tok14,2022-04-12,50.202,415670
tok14,2022-04-13,48.949,401704
tok14,2022-04-14,47.641,726357
tok14,2022-04-15,46.011,382604
tok14,2022-04-16,45.589,527807
tok14,2022-04-17,45.283,510714
tok14,2022-04-18,46.147,445224
tok14,2022-04-19,46.308,1021982
tok14,2022-04-20,46.526,468237
tok14,2022-04-21,48.857,341850
tok14,2022-04-22,50.664,217245
tok14,2022-04-23,49.478,484616
tok14,2022-04-24,51.624,428282
tok14,2022-04-25,50.686,418466
tok14,2022-04-26,52.189,567010
tok14,2022-04-27,50.122,393538
tok14,2022-04-28,51.789,190580
tok14,2022-04-29,54.663,352791
tok14,2022-04-30,57.447,440864
tok14,2022-05-01,57.254,298138
tok14,2022-05-02,56.352,113537
tok14,2022-05-03,56.829,244487
tok14,2022-05-04,56.583,339766
tok14,2022-05-05,53.765,731949
tok14,2022-05-06,50.98,215744
tok14,2022-05-07,50.279,245523
tok14,2022-05-08,49.298,293498
tok14,2022-05-09,46.767,372345
tok14,2022-05-10,47.057,292965
tok14,2022-05-11,48.024,403501
tok14,2022-05-12,48.634,265941
tok14,2022-05-13,49.68,233384
tok14,2022-05-14,47.669,170703
tok14,2022-05-15,45.207,261251
tok14,2022-05-16,45.313,480767
tok14,2022-05-17,47.979,408161
tok14,2022-05-18,48.114,663517
tok14,2022-05-19,50.688,340808
tok14,2022-05-20,50.411,471964
tok14,2022-05-21,51.754,359985
tok14,2022-05-22,48.497,434985
tok14,2022-05-23,50.946,229642
tok14,2022-05-24,51.546,244696
tok14,2022-05-25,51.35,1105648
tok14,2022-05-26,48.969,385126
tok14,2022-05-27,48.607,686049
tok14,2022-05-28,52.079,898994
tok14,2022-05-29,48.852,484992
tok14,2022-05-30,48.576,527785
tok14,2022-05-31,49.625,807796
tok14,2022-06-01,49.817,430707
tok14,2022-06-02,50.726,247792
tok14,2022-06-03,53.063,654459
tok14,2022-06-04,56.44,360767
tok14,2022-06-05,52.17,555700
tok14,2022-06-06,53.327,390092
tok14,2022-06-07,49.386,422510
tok14,2022-06-08,45.866,307210
tok14,2022-06-09,44.484,337072
tok14,2022-06-10,44.255,389264
tok14,2022-06-11,41.416,510184
tok14,2022-06-12,41.961,373829
tok14,2022-06-13,44.103,404708
tok14,2022-06-14,46.624,243608
tok14,2022-06-15,47.419,791756
tok14,2022-06-16,46.592,366968
tok14,2022-06-17,43.993,448320
tok14,2022-06-18,42.761,393194
tok14,2022-06-19,40.199,946260
tok14,2022-06-20,38.632,648637
tok14,2022-06-21,39.235,686408
tok14,2022-06-22,38.719,273835
tok14,2022-06-23,37.557,383108
tok14,2022-06-24,35.981,305865
tok14,2022-06-25,34.206,420038
tok14,2022-06-26,35.16,585102
tok14,2022-06-27,37.745,372190
tok14,2022-06-28,38.459,710841
tok14,2022-06-29,38.242,782190
tok14,2022-06-30,37.616,332659
tok14,2022-07-01,39.232,761032
tok14,2022-07-02,39.221,690521
tok14,2022-07-03,38.711,484996
tok14,2022-07-04,38.59,927802
tok14,2022-07-05,37.401,126486
tok14,2022-07-06,36.683,485393
tok14,2022-07-07,36.858,280500
tok14,2022-07-08,36.95,213944
tok14,2022-07-09,34.765,674373
tok14,2022-07-10,32.244,207961
tok14,2022-07-11,32.325,796181
tok14,2022-07-12,32.379,616239
tok14,2022-07-13,31.141,843219
tok14,2022-07-14,30.288,268652
tok14,2022-07-15,30.251,282298
tok14,2022-07-16,30.729,370517
tok14,2022-07-17,32.088,248842
tok14,2022-07-18,32.894,693144
tok14,2022-07-19,32.821,390319
tok14,2022-07-20,31.404,477779
tok14,2022-07-21,33.144,325769
tok14,2022-07-22,33.928,177268
tok14,2022-07-23,33.783,712509
tok14,2022-07-24,33.935,570284
tok14,2022-07-25,34.62,1266237
tok14,2022-07-26,36.726,227859
tok14,2022-07-27,38.13,568795
tok14,2022-07-28,38.189,279922
tok14,2022-07-29,36.983,1421410
tok14,2022-07-30,37.37,705880
tok14,2022-07-31,37.354,437414
tok14,2022-08-01,38.003,364265
tok14,2022-08-02,37.501,161666
tok14,2022-08-03,38.646,313442
tok14,2022-08-04,41.284,360950
tok14,2022-08-05,44.372,704570
tok14,2022-08-06,42.784,608743
tok14,2022-08-07,42.296,427297
tok14,2022-08-08,43.2,193204
tok14,2022-08-09,43.162,694239
tok14,2022-08-10,40.593,317256
tok14,2022-08-11,42.293,300403
tok14,2022-08-12,45.509,626102
tok14,2022-08-13,48.003,271858
tok14,2022-08-14,52.377,447829
tok14,2022-08-15,56.196,416539
tok14,2022-08-16,61.714,721940
tok14,2022-08-17,60.849,684207
tok14,2022-08-18,60.623,239009
tok14,2022-08-19,60.226,394848
tok14,2022-08-20,61.506,784667
tok14,2022-08-21,64.982,505465
tok14,2022-08-22,63.491,705885
tok14,2022-08-23,62.19,208132
tok14,2022-08-24,62.436,328244
tok14,2022-08-25,62.394,1463008
tok14,2022-08-26,61.686,588542
tok14,2022-08-27,58.557,170246
tok14,2022-08-28,54.601,384565
tok14,2022-08-29,58.893,760192
tok14,2022-08-30,57.275,416077
tok14,2022-08-31,57.852,226169
tok14,2022-09-01,59.32,244995
tok14,2022-09-02,60.03,245909
tok14,2022-09-03,56.742,357745
tok14,2022-09-04,56.301,546666
tok14,2022-09-05,56.727,718872
tok14,2022-09-06,53.408,348069
tok14,2022-09-07,50.329,951124
tok14,2022-09-08,51.275,348179
tok14,2022-09-09,48.682,292263
tok14,2022-09-10,51.508,574751
tok14,2022-09-11,50.603,260441
tok14,2022-09-12,51.28,144292
tok14,2022-09-13,50.685,359269
tok14,2022-09-14,48.483,175953
tok14,2022-09-15,47.179,457193
tok14,2022-09-16,46.544,270193
tok14,2022-09-17,43.93,133480
tok14,2022-09-18,44.32,326929
tok14,2022-09-19,42.896,382948
tok14,2022-09-20,41.952,401360
tok14,2022-09-21,40.082,646747
tok14,2022-09-22,43.08,183335
tok14,2022-09-23,42.522,594246
tok14,2022-09-24,45.131,147820
tok14,2022-09-25,44.483,584551
tok14,2022-09-26,46.282,644838
tok14,2022-09-27,44.975,383684
tok14,2022-09-28,46.529,772124
tok14,2022-09-29,48.427,463740
tok14,2022-09-30,49.079,445726
tok14,2022-10-01,48.689,347909
tok14,2022-10-02,49.298,543870
tok14,2022-10-03,51.42,433512
tok14,2022-10-04,48.4,339855
tok14,2022-10-05,50.265,540778
tok14,2022-10-06,44.537,219873
tok14,2022-10-07,43.855,584090
tok14,2022-10-08,43.296,775595
tok14,2022-10-09,44.108,430543
tok14,2022-10-10,43.116,548903
tok14,2022-10-11,41.731,445554
tok14,2022-10-12,42.216,387409
tok14,2022-10-13,42.621,135625
tok14,2022-10-14,44.93,615223
tok14,2022-10-15,44.559,241204
tok14,2022-10-16,46.473,559104
tok14,2022-10-17,42.091,287726
tok14,2022-10-18,42.926,162517
tok14,2022-10-19,44.172,830699
tok14,2022-10-20,48.142,312183
tok14,2022-10-21,49.17,363185
tok14,2022-10-22,45.87,404583
tok14,2022-10-23,46.721,227861
tok14,2022-10-24,48.168,314695
tok14,2022-10-25,51.925,787053
tok14,2022-10-26,52.747,357364
tok14,2022-10-27,53.496,787625
tok14,2022-10-28,51.506,490300
tok14,2022-10-29,56.368,1263368
tok14,2022-10-30,54.038,581588
tok14,2022-10-31,55.011,436596
tok14,2022-11-01,53.457,698106
tok14,2022-11-02,55.208,528319
tok14,2022-11-03,51.845,486047
tok14,2022-11-04,53.465,690689
tok14,2022-11-05,50.991,539080
tok14,2022-11-06,50.661,838623
tok14,2022-11-07,49.197,553249
tok14,2022-11-08,49.221,590617
tok14,2022-11-09,51.476,273030
tok14,2022-11-10,49.051,540928
tok14,2022-11-11,46.716,464804
tok14,2022-11-12,44.581,218965
tok14,2022-11-13,44.162,1071763
tok14,2022-11-14,42.635,405155
tok14,2022-11-15,39.993,625580
tok14,2022-11-16,39.366,266127
tok14,2022-11-17,38.135,276780
tok14,2022-11-18,37.811,798660
tok14,2022-11-19,37.874,263704
tok14,2022-11-20,36.483,456198
tok14,2022-11-21,37.359,332344
tok14,2022-11-22,36.207,959490
tok14,2022-11-23,36.753,456116
tok14,2022-11-24,40.207,709142
tok14,2022-11-25,42.811,245574
tok14,2022-11-26,43.252,675400
tok14,2022-11-27,45.18,638189
tok14,2022-11-28,49.544,751355
tok14,2022-11-29,47.151,523291
tok14,2022-11-30,45.32,361110
tok14,2022-12-01,44.07,874321
tok14,2022-12-02,46.45,167502
tok14,2022-12-03,45.874,579706
tok14,2022-12-04,44.961,605263
tok14,2022-12-05,44.908,225646
tok14,2022-12-06,47.763,630199
tok14,2022-12-07,47.379,263389
tok14,2022-12-08,41.847,687324
tok14,2022-12-09,38.002,339769
tok14,2022-12-10,36.82,519718
tok14,2022-12-11,37.616,327368
tok14,2022-12-12,36.328,379567
tok14,2022-12-13,37.212,629583
tok14,2022-12-14,37.275,640451
tok14,2022-12-15,38.289,242405
tok14,2022-12-16,39.895,530173
tok14,2022-12-17,40.487,427784
tok14,2022-12-18,38.947,684679
tok14,2022-12-19,40.003,205957
tok14,2022-12-20,39.494,376148
tok14,2022-12-21,40.516,418024
tok14,2022-12-22,39.801,527752
tok14,2022-12-23,42.073,720450
tok14,2022-12-24,42.31,1113649
tok14,2022-12-25,43.627,227643
tok14,2022-12-26,44.695,465887
tok14,2022-12-27,41.409,635099
tok14,2022-12-28,43.758,467018
tok14,2022-12-29,42.906,232856
tok14,2022-12-30,39.067,846479
tok14,2022-12-31,32.441,282385
tok14,2023-01-01,30.173,361871
tok14,2023-01-02,30.48,390731
tok14,2023-01-03,28.858,251298
tok14,2023-01-04,27.745,302502
tok14,2023-01-05,28.639,199309
tok14,2023-01-06,27.952,388725
tok14,2023-01-07,28.378,348763
tok14,2023-01-08,28.077,500851
tok14,2023-01-09,26.897,403044
tok14,2023-01-10,27.66,340112
tok14,2023-01-11,29.757,543106
tok14,2023-01-12,29.668,391053
tok14,2023-01-13,30.298,525759
tok14,2023-01-14,30.292,773914
tok14,2023-01-15,30.044,290081
tok14,2023-01-16,32.534,625248
tok14,2023-01-17,33.269,328591
tok14,2023-01-18,32.163,295000
tok14,2023-01-19,32.355,424588
tok14,2023-01-20,30.486,229463
tok14,2023-01-21,32.594,433975
tok14,2023-01-22,32.346,447654
tok14,2023-01-23,33.466,648997
tok14,2023-01-24,32.884,223627
tok14,2023-01-25,32.877,992026
tok14,2023-01-26,33.3,241113
tok14,2023-01-27,32.64,802215
tok14,2023-01-28,31.162,219025
tok14,2023-01-29,32.329,313016
tok14,2023-01-30,31.474,303809
tok14,2023-01-31,31.625,743053
tok14,2023-02-01,32.345,225631
tok14,2023-02-02,29.339,506336
tok14,2023-02-03,26.899,442438
tok14,2023-02-04,27.096,548803
tok14,2023-02-05,27.818,230919
tok14,2023-02-06,27.083,709933
tok14,2023-02-07,29.148,539988
tok14,2023-02-08,29.348,447383
tok14,2023-02-09,28.329,246206
tok14,2023-02-10,28.681,782618
tok14,2023-02-11,27.849,528915
tok14,2023-02-12,29.021,967131
tok14,2023-02-13,28.897,599498
tok14,2023-02-14,28.203,171046
tok14,2023-02-15,29.141,269673
tok14,2023-02-16,27.606,299108
tok14,2023-02-17,28.272,696045
tok14,2023-02-18,28.153,404058
tok14,2023-02-19,27.35,403241
tok14,2023-02-20,26.694,360634
tok14,2023-02-21,27.195,331268
tok14,2023-02-22,28.007,335535
tok14,2023-02-23,27.29,537944
tok14,2023-02-24,26.823,222806
tok14,2023-02-25,26.502,466775
tok14,2023-02-26,28.124,568529
tok14,2023-02-27,28.272,308342
tok14,2023-02-28,28.136,479656
tok14,2023-03-01,29.581,492729
tok14,2023-03-02,29.084,778805
tok14,2023-03-03,29.478,318830
tok14,2023-03-04,29.032,138212
tok14,2023-03-05,28.438,510480
tok14,2023-03-06,29.349,393516
tok14,2023-03-07,29.257,247926
tok14,2023-03-08,28.662,603126
tok14,2023-03-09,27.877,516006
tok14,2023-03-10,26.698,252892
tok14,2023-03-11,26.496,436173
tok14,2023-03-12,24.693,478311
tok14,2023-03-13,26.316,209991
tok14,2023-03-14,25.836,347833
tok14,2023-03-15,25.55,639322
tok14,2023-03-16,26.046,332138
tok14,2023-03-17,24.602,694015
tok14,2023-03-18,23.973,313007
tok14,2023-03-19,24.321,644648
tok14,2023-03-20,26.037,499735
tok14,2023-03-21,23.582,422475
tok14,2023-03-22,24.857,404206
tok14,2023-03-23,26.072,309677
tok14,2023-03-24,25.612,727190
tok14,2023-03-25,25.081,310936
tok14,2023-03-26,26.242,338114
tok14,2023-03-27,25.79,271561
tok14,2023-03-28,23.809,1376492
tok14,2023-03-29,23.489,132575
tok14,2023-03-30,24.1,571393
tok14,2023-03-31,23.661,874147
tok14,2023-04-01,22.859,365408
tok14,2023-04-02,22.792,1218307
tok14,2023-04-03,23.457,346281
tok14,2023-04-04,21.719,220624
tok14,2023-04-05,22.375,909243
tok14,2023-04-06,24.012,322509
tok14,2023-04-07,23.664,877357
tok14,2023-04-08,24.277,775499
tok14,2023-04-09,23.972,550627
tok14,2023-04-10,23.934,564345
tok14,2023-04-11,24.668,836595
tok14,2023-04-12,23.832,379689
tok14,2023-04-13,23.611,375119
tok14,2023-04-14,24.653,632204
tok14,2023-04-15,22.192,240313
tok14,2023-04-16,20.237,156740
tok14,2023-04-17,20.033,409482
tok14,2023-04-18,19.538,265985
tok14,2023-04-19,18.137,507575
tok14,2023-04-20,17.212,612631
tok14,2023-04-21,17.75,973018
tok14,2023-04-22,17.133,560868
tok14,2023-04-23,17.76,518901
tok14,2023-04-24,17.563,678512
tok14,2023-04-25,18.161,812471
tok14,2023-04-26,18.452,334889
tok14,2023-04-27,19.174,268803
tok14,2023-04-28,18.931,201894
tok14,2023-04-29,19.748,790886
tok14,2023-04-30,19.949,330732
tok14,2023-05-01,20.905,1101901
tok14,2023-05-02,20.606,193365
tok14,2023-05-03,20.491,873320
tok14,2023-05-04,20.747,781020
tok14,2023-05-05,21.499,220852
tok14,2023-05-06,20.652,263766
tok14,2023-05-07,23.454,251939
tok14,2023-05-08,24.456,271825
tok14,2023-05-09,24.713,493564
tok14,2023-05-10,23.555,1078263
tok14,2023-05-11,24.592,528579
tok14,2023-05-12,24.68,148172
tok14,2023-05-13,25.581,234352
tok14,2023-05-14,26.534,801703
tok14,2023-05-15,27.531,514418
tok14,2023-05-16,27.606,684093
tok14,2023-05-17,25.303,508476
tok14,2023-05-18,24.684,613740
tok14,2023-05-19,24.353,107706
tok14,2023-05-20,24.24,452704
tok14,2023-05-21,25.387,1903144
tok14,2023-05-22,26.212,267764
tok14,2023-05-23,25.186,207093
tok14,2023-05-24,25.459,407877
tok14,2023-05-25,27.461,627827
tok14,2023-05-26,28.074,647799
tok14,2023-05-27,29.442,619303
tok14,2023-05-28,28.334,267022
tok14,2023-05-29,27.729,808511
tok14,2023-05-30,27.351,448824
tok14,2023-05-31,26.41,613874
tok14,2023-06-01,28.969,847143
tok14,2023-06-02,29.706,252329
tok14,2023-06-03,31.065,439393
tok14,2023-06-04,31.713,436523
tok14,2023-06-05,30.21,587891
tok14,2023-06-06,29.069,346335
tok14,2023-06-07,29.094,837710
tok14,2023-06-08,27.986,542610
tok14,2023-06-09,28.112,899049
tok14,2023-06-10,28.515,349495
tok14,2023-06-11,27.554,735633
tok14,2023-06-12,27.553,1049773
tok14,2023-06-13,26.277,661270
tok14,2023-06-14,25.461,191205
tok14,2023-06-15,27.393,383805
tok14,2023-06-16,25.618,244100
tok14,2023-06-17,24.7,581829
tok14,2023-06-18,26.554,612506
tok14,2023-06-19,27.012,310985
tok14,2023-06-20,27.021,280991
tok14,2023-06-21,27.738,627305
tok14,2023-06-22,26.748,875176
tok14,2023-06-23,24.655,645464
tok14,2023-06-24,24.36,332283
tok14,2023-06-25,22.856,473124
tok14,2023-06-26,23.717,453691
tok14,2023-06-27,22.75,107657
tok14,2023-06-28,22.851,487831
tok14,2023-06-29,23.26,462322
tok14,2023-06-30,22.49,555386
tok14,2023-07-01,22.029,662630
tok14,2023-07-02,21.964,994828
tok14,2023-07-03,21.125,1648987
tok14,2023-07-04,20.752,574722
tok14,2023-07-05,20.419,623545
tok14,2023-07-06,20.47,581355
tok14,2023-07-07,19.148,243917
tok14,2023-07-08,17.175,634906
tok14,2023-07-09,17.653,585999
tok14,2023-07-10,18.937,1004364
tok14,2023-07-11,18.805,177712
tok14,2023-07-12,18.696,283159
tok14,2023-07-13,19.16,355850
tok14,2023-07-14,19.419,1351048
tok14,2023-07-15,20.001,173237
tok14,2023-07-16,20.82,928366
tok14,2023-07-17,21.253,435454
tok14,2023-07-18,20.777,777033
tok14,2023-07-19,20.123,863789
tok14,2023-07-20,18.381,365155
tok14,2023-07-21,17.977,287425
tok14,2023-07-22,18.355,212305
tok14,2023-07-23,17.886,287382
tok14,2023-07-24,19.124,243463
tok14,2023-07-25,19.177,654549
tok14,2023-07-26,19.09,199580
tok14,2023-07-27,18.874,366554
tok14,2023-07-28,19.059,741492
tok14,2023-07-29,19.602,376453
tok14,2023-07-30,19.593,485645
tok14,2023-07-31,19.807,348290
tok14,2023-08-01,19.383,598730
tok14,2023-08-02,17.582,251067
tok14,2023-08-03,18.343,380455
tok14,2023-08-04,18.529,547338
tok14,2023-08-05,18.181,377897
tok14,2023-08-06,18.522,464789
tok14,2023-08-07,17.811,1217048
tok14,2023-08-08,16.991,340941
tok14,2023-08-09,18.665,802418
tok14,2023-08-10,18.395,246023
tok14,2023-08-11,16.414,770988
tok14,2023-08-12,16.27,244212
tok14,2023-08-13,16.255,183293
tok14,2023-08-14,16.841,558500
tok14,2023-08-15,17.012,868262
tok14,2023-08-16,18.662,1094902
tok14,2023-08-17,20.089,535129
tok14,2023-08-18,19.517,598818
tok14,2023-08-19,19.187,309528
tok14,2023-08-20,20.309,534907
tok14,2023-08-21,21.046,281658
tok14,2023-08-22,19.124,819616
tok14,2023-08-23,20.108,394978
tok14,2023-08-24,18.252,594765
tok14,2023-08-25,16.225,416296
tok14,2023-08-26,16.817,442538
tok14,2023-08-27,16.092,150401
tok14,2023-08-28,15.492,331481
tok14,2023-08-29,14.791,482698
tok14,2023-08-30,15.415,579283
tok14,2023-08-31,14.854,188566
tok14,2023-09-01,14.435,397765
tok14,2023-09-02,14.987,771426
tok14,2023-09-03,14.567,426488
tok14,2023-09-04,15.575,534882
tok14,2023-09-05,16.204,289878
tok14,2023-09-06,16.995,286207
tok14,2023-09-07,17.156,1017001
tok14,2023-09-08,16.989,711733
tok14,2023-09-09,17.539,313260
tok14,2023-09-10,18.192,507952
tok14,2023-09-11,18.588,791500
tok14,2023-09-12,18.43,455308
tok14,2023-09-13,17.168,523427
tok14,2023-09-14,16.765,584278
tok14,2023-09-15,16.749,345931
tok14,2023-09-16,17.145,307005
tok14,2023-09-17,17.016,379457
tok14,2023-09-18,16.894,1006621
tok14,2023-09-19,17.431,561752
tok14,2023-09-20,17.499,211116
tok14,2023-09-21,17.998,360265
tok14,2023-09-22,17.408,498428
tok14,2023-09-23,17.81,209258
tok14,2023-09-24,17.064,671197
tok14,2023-09-25,16.667,686791
tok14,2023-09-26,14.842,184023
tok14,2023-09-27,14.901,375320
tok14,2023-09-28,13.468,376153
tok14,2023-09-29,13.681,230156
tok14,2023-09-30,14.541,383172
tok14,2023-10-01,15.175,902962
tok14,2023-10-02,14.863,262389
tok14,2023-10-03,15.57,437614
tok14,2023-10-04,15.985,578213
tok14,2023-10-05,15.905,548515
tok14,2023-10-06,15.877,427749
tok14,2023-10-07,14.907,471298
tok14,2023-10-08,14.619,191765
tok14,2023-10-09,15.058,1350025
tok14,2023-10-10,14.768,1860905
tok14,2023-10-11,15.164,330394
tok14,2023-10-12,15.129,397896
tok14,2023-10-13,14.89,378818
tok14,2023-10-14,15.482,686759
tok14,2023-10-15,15.344,185013
tok14,2023-10-16,15.726,1000008
tok14,2023-10-17,14.893,374323
tok14,2023-10-18,15.42,294566
tok14,2023-10-19,15.681,409168
tok14,2023-10-20,15.589,140354
tok14,2023-10-21,15.931,133644
tok14,2023-10-22,15.254,1182895
tok14,2023-10-23,15.614,166707
tok14,2023-10-24,14.948,488536
tok14,2023-10-25,15.326,351862
tok14,2023-10-26,15.277,375850
tok14,2023-10-27,15.166,743906
tok14,2023-10-28,15.422,381679
tok14,2023-10-29,15.025,331715
tok14,2023-10-30,14.018,269875
tok14,2023-10-31,13.243,387100
tok14,2023-11-01,12.854,361148
tok14,2023-11-02,13.054,430367
tok14,2023-11-03,12.871,364324
tok14,2023-11-04,11.748,166279
tok14,2023-11-05,11.769,552156
tok14,2023-11-06,11.5,315530
tok14,2023-11-07,12.663,408371
tok14,2023-11-08,12.234,177854
tok14,2023-11-09,11.578,476640
tok14,2023-11-10,12.684,450030
tok14,2023-11-11,13.514,937649
tok14,2023-11-12,14.04,217006
tok14,2023-11-13,13.233,502263
tok14,2023-11-14,13.345,749637
tok14,2023-11-15,13.768,454559
tok14,2023-11-16,13.428,426128
tok14,2023-11-17,13.977,1276742
tok14,2023-11-18,12.855,256383
tok14,2023-11-19,13.382,360479
tok14,2023-11-20,13.123,469000
tok14,2023-11-21,13.602,442006
tok14,2023-11-22,13.7,497452
tok14,2023-11-23,13.564,474216
tok14,2023-11-24,13.873,343618
tok14,2023-11-25,14.621,184974
tok14,2023-11-26,14.504,353504
tok14,2023-11-27,14.075,162230
tok14,2023-11-28,14.19,906296
tok14,2023-11-29,13.766,614350
tok14,2023-11-30,13.972,286945
tok14,2023-12-01,13.504,1100052
tok14,2023-12-02,14.005,590958
tok14,2023-12-03,14.386,341020
tok14,2023-12-04,13.205,405226
tok14,2023-12-05,12.775,548903
tok14,2023-12-06,12.261,373254
tok14,2023-12-07,12.436,366366
tok14,2023-12-08,12.043,427540
tok14,2023-12-09,12.121,376750
tok14,2023-12-10,11.887,476681
tok14,2023-12-11,12.299,762718
tok14,2023-12-12,12.39,224181
tok14,2023-12-13,12.938,310297
tok14,2023-12-14,12.741,237823
tok14,2023-12-15,14.026,543100
tok14,2023-12-16,13.888,526104
tok14,2023-12-17,14.669,279276
tok14,2023-12-18,14.193,337882
tok14,2023-12-19,14.246,612906
tok14,2023-12-20,13.391,291750
tok14,2023-12-21,13.902,397914
tok14,2023-12-22,13.808,811348
tok14,2023-12-23,13.562,505297
tok14,2023-12-24,13.476,355406
tok14,2023-12-25,13.573,405169
tok14,2023-12-26,13.683,858078
tok14,2023-12-27,13.333,1457201
tok14,2023-12-28,13.275,519426
tok14,2023-12-29,13.319,1159677
tok14,2023-12-30,12.889,464068
tok14,2023-12-31,13.322,323964
tok15,2021-01-01,104.732,528039
tok15,2021-01-02,98.875,346670
tok15,2021-01-03,104.45,674141
tok15,2021-01-04,105.378,313050
tok15,2021-01-05,102.566,551166
tok15,2021-01-06,100.411,324352
tok15,2021-01-07,99.218,804264
tok15,2021-01-08,102.51,187060
tok15,2021-01-09,104.315,230299
tok15,2021-01-10,107.904,428766
tok15,2021-01-11,107.206,464800
tok15,2021-01-12,105.508,503611
tok15,2021-01-13,108.565,572434
tok15,2021-01-14,107.044,870612
tok15,2021-01-15,107.199,419495
tok15,2021-01-16,110.196,414136
tok15,2021-01-17,110.622,222777
tok15,2021-01-18,110.084,1425795
tok15,2021-01-19,107.019,459927
tok15,2021-01-20,106.97,702303
tok15,2021-01-21,103.258,192057
tok15,2021-01-22,94.215,151750
tok15,2021-01-23,103.725,764147
tok15,2021-01-24,107.268,667884
tok15,2021-01-25,112.988,363946
tok15,2021-01-26,114.701,1014360
tok15,2021-01-27,113.721,384571
tok15,2021-01-28,113.647,462080
tok15,2021-01-29,117.011,268989
tok15,2021-01-30,108.431,351402
tok15,2021-01-31,102.931,470666
tok15,2021-02-01,106.482,343381
tok15,2021-02-02,107.096,275049
tok15,2021-02-03,106.952,153164
tok15,2021-02-04,102.603,391875
tok15,2021-02-05,108.865,245325
tok15,2021-02-06,110.151,532236
tok15,2021-02-07,105.934,1638024
tok15,2021-02-08,99.775,867054
tok15,2021-02-09,102.812,382141
tok15,2021-02-10,105.215,200801
tok15,2021-02-11,105.64,237459
tok15,2021-02-12,106.465,308913
tok15,2021-02-13,102.87,172817
tok15,2021-02-14,102.199,233870
tok15,2021-02-15,99.281,325220
tok15,2021-02-16,100.486,419049
tok15,2021-02-17,104.14,1211260
tok15,2021-02-18,98.438,424755
tok15,2021-02-19,101.713,425612
tok15,2021-02-20,103.344,569771
tok15,2021-02-21,103.39,849044
tok15,2021-02-22,102.775,555867
tok15,2021-02-23,98.517,483788
tok15,2021-02-24,101.605,489754
tok15,2021-02-25,104.407,1314728
tok15,2021-02-26,99.319,142493
tok15,2021-02-27,93.457,499043
tok15,2021-02-28,94.831,272556
tok15,2021-03-01,94.215,497071
tok15,2021-03-02,90.588,1092850
tok15,2021-03-03,89.49,359407
tok15,2021-03-04,87.695,1482017
tok15,2021-03-05,92.424,501773
tok15,2021-03-06,99.168,594989
tok15,2021-03-07,97.122,374843
tok15,2021-03-08,96.337,193507
tok15,2021-03-09,103.091,436185
tok15,2021-03-10,103.491,682860
tok15,2021-03-11,105.549,582666
tok15,2021-03-12,106.749,263292
tok15,2021-03-13,97.549,1367797
tok15,2021-03-14,98.779,363267
tok15,2021-03-15,100.043,233711
tok15,2021-03-16,95.165,446936
tok15,2021-03-17,91.772,481177
tok15,2021-03-18,92.763,604871
tok15,2021-03-19,94.64,1017605
tok15,2021-03-20,98.317,841279
tok15,2021-03-21,99.837,807400
tok15,2021-03-22,102.849,411989
tok15,2021-03-23,108.107,288007
tok15,2021-03-24,102.934,686540
tok15,2021-03-25,102.522,621874
tok15,2021-03-26,105.648,513602
tok15,2021-03-27,110.883,1291109
tok15,2021-03-28,103.078,588646
tok15,2021-03-29,100.673,1032000
tok15,2021-03-30,100.588,501266
tok15,2021-03-31,108.389,632242
tok15,2021-04-01,109.317,222932
tok15,2021-04-02,117.761,461272
tok15,2021-04-03,124.486,378662
tok15,2021-04-04,130.459,939861
tok15,2021-04-05,134.931,747763
tok15,2021-04-06,135.872,313862
tok15,2021-04-07,148.639,392962
tok15,2021-04-08,149.641,146264
tok15,2021-04-09,156.251,370461
tok15,2021-04-10,157.476,1000443
tok15,2021-04-11,152.679,798472
tok15,2021-04-12,148.329,693723
tok15,2021-04-13,148.969,396495
tok15,2021-04-14,142.616,721357
tok15,2021-04-15,149.506,667527
tok15,2021-04-16,163.975,176032
tok15,2021-04-17,167.293,291302
tok15,2021-04-18,174.824,293526
tok15,2021-04-19,168.237,224592
tok15,2021-04-20,166.682,362231
tok15,2021-04-21,180.282,276111
tok15,2021-04-22,181.918,603987
tok15,2021-04-23,176.46,404436
tok15,2021-04-24,169.195,654094
tok15,2021-04-25,168.254,1282912
tok15,2021-04-26,166.544,521633
tok15,2021-04-27,172.476,633395
tok15,2021-04-28,171.605,828766
tok15,2021-04-29,180.599,1202064
tok15,2021-04-30,180.103,427490
tok15,2021-05-01,192.741,609648
tok15,2021-05-02,191.784,1037646
tok15,2021-05-03,189.488,265309
tok15,2021-05-04,200.711,703681
tok15,2021-05-05,197.631,377863
tok15,2021-05-06,203.187,509146
tok15,2021-05-07,211.338,412660
tok15,2021-05-08,200.612,201994
tok15,2021-05-09,206.682,373186
tok15,2021-05-10,210.26,600188
tok15,2021-05-11,223.074,569435
tok15,2021-05-12,213.594,948814
tok15,2021-05-13,219.548,412251
tok15,2021-05-14,217.89,392571
tok15,2021-05-15,211.176,299769
tok15,2021-05-16,209.831,420037
tok15,2021-05-17,223.836,440626
tok15,2021-05-18,238.208,617849
tok15,2021-05-19,244.591,522048
tok15,2021-05-20,239.679,636745
tok15,2021-05-21,243.98,201195
tok15,2021-05-22,236.664,375727
tok15,2021-05-23,224.576,200061
tok15,2021-05-24,218.362,252580
tok15,2021-05-25,202.976,223514
tok15,2021-05-26,201.755,232161
tok15,2021-05-27,206.758,382811
tok15,2021-05-28,200.642,572811
tok15,2021-05-29,198.612,350100
tok15,2021-05-30,192.558,544112
tok15,2021-05-31,199.538,326677
tok15,2021-06-01,203.491,275863
tok15,2021-06-02,195.257,237043
tok15,2021-06-03,192.734,373246
tok15,2021-06-04,194.364,322298
tok15,2021-06-05,190.91,381577
tok15,2021-06-06,179.419,1278196
tok15,2021-06-07,175.273,236083
tok15,2021-06-08,179.831,657417
tok15,2021-06-09,184.083,838781
tok15,2021-06-10,186.557,654577
tok15,2021-06-11,191.164,462427
tok15,2021-06-12,191.231,159019
tok15,2021-06-13,193.098,335467
tok15,2021-06-14,192.294,275940
tok15,2021-06-15,197.576,270710
tok15,2021-06-16,198.663,1057793
tok15,2021-06-17,208.743,1144945
tok15,2021-06-18,211.568,1161707
tok15,2021-06-19,200.012,333257
tok15,2021-06-20,204.927,189848
tok15,2021-06-21,205.016,704082
tok15,2021-06-22,217.534,268892
tok15,2021-06-23,224.045,234037
tok15,2021-06-24,229.117,834778
tok15,2021-06-25,220.837,450863
tok15,2021-06-26,212.872,325634
tok15,2021-06-27,212.089,188642
tok15,2021-06-28,192.017,1022580
tok15,2021-06-29,195.026,413525
tok15,2021-06-30,184.76,116429
tok15,2021-07-01,180.411,665175
tok15,2021-07-02,175.442,343794
tok15,2021-07-03,178.602,363561
tok15,2021-07-04,182.088,554838
tok15,2021-07-05,186.947,682361
tok15,2021-07-06,194.893,654421
tok15,2021-07-07,195.526,196064
tok15,2021-07-08,212.134,243834
tok15,2021-07-09,209.615,376579
tok15,2021-07-10,214.664,508540
tok15,2021-07-11,210.58,1088916
tok15,2021-07-12,203.983,400042
tok15,2021-07-13,209.938,241031
tok15,2021-07-14,207.876,324158
tok15,2021-07-15,203.589,138557
tok15,2021-07-16,199.404,378797
tok15,2021-07-17,200.175,425092
tok15,2021-07-18,201.336,505814
tok15,2021-07-19,199.212,171209
tok15,2021-07-20,211.3,229277
tok15,2021-07-21,224.213,443548
tok15,2021-07-22,229.905,520725
tok15,2021-07-23,226.077,849376
tok15,2021-07-24,226.65,383822
tok15,2021-07-25,219.22,280084
tok15,2021-07-26,206.371,435105
tok15,2021-07-27,212.971,518514
tok15,2021-07-28,220.718,702305
tok15,2021-07-29,222.451,497005
tok15,2021-07-30,232.969,208526
tok15,2021-07-31,231.629,663660
tok15,2021-08-01,223.326,396295
tok15,2021-08-02,222.289,257215
tok15,2021-08-03,215.774,752216
tok15,2021-08-04,209.919,315562
tok15,2021-08-05,221.811,457443
tok15,2021-08-06,220.025,454759
tok15,2021-08-07,223.799,645334
tok15,2021-08-08,229.698,850765
tok15,2021-08-09,242.915,331884
tok15,2021-08-10,251.329,234430
tok15,2021-08-11,249.437,577207
tok15,2021-08-12,251.255,280697
tok15,2021-08-13,255.567,492745
tok15,2021-08-14,259.377,275623
tok15,2021-08-15,261.532,722878
tok15,2021-08-16,270.093,1057476
tok15,2021-08-17,279.281,323829
tok15,2021-08-18,286.426,449555
tok15,2021-08-19,285.188,274407
tok15,2021-08-20,259.18,775540
tok15,2021-08-21,245.905,295161
tok15,2021-08-22,230.781,584463
tok15,2021-08-23,230.164,514140
tok15,2021-08-24,220.056,682603
tok15,2021-08-25,216.836,384663
tok15,2021-08-26,212.253,743895
tok15,2021-08-27,220.395,343539
tok15,2021-08-28,197.338,325019
tok15,2021-08-29,187.824,466489
tok15,2021-08-30,181.866,912990
tok15,2021-08-31,185.205,621428
tok15,2021-09-01,190.117,240117
tok15,2021-09-02,183.012,884544
tok15,2021-09-03,188.886,332727
tok15,2021-09-04,202.686,213067
tok15,2021-09-05,219.83,372309
tok15,2021-09-06,222.783,842945
tok15,2021-09-07,219.976,398050
tok15,2021-09-08,236.353,511487
tok15,2021-09-09,222.769,198708
tok15,2021-09-10,218.556,369907
tok15,2021-09-11,209.255,373830
tok15,2021-09-12,216.66,413183
tok15,2021-09-13,229.795,509784
tok15,2021-09-14,226.851,414588
tok15,2021-09-15,237.851,446454
tok15,2021-09-16,236.865,301920
tok15,2021-09-17,250.661,199632
tok15,2021-09-18,265.541,423974
tok15,2021-09-19,275.556,272923
tok15,2021-09-20,263.463,1509966
tok15,2021-09-21,242.987,206620
tok15,2021-09-22,251.612,561051
tok15,2021-09-23,253.41,809681
tok15,2021-09-24,263.107,710973
tok15,2021-09-25,283.533,559640
tok15,2021-09-26,300.405,281065
tok15,2021-09-27,295.786,223499
tok15,2021-09-28,303.718,465771
tok15,2021-09-29,308.477,1273936
tok15,2021-09-30,321.092,474977
tok15,2021-10-01,315.625,612255
tok15,2021-10-02,302.423,1162615
tok15,2021-10-03,321.5,669563
tok15,2021-10-04,318.265,437115
tok15,2021-10-05,307.961,593108
tok15,2021-10-06,305.544,184449
tok15,2021-10-07,319.893,1274448
tok15,2021-10-08,303.389,431744
tok15,2021-10-09,294.065,1106594
tok15,2021-10-10,303.91,835440
tok15,2021-10-11,308.608,1479544
tok15,2021-10-12,289.672,415880
tok15,2021-10-13,295.649,575772
tok15,2021-10-14,297.334,895355
tok15,2021-10-15,292.74,605561
tok15,2021-10-16,293.877,623573
tok15,2021-10-17,287.617,381734
tok15,2021-10-18,287.142,725449
tok15,2021-10-19,302.254,344065
tok15,2021-10-20,295.007,423133
tok15,2021-10-21,272.233,1016247
tok15,2021-10-22,261.867,503800
tok15,2021-10-23,272.354,249949
tok15,2021-10-24,272.412,367562
tok15,2021-10-25,260.181,352698
tok15,2021-10-26,264.33,276276
tok15,2021-10-27,268.929,632242
tok15,2021-10-28,261.502,255156
tok15,2021-10-29,266.876,371769
tok15,2021-10-30,276.84,268713
tok15,2021-10-31,284.781,496071
tok15,2021-11-01,279.09,482539
tok15,2021-11-02,292.874,315189
tok15,2021-11-03,278.552,218130
tok15,2021-11-04,289.879,238385
tok15,2021-11-05,299.611,380038
tok15,2021-11-06,319.648,568410
tok15,2021-11-07,321.225,1660348
tok15,2021-11-08,314.748,554673
tok15,2021-11-09,319.162,395606
tok15,2021-11-10,324.613,418929
tok15,2021-11-11,303.822,265667
tok15,2021-11-12,326.749,777758
tok15,2021-11-13,315.04,671860
tok15,2021-11-14,316.636,678206
tok15,2021-11-15,327.474,437174
tok15,2021-11-16,336.222,288244
tok15,2021-11-17,318.733,559243
tok15,2021-11-18,312.455,402022
tok15,2021-11-19,305.519,260993
tok15,2021-11-20,308.515,338309
tok15,2021-11-21,310.747,285260
tok15,2021-11-22,305.075,594697
tok15,2021-11-23,308.161,698430
tok15,2021-11-24,309.033,441210
tok15,2021-11-25,301.453,231875
tok15,2021-11-26,287.49,281664
tok15,2021-11-27,288.212,820746
tok15,2021-11-28,314.917,400116
tok15,2021-11-29,320.555,219364
tok15,2021-11-30,319.993,265757
tok15,2021-12-01,289.076,1014543
tok15,2021-12-02,293.605,312587
tok15,2021-12-03,309.4,663704
tok15,2021-12-04,298.753,350180
tok15,2021-12-05,297.166,354220
tok15,2021-12-06,305.554,549168
tok15,2021-12-07,297.208,631392
tok15,2021-12-08,291.448,165078
tok15,2021-12-09,293.761,434814
tok15,2021-12-10,300.032,622582
tok15,2021-12-11,296.355,299124
tok15,2021-12-12,287.785,301259
tok15,2021-12-13,264.179,548188
tok15,2021-12-14,260.485,619777
tok15,2021-12-15,249.342,646146
tok15,2021-12-16,253.187,87399
tok15,2021-12-17,255.063,461795
tok15,2021-12-18,236.963,538180
tok15,2021-12-19,235.782,317982
tok15,2021-12-20,256.672,492401
tok15,2021-12-21,249.711,374989
tok15,2021-12-22,248.219,614355
tok15,2021-12-23,238.11,1716412
tok15,2021-12-24,225.363,433780
tok15,2021-12-25,219.879,189437
tok15,2021-12-26,231.871,563958
tok15,2021-12-27,217.892,169468
tok15,2021-12-28,227.367,315334
tok15,2021-12-29,216.036,636083
tok15,2021-12-30,224.872,231302
tok15,2021-12-31,218.005,408078
tok15,2022-01-01,211.088,466883
tok15,2022-01-02,217.678,165380
tok15,2022-01-03,209.113,260368
tok15,2022-01-04,216.969,559666
tok15,2022-01-05,233.607,970999
tok15,2022-01-06,219.892,327744
tok15,2022-01-07,230.443,448718
tok15,2022-01-08,235.937,940699
tok15,2022-01-09,252.097,520418
tok15,2022-01-10,250.984,478349
tok15,2022-01-11,247.157,398876
tok15,2022-01-12,260.58,492128
tok15,2022-01-13,258.119,431573
tok15,2022-01-14,252.568,398128
tok15,2022-01-15,260.825,637642
tok15,2022-01-16,257.409,352817
tok15,2022-01-17,254.338,468357
tok15,2022-01-18,251.652,196613
tok15,2022-01-19,266.923,212970
tok15,2022-01-20,258.509,409467
tok15,2022-01-21,257.008,450507
tok15,2022-01-22,273.541,215660
tok15,2022-01-23,270.01,542084
tok15,2022-01-24,263.036,390589
tok15,2022-01-25,259.654,552910
tok15,2022-01-26,268.987,650884
tok15,2022-01-27,257.082,394713
tok15,2022-01-28,280.884,472342
tok15,2022-01-29,293.423,452332
tok15,2022-01-30,301.505,573250
tok15,2022-01-31,287.63,821269
tok15,2022-02-01,279.849,251597
tok15,2022-02-02,281.388,455006
tok15,2022-02-03,272.294,1211849
tok15,2022-02-04,273.529,237438
tok15,2022-02-05,279.479,341489
tok15,2022-02-06,284.34,672200
tok15,2022-02-07,289.541,297873
tok15,2022-02-08,295.605,476691
tok15,2022-02-09,308.662,538088
tok15,2022-02-10,315.218,298825
tok15,2022-02-11,303.138,541227
tok15,2022-02-12,293.047,406637
tok15,2022-02-13,296.866,300664
tok15,2022-02-14,299.148,682754
tok15,2022-02-15,318.546,304292
tok15,2022-02-16,328.344,890001
tok15,2022-02-17,332.208,263850
tok15,2022-02-18,344.901,346047
tok15,2022-02-19,337.153,571908
tok15,2022-02-20,344.76,197712
tok15,2022-02-21,350.255,1444668
tok15,2022-02-22,362.051,410107
tok15,2022-02-23,350.326,419137
tok15,2022-02-24,345.027,284913
tok15,2022-02-25,359.766,313089
tok15,2022-02-26,359.946,702515
tok15,2022-02-27,361.202,721415
tok15,2022-02-28,366.904,444635
tok15,2022-03-01,372.563,187592
tok15,2022-03-02,338.32,1099137
tok15,2022-03-03,342.619,758278
tok15,2022-03-04,352.735,420344
tok15,2022-03-05,363.691,368058
tok15,2022-03-06,378.2,470996
tok15,2022-03-07,374.498,533852
tok15,2022-03-08,390.746,552723
tok15,2022-03-09,437.782,566472
tok15,2022-03-10,427.394,335010
tok15,2022-03-11,418.643,182406
tok15,2022-03-12,428.126,644252
tok15,2022-03-13,401.075,1202710
tok15,2022-03-14,413.296,749915
tok15,2022-03-15,397.687,681541
tok15,2022-03-16,396.822,366855
tok15,2022-03-17,401.458,310843
tok15,2022-03-18,419.918,668378
tok15,2022-03-19,423.57,430856
tok15,2022-03-20,432.206,241990
tok15,2022-03-21,431.66,789832
tok15,2022-03-22,403.449,228021
tok15,2022-03-23,410.577,462327
tok15,2022-03-24,424.291,250063
tok15,2022-03-25,437.471,547007
tok15,2022-03-26,463.388,341933
tok15,2022-03-27,447.922,271541
tok15,2022-03-28,446.783,286202
tok15,2022-03-29,433.012,333730
tok15,2022-03-30,426.836,666454
tok15,2022-03-31,457.559,592307
tok15,2022-04-01,466.67,903450
tok15,2022-04-02,452.819,434993
tok15,2022-04-03,439.654,571681
tok15,2022-04-04,435.066,201297
tok15,2022-04-05,428.34,551590
tok15,2022-04-06,427.575,427817
tok15,2022-04-07,416.862,459596
tok15,2022-04-08,398.13,628321
tok15,2022-04-09,396.537,425272
tok15,2022-04-10,371.811,347986
tok15,2022-04-11,368.823,912619
tok15,2022-04-12,397.806,378353
tok15,2022-04-13,385.822,454170
tok15,2022-04-14,388.166,608242
tok15,2022-04-15,407.599,561381
tok15,2022-04-16,395.83,436434
tok15,2022-04-17,382.625,420042
tok15,2022-04-18,387.177,721499
tok15,2022-04-19,387.218,324948
tok15,2022-04-20,386.793,843474
tok15,2022-04-21,381.23,850792
tok15,2022-04-22,411.182,464432
tok15,2022-04-23,413.351,525351
tok15,2022-04-24,409.655,714822
tok15,2022-04-25,415.116,599878
tok15,2022-04-26,425.503,465924
tok15,2022-04-27,457.699,969811
tok15,2022-04-28,484.503,1141674
tok15,2022-04-29,479.78,474825
tok15,2022-04-30,487.036,459387
tok15,2022-05-01,483.536,507823
tok15,2022-05-02,503.235,260228
tok15,2022-05-03,485.318,458832
tok15,2022-05-04,505.023,346273
tok15,2022-05-05,471.809,262515
tok15,2022-05-06,468.051,1165494
tok15,2022-05-07,500.596,464391
tok15,2022-05-08,518.84,349598
tok15,2022-05-09,505.252,210901
tok15,2022-05-10,510.637,287122
tok15,2022-05-11,528.153,330495
tok15,2022-05-12,519.305,500934
tok15,2022-05-13,507.195,565027
tok15,2022-05-14,509.822,346325
tok15,2022-05-15,488.57,457709
tok15,2022-05-16,503.921,384437
tok15,2022-05-17,508.981,985754
tok15,2022-05-18,542.69,260874
tok15,2022-05-19,584.748,819744
tok15,2022-05-20,568.284,297068
tok15,2022-05-21,541.652,665371
tok15,2022-05-22,537.779,179269
tok15,2022-05-23,540.289,701337
tok15,2022-05-24,527.87,225510
tok15,2022-05-25,525.037,404662
tok15,2022-05-26,535.2,329989
tok15,2022-05-27,517.422,560320
tok15,2022-05-28,494.161,565675
tok15,2022-05-29,499.169,384435
tok15,2022-05-30,465.509,422973
tok15,2022-05-31,458.225,463293
tok15,2022-06-01,473.125,185720
tok15,2022-06-02,475.131,387169
tok15,2022-06-03,463.923,649965
tok15,2022-06-04,483.868,270184
tok15,2022-06-05,472.834,916511
tok15,2022-06-06,505.182,353893
tok15,2022-06-07,486.589,359056
tok15,2022-06-08,471.339,454636
tok15,2022-06-09,476.837,650709
tok15,2022-06-10,470.924,640347
tok15,2022-06-11,469.227,1107259
tok15,2022-06-12,456.837,592660
tok15,2022-06-13,484.787,761990
tok15,2022-06-14,442.652,642731
tok15,2022-06-15,445.97,296252
tok15,2022-06-16,434.646,756569
tok15,2022-06-17,445.341,422873
tok15,2022-06-18,423.875,583496
tok15,2022-06-19,435.621,258137
tok15,2022-06-20,434.879,354406
tok15,2022-06-21,427.585,325313
tok15,2022-06-22,410.972,486166
tok15,2022-06-23,383.73,264937
tok15,2022-06-24,392.967,453250
tok15,2022-06-25,366.406,810908
tok15,2022-06-26,363.915,389733
tok15,2022-06-27,369.674,1102456
tok15,2022-06-28,384.974,611948
tok15,2022-06-29,384.734,1346969
tok15,2022-06-30,369.35,465191
tok15,2022-07-01,360.323,265803
tok15,2022-07-02,380.756,263151
tok15,2022-07-03,357.756,1450444
tok15,2022-07-04,333.456,368250
tok15,2022-07-05,351.462,966765
tok15,2022-07-06,358.544,677431
tok15,2022-07-07,368.917,471580
tok15,2022-07-08,405.646,649931
tok15,2022-07-09,414.83,278727
tok15,2022-07-10,383.319,517875
tok15,2022-07-11,400.236,787605
tok15,2022-07-12,387.432,349382
tok15,2022-07-13,384.788,317961
tok15,2022-07-14,394.72,705268
tok15,2022-07-15,388.366,520349
tok15,2022-07-16,378.734,485402
tok15,2022-07-17,370.212,399441
tok15,2022-07-18,372.234,800101
tok15,2022-07-19,406.081,447173
tok15,2022-07-20,375.394,453293
tok15,2022-07-21,375.326,391441
tok15,2022-07-22,355.702,485884
tok15,2022-07-23,361.437,887316
tok15,2022-07-24,367.594,552550
tok15,2022-07-25,356.516,472446
tok15,2022-07-26,358.029,255558
tok15,2022-07-27,371.904,686586
tok15,2022-07-28,366.144,263821
tok15,2022-07-29,379.488,516838
tok15,2022-07-30,400.343,287197
tok15,2022-07-31,405.512,515771
tok15,2022-08-01,409.93,837837
tok15,2022-08-02,399.102,514636
tok15,2022-08-03,393.794,86830
tok15,2022-08-04,403.778,403432
tok15,2022-08-05,406.242,428492
tok15,2022-08-06,382.372,740370
tok15,2022-08-07,396.927,454260
tok15,2022-08-08,405.561,480990
tok15,2022-08-09,407.468,369607
tok15,2022-08-10,422.232,1291173
tok15,2022-08-11,409.141,570878
tok15,2022-08-12,413.099,588369
tok15,2022-08-13,412.275,265647
tok15,2022-08-14,401.177,467362
tok15,2022-08-15,400.936,469016
tok15,2022-08-16,422.064,719762
tok15,2022-08-17,436.545,496140
tok15,2022-08-18,442.01,624669
tok15,2022-08-19,453.419,571783
tok15,2022-08-20,454.257,1318886
tok15,2022-08-21,418.851,308526
tok15,2022-08-22,429.221,292073
tok15,2022-08-23,459.446,878724
tok15,2022-08-24,478.859,208834
tok15,2022-08-25,495.523,819223
tok15,2022-08-26,489.553,240505
tok15,2022-08-27,508.704,207064
tok15,2022-08-28,535.207,706839
tok15,2022-08-29,534.089,1122352
tok15,2022-08-30,525.096,550431
tok15,2022-08-31,521.035,1005333
tok15,2022-09-01,502.586,394480
tok15,2022-09-02,503.883,332553
tok15,2022-09-03,522.979,538255
tok15,2022-09-04,502.248,458336
tok15,2022-09-05,502.842,330708
tok15,2022-09-06,502.823,382106
tok15,2022-09-07,479.167,352607
tok15,2022-09-08,488.32,1257410
tok15,2022-09-09,466.473,471557
tok15,2022-09-10,461.162,786360
tok15,2022-09-11,450.281,541355
tok15,2022-09-12,484.436,274491
tok15,2022-09-13,496.473,259628
tok15,2022-09-14,487.595,598133
tok15,2022-09-15,461.99,613968
tok15,2022-09-16,467.244,379211
tok15,2022-09-17,449.237,652576
tok15,2022-09-18,469.158,349489
tok15,2022-09-19,469.427,772522
tok15,2022-09-20,434.608,567236
tok15,2022-09-21,424.969,278808
tok15,2022-09-22,440.614,276628
tok15,2022-09-23,459.004,334354
tok15,2022-09-24,466.313,425974
tok15,2022-09-25,457.964,1414786
tok15,2022-09-26,466.815,233464
tok15,2022-09-27,498.974,1744296
tok15,2022-09-28,519.986,398924
tok15,2022-09-29,535.527,470949
tok15,2022-09-30,545.454,781395
tok15,2022-10-01,538.546,518636
tok15,2022-10-02,533.528,493043
tok15,2022-10-03,513.399,838171
tok15,2022-10-04,481.161,503678
tok15,2022-10-05,485.767,617405
tok15,2022-10-06,485.972,905559
tok15,2022-10-07,485.577,566278
tok15,2022-10-08,450.192,544517
tok15,2022-10-09,413.571,201365
tok15,2022-10-10,422.725,561237
tok15,2022-10-11,407.658,245824
tok15,2022-10-12,404.768,292989
tok15,2022-10-13,390.615,865622
tok15,2022-10-14,412.539,866609
tok15,2022-10-15,408.23,374249
tok15,2022-10-16,406.846,399804
tok15,2022-10-17,416.405,796948
tok15,2022-10-18,383.819,472358
tok15,2022-10-19,392.086,376745
tok15,2022-10-20,377.669,513346
tok15,2022-10-21,383.394,720683
tok15,2022-10-22,414.018,260598
tok15,2022-10-23,445.692,470161
tok15,2022-10-24,457.912,719419
tok15,2022-10-25,459.09,404617
tok15,2022-10-26,457.767,387695
tok15,2022-10-27,468.151,283204
tok15,2022-10-28,470.999,538165
tok15,2022-10-29,459.772,230304
tok15,2022-10-30,479.237,978022
tok15,2022-10-31,482.415,315461
tok15,2022-11-01,483.139,350852
tok15,2022-11-02,470.324,1685223
tok15,2022-11-03,438.738,202795
tok15,2022-11-04,412.019,741820
tok15,2022-11-05,394.165,608123
tok15,2022-11-06,402.67,270861
tok15,2022-11-07,407.548,893438
tok15,2022-11-08,418.413,763277
tok15,2022-11-09,439.008,807633
tok15,2022-11-10,425.891,314338
tok15,2022-11-11,438.985,406149
tok15,2022-11-12,422.548,344158
tok15,2022-11-13,455.181,173045
tok15,2022-11-14,477.47,705335
tok15,2022-11-15,473.409,452494
tok15,2022-11-16,502.403,340620
tok15,2022-11-17,503.787,397647
tok15,2022-11-18,499.548,335203
tok15,2022-11-19,486.125,542147
tok15,2022-11-20,485.245,682360
tok15,2022-11-21,465.911,256193
tok15,2022-11-22,440.023,340052
tok15,2022-11-23,419.587,129852
tok15,2022-11-24,441.425,736281
tok15,2022-11-25,456.322,277431
tok15,2022-11-26,477.97,149991
tok15,2022-11-27,509.559,311705
tok15,2022-11-28,506.981,460594
tok15,2022-11-29,521.569,422001
tok15,2022-11-30,511.51,298556
tok15,2022-12-01,508.162,196467
tok15,2022-12-02,484.286,261154
tok15,2022-12-03,496.323,468951
tok15,2022-12-04,529.301,159857
tok15,2022-12-05,543.112,658686
tok15,2022-12-06,549.346,325301
tok15,2022-12-07,548.693,1033972
tok15,2022-12-08,579.005,687733
tok15,2022-12-09,572.35,804516
tok15,2022-12-10,583.506,522276
tok15,2022-12-11,596.129,433109
tok15,2022-12-12,605.523,734936
tok15,2022-12-13,585.833,254561
tok15,2022-12-14,609.016,366976
tok15,2022-12-15,621.941,495122
tok15,2022-12-16,646.307,190453
tok15,2022-12-17,660.996,228773
tok15,2022-12-18,663.718,453221
tok15,2022-12-19,662.692,474769
tok15,2022-12-20,689.913,1072853
tok15,2022-12-21,666.631,302557
tok15,2022-12-22,695.894,897147
tok15,2022-12-23,695.705,226127
tok15,2022-12-24,704.044,213616
tok15,2022-12-25,675.913,370362
tok15,2022-12-26,698.183,771292
tok15,2022-12-27,691.2,566363
tok15,2022-12-28,704.459,544563
tok15,2022-12-29,697.768,712057
tok15,2022-12-30,728.095,109402
tok15,2022-12-31,740.146,830049
tok15,2023-01-01,737.791,493851
tok15,2023-01-02,753.638,428787
tok15,2023-01-03,752.048,467190
tok15,2023-01-04,757.148,1132794
tok15,2023-01-05,732.948,278701
tok15,2023-01-06,702.034,422568
tok15,2023-01-07,683.052,232897
tok15,2023-01-08,686.13,198557
tok15,2023-01-09,715.557,313738
tok15,2023-01-10,731.626,473443
tok15,2023-01-11,704.786,710524
tok15,2023-01-12,624.517,702279
tok15,2023-01-13,605.703,498183
tok15,2023-01-14,611.742,342615
tok15,2023-01-15,663.638,255508
tok15,2023-01-16,657.018,458906
tok15,2023-01-17,620.897,939158
tok15,2023-01-18,625.242,818763
tok15,2023-01-19,646.052,330106
tok15,2023-01-20,670.479,160974
tok15,2023-01-21,738.709,206758
tok15,2023-01-22,719.1,637952
tok15,2023-01-23,693.823,175856
tok15,2023-01-24,711.883,443000
tok15,2023-01-25,715.341,401869
tok15,2023-01-26,701.107,1010751
tok15,2023-01-27,735.951,398080
tok15,2023-01-28,704.027,314463
tok15,2023-01-29,729.014,342046
tok15,2023-01-30,749.927,282100
tok15,2023-01-31,754.305,844529
tok15,2023-02-01,745.7,437147
tok15,2023-02-02,703.185,409355
tok15,2023-02-03,714.088,318783
tok15,2023-02-04,728.479,552832
tok15,2023-02-05,702.807,446801
tok15,2023-02-06,687.218,309062
tok15,2023-02-07,751.332,336555
tok15,2023-02-08,750.679,383739
tok15,2023-02-09,733.215,398561
tok15,2023-02-10,782.686,536530
tok15,2023-02-11,782.926,439908
tok15,2023-02-12,815.038,510519
tok15,2023-02-13,845.158,291827
tok15,2023-02-14,815.769,440853
tok15,2023-02-15,859.951,386769
tok15,2023-02-16,885.943,476662
tok15,2023-02-17,889.957,726734
tok15,2023-02-18,968.715,249610
tok15,2023-02-19,1021.058,391787
tok15,2023-02-20,1064.365,615508
tok15,2023-02-21,1085.043,901626
tok15,2023-02-22,1035.499,766056
tok15,2023-02-23,1096.367,248280
tok15,2023-02-24,1101.327,227530
tok15,2023-02-25,1070.986,861367
tok15,2023-02-26,1102.009,562459
tok15,2023-02-27,1162.351,1346983
tok15,2023-02-28,1194.045,213763
tok15,2023-03-01,1102.793,347739
tok15,2023-03-02,1119.452,270916
tok15,2023-03-03,1048.531,369296
tok15,2023-03-04,1139.298,387718
tok15,2023-03-05,1146.961,917979
tok15,2023-03-06,1225.34,395289
tok15,2023-03-07,1306.45,224851
tok15,2023-03-08,1393.148,340935
tok15,2023-03-09,1378.441,384461
tok15,2023-03-10,1443.35,334057
tok15,2023-03-11,1446.991,954276
tok15,2023-03-12,1466.634,648925
tok15,2023-03-13,1443.312,290807
tok15,2023-03-14,1476.527,364684
tok15,2023-03-15,1477.263,1127224
tok15,2023-03-16,1425.525,648159
tok15,2023-03-17,1382.384,650804
tok15,2023-03-18,1464.691,561552
tok15,2023-03-19,1468.592,721571
tok15,2023-03-20,1396.152,323144
tok15,2023-03-21,1264.73,278362
tok15,2023-03-22,1297.324,360801
tok15,2023-03-23,1235.134,331883
tok15,2023-03-24,1250.124,604610
tok15,2023-03-25,1254.795,269119
tok15,2023-03-26,1200.725,1110921
tok15,2023-03-27,1198.45,939247
tok15,2023-03-28,1215.947,335138
tok15,2023-03-29,1218.809,482443
tok15,2023-03-30,1250.867,327050
tok15,2023-03-31,1211.363,554368
tok15,2023-04-01,1161.063,928696
tok15,2023-04-02,1188.937,1728780
tok15,2023-04-03,1138.962,286566
tok15,2023-04-04,1102.334,458620
tok15,2023-04-05,1190.932,1839982
tok15,2023-04-06,1251.845,392996
tok15,2023-04-07,1197.176,229134
tok15,2023-04-08,1310.887,479077
tok15,2023-04-09,1372.383,793270
tok15,2023-04-10,1432.713,593489
tok15,2023-04-11,1405.113,583189
tok15,2023-04-12,1397.128,435267
tok15,2023-04-13,1378.009,393254
tok15,2023-04-14,1413.67,391052
tok15,2023-04-15,1373.941,1131249
tok15,2023-04-16,1315.058,577147
tok15,2023-04-17,1305.636,168774
tok15,2023-04-18,1316.79,522133
tok15,2023-04-19,1376.555,510381
tok15,2023-04-20,1386.531,734962
tok15,2023-04-21,1286.564,503857
tok15,2023-04-22,1194.528,265055
tok15,2023-04-23,1151.084,508446
tok15,2023-04-24,1074.009,559134
tok15,2023-04-25,1085.106,628664
tok15,2023-04-26,1060.331,600666
tok15,2023-04-27,1060.744,202093
tok15,2023-04-28,1086.103,332246
tok15,2023-04-29,1058.664,1206334
tok15,2023-04-30,1000.965,165542
tok15,2023-05-01,1042.22,778110
tok15,2023-05-02,1052.738,463286
tok15,2023-05-03,1106.65,834302
tok15,2023-05-04,1078.628,364227
tok15,2023-05-05,1122.64,340224
tok15,2023-05-06,1130.006,407912
tok15,2023-05-07,1126.751,334786
tok15,2023-05-08,1086.951,373662
tok15,2023-05-09,1116.978,964750
tok15,2023-05-10,1075.074,331482
tok15,2023-05-11,1089.24,225545
tok15,2023-05-12,1057.548,271863
tok15,2023-05-13,1079.27,661690
tok15,2023-05-14,1078.6,203867
tok15,2023-05-15,954.464,711485
tok15,2023-05-16,1002.085,615405
tok15,2023-05-17,944.275,284837
tok15,2023-05-18,934.608,308414
tok15,2023-05-19,911.684,507291
tok15,2023-05-20,998.207,741930
tok15,2023-05-21,950.819,582964
tok15,2023-05-22,1029.706,271959
tok15,2023-05-23,980.468,370010
tok15,2023-05-24,911.263,518445
tok15,2023-05-25,918.106,390172
tok15,2023-05-26,814.772,605129
tok15,2023-05-27,830.169,548483
tok15,2023-05-28,844.978,303937
tok15,2023-05-29,809.614,585344
tok15,2023-05-30,799.944,351421
tok15,2023-05-31,787.725,174992
tok15,2023-06-01,751.063,522748
tok15,2023-06-02,767.062,505621
tok15,2023-06-03,783.919,402265
tok15,2023-06-04,784.174,342955
tok15,2023-06-05,811.332,794690
tok15,2023-06-06,854.674,273033
tok15,2023-06-07,882.508,388270
tok15,2023-06-08,846.807,463541
tok15,2023-06-09,903.816,563958
tok15,2023-06-10,901.496,315217
tok15,2023-06-11,869.66,709176
tok15,2023-06-12,861.136,308231
tok15,2023-06-13,894.312,333230
tok15,2023-06-14,902.814,381478
tok15,2023-06-15,882.389,373368
tok15,2023-06-16,867.472,266622
tok15,2023-06-17,824.366,472689
tok15,2023-06-18,761.541,554098
tok15,2023-06-19,770.158,547083
tok15,2023-06-20,771.548,284797
tok15,2023-06-21,759.651,426799
tok15,2023-06-22,687.947,293080
tok15,2023-06-23,692.025,478464
tok15,2023-06-24,718.527,280086
tok15,2023-06-25,709.553,247934
tok15,2023-06-26,714.816,1295246
tok15,2023-06-27,695.063,259879
tok15,2023-06-28,675.767,201657
tok15,2023-06-29,701.02,455452
tok15,2023-06-30,649.301,592794
tok15,2023-07-01,643.43,753792
tok15,2023-07-02,650.632,588938
tok15,2023-07-03,667.805,737406
tok15,2023-07-04,674.332,299302
tok15,2023-07-05,686.022,428933
tok15,2023-07-06,675.013,625075
tok15,2023-07-07,717.922,688833
tok15,2023-07-08,725.426,471473
tok15,2023-07-09,700.501,512960
tok15,2023-07-10,714.948,111943
tok15,2023-07-11,740.71,833238
tok15,2023-07-12,731.905,576274
tok15,2023-07-13,772.181,1430850
tok15,2023-07-14,735.889,330624
tok15,2023-07-15,783.441,240531
tok15,2023-07-16,731.814,307143
tok15,2023-07-17,745.289,298357
tok15,2023-07-18,757.256,439960
tok15,2023-07-19,727.983,255405
tok15,2023-07-20,721.655,481497
tok15,2023-07-21,692.319,472020
tok15,2023-07-22,649.597,435199
tok15,2023-07-23,680.081,450917
tok15,2023-07-24,673.358,352289
tok15,2023-07-25,698.124,190169
tok15,2023-07-26,618.964,311120
tok15,2023-07-27,623.315,277865
tok15,2023-07-28,613.202,493229
tok15,2023-07-29,614.374,173008
tok15,2023-07-30,634.743,643735
tok15,2023-07-31,637.501,523074
tok15,2023-08-01,635.927,388649
tok15,2023-08-02,619.05,417954
tok15,2023-08-03,581.818,945724
tok15,2023-08-04,554.382,646073
tok15,2023-08-05,530.032,616901
tok15,2023-08-06,546.279,861206
tok15,2023-08-07,558.469,390181
tok15,2023-08-08,551.69,395078
tok15,2023-08-09,556.806,837862
tok15,2023-08-10,563.057,371417
tok15,2023-08-11,544.188,523990
tok15,2023-08-12,557.335,370822
tok15,2023-08-13,549.306,540747
tok15,2023-08-14,531.499,212926
tok15,2023-08-15,534.363,305141
tok15,2023-08-16,544.241,191632
tok15,2023-08-17,588.28,639189
tok15,2023-08-18,602.732,559648
tok15,2023-08-19,590.709,275349
tok15,2023-08-20,600.227,325474
tok15,2023-08-21,588.895,755818
tok15,2023-08-22,597.711,268681
tok15,2023-08-23,617.488,227348
tok15,2023-08-24,611.756,309598
tok15,2023-08-25,616.336,238739
tok15,2023-08-26,595.903,618469
tok15,2023-08-27,615.331,678069
tok15,2023-08-28,626.423,312230
tok15,2023-08-29,624.122,693746
tok15,2023-08-30,607.67,344358
tok15,2023-08-31,629.179,373538
tok15,2023-09-01,612.0,602984
tok15,2023-09-02,615.163,856572
tok15,2023-09-03,607.569,498998
tok15,2023-09-04,608.292,447564
tok15,2023-09-05,612.804,559292
tok15,2023-09-06,588.437,712267
tok15,2023-09-07,566.133,493230
tok15,2023-09-08,588.964,871663
tok15,2023-09-09,561.76,563699
tok15,2023-09-10,553.426,520639
tok15,2023-09-11,508.558,313215
tok15,2023-09-12,505.748,424871
tok15,2023-09-13,483.575,570181
tok15,2023-09-14,457.211,424563
tok15,2023-09-15,492.395,677730
tok15,2023-09-16,478.347,388515
tok15,2023-09-17,445.172,401211
tok15,2023-09-18,425.359,991647
tok15,2023-09-19,433.046,303852
tok15,2023-09-20,467.628,744329
tok15,2023-09-21,456.785,675746
tok15,2023-09-22,447.042,289644
tok15,2023-09-23,459.924,422310
tok15,2023-09-24,461.0,644862
tok15,2023-09-25,444.065,475462
tok15,2023-09-26,432.734,323549
tok15,2023-09-27,455.02,904313
tok15,2023-09-28,439.9,642095
tok15,2023-09-29,434.91,603503
tok15,2023-09-30,420.334,247681
tok15,2023-10-01,400.62,885474
tok15,2023-10-02,408.608,555133
tok15,2023-10-03,411.053,342509
tok15,2023-10-04,397.77,342830
tok15,2023-10-05,360.382,566832
tok15,2023-10-06,364.111,869423
tok15,2023-10-07,362.306,232983
tok15,2023-10-08,365.623,854097
tok15,2023-10-09,377.748,412593
tok15,2023-10-10,375.863,216271
tok15,2023-10-11,365.221,280441
tok15,2023-10-12,363.681,535245
tok15,2023-10-13,350.543,371988
tok15,2023-10-14,330.04,208834
tok15,2023-10-15,346.408,556847
tok15,2023-10-16,346.992,772596
tok15,2023-10-17,345.544,494355
tok15,2023-10-18,344.154,194772
tok15,2023-10-19,355.33,494261
tok15,2023-10-20,353.266,474283
tok15,2023-10-21,356.454,306695
tok15,2023-10-22,352.098,137741
tok15,2023-10-23,370.709,524333
tok15,2023-10-24,371.007,598565
tok15,2023-10-25,371.141,231196
tok15,2023-10-26,366.043,280896
tok15,2023-10-27,374.442,403409
tok15,2023-10-28,375.766,788120
tok15,2023-10-29,359.549,437564
tok15,2023-10-30,338.475,579115
tok15,2023-10-31,350.326,544385
tok15,2023-11-01,359.013,335131
tok15,2023-11-02,361.151,513308
tok15,2023-11-03,372.654,529517
tok15,2023-11-04,362.623,345136
tok15,2023-11-05,367.87,338969
tok15,2023-11-06,349.977,257926
tok15,2023-11-07,373.096,511520
tok15,2023-11-08,357.154,710088
tok15,2023-11-09,354.785,1081962
tok15,2023-11-10,359.53,424513
tok15,2023-11-11,362.054,1052281
tok15,2023-11-12,359.115,394769
tok15,2023-11-13,331.662,1256742
tok15,2023-11-14,310.298,138551
tok15,2023-11-15,311.991,276104
tok15,2023-11-16,315.039,339789
tok15,2023-11-17,303.205,469212
tok15,2023-11-18,305.789,313950
tok15,2023-11-19,304.124,318884
tok15,2023-11-20,302.237,283467
tok15,2023-11-21,300.369,160821
tok15,2023-11-22,299.386,460293
tok15,2023-11-23,294.371,1215734
tok15,2023-11-24,287.133,739598
tok15,2023-11-25,317.24,358646
tok15,2023-11-26,331.52,220197
tok15,2023-11-27,326.466,451525
tok15,2023-11-28,322.682,859602
tok15,2023-11-29,314.102,846944
tok15,2023-11-30,320.634,700209
tok15,2023-12-01,323.899,390666
tok15,2023-12-02,323.967,405335
tok15,2023-12-03,305.109,649682
tok15,2023-12-04,325.753,697071
tok15,2023-12-05,330.649,179525
tok15,2023-12-06,291.021,451131
tok15,2023-12-07,286.13,413283
tok15,2023-12-08,266.168,969860
tok15,2023-12-09,279.429,525803
tok15,2023-12-10,300.955,423959
tok15,2023-12-11,303.205,975745
tok15,2023-12-12,329.315,291699
tok15,2023-12-13,330.891,394148
tok15,2023-12-14,327.502,597326
tok15,2023-12-15,315.692,486321
tok15,2023-12-16,324.558,896786
tok15,2023-12-17,330.7,585561
tok15,2023-12-18,339.461,315818
tok15,2023-12-19,356.11,539098
tok15,2023-12-20,341.091,345708
tok15,2023-12-21,334.95,560936
tok15,2023-12-22,332.435,343473
tok15,2023-12-23,353.907,511786
tok15,2023-12-24,341.938,381955
tok15,2023-12-25,357.861,475668
tok15,2023-12-26,349.394,285383
tok15,2023-12-27,344.552,300127
tok15,2023-12-28,359.628,216496
tok15,2023-12-29,368.725,633154
tok15,2023-12-30,382.885,1219517
tok15,2023-12-31,391.27,207669
tok16,2021-01-01,100.849,414738
tok16,2021-01-02,101.834,871956
tok16,2021-01-03,106.075,300895
tok16,2021-01-04,104.59,338840
tok16,2021-01-05,106.066,859666
tok16,2021-01-06,106.998,588123
tok16,2021-01-07,101.909,469959
tok16,2021-01-08,102.284,707904
tok16,2021-01-09,103.882,648570
tok16,2021-01-10,111.919,472745
tok16,2021-01-11,117.204,431496
tok16,2021-01-12,113.914,731853
tok16,2021-01-13,103.04,272119
tok16,2021-01-14,100.44,806754
tok16,2021-01-15,94.761,465086
tok16,2021-01-16,92.533,571254
tok16,2021-01-17,94.476,440079
tok16,2021-01-18,87.432,950658
tok16,2021-01-19,86.292,844529
tok16,2021-01-20,77.332,1401093
tok16,2021-01-21,72.649,811955
tok16,2021-01-22,69.933,540821
tok16,2021-01-23,67.898,543067
tok16,2021-01-24,65.397,601476
tok16,2021-01-25,65.03,824309
tok16,2021-01-26,63.491,382206
tok16,2021-01-27,67.492,675263
tok16,2021-01-28,67.251,308140
tok16,2021-01-29,65.713,277846
tok16,2021-01-30,63.711,326303
tok16,2021-01-31,65.064,305853
tok16,2021-02-01,64.937,1002346
tok16,2021-02-02,65.157,410010
tok16,2021-02-03,67.107,575512
tok16,2021-02-04,64.247,706054
tok16,2021-02-05,71.037,125055
tok16,2021-02-06,69.987,401082
tok16,2021-02-07,71.814,316598
tok16,2021-02-08,67.215,705262
tok16,2021-02-09,70.414,278332
tok16,2021-02-10,71.917,772620
tok16,2021-02-11,73.887,315386
tok16,2021-02-12,79.474,274348
tok16,2021-02-13,82.693,490739
tok16,2021-02-14,84.187,336427
tok16,2021-02-15,82.421,1077627
tok16,2021-02-16,80.864,574585
tok16,2021-02-17,88.15,622319
tok16,2021-02-18,82.612,613623
tok16,2021-02-19,86.958,804870
tok16,2021-02-20,86.163,504020
tok16,2021-02-21,84.995,447123
tok16,2021-02-22,79.55,461828
tok16,2021-02-23,78.474,423634
tok16,2021-02-24,78.839,759466
tok16,2021-02-25,70.411,382249
tok16,2021-02-26,73.09,153854
tok16,2021-02-27,72.714,1436172
tok16,2021-02-28,73.752,292310
tok16,2021-03-01,74.95,176188
tok16,2021-03-02,73.834,478766
tok16,2021-03-03,67.357,647762
tok16,2021-03-04,72.491,742778
tok16,2021-03-05,75.754,248848
tok16,2021-03-06,75.961,355301
tok16,2021-03-07,72.432,1070445
tok16,2021-03-08,73.501,546355
tok16,2021-03-09,71.453,185346
tok16,2021-03-10,68.124,487788
tok16,2021-03-11,64.692,687090
tok16,2021-03-12,65.69,589268
tok16,2021-03-13,65.022,596407
tok16,2021-03-14,67.7,430259
tok16,2021-03-15,60.723,373401
tok16,2021-03-16,60.614,303358
tok16,2021-03-17,64.644,363069
tok16,2021-03-18,70.881,335027
tok16,2021-03-19,68.168,780704
tok16,2021-03-20,71.581,246058
tok16,2021-03-21,74.495,529530
tok16,2021-03-22,71.535,344504
tok16,2021-03-23,71.42,694227
tok16,2021-03-24,71.744,444035
tok16,2021-03-25,71.379,371079
tok16,2021-03-26,72.222,704488
tok16,2021-03-27,72.92,693320
tok16,2021-03-28,75.575,697137
tok16,2021-03-29,77.358,391076
tok16,2021-03-30,77.145,893511
tok16,2021-03-31,77.863,555639
tok16,2021-04-01,75.694,330257
tok16,2021-04-02,80.629,281915
tok16,2021-04-03,76.87,451539
tok16,2021-04-04,77.084,700549
tok16,2021-04-05,73.299,913305
tok16,2021-04-06,73.731,188392
tok16,2021-04-07,74.941,205612
tok16,2021-04-08,67.023,546433
tok16,2021-04-09,68.192,890171
tok16,2021-04-10,63.85,207768
tok16,2021-04-11,64.519,419222
tok16,2021-04-12,67.011,277462
tok16,2021-04-13,64.566,598636
tok16,2021-04-14,65.664,409851
tok16,2021-04-15,65.227,201379
tok16,2021-04-16,69.784,846958
tok16,2021-04-17,72.327,1345675
tok16,2021-04-18,73.969,426906
tok16,2021-04-19,78.028,283966
tok16,2021-04-20,74.482,1024596
tok16,2021-04-21,75.172,549055
tok16,2021-04-22,72.039,496930
tok16,2021-04-23,69.461,272692
tok16,2021-04-24,71.158,615063
tok16,2021-04-25,71.631,622403
tok16,2021-04-26,68.511,774297
tok16,2021-04-27,70.175,591542
tok16,2021-04-28,69.065,593651
tok16,2021-04-29,68.594,365826
tok16,2021-04-30,68.235,435356
tok16,2021-05-01,66.458,431658
tok16,2021-05-02,64.33,477094
tok16,2021-05-03,62.735,271790
tok16,2021-05-04,55.516,415337
tok16,2021-05-05,55.929,513784
tok16,2021-05-06,52.271,332276
tok16,2021-05-07,53.54,306230
tok16,2021-05-08,49.511,842266
tok16,2021-05-09,47.381,711861
tok16,2021-05-10,45.661,313098
tok16,2021-05-11,46.361,935538
tok16,2021-05-12,48.293,152058
tok16,2021-05-13,49.441,995111
tok16,2021-05-14,48.616,413135
tok16,2021-05-15,46.093,353625
tok16,2021-05-16,45.991,642056
tok16,2021-05-17,47.13,294504
tok16,2021-05-18,45.584,262739
tok16,2021-05-19,42.436,169205
tok16,2021-05-20,46.624,346065
tok16,2021-05-21,45.049,624294
tok16,2021-05-22,44.844,583191
tok16,2021-05-23,47.161,136727
tok16,2021-05-24,47.995,278039
tok16,2021-05-25,45.466,473048
tok16,2021-05-26,44.277,749955
tok16,2021-05-27,43.712,240162
tok16,2021-05-28,45.482,353808
tok16,2021-05-29,41.109,210610
tok16,2021-05-30,37.801,414821
tok16,2021-05-31,37.542,317439
tok16,2021-06-01,35.244,309388
tok16,2021-06-02,37.284,619890
tok16,2021-06-03,37.547,814663
tok16,2021-06-04,35.426,409380
tok16,2021-06-05,33.019,557039
tok16,2021-06-06,35.0,456487
tok16,2021-06-07,35.122,301497
tok16,2021-06-08,35.478,171790
tok16,2021-06-09,33.464,272480
tok16,2021-06-10,33.798,295696
tok16,2021-06-11,33.055,262434
tok16,2021-06-12,31.696,719092
tok16,2021-06-13,32.88,224722
tok16,2021-06-14,34.723,347778
tok16,2021-06-15,33.74,446553
tok16,2021-06-16,33.952,345945
tok16,2021-06-17,34.157,636268
tok16,2021-06-18,34.78,815834
tok16,2021-06-19,35.64,493798
tok16,2021-06-20,34.113,601886
tok16,2021-06-21,34.344,293190
tok16,2021-06-22,38.369,224772
tok16,2021-06-23,40.354,659869
tok16,2021-06-24,40.337,1178076
tok16,2021-06-25,41.41,181891
tok16,2021-06-26,41.864,215389
tok16,2021-06-27,40.385,215779
tok16,2021-06-28,37.737,170723
tok16,2021-06-29,38.277,394086
tok16,2021-06-30,36.376,254672
tok16,2021-07-01,36.011,367080
tok16,2021-07-02,34.403,257990
tok16,2021-07-03,35.012,599187
tok16,2021-07-04,34.636,966773
tok16,2021-07-05,32.868,661936
tok16,2021-07-06,33.636,646599
tok16,2021-07-07,32.332,723881
tok16,2021-07-08,31.865,275206
tok16,2021-07-09,31.023,517808
tok16,2021-07-10,31.238,624199
tok16,2021-07-11,31.092,108241
tok16,2021-07-12,30.455,277909
tok16,2021-07-13,31.255,529342
tok16,2021-07-14,31.547,341527
tok16,2021-07-15,32.988,402365
tok16,2021-07-16,33.672,275574
tok16,2021-07-17,34.61,240769
tok16,2021-07-18,33.719,373820
tok16,2021-07-19,32.836,216521
tok16,2021-07-20,33.993,423848
tok16,2021-07-21,32.794,952301
tok16,2021-07-22,34.621,764993
tok16,2021-07-23,34.505,353481
tok16,2021-07-24,34.955,850871
tok16,2021-07-25,32.075,463418
tok16,2021-07-26,32.608,165608
tok16,2021-07-27,32.129,268389
tok16,2021-07-28,31.567,421866
tok16,2021-07-29,30.87,416643
tok16,2021-07-30,31.434,990336
tok16,2021-07-31,31.726,169282
tok16,2021-08-01,31.645,469462
tok16,2021-08-02,32.303,489547
tok16,2021-08-03,30.457,646364
tok16,2021-08-04,32.559,122872
tok16,2021-08-05,30.48,822199
tok16,2021-08-06,28.951,924419
tok16,2021-08-07,28.827,566484
tok16,2021-08-08,29.59,691877
tok16,2021-08-09,30.982,394111
tok16,2021-08-10,30.439,371100
tok16,2021-08-11,29.482,433681
tok16,2021-08-12,29.075,406348
tok16,2021-08-13,28.423,230076
tok16,2021-08-14,30.421,379033
tok16,2021-08-15,31.213,707348
tok16,2021-08-16,33.36,423006
tok16,2021-08-17,32.375,430399
tok16,2021-08-18,34.272,250146
tok16,2021-08-19,34.887,271612
tok16,2021-08-20,33.185,602765
tok16,2021-08-21,33.356,249991
tok16,2021-08-22,34.834,694410
tok16,2021-08-23,36.167,503613
tok16,2021-08-24,36.799,557306
tok16,2021-08-25,36.334,263534
tok16,2021-08-26,33.632,473544
tok16,2021-08-27,34.745,450483
tok16,2021-08-28,33.248,387570
tok16,2021-08-29,34.054,621856
tok16,2021-08-30,34.287,618570
tok16,2021-08-31,32.736,247987
tok16,2021-09-01,32.912,188331
tok16,2021-09-02,34.523,280594
tok16,2021-09-03,33.727,409378
tok16,2021-09-04,31.53,380667
tok16,2021-09-05,29.773,419059
tok16,2021-09-06,32.057,264826
tok16,2021-09-07,33.357,686638
tok16,2021-09-08,32.532,228949
tok16,2021-09-09,31.799,1299037
tok16,2021-09-10,30.998,512993
tok16,2021-09-11,32.086,188416
tok16,2021-09-12,32.656,248033
tok16,2021-09-13,31.419,240360
tok16,2021-09-14,29.541,248378
tok16,2021-09-15,31.21,697251
tok16,2021-09-16,30.186,645926
tok16,2021-09-17,30.749,949346
tok16,2021-09-18,27.648,761547
tok16,2021-09-19,30.922,673805
tok16,2021-09-20,29.903,595970
tok16,2021-09-21,29.803,221097
tok16,2021-09-22,31.252,531016
tok16,2021-09-23,29.916,390193
tok16,2021-09-24,29.549,453975
tok16,2021-09-25,32.242,345414
tok16,2021-09-26,32.643,353504
tok16,2021-09-27,32.277,251880
tok16,2021-09-28,32.32,476545
tok16,2021-09-29,32.866,268760
tok16,2021-09-30,33.884,1009720
tok16,2021-10-01,37.133,683562
tok16,2021-10-02,38.587,660898
tok16,2021-10-03,36.99,574559
tok16,2021-10-04,36.417,401838
tok16,2021-10-05,36.507,312208
tok16,2021-10-06,37.058,611146
tok16,2021-10-07,37.833,1350615
tok16,2021-10-08,38.072,167520
tok16,2021-10-09,39.032,656379
tok16,2021-10-10,38.325,811376
tok16,2021-10-11,37.289,353601
tok16,2021-10-12,39.803,461975
tok16,2021-10-13,38.087,347226
tok16,2021-10-14,39.311,347665
tok16,2021-10-15,38.128,580955
tok16,2021-10-16,37.373,699790
tok16,2021-10-17,36.696,391968
tok16,2021-10-18,38.074,506141
tok16,2021-10-19,39.801,249711
tok16,2021-10-20,38.004,525406
tok16,2021-10-21,40.066,294718
tok16,2021-10-22,38.834,268558
tok16,2021-10-23,39.44,642521
tok16,2021-10-24,39.379,398457
tok16,2021-10-25,38.726,308699
tok16,2021-10-26,35.465,440600
tok16,2021-10-27,32.204,1457708
tok16,2021-10-28,30.934,478147
tok16,2021-10-29,30.363,360569
tok16,2021-10-30,31.116,261089
tok16,2021-10-31,31.066,617450
tok16,2021-11-01,30.574,529411
tok16,2021-11-02,30.394,658960
tok16,2021-11-03,31.218,394917
tok16,2021-11-04,31.038,588557
tok16,2021-11-05,29.126,450224
tok16,2021-11-06,28.169,547701
tok16,2021-11-07,28.455,368419
tok16,2021-11-08,30.175,420775
tok16,2021-11-09,33.548,439983
tok16,2021-11-10,34.877,496124
tok16,2021-11-11,33.597,480224
tok16,2021-11-12,33.639,1907520
tok16,2021-11-13,33.537,294329
tok16,2021-11-14,33.251,672386
tok16,2021-11-15,30.32,659788
tok16,2021-11-16,29.579,506246
tok16,2021-11-17,29.637,736955
tok16,2021-11-18,29.341,300620
tok16,2021-11-19,30.699,347593
tok16,2021-11-20,28.251,532222
tok16,2021-11-21,28.022,208043
tok16,2021-11-22,28.094,348100
tok16,2021-11-23,27.249,166625
tok16,2021-11-24,28.264,518399
tok16,2021-11-25,28.127,467920
tok16,2021-11-26,28.73,627584
tok16,2021-11-27,28.263,455540
tok16,2021-11-28,28.622,251044
tok16,2021-11-29,31.05,808397
tok16,2021-11-30,31.943,518198
tok16,2021-12-01,30.979,506045
tok16,2021-12-02,30.897,506622
tok16,2021-12-03,31.543,1117372
tok16,2021-12-04,32.276,487853
tok16,2021-12-05,31.981,364867
tok16,2021-12-06,32.131,326350
tok16,2021-12-07,29.789,316689
tok16,2021-12-08,29.377,882532
tok16,2021-12-09,29.248,400687
tok16,2021-12-10,29.517,319732
tok16,2021-12-11,29.096,792013
tok16,2021-12-12,29.8,295300
tok16,2021-12-13,29.158,565336
tok16,2021-12-14,28.179,321722
tok16,2021-12-15,27.267,354919
tok16,2021-12-16,26.205,797864
tok16,2021-12-17,25.459,274709
tok16,2021-12-18,26.383,908842
tok16,2021-12-19,26.981,708000
tok16,2021-12-20,25.27,795582
tok16,2021-12-21,24.648,1563332
tok16,2021-12-22,24.84,802674
tok16,2021-12-23,24.719,236781
tok16,2021-12-24,23.789,157823
tok16,2021-12-25,24.142,346588
tok16,2021-12-26,23.456,541226
tok16,2021-12-27,24.762,558506
tok16,2021-12-28,23.977,438878
tok16,2021-12-29,25.088,384354
tok16,2021-12-30,25.74,607663
tok16,2021-12-31,27.869,389387
tok16,2022-01-01,29.486,371313
tok16,2022-01-02,27.599,1043740
tok16,2022-01-03,27.832,705243
tok16,2022-01-04,27.797,342750
tok16,2022-01-05,25.765,503608
tok16,2022-01-06,24.689,798602
tok16,2022-01-07,25.946,791978
tok16,2022-01-08,25.358,390389
tok16,2022-01-09,25.229,354361
tok16,2022-01-10,23.928,1026808
tok16,2022-01-11,24.617,196636
tok16,2022-01-12,23.688,481745
tok16,2022-01-13,23.537,982938
tok16,2022-01-14,22.892,615956
tok16,2022-01-15,23.851,464648
tok16,2022-01-16,24.171,234948
tok16,2022-01-17,24.914,270716
tok16,2022-01-18,24.218,265791
tok16,2022-01-19,21.755,735701
tok16,2022-01-20,22.559,857023
tok16,2022-01-21,24.122,401583
tok16,2022-01-22,23.351,592921
tok16,2022-01-23,23.641,455737
tok16,2022-01-24,23.214,592103
tok16,2022-01-25,22.52,222864
tok16,2022-01-26,22.179,384447
tok16,2022-01-27,21.863,349499
tok16,2022-01-28,21.123,278186
tok16,2022-01-29,19.966,1059181
tok16,2022-01-30,20.332,385834
tok16,2022-01-31,21.374,158595
tok16,2022-02-01,20.724,372147
tok16,2022-02-02,21.147,465724
tok16,2022-02-03,21.571,846841
tok16,2022-02-04,21.337,482984
tok16,2022-02-05,21.583,233193
tok16,2022-02-06,21.985,480557
tok16,2022-02-07,22.544,1096096
tok16,2022-02-08,23.561,460405
tok16,2022-02-09,22.472,479614
tok16,2022-02-10,24.226,315495
tok16,2022-02-11,25.286,800044
tok16,2022-02-12,24.374,252658
tok16,2022-02-13,23.643,277778
tok16,2022-02-14,22.59,1120752
tok16,2022-02-15,23.576,656935
tok16,2022-02-16,23.549,869172
tok16,2022-02-17,22.108,289632
tok16,2022-02-18,23.007,1134340
tok16,2022-02-19,22.553,1092105
tok16,2022-02-20,23.868,117795
tok16,2022-02-21,24.306,586112
tok16,2022-02-22,23.694,288824
tok16,2022-02-23,24.776,393585
tok16,2022-02-24,24.537,239065
tok16,2022-02-25,24.987,444258
tok16,2022-02-26,24.061,297085
tok16,2022-02-27,23.355,285536
tok16,2022-02-28,22.691,585078
tok16,2022-03-01,22.986,152988
tok16,2022-03-02,22.333,208187
tok16,2022-03-03,23.651,517045
tok16,2022-03-04,21.77,272775
tok16,2022-03-05,22.929,223055
tok16,2022-03-06,23.047,340608
tok16,2022-03-07,22.74,632795
tok16,2022-03-08,23.975,388117
tok16,2022-03-09,23.129,334881
tok16,2022-03-10,23.558,620008
tok16,2022-03-11,23.947,455228
tok16,2022-03-12,23.981,495126
tok16,2022-03-13,24.614,345799
tok16,2022-03-14,26.17,752024
tok16,2022-03-15,26.05,239834
tok16,2022-03-16,25.941,350167
tok16,2022-03-17,27.569,381825
tok16,2022-03-18,27.6,162370
tok16,2022-03-19,26.673,760785
tok16,2022-03-20,27.716,271954
tok16,2022-03-21,29.318,366350
tok16,2022-03-22,30.161,496668
tok16,2022-03-23,29.174,178209
tok16,2022-03-24,28.492,406378
tok16,2022-03-25,27.733,472928
tok16,2022-03-26,27.524,304109
tok16,2022-03-27,29.746,376295
tok16,2022-03-28,31.392,179576
tok16,2022-03-29,32.152,176784
tok16,2022-03-30,33.44,668776
tok16,2022-03-31,34.963,851374
tok16,2022-04-01,34.121,1072039
tok16,2022-04-02,34.524,388550
tok16,2022-04-03,36.057,339117
tok16,2022-04-04,35.962,429817
tok16,2022-04-05,35.667,350853
tok16,2022-04-06,35.85,606590
tok16,2022-04-07,34.961,345604
tok16,2022-04-08,35.8,186651
tok16,2022-04-09,36.93,414746
tok16,2022-04-10,35.03,659524
tok16,2022-04-11,37.483,412163
tok16,2022-04-12,39.705,1114081
tok16,2022-04-13,42.235,636236
tok16,2022-04-14,42.725,615086
tok16,2022-04-15,43.375,228856
tok16,2022-04-16,43.921,670128
tok16,2022-04-17,43.067,496918
tok16,2022-04-18,42.092,503200
tok16,2022-04-19,41.055,762912
tok16,2022-04-20,44.702,1050374
tok16,2022-04-21,40.608,801173
tok16,2022-04-22,39.669,635203
tok16,2022-04-23,39.82,845221
tok16,2022-04-24,39.168,845259
tok16,2022-04-25,39.047,408712
tok16,2022-04-26,38.771,469599
tok16,2022-04-27,39.421,1060287
tok16,2022-04-28,39.865,512364
tok16,2022-04-29,40.679,450622
tok16,2022-04-30,40.969,477401
tok16,2022-05-01,38.623,1190462
tok16,2022-05-02,37.176,157305
tok16,2022-05-03,36.707,255603
tok16,2022-05-04,35.5,344233
tok16,2022-05-05,36.305,279067
tok16,2022-05-06,34.809,411816
tok16,2022-05-07,32.631,382474
tok16,2022-05-08,31.962,609669
tok16,2022-05-09,31.387,425768
tok16,2022-05-10,32.336,304326
tok16,2022-05-11,30.678,516570
tok16,2022-05-12,29.764,270688
tok16,2022-05-13,29.259,262395
tok16,2022-05-14,27.095,720799
tok16,2022-05-15,27.729,490515
tok16,2022-05-16,28.482,862942
tok16,2022-05-17,29.622,195139
tok16,2022-05-18,31.905,348517
tok16,2022-05-19,32.08,842857
tok16,2022-05-20,31.183,233240
tok16,2022-05-21,29.039,422013
tok16,2022-05-22,28.151,368892
tok16,2022-05-23,27.893,806931
tok16,2022-05-24,27.053,1363829
tok16,2022-05-25,27.58,381872
tok16,2022-05-26,29.947,534774
tok16,2022-05-27,31.184,211879
tok16,2022-05-28,29.491,447503
tok16,2022-05-29,27.979,368210
tok16,2022-05-30,27.247,1240050
tok16,2022-05-31,26.575,604339
tok16,2022-06-01,25.832,384712
tok16,2022-06-02,26.514,600678
tok16,2022-06-03,26.227,152469
tok16,2022-06-04,27.161,611008
tok16,2022-06-05,27.856,1020368
tok16,2022-06-06,28.188,941693
tok16,2022-06-07,28.652,479543
tok16,2022-06-08,28.835,793447
tok16,2022-06-09,27.718,701812
tok16,2022-06-10,28.195,311966
tok16,2022-06-11,29.242,347550
tok16,2022-06-12,29.503,306295
tok16,2022-06-13,30.382,734960
tok16,2022-06-14,32.446,541414
tok16,2022-06-15,33.706,388923
tok16,2022-06-16,34.409,522708
tok16,2022-06-17,34.141,634626
tok16,2022-06-18,34.129,724224
tok16,2022-06-19,34.296,578051
tok16,2022-06-20,36.274,364457
tok16,2022-06-21,37.877,494241
tok16,2022-06-22,38.887,1366596
tok16,2022-06-23,40.68,153441
tok16,2022-06-24,38.856,725164
tok16,2022-06-25,40.538,236544
tok16,2022-06-26,40.326,793828
tok16,2022-06-27,38.869,210778
tok16,2022-06-28,37.885,330339
tok16,2022-06-29,36.444,657380
tok16,2022-06-30,38.061,164251
tok16,2022-07-01,36.711,320240
tok16,2022-07-02,34.194,163429
tok16,2022-07-03,35.963,168196
tok16,2022-07-04,36.681,1139657
tok16,2022-07-05,37.961,468142
tok16,2022-07-06,36.321,321788
tok16,2022-07-07,36.321,573317
tok16,2022-07-08,38.318,452465
tok16,2022-07-09,36.303,508981
tok16,2022-07-10,38.426,740545
tok16,2022-07-11,37.891,165304
tok16,2022-07-12,38.752,1398043
tok16,2022-07-13,37.605,292378
tok16,2022-07-14,39.285,521369
tok16,2022-07-15,41.734,526240
tok16,2022-07-16,41.733,302287
tok16,2022-07-17,41.826,413255
tok16,2022-07-18,42.272,1526586
tok16,2022-07-19,40.672,290751
tok16,2022-07-20,42.607,175880
tok16,2022-07-21,39.934,432323
tok16,2022-07-22,37.893,449409
tok16,2022-07-23,36.747,437252
tok16,2022-07-24,38.522,272043
tok16,2022-07-25,39.264,714496
tok16,2022-07-26,41.239,402859
tok16,2022-07-27,40.648,337899
tok16,2022-07-28,41.537,459837
tok16,2022-07-29,38.285,254996
tok16,2022-07-30,39.335,938297
tok16,2022-07-31,39.93,646170
tok16,2022-08-01,41.478,174810
tok16,2022-08-02,42.03,672818
tok16,2022-08-03,42.013,273504
tok16,2022-08-04,43.041,183000
tok16,2022-08-05,44.171,701379
tok16,2022-08-06,45.904,297316
tok16,2022-08-07,44.746,382481
tok16,2022-08-08,43.09,248635
tok16,2022-08-09,43.16,603288
tok16,2022-08-10,44.794,405060
tok16,2022-08-11,45.057,297905
tok16,2022-08-12,45.994,366652
tok16,2022-08-13,46.138,609023
tok16,2022-08-14,46.478,396345
tok16,2022-08-15,44.163,361257
tok16,2022-08-16,44.553,358439
tok16,2022-08-17,43.929,423338
tok16,2022-08-18,43.716,486346
tok16,2022-08-19,45.688,598091
tok16,2022-08-20,45.484,484061
tok16,2022-08-21,45.158,309291
tok16,2022-08-22,46.968,335244
tok16,2022-08-23,46.317,401641
tok16,2022-08-24,47.524,625861
tok16,2022-08-25,47.342,330049
tok16,2022-08-26,47.41,496030
tok16,2022-08-27,45.257,537317
tok16,2022-08-28,44.797,384436
tok16,2022-08-29,46.147,473795
tok16,2022-08-30,45.248,333319
tok16,2022-08-31,47.229,228764
tok16,2022-09-01,44.395,265571
tok16,2022-09-02,43.773,258115
tok16,2022-09-03,40.359,240117
tok16,2022-09-04,38.749,667814
tok16,2022-09-05,36.265,354875
tok16,2022-09-06,37.938,602897
tok16,2022-09-07,39.663,590233
tok16,2022-09-08,40.318,452937
tok16,2022-09-09,42.852,436653
tok16,2022-09-10,44.328,274766
tok16,2022-09-11,45.277,546147
tok16,2022-09-12,44.326,941131
tok16,2022-09-13,46.084,355723
tok16,2022-09-14,46.974,930123
tok16,2022-09-15,47.922,300872
tok16,2022-09-16,44.737,222838
tok16,2022-09-17,45.755,1107948
tok16,2022-09-18,47.274,349537
tok16,2022-09-19,49.704,273367
tok16,2022-09-20,49.217,1428094
tok16,2022-09-21,52.292,1343639
tok16,2022-09-22,52.7,454862
tok16,2022-09-23,53.186,502269
tok16,2022-09-24,54.658,484089
tok16,2022-09-25,54.986,1028860
tok16,2022-09-26,61.549,1092691
tok16,2022-09-27,59.431,516766
tok16,2022-09-28,63.137,419051
tok16,2022-09-29,69.47,250792
tok16,2022-09-30,74.899,1085948
tok16,2022-10-01,75.32,985122
tok16,2022-10-02,73.911,1004360
tok16,2022-10-03,70.418,1501292
tok16,2022-10-04,66.163,638976
tok16,2022-10-05,59.343,667668
tok16,2022-10-06,56.57,631581
tok16,2022-10-07,58.186,589969
tok16,2022-10-08,56.609,427546
tok16,2022-10-09,55.309,491976
tok16,2022-10-10,55.511,315008
tok16,2022-10-11,54.873,342652
tok16,2022-10-12,52.415,326721
tok16,2022-10-13,51.563,163961
tok16,2022-10-14,51.071,382629
tok16,2022-10-15,50.951,411402
tok16,2022-10-16,50.245,527714
tok16,2022-10-17,46.708,407267
tok16,2022-10-18,47.52,436800
tok16,2022-10-19,45.497,547923
tok16,2022-10-20,45.388,531244
tok16,2022-10-21,43.41,263859
tok16,2022-10-22,46.161,489332
tok16,2022-10-23,43.546,295873
tok16,2022-10-24,43.507,198994
tok16,2022-10-25,43.001,631512
tok16,2022-10-26,44.227,745304
tok16,2022-10-27,43.576,422182
tok16,2022-10-28,42.93,464231
tok16,2022-10-29,42.15,557981
tok16,2022-10-30,39.287,185994
tok16,2022-10-31,42.525,465779
tok16,2022-11-01,44.359,314216
tok16,2022-11-02,45.273,504371
tok16,2022-11-03,43.381,664704
tok16,2022-11-04,46.754,279370
tok16,2022-11-05,46.831,783221
tok16,2022-11-06,43.947,348539
tok16,2022-11-07,39.825,474036
tok16,2022-11-08,40.386,632455
tok16,2022-11-09,43.379,761476
tok16,2022-11-10,44.363,1050096
tok16,2022-11-11,46.206,577717
tok16,2022-11-12,45.961,265328
tok16,2022-11-13,49.667,289628
tok16,2022-11-14,46.592,390499
tok16,2022-11-15,46.079,440913
tok16,2022-11-16,45.928,226518
tok16,2022-11-17,46.334,309283
tok16,2022-11-18,46.646,563359
tok16,2022-11-19,47.985,365865
tok16,2022-11-20,49.917,360317
tok16,2022-11-21,52.239,478799
tok16,2022-11-22,51.554,169437
tok16,2022-11-23,50.029,332465
tok16,2022-11-24,49.979,407149
tok16,2022-11-25,50.186,406893
tok16,2022-11-26,50.819,331054
tok16,2022-11-27,51.752,473498
tok16,2022-11-28,54.531,254449
tok16,2022-11-29,58.656,705179
tok16,2022-11-30,56.5,1055679
tok16,2022-12-01,59.698,294938
tok16,2022-12-02,59.581,890820
tok16,2022-12-03,62.015,667506
tok16,2022-12-04,61.251,291162
tok16,2022-12-05,63.734,347919
tok16,2022-12-06,64.942,534034
tok16,2022-12-07,64.398,489498
tok16,2022-12-08,66.42,440322
tok16,2022-12-09,66.001,551956
tok16,2022-12-10,67.545,619525
tok16,2022-12-11,67.79,697153
tok16,2022-12-12,71.128,1062530
tok16,2022-12-13,74.443,519162
tok16,2022-12-14,70.948,254831
tok16,2022-12-15,69.935,271065
tok16,2022-12-16,67.132,224062
tok16,2022-12-17,66.329,284013
tok16,2022-12-18,62.708,425704
tok16,2022-12-19,61.47,315728
tok16,2022-12-20,63.976,375398
tok16,2022-12-21,63.628,218282
tok16,2022-12-22,61.281,402376
tok16,2022-12-23,57.714,943072
tok16,2022-12-24,56.241,507267
tok16,2022-12-25,55.141,442647
tok16,2022-12-26,55.324,531450
tok16,2022-12-27,55.472,1264334
tok16,2022-12-28,56.722,168535
tok16,2022-12-29,54.224,239344
tok16,2022-12-30,55.732,867100
tok16,2022-12-31,57.273,516678
tok16,2023-01-01,52.266,1065832
tok16,2023-01-02,49.987,610605
tok16,2023-01-03,49.646,309971
tok16,2023-01-04,46.725,520253
tok16,2023-01-05,43.945,368180
tok16,2023-01-06,44.984,413679
tok16,2023-01-07,43.862,482221
tok16,2023-01-08,44.355,742098
tok16,2023-01-09,44.652,873152
tok16,2023-01-10,46.374,118082
tok16,2023-01-11,45.664,242833
tok16,2023-01-12,47.327,341106
tok16,2023-01-13,44.631,231357
tok16,2023-01-14,45.517,506481
tok16,2023-01-15,44.777,531892
tok16,2023-01-16,44.85,371712
tok16,2023-01-17,45.563,583397
tok16,2023-01-18,43.917,179999
tok16,2023-01-19,42.832,545386
tok16,2023-01-20,43.437,249107
tok16,2023-01-21,43.329,565415
tok16,2023-01-22,45.411,759936
tok16,2023-01-23,41.42,313118
tok16,2023-01-24,39.086,455652
tok16,2023-01-25,41.423,419253
tok16,2023-01-26,40.229,361429
tok16,2023-01-27,39.518,824677
tok16,2023-01-28,35.718,590294
tok16,2023-01-29,37.107,499670
tok16,2023-01-30,38.77,617319
tok16,2023-01-31,38.354,499583
tok16,2023-02-01,38.737,410860
tok16,2023-02-02,40.423,417154
tok16,2023-02-03,38.765,577119
tok16,2023-02-04,39.305,648013
tok16,2023-02-05,36.921,882542
tok16,2023-02-06,38.059,267622
tok16,2023-02-07,35.69,723452
tok16,2023-02-08,36.459,366314
tok16,2023-02-09,37.021,669666
tok16,2023-02-10,38.079,203113
tok16,2023-02-11,38.334,438942
tok16,2023-02-12,38.537,352099
tok16,2023-02-13,37.165,421704
tok16,2023-02-14,37.086,734462
tok16,2023-02-15,37.611,991589
tok16,2023-02-16,41.024,552915
tok16,2023-02-17,43.121,626717
tok16,2023-02-18,43.371,197369
tok16,2023-02-19,43.707,285806
tok16,2023-02-20,45.153,205803
tok16,2023-02-21,46.07,282717
tok16,2023-02-22,44.686,525257
tok16,2023-02-23,44.063,809572
tok16,2023-02-24,43.259,347330
tok16,2023-02-25,43.531,347260
tok16,2023-02-26,42.688,552127
tok16,2023-02-27,40.595,1035777
tok16,2023-02-28,39.139,293356
tok16,2023-03-01,37.277,290301
tok16,2023-03-02,37.248,284085
tok16,2023-03-03,33.966,808180
tok16,2023-03-04,36.42,267117
tok16,2023-03-05,38.44,270966
tok16,2023-03-06,39.107,718239
tok16,2023-03-07,35.35,955152
tok16,2023-03-08,36.929,1096806
tok16,2023-03-09,38.135,511428
tok16,2023-03-10,37.391,818717
tok16,2023-03-11,37.922,746835
tok16,2023-03-12,38.345,508958
tok16,2023-03-13,39.694,1024532
tok16,2023-03-14,40.642,311966
tok16,2023-03-15,41.679,423705
tok16,2023-03-16,41.373,643873
tok16,2023-03-17,41.156,643984
tok16,2023-03-18,41.848,406830
tok16,2023-03-19,40.472,604813
tok16,2023-03-20,43.955,475686
tok16,2023-03-21,45.733,1237009
tok16,2023-03-22,42.9,498617
tok16,2023-03-23,42.712,570306
tok16,2023-03-24,40.455,376266
tok16,2023-03-25,39.911,532336
tok16,2023-03-26,40.822,282061
tok16,2023-03-27,38.497,323277
tok16,2023-03-28,35.715,628745
tok16,2023-03-29,36.271,707590
tok16,2023-03-30,37.04,317196
tok16,2023-03-31,38.021,242864
tok16,2023-04-01,40.071,390627
tok16,2023-04-02,38.847,444564
tok16,2023-04-03,38.149,829434
tok16,2023-04-04,40.321,915990
tok16,2023-04-05,39.793,339239
tok16,2023-04-06,40.389,640609
tok16,2023-04-07,36.997,1174689
tok16,2023-04-08,34.53,305139
tok16,2023-04-09,34.417,353504
tok16,2023-04-10,34.164,1198316
tok16,2023-04-11,32.853,726992
tok16,2023-04-12,31.273,237260
tok16,2023-04-13,33.549,269500
tok16,2023-04-14,34.532,392782
tok16,2023-04-15,35.794,1351965
tok16,2023-04-16,34.397,592532
tok16,2023-04-17,31.961,436325
tok16,2023-04-18,30.064,304639
tok16,2023-04-19,28.922,237495
tok16,2023-04-20,27.301,412378
tok16,2023-04-21,28.093,258883
tok16,2023-04-22,28.463,708208
tok16,2023-04-23,28.275,989249
tok16,2023-04-24,29.383,420460
tok16,2023-04-25,28.566,324316
tok16,2023-04-26,27.565,218689
tok16,2023-04-27,27.438,450162
tok16,2023-04-28,28.548,268938
tok16,2023-04-29,28.592,231859
tok16,2023-04-30,28.482,944912
tok16,2023-05-01,29.316,367881
tok16,2023-05-02,29.876,194087
tok16,2023-05-03,28.624,312140
tok16,2023-05-04,26.621,653804
tok16,2023-05-05,26.262,170680
tok16,2023-05-06,26.042,351357
tok16,2023-05-07,25.718,450994
tok16,2023-05-08,28.407,690123
tok16,2023-05-09,26.982,693239
tok16,2023-05-10,29.56,307272
tok16,2023-05-11,25.684,207983
tok16,2023-05-12,26.671,327718
tok16,2023-05-13,26.259,282389
tok16,2023-05-14,26.006,293928
tok16,2023-05-15,28.681,390195
tok16,2023-05-16,30.131,1568327
tok16,2023-05-17,29.976,1069069
tok16,2023-05-18,28.509,1010710
tok16,2023-05-19,29.422,427915
tok16,2023-05-20,29.166,233315
tok16,2023-05-21,29.908,330716
tok16,2023-05-22,27.62,332243
tok16,2023-05-23,26.903,407375
tok16,2023-05-24,26.5,1216822
tok16,2023-05-25,25.723,1355123
tok16,2023-05-26,25.498,240710
tok16,2023-05-27,26.311,474536
tok16,2023-05-28,26.55,484586
tok16,2023-05-29,26.44,471252
tok16,2023-05-30,25.891,509728
tok16,2023-05-31,26.174,324098
tok16,2023-06-01,24.977,309484
tok16,2023-06-02,27.011,409489
tok16,2023-06-03,27.695,176239
tok16,2023-06-04,28.213,506929
tok16,2023-06-05,28.29,239544
tok16,2023-06-06,28.457,612350
tok16,2023-06-07,27.486,480048
tok16,2023-06-08,26.695,324575
tok16,2023-06-09,26.505,423108
tok16,2023-06-10,26.867,175542
tok16,2023-06-11,27.241,609079
tok16,2023-06-12,27.339,778358
tok16,2023-06-13,27.411,294858
tok16,2023-06-14,27.677,210097
tok16,2023-06-15,28.411,331236
tok16,2023-06-16,28.448,408817
tok16,2023-06-17,28.936,113183
tok16,2023-06-18,29.345,152400
tok16,2023-06-19,29.099,407304
tok16,2023-06-20,31.507,552055
tok16,2023-06-21,31.326,364781
tok16,2023-06-22,32.124,344729
tok16,2023-06-23,31.252,314844
tok16,2023-06-24,28.407,342866
tok16,2023-06-25,29.364,271787
tok16,2023-06-26,28.978,396723
tok16,2023-06-27,30.214,294097
tok16,2023-06-28,30.637,336428
tok16,2023-06-29,30.01,250375
tok16,2023-06-30,30.059,421247
tok16,2023-07-01,29.219,455710
tok16,2023-07-02,29.64,215981
tok16,2023-07-03,29.724,385483
tok16,2023-07-04,29.73,93866
tok16,2023-07-05,30.363,327049
tok16,2023-07-06,32.987,408674
tok16,2023-07-07,32.111,502633
tok16,2023-07-08,34.05,285274
tok16,2023-07-09,32.579,358599
tok16,2023-07-10,33.801,273203
tok16,2023-07-11,34.463,364616
tok16,2023-07-12,35.203,668458
tok16,2023-07-13,35.204,693293
tok16,2023-07-14,35.339,362511
tok16,2023-07-15,34.395,243691
tok16,2023-07-16,30.454,605703
tok16,2023-07-17,29.674,362039
tok16,2023-07-18,28.957,698941
tok16,2023-07-19,29.943,355831
tok16,2023-07-20,30.23,693993
tok16,2023-07-21,31.158,394540
tok16,2023-07-22,33.103,416350
tok16,2023-07-23,34.335,454319
tok16,2023-07-24,32.508,364791
tok16,2023-07-25,32.335,540538
tok16,2023-07-26,31.859,357314
tok16,2023-07-27,30.773,269677
tok16,2023-07-28,29.186,204446
tok16,2023-07-29,31.021,889899
tok16,2023-07-30,32.259,238637
tok16,2023-07-31,32.044,1204363
tok16,2023-08-01,28.938,492528
tok16,2023-08-02,28.131,856894
tok16,2023-08-03,28.44,1307046
tok16,2023-08-04,29.318,499295
tok16,2023-08-05,29.757,704384
tok16,2023-08-06,30.161,849009
tok16,2023-08-07,29.443,663313
tok16,2023-08-08,31.55,509839
tok16,2023-08-09,30.011,1198666
tok16,2023-08-10,30.379,397271
tok16,2023-08-11,30.713,620501
tok16,2023-08-12,32.416,672739
tok16,2023-08-13,32.294,264822
tok16,2023-08-14,32.172,473672
tok16,2023-08-15,32.312,376306
tok16,2023-08-16,31.977,220350
tok16,2023-08-17,30.486,386710
tok16,2023-08-18,32.128,711656
tok16,2023-08-19,34.124,592621
tok16,2023-08-20,36.12,526159
tok16,2023-08-21,35.312,295067
tok16,2023-08-22,36.786,814643
tok16,2023-08-23,37.683,534951
tok16,2023-08-24,39.932,640526
tok16,2023-08-25,40.763,240078
tok16,2023-08-26,38.817,216675
tok16,2023-08-27,39.035,542047
tok16,2023-08-28,39.868,320596
tok16,2023-08-29,39.674,543777
tok16,2023-08-30,40.953,467908
tok16,2023-08-31,40.052,565804
tok16,2023-09-01,40.834,457857
tok16,2023-09-02,43.176,693925
tok16,2023-09-03,44.339,683118
tok16,2023-09-04,43.485,568732
tok16,2023-09-05,44.651,199074
tok16,2023-09-06,43.775,350623
tok16,2023-09-07,44.343,366702
tok16,2023-09-08,43.377,164161
tok16,2023-09-09,44.06,311338
tok16,2023-09-10,42.623,485858
tok16,2023-09-11,44.459,777871
tok16,2023-09-12,43.861,458487
tok16,2023-09-13,42.764,465944
tok16,2023-09-14,43.486,437474
tok16,2023-09-15,39.221,375250
tok16,2023-09-16,41.514,596823
tok16,2023-09-17,41.032,538150
tok16,2023-09-18,43.078,771119
tok16,2023-09-19,42.393,522263
tok16,2023-09-20,42.216,454810
tok16,2023-09-21,39.567,545921
tok16,2023-09-22,40.405,954535
tok16,2023-09-23,38.79,933870
tok16,2023-09-24,40.69,235036
tok16,2023-09-25,40.027,607514
tok16,2023-09-26,41.061,444610
tok16,2023-09-27,41.236,453887
tok16,2023-09-28,44.568,572579
tok16,2023-09-29,43.099,509561
tok16,2023-09-30,43.563,762948
tok16,2023-10-01,43.614,963358
tok16,2023-10-02,46.326,479416
tok16,2023-10-03,44.207,405771
tok16,2023-10-04,43.804,484271
tok16,2023-10-05,40.443,588558
tok16,2023-10-06,40.648,1367398
tok16,2023-10-07,40.213,397424
tok16,2023-10-08,38.936,406460
tok16,2023-10-09,38.131,430873
tok16,2023-10-10,39.005,319793
tok16,2023-10-11,40.558,243494
tok16,2023-10-12,40.549,334373
tok16,2023-10-13,43.295,206791
tok16,2023-10-14,43.623,237175
tok16,2023-10-15,43.795,398849
tok16,2023-10-16,43.327,308939
tok16,2023-10-17,42.856,539468
tok16,2023-10-18,41.872,302633
tok16,2023-10-19,41.006,442540
tok16,2023-10-20,40.485,401432
tok16,2023-10-21,38.054,177205
tok16,2023-10-22,38.085,493603
tok16,2023-10-23,36.815,593239
tok16,2023-10-24,35.296,808690
tok16,2023-10-25,34.327,466080
tok16,2023-10-26,33.728,274853
tok16,2023-10-27,35.975,410903
tok16,2023-10-28,35.529,307304
tok16,2023-10-29,36.818,496059
tok16,2023-10-30,38.092,523008
tok16,2023-10-31,38.702,443328
tok16,2023-11-01,37.836,376905
tok16,2023-11-02,39.076,295647
tok16,2023-11-03,40.546,481075
tok16,2023-11-04,40.649,521556
tok16,2023-11-05,40.206,695693
tok16,2023-11-06,39.218,166066
tok16,2023-11-07,39.87,501800
tok16,2023-11-08,43.852,631088
tok16,2023-11-09,46.389,326094
tok16,2023-11-10,45.463,648904
tok16,2023-11-11,41.586,342669
tok16,2023-11-12,38.24,456323
tok16,2023-11-13,38.567,696094
tok16,2023-11-14,38.696,216690
tok16,2023-11-15,36.906,360117
tok16,2023-11-16,36.542,426470
tok16,2023-11-17,37.642,297500
tok16,2023-11-18,38.516,569401
tok16,2023-11-19,39.838,1295631
tok16,2023-11-20,40.631,373143
tok16,2023-11-21,43.888,528035
tok16,2023-11-22,45.335,245983
tok16,2023-11-23,47.636,301267
tok16,2023-11-24,47.121,271447
tok16,2023-11-25,48.206,561677
tok16,2023-11-26,49.214,316324
tok16,2023-11-27,47.075,400367
tok16,2023-11-28,46.707,331649
tok16,2023-11-29,49.45,708820
tok16,2023-11-30,51.111,391690
tok16,2023-12-01,53.674,283855
tok16,2023-12-02,52.747,275240
tok16,2023-12-03,55.495,471446
tok16,2023-12-04,60.889,668634
tok16,2023-12-05,61.062,417276
tok16,2023-12-06,62.505,979687
tok16,2023-12-07,64.693,607664
tok16,2023-12-08,65.651,186357
tok16,2023-12-09,66.574,531421
tok16,2023-12-10,66.693,393181
tok16,2023-12-11,62.664,378331
tok16,2023-12-12,64.839,523200
tok16,2023-12-13,68.626,413009
tok16,2023-12-14,70.217,630639
tok16,2023-12-15,71.427,272667
tok16,2023-12-16,71.577,377992
tok16,2023-12-17,68.754,333629
tok16,2023-12-18,60.957,390263
tok16,2023-12-19,61.23,189376
tok16,2023-12-20,60.055,354498
tok16,2023-12-21,58.816,498538
tok16,2023-12-22,58.186,680621
tok16,2023-12-23,55.172,394785
tok16,2023-12-24,55.522,303804
tok16,2023-12-25,59.654,323440
tok16,2023-12-26,60.029,144756
tok16,2023-12-27,62.489,928320
tok16,2023-12-28,65.407,332102
tok16,2023-12-29,64.196,571111
tok16,2023-12-30,64.962,448987
tok16,2023-12-31,64.754,854596
tok17,2021-01-01,95.843,361577
tok17,2021-01-02,93.304,200694
tok17,2021-01-03,95.197,333059
tok17,2021-01-04,90.201,397982
tok17,2021-01-05,91.997,293335
tok17,2021-01-06,93.346,356764
tok17,2021-01-07,95.191,240137
tok17,2021-01-08,92.673,504457
tok17,2021-01-09,94.376,390630
tok17,2021-01-10,98.493,288156
tok17,2021-01-11,93.863,601709
tok17,2021-01-12,93.746,591036
tok17,2021-01-13,96.426,363762
tok17,2021-01-14,97.772,685782
tok17,2021-01-15,100.966,1245828
tok17,2021-01-16,104.609,533635
tok17,2021-01-17,100.082,295344
tok17,2021-01-18,98.631,504229
tok17,2021-01-19,95.224,565283
tok17,2021-01-20,93.69,359479
tok17,2021-01-21,84.532,302266
tok17,2021-01-22,80.975,344488
tok17,2021-01-23,81.474,337231
tok17,2021-01-24,82.325,274273
tok17,2021-01-25,79.111,463817
tok17,2021-01-26,84.651,452613
tok17,2021-01-27,86.074,441522
tok17,2021-01-28,86.959,720958
tok17,2021-01-29,79.619,529346
tok17,2021-01-30,74.421,330108
tok17,2021-01-31,73.198,503061
tok17,2021-02-01,73.707,432850
tok17,2021-02-02,77.246,694204
tok17,2021-02-03,78.772,232861
tok17,2021-02-04,80.284,277331
tok17,2021-02-05,78.571,436713
tok17,2021-02-06,75.093,512393
tok17,2021-02-07,74.713,347250
tok17,2021-02-08,76.037,493923
tok17,2021-02-09,77.045,374564
tok17,2021-02-10,77.388,160234
tok17,2021-02-11,77.305,577550
tok17,2021-02-12,78.287,256348
tok17,2021-02-13,81.785,397611
tok17,2021-02-14,77.715,767699
tok17,2021-02-15,77.249,267528
tok17,2021-02-16,79.237,646502
tok17,2021-02-17,79.787,984664
tok17,2021-02-18,79.236,703616
tok17,2021-02-19,78.352,190988
tok17,2021-02-20,78.254,415231
tok17,2021-02-21,74.669,172328
tok17,2021-02-22,75.056,561272
tok17,2021-02-23,76.133,326923
tok17,2021-02-24,76.441,291242
tok17,2021-02-25,80.176,191384
tok17,2021-02-26,73.738,428273
tok17,2021-02-27,77.759,444429
tok17,2021-02-28,80.463,342126
tok17,2021-03-01,78.978,252389
tok17,2021-03-02,80.688,587267
tok17,2021-03-03,82.023,288198
tok17,2021-03-04,84.785,532506
tok17,2021-03-05,79.752,298000
tok17,2021-03-06,75.659,554133
tok17,2021-03-07,76.079,549315
tok17,2021-03-08,74.582,771339
tok17,2021-03-09,72.853,651348
tok17,2021-03-10,79.443,209854
tok17,2021-03-11,76.77,513387
tok17,2021-03-12,78.599,1174752
tok17,2021-03-13,83.094,390606
tok17,2021-03-14,83.476,622733
tok17,2021-03-15,85.48,398279
tok17,2021-03-16,81.735,224057
tok17,2021-03-17,81.229,498680
tok17,2021-03-18,77.466,448404
tok17,2021-03-19,75.033,560415
tok17,2021-03-20,76.256,297384
tok17,2021-03-21,77.83,387052
tok17,2021-03-22,82.01,451757
tok17,2021-03-23,81.653,644278
tok17,2021-03-24,86.167,389392
tok17,2021-03-25,89.364,316662
tok17,2021-03-26,89.159,259718
tok17,2021-03-27,85.192,276959
tok17,2021-03-28,83.808,465630
tok17,2021-03-29,78.962,279269
tok17,2021-03-30,77.443,762308
tok17,2021-03-31,73.688,289988
tok17,2021-04-01,69.351,623591
tok17,2021-04-02,65.685,410862
tok17,2021-04-03,58.123,515205
tok17,2021-04-04,59.186,353786
tok17,2021-04-05,56.427,521921
tok17,2021-04-06,56.687,586363
tok17,2021-04-07,58.948,574325
tok17,2021-04-08,58.958,411640
tok17,2021-04-09,62.812,253106
tok17,2021-04-10,63.389,559672
tok17,2021-04-11,66.269,945497
tok17,2021-04-12,66.685,220586
tok17,2021-04-13,65.076,287392
tok17,2021-04-14,66.673,1021620
tok17,2021-04-15,61.307,378650
tok17,2021-04-16,62.967,813894
tok17,2021-04-17,59.39,634749
tok17,2021-04-18,56.66,491136
tok17,2021-04-19,57.696,481908
tok17,2021-04-20,56.583,606136
tok17,2021-04-21,54.795,947938
tok17,2021-04-22,55.704,416316
tok17,2021-04-23,54.598,504635
tok17,2021-04-24,55.855,488204
tok17,2021-04-25,57.327,642415
tok17,2021-04-26,56.33,494421
tok17,2021-04-27,55.589,559435
tok17,2021-04-28,54.727,607228
tok17,2021-04-29,54.736,438089
tok17,2021-04-30,54.955,629729
tok17,2021-05-01,56.705,882069
tok17,2021-05-02,62.826,358668
tok17,2021-05-03,64.962,934901
tok17,2021-05-04,64.479,552340
tok17,2021-05-05,65.188,200142
tok17,2021-05-06,65.143,455859
tok17,2021-05-07,66.404,447542
tok17,2021-05-08,61.529,169234
tok17,2021-05-09,60.96,213483
tok17,2021-05-10,61.066,660605
tok17,2021-05-11,63.535,721751
tok17,2021-05-12,67.991,255481
tok17,2021-05-13,70.666,348207
tok17,2021-05-14,70.655,339034
tok17,2021-05-15,71.808,381800
tok17,2021-05-16,75.352,617504
tok17,2021-05-17,74.782,617910
tok17,2021-05-18,69.409,1286301
tok17,2021-05-19,69.731,954519
tok17,2021-05-20,66.644,376540
tok17,2021-05-21,62.782,454951
tok17,2021-05-22,61.327,497451
tok17,2021-05-23,60.665,885452
tok17,2021-05-24,55.052,483909
tok17,2021-05-25,53.596,263300
tok17,2021-05-26,55.058,634197
tok17,2021-05-27,58.124,457767
tok17,2021-05-28,59.23,500831
tok17,2021-05-29,60.935,394935
tok17,2021-05-30,59.929,424246
tok17,2021-05-31,61.505,795168
tok17,2021-06-01,66.843,1151803
tok17,2021-06-02,61.12,297735
tok17,2021-06-03,60.94,332775
tok17,2021-06-04,59.485,691346
tok17,2021-06-05,56.145,473409
tok17,2021-06-06,55.087,396432
tok17,2021-06-07,55.279,203758
tok17,2021-06-08,57.608,515758
tok17,2021-06-09,59.243,256655
tok17,2021-06-10,56.639,1258350
tok17,2021-06-11,55.024,155943
tok17,2021-06-12,54.899,247398
tok17,2021-06-13,53.072,215165
tok17,2021-06-14,54.089,361309
tok17,2021-06-15,51.456,256390
tok17,2021-06-16,51.387,732357
tok17,2021-06-17,54.052,408138
tok17,2021-06-18,56.152,627159
tok17,2021-06-19,57.069,635604
tok17,2021-06-20,55.695,566488
tok17,2021-06-21,56.242,141096
tok17,2021-06-22,55.241,542956
tok17,2021-06-23,53.26,263523
tok17,2021-06-24,52.596,941486
tok17,2021-06-25,53.126,537744
tok17,2021-06-26,51.804,305057
tok17,2021-06-27,50.374,396961
tok17,2021-06-28,49.736,301151
tok17,2021-06-29,52.285,273406
tok17,2021-06-30,52.448,521213
tok17,2021-07-01,55.283,1019413
tok17,2021-07-02,53.786,293376
tok17,2021-07-03,50.882,523435
tok17,2021-07-04,51.874,576457
tok17,2021-07-05,52.154,525923
tok17,2021-07-06,53.208,158270
tok17,2021-07-07,53.375,556621
tok17,2021-07-08,56.499,712474
tok17,2021-07-09,55.985,109281
tok17,2021-07-10,57.156,529143
tok17,2021-07-11,56.854,414418
tok17,2021-07-12,54.95,538817
tok17,2021-07-13,54.179,1002996
tok17,2021-07-14,55.118,958264
tok17,2021-07-15,56.572,399629
tok17,2021-07-16,56.241,431307
tok17,2021-07-17,57.905,521688
tok17,2021-07-18,55.169,418736
tok17,2021-07-19,53.353,251700
tok17,2021-07-20,47.844,1039911
tok17,2021-07-21,48.904,207472
tok17,2021-07-22,43.972,959410
tok17,2021-07-23,43.167,277788
tok17,2021-07-24,44.672,308524
tok17,2021-07-25,42.414,271437
tok17,2021-07-26,40.175,965781
tok17,2021-07-27,40.975,579770
tok17,2021-07-28,44.037,272046
tok17,2021-07-29,43.446,288428
tok17,2021-07-30,44.359,254272
tok17,2021-07-31,44.27,182868
tok17,2021-08-01,43.37,215735
tok17,2021-08-02,44.933,269420
tok17,2021-08-03,44.219,644015
tok17,2021-08-04,44.282,1157673
tok17,2021-08-05,46.988,377253
tok17,2021-08-06,50.059,740841
tok17,2021-08-07,49.117,250416
tok17,2021-08-08,51.568,352253
tok17,2021-08-09,53.012,297348
tok17,2021-08-10,54.006,480641
tok17,2021-08-11,59.584,388365
tok17,2021-08-12,64.675,384393
tok17,2021-08-13,64.617,138746
tok17,2021-08-14,62.039,811553
tok17,2021-08-15,62.439,552608
tok17,2021-08-16,62.682,268473
tok17,2021-08-17,64.074,1063368
tok17,2021-08-18,63.663,288687
tok17,2021-08-19,61.684,350896
tok17,2021-08-20,60.726,686327
tok17,2021-08-21,64.054,309067
tok17,2021-08-22,64.923,1486517
tok17,2021-08-23,59.421,740310
tok17,2021-08-24,54.594,356666
tok17,2021-08-25,55.762,872286
tok17,2021-08-26,58.1,364217
tok17,2021-08-27,59.585,508988
tok17,2021-08-28,59.312,159744
tok17,2021-08-29,56.921,358320
tok17,2021-08-30,53.422,278715
tok17,2021-08-31,52.988,471159
tok17,2021-09-01,55.721,661922
tok17,2021-09-02,52.402,636000
tok17,2021-09-03,52.872,238319
tok17,2021-09-04,56.592,473838
tok17,2021-09-05,57.335,380860
tok17,2021-09-06,55.034,288128
tok17,2021-09-07,57.326,1355004
tok17,2021-09-08,54.682,491840
tok17,2021-09-09,56.198,532594
tok17,2021-09-10,55.795,419681
tok17,2021-09-11,52.786,379934
tok17,2021-09-12,52.413,380232
tok17,2021-09-13,49.651,998443
tok17,2021-09-14,44.392,537374
tok17,2021-09-15,43.38,1315619
tok17,2021-09-16,42.341,368419
tok17,2021-09-17,41.299,857812
tok17,2021-09-18,40.059,474934
tok17,2021-09-19,40.707,308087
tok17,2021-09-20,38.182,170289
tok17,2021-09-21,41.261,234145
tok17,2021-09-22,42.469,484869
tok17,2021-09-23,42.921,526412
tok17,2021-09-24,43.671,278985
tok17,2021-09-25,45.422,239928
tok17,2021-09-26,45.02,281129
tok17,2021-09-27,44.798,522473
tok17,2021-09-28,42.462,504506
tok17,2021-09-29,42.582,188245
tok17,2021-09-30,45.08,503205
tok17,2021-10-01,43.666,462319
tok17,2021-10-02,46.196,1060793
tok17,2021-10-03,45.94,512524
tok17,2021-10-04,43.706,495784
tok17,2021-10-05,46.071,195354
tok17,2021-10-06,46.793,400617
tok17,2021-10-07,47.607,471203
tok17,2021-10-08,47.558,586453
tok17,2021-10-09,46.952,370187
tok17,2021-10-10,48.737,288954
tok17,2021-10-11,46.695,473333
tok17,2021-10-12,48.225,447016
tok17,2021-10-13,51.033,322285
tok17,2021-10-14,52.242,302984
tok17,2021-10-15,50.606,306867
tok17,2021-10-16,51.499,814163
tok17,2021-10-17,48.628,210857
tok17,2021-10-18,48.28,302211
tok17,2021-10-19,52.512,447605
tok17,2021-10-20,50.03,745295
tok17,2021-10-21,52.101,479941
tok17,2021-10-22,50.997,644139
tok17,2021-10-23,49.37,544253
tok17,2021-10-24,50.624,372824
tok17,2021-10-25,47.579,467661
tok17,2021-10-26,46.889,353611
tok17,2021-10-27,43.684,252218
tok17,2021-10-28,42.389,458513
tok17,2021-10-29,47.247,616791
tok17,2021-10-30,45.001,946062
tok17,2021-10-31,47.949,329868
tok17,2021-11-01,48.234,382579
tok17,2021-11-02,46.639,200563
tok17,2021-11-03,50.504,205514
tok17,2021-11-04,54.151,426067
tok17,2021-11-05,51.983,868009
tok17,2021-11-06,49.778,251640
tok17,2021-11-07,49.612,315079
tok17,2021-11-08,49.984,726861
tok17,2021-11-09,50.228,336038
tok17,2021-11-10,49.094,207797
tok17,2021-11-11,49.299,551754
tok17,2021-11-12,48.584,728801
tok17,2021-11-13,47.775,826357
tok17,2021-11-14,48.053,552552
tok17,2021-11-15,46.08,186214
tok17,2021-11-16,42.78,308309
tok17,2021-11-17,42.762,422640
tok17,2021-11-18,39.837,1541217
tok17,2021-11-19,39.773,222660
tok17,2021-11-20,38.142,508470
tok17,2021-11-21,40.465,450323
tok17,2021-11-22,41.362,449328
tok17,2021-11-23,42.113,881349
tok17,2021-11-24,39.324,755278
tok17,2021-11-25,40.631,697727
tok17,2021-11-26,39.367,270012
tok17,2021-11-27,38.053,813083
tok17,2021-11-28,39.759,198634
tok17,2021-11-29,39.161,326155
tok17,2021-11-30,36.766,312700
tok17,2021-12-01,36.835,438059
tok17,2021-12-02,38.633,888694
tok17,2021-12-03,38.937,471020
tok17,2021-12-04,36.235,149075
tok17,2021-12-05,36.201,395734
tok17,2021-12-06,35.3,236982
tok17,2021-12-07,36.046,471845
tok17,2021-12-08,37.24,492957
tok17,2021-12-09,37.481,357951
tok17,2021-12-10,38.446,388861
tok17,2021-12-11,38.222,978014
tok17,2021-12-12,41.035,226833
tok17,2021-12-13,39.844,354595
tok17,2021-12-14,39.091,232333
tok17,2021-12-15,41.651,865889
tok17,2021-12-16,43.663,754780
tok17,2021-12-17,42.712,180525
tok17,2021-12-18,41.141,372163
tok17,2021-12-19,40.745,352454
tok17,2021-12-20,40.662,858949
tok17,2021-12-21,43.097,426397
tok17,2021-12-22,42.221,407497
tok17,2021-12-23,42.771,322763
tok17,2021-12-24,39.496,240759
tok17,2021-12-25,38.979,880391
tok17,2021-12-26,36.113,887571
tok17,2021-12-27,38.765,951250
tok17,2021-12-28,37.738,375944
tok17,2021-12-29,38.131,637698
tok17,2021-12-30,36.057,696537
tok17,2021-12-31,39.753,357323
tok17,2022-01-01,42.263,239168
tok17,2022-01-02,37.736,1033131
tok17,2022-01-03,37.368,263091
tok17,2022-01-04,35.854,488375
tok17,2022-01-05,36.839,884799
tok17,2022-01-06,37.162,411161
tok17,2022-01-07,37.762,632458
tok17,2022-01-08,39.016,272658
tok17,2022-01-09,39.26,535313
tok17,2022-01-10,37.97,460573
tok17,2022-01-11,36.733,316567
tok17,2022-01-12,35.077,497938
tok17,2022-01-13,36.901,418162
tok17,2022-01-14,36.881,608999
tok17,2022-01-15,36.442,495940
tok17,2022-01-16,33.427,660307
tok17,2022-01-17,33.18,404727
tok17,2022-01-18,33.273,193691
tok17,2022-01-19,34.502,275653
tok17,2022-01-20,35.827,508499
tok17,2022-01-21,35.93,503343
tok17,2022-01-22,37.64,1200628
tok17,2022-01-23,40.787,192526
tok17,2022-01-24,40.691,427829
tok17,2022-01-25,38.761,196689
tok17,2022-01-26,38.272,730258
tok17,2022-01-27,38.271,458290
tok17,2022-01-28,36.212,541343
tok17,2022-01-29,35.958,939534
tok17,2022-01-30,34.467,334760
tok17,2022-01-31,33.91,413714
tok17,2022-02-01,33.1,676274
tok17,2022-02-02,34.399,284212
tok17,2022-02-03,34.677,345792
tok17,2022-02-04,34.569,314690
tok17,2022-02-05,33.386,214863
tok17,2022-02-06,33.548,312593
tok17,2022-02-07,35.17,460204
tok17,2022-02-08,35.613,218868
tok17,2022-02-09,34.077,227416
tok17,2022-02-10,31.842,299998
tok17,2022-02-11,31.675,790225
tok17,2022-02-12,33.091,541240
tok17,2022-02-13,33.491,536093
tok17,2022-02-14,31.658,499382
tok17,2022-02-15,30.7,791550
tok17,2022-02-16,28.853,541773
tok17,2022-02-17,28.282,508802
tok17,2022-02-18,27.48,318907
tok17,2022-02-19,27.234,863438
tok17,2022-02-20,26.806,429194
tok17,2022-02-21,26.558,313600
tok17,2022-02-22,26.102,525766
tok17,2022-02-23,25.987,261099
tok17,2022-02-24,26.959,274541
tok17,2022-02-25,27.381,265739
tok17,2022-02-26,27.513,377014
tok17,2022-02-27,29.106,197664
tok17,2022-02-28,29.073,156975
tok17,2022-03-01,28.097,524640
tok17,2022-03-02,27.444,217817
tok17,2022-03-03,27.341,406782
tok17,2022-03-04,28.846,340866
tok17,2022-03-05,28.48,255951
tok17,2022-03-06,29.584,855171
tok17,2022-03-07,29.957,589655
tok17,2022-03-08,30.44,522096
tok17,2022-03-09,30.198,546326
tok17,2022-03-10,28.288,315545
tok17,2022-03-11,27.766,312589
tok17,2022-03-12,27.701,482957
tok17,2022-03-13,27.772,385263
tok17,2022-03-14,27.825,288325
tok17,2022-03-15,26.561,1583744
tok17,2022-03-16,26.553,652342
tok17,2022-03-17,25.326,454625
tok17,2022-03-18,24.182,653526
tok17,2022-03-19,23.819,369636
tok17,2022-03-20,22.005,1064626
tok17,2022-03-21,22.71,356097
tok17,2022-03-22,21.36,599109
tok17,2022-03-23,20.399,331543
tok17,2022-03-24,21.324,1209896
tok17,2022-03-25,21.339,454331
tok17,2022-03-26,21.434,408093
tok17,2022-03-27,20.88,580198
tok17,2022-03-28,20.016,407560
tok17,2022-03-29,18.852,310069
tok17,2022-03-30,18.894,442763
tok17,2022-03-31,18.988,320270
tok17,2022-04-01,17.688,496834
tok17,2022-04-02,18.824,171207
tok17,2022-04-03,18.994,623261
tok17,2022-04-04,19.284,378447
tok17,2022-04-05,19.319,400092
tok17,2022-04-06,18.838,308787
tok17,2022-04-07,17.987,230809
tok17,2022-04-08,16.481,213299
tok17,2022-04-09,17.591,279165
tok17,2022-04-10,16.839,344809
tok17,2022-04-11,16.321,384989
tok17,2022-04-12,16.31,408740
tok17,2022-04-13,16.852,478511
tok17,2022-04-14,16.683,888897
tok17,2022-04-15,17.365,299609
tok17,2022-04-16,17.141,485389
tok17,2022-04-17,16.299,128681
tok17,2022-04-18,16.129,383377
tok17,2022-04-19,16.312,884736
tok17,2022-04-20,16.882,596194
tok17,2022-04-21,17.646,302039
tok17,2022-04-22,16.939,758394
tok17,2022-04-23,17.081,339833
tok17,2022-04-24,17.673,964351
tok17,2022-04-25,16.788,523177
tok17,2022-04-26,16.846,119689
tok17,2022-04-27,17.682,472038
tok17,2022-04-28,17.902,543899
tok17,2022-04-29,17.896,1109990
tok17,2022-04-30,17.751,716593
tok17,2022-05-01,18.91,840246
tok17,2022-05-02,19.789,369958
tok17,2022-05-03,20.142,145647
tok17,2022-05-04,20.72,278341
tok17,2022-05-05,20.825,323167
tok17,2022-05-06,20.881,741937
tok17,2022-05-07,20.881,125537
tok17,2022-05-08,21.855,521476
tok17,2022-05-09,22.174,762896
tok17,2022-05-10,21.546,619322
tok17,2022-05-11,20.324,487622
tok17,2022-05-12,21.779,894648
tok17,2022-05-13,21.343,459556
tok17,2022-05-14,20.898,166246
tok17,2022-05-15,20.342,291046
tok17,2022-05-16,19.286,341613
tok17,2022-05-17,19.319,131828
tok17,2022-05-18,20.332,328214
tok17,2022-05-19,19.246,466089
tok17,2022-05-20,18.723,541818
tok17,2022-05-21,17.547,668171
tok17,2022-05-22,17.907,216513
tok17,2022-05-23,17.672,255661
tok17,2022-05-24,17.16,834729
tok17,2022-05-25,16.744,448482
tok17,2022-05-26,16.792,720312
tok17,2022-05-27,16.739,388177
tok17,2022-05-28,15.649,197703
tok17,2022-05-29,15.109,541835
tok17,2022-05-30,15.555,433501
tok17,2022-05-31,15.232,408217
tok17,2022-06-01,15.382,730075
tok17,2022-06-02,16.112,417204
tok17,2022-06-03,16.006,410945
tok17,2022-06-04,14.711,236391
tok17,2022-06-05,15.225,230771
tok17,2022-06-06,15.037,214895
tok17,2022-06-07,14.669,392711
tok17,2022-06-08,14.772,589335
tok17,2022-06-09,15.027,616504
tok17,2022-06-10,14.072,251164
tok17,2022-06-11,14.112,273922
tok17,2022-06-12,14.748,541090
tok17,2022-06-13,14.732,250236
tok17,2022-06-14,13.967,225106
tok17,2022-06-15,14.871,787771
tok17,2022-06-16,14.548,284076
tok17,2022-06-17,14.871,687248
tok17,2022-06-18,15.706,403407
tok17,2022-06-19,14.954,793132
tok17,2022-06-20,14.837,235049
tok17,2022-06-21,14.46,357910
tok17,2022-06-22,15.22,468814
tok17,2022-06-23,14.941,283703
tok17,2022-06-24,15.471,551180
tok17,2022-06-25,15.662,228106
tok17,2022-06-26,16.156,705454
tok17,2022-06-27,16.015,209760
tok17,2022-06-28,16.239,512462
tok17,2022-06-29,17.062,279130
tok17,2022-06-30,17.282,763480
tok17,2022-07-01,15.999,296757
tok17,2022-07-02,15.843,572669
tok17,2022-07-03,15.728,496768
tok17,2022-07-04,15.278,646185
tok17,2022-07-05,14.703,510838
tok17,2022-07-06,14.352,229291
tok17,2022-07-07,14.52,573420
tok17,2022-07-08,13.768,694831
tok17,2022-07-09,13.225,745617
tok17,2022-07-10,14.162,381740
tok17,2022-07-11,14.435,424576
tok17,2022-07-12,15.2,366991
tok17,2022-07-13,15.519,247632
tok17,2022-07-14,16.118,341584
tok17,2022-07-15,16.086,304501
tok17,2022-07-16,15.612,722232
tok17,2022-07-17,15.068,752561
tok17,2022-07-18,14.838,439536
tok17,2022-07-19,13.316,665558
tok17,2022-07-20,13.637,800951
tok17,2022-07-21,14.164,783878
tok17,2022-07-22,14.296,483022
tok17,2022-07-23,14.298,140144
tok17,2022-07-24,13.47,691500
tok17,2022-07-25,13.434,475861
tok17,2022-07-26,13.071,768178
tok17,2022-07-27,12.286,654296
tok17,2022-07-28,11.508,527014
tok17,2022-07-29,11.706,351522
tok17,2022-07-30,12.195,725817
tok17,2022-07-31,12.102,326115
tok17,2022-08-01,11.456,353288
tok17,2022-08-02,11.913,449229
tok17,2022-08-03,12.407,378293
tok17,2022-08-04,13.108,656316
tok17,2022-08-05,13.559,318235
tok17,2022-08-06,12.62,244802
tok17,2022-08-07,12.8,302780
tok17,2022-08-08,12.39,159782
tok17,2022-08-09,12.337,503554
tok17,2022-08-10,12.485,594765
tok17,2022-08-11,12.408,1256970
tok17,2022-08-12,11.936,729474
tok17,2022-08-13,11.563,592167
tok17,2022-08-14,11.522,174911
tok17,2022-08-15,11.985,299863
tok17,2022-08-16,12.151,395631
tok17,2022-08-17,12.148,932009
tok17,2022-08-18,12.06,533204
tok17,2022-08-19,12.452,1093366
tok17,2022-08-20,12.856,334266
tok17,2022-08-21,13.23,1415532
tok17,2022-08-22,11.861,487860
tok17,2022-08-23,11.65,157207
tok17,2022-08-24,11.718,208200
tok17,2022-08-25,12.081,1058079
tok17,2022-08-26,11.992,686027
tok17,2022-08-27,12.058,795690
tok17,2022-08-28,11.311,466638
tok17,2022-08-29,10.813,582676
tok17,2022-08-30,10.975,907093
tok17,2022-08-31,11.471,510867
tok17,2022-09-01,10.884,460852
tok17,2022-09-02,10.053,569461
tok17,2022-09-03,10.395,618321
tok17,2022-09-04,10.282,131237
tok17,2022-09-05,10.444,414083
tok17,2022-09-06,10.353,1511312
tok17,2022-09-07,10.221,353095
tok17,2022-09-08,9.575,266091
tok17,2022-09-09,9.862,216977
tok17,2022-09-10,10.075,523973
tok17,2022-09-11,9.999,388385
tok17,2022-09-12,9.903,641137
tok17,2022-09-13,10.059,392243
tok17,2022-09-14,10.501,414178
tok17,2022-09-15,10.877,931172
tok17,2022-09-16,11.381,263103
tok17,2022-09-17,11.345,506786
tok17,2022-09-18,10.747,708796
tok17,2022-09-19,10.489,289300
tok17,2022-09-20,11.412,323927
tok17,2022-09-21,11.466,1078293
tok17,2022-09-22,11.575,645889
tok17,2022-09-23,11.629,450500
tok17,2022-09-24,11.549,327402
tok17,2022-09-25,11.732,621248
tok17,2022-09-26,11.519,776089
tok17,2022-09-27,10.587,430094
tok17,2022-09-28,10.568,395083
tok17,2022-09-29,10.29,232433
tok17,2022-09-30,11.056,365820
tok17,2022-10-01,10.647,521212
tok17,2022-10-02,10.915,303208
tok17,2022-10-03,10.759,355037
tok17,2022-10-04,11.482,433815
tok17,2022-10-05,11.032,263543
tok17,2022-10-06,10.925,623336
tok17,2022-10-07,10.836,465473
tok17,2022-10-08,10.963,181165
tok17,2022-10-09,10.86,566399
tok17,2022-10-10,11.071,392199
tok17,2022-10-11,11.333,217884
tok17,2022-10-12,11.017,1147564
tok17,2022-10-13,10.616,733593
tok17,2022-10-14,10.889,334786
tok17,2022-10-15,10.751,328216
tok17,2022-10-16,9.969,199007
tok17,2022-10-17,9.817,499480
tok17,2022-10-18,9.517,314526
tok17,2022-10-19,10.324,756081
tok17,2022-10-20,10.257,254286
tok17,2022-10-21,10.039,391262
tok17,2022-10-22,10.378,287891
tok17,2022-10-23,10.007,656094
tok17,2022-10-24,9.067,587735
tok17,2022-10-25,8.771,844830
tok17,2022-10-26,8.585,337302
tok17,2022-10-27,7.382,625552
tok17,2022-10-28,7.388,396062
tok17,2022-10-29,7.051,110647
tok17,2022-10-30,7.162,167276
tok17,2022-10-31,7.764,658922
tok17,2022-11-01,8.009,220998
tok17,2022-11-02,8.363,354768
tok17,2022-11-03,7.936,1106611
tok17,2022-11-04,7.909,377747
tok17,2022-11-05,7.602,215473
tok17,2022-11-06,7.839,823082
tok17,2022-11-07,8.499,195139
tok17,2022-11-08,8.931,483374
tok17,2022-11-09,9.346,476963
tok17,2022-11-10,9.208,533474
tok17,2022-11-11,8.513,935997
tok17,2022-11-12,7.612,643174
tok17,2022-11-13,7.199,295408
tok17,2022-11-14,7.42,324263
tok17,2022-11-15,7.228,348132
tok17,2022-11-16,6.977,823417
tok17,2022-11-17,6.927,332876
tok17,2022-11-18,6.881,250867
tok17,2022-11-19,6.5,549727
tok17,2022-11-20,6.179,289056
tok17,2022-11-21,6.123,353440
tok17,2022-11-22,6.111,506228
tok17,2022-11-23,5.899,384548
tok17,2022-11-24,5.764,431064
tok17,2022-11-25,5.685,1211403
tok17,2022-11-26,5.505,199858
tok17,2022-11-27,5.944,288586
tok17,2022-11-28,5.716,681520
tok17,2022-11-29,5.585,381762
tok17,2022-11-30,5.509,768752
tok17,2022-12-01,5.815,452896
tok17,2022-12-02,5.978,1167681
tok17,2022-12-03,6.067,704307
tok17,2022-12-04,6.523,696933
tok17,2022-12-05,6.601,449173
tok17,2022-12-06,7.139,261414
tok17,2022-12-07,7.868,264811
tok17,2022-12-08,7.891,468978
tok17,2022-12-09,7.315,207573
tok17,2022-12-10,7.424,924057
tok17,2022-12-11,7.111,559606
tok17,2022-12-12,7.394,515905
tok17,2022-12-13,7.474,570793
tok17,2022-12-14,7.782,797547
tok17,2022-12-15,7.456,461313
tok17,2022-12-16,7.998,359665
tok17,2022-12-17,7.952,330921
tok17,2022-12-18,7.881,499752
tok17,2022-12-19,8.083,472962
tok17,2022-12-20,8.091,403140
tok17,2022-12-21,7.961,186253
tok17,2022-12-22,8.111,442281
tok17,2022-12-23,8.629,256718
tok17,2022-12-24,9.157,219173
tok17,2022-12-25,9.31,260717
tok17,2022-12-26,9.266,278239
tok17,2022-12-27,8.653,416865
tok17,2022-12-28,8.458,195516
tok17,2022-12-29,8.539,301901
tok17,2022-12-30,8.34,214129
tok17,2022-12-31,8.52,397868
tok17,2023-01-01,8.677,609352
tok17,2023-01-02,8.498,262189
tok17,2023-01-03,8.68,434738
tok17,2023-01-04,8.831,314056
tok17,2023-01-05,8.54,501211
tok17,2023-01-06,8.306,213563
tok17,2023-01-07,8.128,322450
tok17,2023-01-08,8.16,1472223
tok17,2023-01-09,8.511,683857
tok17,2023-01-10,8.441,360434
tok17,2023-01-11,8.327,526591
tok17,2023-01-12,8.466,311148
tok17,2023-01-13,8.364,513313
tok17,2023-01-14,8.365,974227
tok17,2023-01-15,8.042,692709
tok17,2023-01-16,7.752,500665
tok17,2023-01-17,7.811,276794
tok17,2023-01-18,7.926,345240
tok17,2023-01-19,8.002,676659
tok17,2023-01-20,7.788,218525
tok17,2023-01-21,7.237,524193
tok17,2023-01-22,7.132,156547
tok17,2023-01-23,6.906,415579
tok17,2023-01-24,6.985,1838082
tok17,2023-01-25,6.642,721724
tok17,2023-01-26,6.314,434841
tok17,2023-01-27,6.068,431143
tok17,2023-01-28,6.159,1090335
tok17,2023-01-29,6.043,316063
tok17,2023-01-30,5.834,130742
tok17,2023-01-31,5.941,497463
tok17,2023-02-01,6.042,594986
tok17,2023-02-02,6.309,517761
tok17,2023-02-03,6.513,362925
tok17,2023-02-04,6.371,229372
tok17,2023-02-05,6.114,204125
tok17,2023-02-06,6.192,452017
tok17,2023-02-07,6.224,396733
tok17,2023-02-08,6.076,917289
tok17,2023-02-09,6.211,661300
tok17,2023-02-10,6.335,647865
tok17,2023-02-11,6.401,249150
tok17,2023-02-12,6.054,633008
tok17,2023-02-13,5.873,931365
tok17,2023-02-14,6.05,558106
tok17,2023-02-15,6.065,227171
tok17,2023-02-16,6.202,243345
tok17,2023-02-17,6.114,276602
tok17,2023-02-18,5.919,282570
tok17,2023-02-19,6.227,256847
tok17,2023-02-20,5.953,536038
tok17,2023-02-21,5.764,410531
tok17,2023-02-22,5.732,475111
tok17,2023-02-23,5.756,755055
tok17,2023-02-24,5.893,480393
tok17,2023-02-25,6.101,466028
tok17,2023-02-26,5.935,893718
tok17,2023-02-27,6.175,440612
tok17,2023-02-28,5.945,297231
tok17,2023-03-01,5.561,522026
tok17,2023-03-02,5.328,258771
tok17,2023-03-03,5.482,406998
tok17,2023-03-04,5.229,458773
tok17,2023-03-05,5.252,412661
tok17,2023-03-06,4.99,915927
tok17,2023-03-07,5.15,183836
tok17,2023-03-08,5.233,231755
tok17,2023-03-09,5.254,202357
tok17,2023-03-10,5.762,241535
tok17,2023-03-11,5.754,1230081
tok17,2023-03-12,5.645,284013
tok17,2023-03-13,5.893,300165
tok17,2023-03-14,6.23,865202
tok17,2023-03-15,6.332,829463
tok17,2023-03-16,5.848,590814
tok17,2023-03-17,5.65,608848
tok17,2023-03-18,5.105,997782
tok17,2023-03-19,5.284,794075
tok17,2023-03-20,5.166,983065
tok17,2023-03-21,5.268,643179
tok17,2023-03-22,5.407,366723
tok17,2023-03-23,5.669,575059
tok17,2023-03-24,5.456,556281
tok17,2023-03-25,5.609,473086
tok17,2023-03-26,5.676,267792
tok17,2023-03-27,6.088,445336
tok17,2023-03-28,6.441,183652
tok17,2023-03-29,6.293,1163013
tok17,2023-03-30,6.542,941377
tok17,2023-03-31,6.996,273229
tok17,2023-04-01,7.4,283472
tok17,2023-04-02,7.498,299577
tok17,2023-04-03,7.806,787262
tok17,2023-04-04,7.306,150301
tok17,2023-04-05,7.112,383459
tok17,2023-04-06,6.793,777073
tok17,2023-04-07,6.802,326281
tok17,2023-04-08,5.988,541536
tok17,2023-04-09,5.966,124483
tok17,2023-04-10,5.959,772617
tok17,2023-04-11,5.81,1592292
tok17,2023-04-12,5.927,848964
tok17,2023-04-13,5.837,205456
tok17,2023-04-14,5.961,264924
tok17,2023-04-15,6.094,272491
tok17,2023-04-16,6.134,365720
tok17,2023-04-17,5.873,208462
tok17,2023-04-18,6.132,275079
tok17,2023-04-19,6.579,491893
tok17,2023-04-20,6.324,754428
tok17,2023-04-21,6.299,885544
tok17,2023-04-22,5.85,333134
tok17,2023-04-23,5.915,464690
tok17,2023-04-24,6.159,825577
tok17,2023-04-25,5.866,1216373
tok17,2023-04-26,5.773,594530
tok17,2023-04-27,6.202,338616
tok17,2023-04-28,5.896,361902
tok17,2023-04-29,6.061,492013
tok17,2023-04-30,5.658,467334
tok17,2023-05-01,5.469,443871
tok17,2023-05-02,5.797,221229
tok17,2023-05-03,6.113,301172
tok17,2023-05-04,6.021,358995
tok17,2023-05-05,6.124,428871
tok17,2023-05-06,6.572,915051
tok17,2023-05-07,6.93,583425
tok17,2023-05-08,6.422,233611
tok17,2023-05-09,6.824,413655
tok17,2023-05-10,6.383,598003
tok17,2023-05-11,6.109,814887
tok17,2023-05-12,6.033,402630
tok17,2023-05-13,5.854,228820
tok17,2023-05-14,5.615,461273
tok17,2023-05-15,5.842,394092
tok17,2023-05-16,5.487,447406
tok17,2023-05-17,5.267,249803
tok17,2023-05-18,5.349,272956
tok17,2023-05-19,5.586,909566
tok17,2023-05-20,5.165,569495
tok17,2023-05-21,4.911,314073
tok17,2023-05-22,5.212,411585
tok17,2023-05-23,5.579,337175
tok17,2023-05-24,5.479,402239
tok17,2023-05-25,5.455,758842
tok17,2023-05-26,5.782,215914
tok17,2023-05-27,5.782,168325
tok17,2023-05-28,6.03,344009
tok17,2023-05-29,6.031,487852
tok17,2023-05-30,6.072,599547
tok17,2023-05-31,6.153,488051
tok17,2023-06-01,6.07,485796
tok17,2023-06-02,6.197,295978
tok17,2023-06-03,6.134,512213
tok17,2023-06-04,6.242,460083
tok17,2023-06-05,6.313,212016
tok17,2023-06-06,6.128,139823
tok17,2023-06-07,6.174,292304
tok17,2023-06-08,5.854,368401
tok17,2023-06-09,5.698,747897
tok17,2023-06-10,5.831,536934
tok17,2023-06-11,5.827,464633
tok17,2023-06-12,5.855,1144112
tok17,2023-06-13,5.967,305851
tok17,2023-06-14,5.749,340720
tok17,2023-06-15,5.988,297570
tok17,2023-06-16,5.851,421144
tok17,2023-06-17,6.346,440183
tok17,2023-06-18,6.134,917395
tok17,2023-06-19,6.282,543701
tok17,2023-06-20,6.619,197917
tok17,2023-06-21,6.703,536578
tok17,2023-06-22,6.646,565956
tok17,2023-06-23,6.453,213586
tok17,2023-06-24,6.469,893789
tok17,2023-06-25,6.434,700292
tok17,2023-06-26,6.795,500787
tok17,2023-06-27,7.008,469513
tok17,2023-06-28,7.113,536794
tok17,2023-06-29,7.401,323363
tok17,2023-06-30,7.41,429717
tok17,2023-07-01,7.437,403001
tok17,2023-07-02,7.604,304207
tok17,2023-07-03,7.3,527349
tok17,2023-07-04,7.601,459001
tok17,2023-07-05,7.849,270310
tok17,2023-07-06,7.999,542391
tok17,2023-07-07,7.799,301297
tok17,2023-07-08,8.069,219093
tok17,2023-07-09,8.377,320869
tok17,2023-07-10,8.245,740710
tok17,2023-07-11,8.42,413288
tok17,2023-07-12,8.526,532147
tok17,2023-07-13,8.568,193896
tok17,2023-07-14,8.314,550846
tok17,2023-07-15,8.042,348884
tok17,2023-07-16,8.003,302283
tok17,2023-07-17,8.256,404621
tok17,2023-07-18,8.21,834852
tok17,2023-07-19,8.352,174935
tok17,2023-07-20,8.652,323494
tok17,2023-07-21,8.944,767520
tok17,2023-07-22,8.345,445166
tok17,2023-07-23,7.922,371428
tok17,2023-07-24,8.029,218678
tok17,2023-07-25,8.29,296556
tok17,2023-07-26,8.355,237451
tok17,2023-07-27,8.767,493312
tok17,2023-07-28,9.01,421151
tok17,2023-07-29,8.704,354088
tok17,2023-07-30,8.336,193230
tok17,2023-07-31,7.921,399325
tok17,2023-08-01,7.574,269597
tok17,2023-08-02,7.252,187704
tok17,2023-08-03,7.561,581467
tok17,2023-08-04,7.268,190837
tok17,2023-08-05,7.554,673541
tok17,2023-08-06,7.434,1018658
tok17,2023-08-07,7.498,414361
tok17,2023-08-08,7.619,868141
tok17,2023-08-09,7.63,516647
tok17,2023-08-10,7.398,517354
tok17,2023-08-11,7.222,504426
tok17,2023-08-12,7.237,953403
tok17,2023-08-13,6.993,106748
tok17,2023-08-14,6.861,342491
tok17,2023-08-15,6.949,557446
tok17,2023-08-16,6.514,465527
tok17,2023-08-17,6.622,374149
tok17,2023-08-18,6.584,270706
tok17,2023-08-19,6.607,264760
tok17,2023-08-20,6.69,422980
tok17,2023-08-21,6.705,594639
tok17,2023-08-22,6.839,526258
tok17,2023-08-23,6.643,401021
tok17,2023-08-24,6.661,287696
tok17,2023-08-25,7.027,693483
tok17,2023-08-26,6.524,412078
tok17,2023-08-27,6.008,423559
tok17,2023-08-28,6.416,778417
tok17,2023-08-29,6.66,540983
tok17,2023-08-30,6.6,607630
tok17,2023-08-31,6.024,1336536
tok17,2023-09-01,6.405,366865
tok17,2023-09-02,6.273,176338
tok17,2023-09-03,6.035,399064
tok17,2023-09-04,6.045,768311
tok17,2023-09-05,5.885,450292
tok17,2023-09-06,6.161,576719
tok17,2023-09-07,6.114,453945
tok17,2023-09-08,6.349,954431
tok17,2023-09-09,6.616,893846
tok17,2023-09-10,6.338,789729
tok17,2023-09-11,5.982,426911
tok17,2023-09-12,6.416,821222
tok17,2023-09-13,6.467,244512
tok17,2023-09-14,6.332,207112
tok17,2023-09-15,6.249,400335
tok17,2023-09-16,6.699,513827
tok17,2023-09-17,6.176,651738
tok17,2023-09-18,6.111,291575
tok17,2023-09-19,6.108,341988
tok17,2023-09-20,6.162,769615
tok17,2023-09-21,6.24,431469
tok17,2023-09-22,6.111,309535
tok17,2023-09-23,6.153,469492
tok17,2023-09-24,6.178,575874
tok17,2023-09-25,6.183,164658
tok17,2023-09-26,6.191,449563
tok17,2023-09-27,5.769,1190040
tok17,2023-09-28,5.498,1160451
tok17,2023-09-29,5.797,290765
tok17,2023-09-30,5.882,262854
tok17,2023-10-01,6.289,160128
tok17,2023-10-02,6.558,1241793
tok17,2023-10-03,6.971,1844164
tok17,2023-10-04,6.768,643595
tok17,2023-10-05,6.697,654026
tok17,2023-10-06,6.951,325531
tok17,2023-10-07,7.245,739402
tok17,2023-10-08,7.188,777804
tok17,2023-10-09,7.349,414845
tok17,2023-10-10,7.388,250597
tok17,2023-10-11,7.321,280505
tok17,2023-10-12,7.326,473288
tok17,2023-10-13,7.541,457457
tok17,2023-10-14,7.796,622027
tok17,2023-10-15,7.98,292162
tok17,2023-10-16,8.463,182548
tok17,2023-10-17,7.997,465018
tok17,2023-10-18,7.32,485996
tok17,2023-10-19,7.09,381535
tok17,2023-10-20,6.894,428136
tok17,2023-10-21,6.587,1249180
tok17,2023-10-22,6.405,438534
tok17,2023-10-23,6.254,310960
tok17,2023-10-24,5.952,796041
tok17,2023-10-25,6.305,319622
tok17,2023-10-26,5.941,259138
tok17,2023-10-27,6.082,497313
tok17,2023-10-28,6.31,285139
tok17,2023-10-29,6.385,401776
tok17,2023-10-30,6.498,755931
tok17,2023-10-31,6.487,541182
tok17,2023-11-01,6.717,463065
tok17,2023-11-02,6.668,599711
tok17,2023-11-03,6.746,877333
tok17,2023-11-04,6.509,942252
tok17,2023-11-05,6.539,308122
tok17,2023-11-06,6.575,328999
tok17,2023-11-07,6.673,423548
tok17,2023-11-08,6.782,378827
tok17,2023-11-09,6.934,364969
tok17,2023-11-10,7.014,647421
tok17,2023-11-11,6.924,348687
tok17,2023-11-12,7.412,559833
tok17,2023-11-13,7.339,477389
tok17,2023-11-14,7.118,571348
tok17,2023-11-15,6.459,302278
tok17,2023-11-16,6.357,564920
tok17,2023-11-17,6.663,731882
tok17,2023-11-18,6.173,495622
tok17,2023-11-19,6.78,509384
tok17,2023-11-20,7.111,168171
tok17,2023-11-21,6.688,300032
tok17,2023-11-22,6.772,248941
tok17,2023-11-23,6.395,282221
tok17,2023-11-24,6.459,539595
tok17,2023-11-25,6.423,758382
tok17,2023-11-26,6.799,304010
tok17,2023-11-27,6.987,851196
tok17,2023-11-28,7.106,361035
tok17,2023-11-29,6.668,315257
tok17,2023-11-30,6.637,610975
tok17,2023-12-01,6.858,350549
tok17,2023-12-02,6.838,1187892
tok17,2023-12-03,6.917,111821
tok17,2023-12-04,6.894,337569
tok17,2023-12-05,6.913,431670
tok17,2023-12-06,6.675,530326
tok17,2023-12-07,6.143,383027
tok17,2023-12-08,6.177,97184
tok17,2023-12-09,6.569,558515
tok17,2023-12-10,6.595,597021
tok17,2023-12-11,6.321,1231178
tok17,2023-12-12,6.386,722783
tok17,2023-12-13,6.631,403860
tok17,2023-12-14,6.873,408899
tok17,2023-12-15,6.817,264436
tok17,2023-12-16,6.979,360954
tok17,2023-12-17,7.1,319983
tok17,2023-12-18,7.237,186293
tok17,2023-12-19,7.382,372550
tok17,2023-12-20,7.574,377564
tok17,2023-12-21,7.781,387107
tok17,2023-12-22,8.2,346065
tok17,2023-12-23,8.331,267602
tok17,2023-12-24,8.31,181911
tok17,2023-12-25,8.16,247612
tok17,2023-12-26,7.667,595314
tok17,2023-12-27,8.261,672640
tok17,2023-12-28,7.972,264287
tok17,2023-12-29,7.904,516793
tok17,2023-12-30,7.635,710416
tok17,2023-12-31,7.95,270345
tok18,2021-01-01,101.985,337913
tok18,2021-01-02,102.771,384835
tok18,2021-01-03,101.983,374694
tok18,2021-01-04,100.58,414706
tok18,2021-01-05,98.323,410634
tok18,2021-01-06,103.287,266487
tok18,2021-01-07,105.249,347691
tok18,2021-01-08,102.036,855395
tok18,2021-01-09,100.725,718794
tok18,2021-01-10,103.649,381169
tok18,2021-01-11,95.653,430131
tok18,2021-01-12,100.372,1384486
tok18,2021-01-13,98.411,722450
tok18,2021-01-14,97.022,543054
tok18,2021-01-15,96.342,271077
tok18,2021-01-16,94.42,377017
tok18,2021-01-17,93.239,489971
tok18,2021-01-18,89.231,718141
tok18,2021-01-19,90.361,502895
tok18,2021-01-20,96.633,587868
tok18,2021-01-21,93.778,384149
tok18,2021-01-22,92.051,712921
tok18,2021-01-23,95.398,663574
tok18,2021-01-24,104.998,613024
tok18,2021-01-25,102.726,662318
tok18,2021-01-26,98.722,1256000
tok18,2021-01-27,98.196,1054601
tok18,2021-01-28,96.222,492173
tok18,2021-01-29,93.443,785241
tok18,2021-01-30,97.703,800213
tok18,2021-01-31,98.06,1066241
tok18,2021-02-01,97.503,185758
tok18,2021-02-02,95.761,632517
tok18,2021-02-03,94.142,613465
tok18,2021-02-04,101.136,245417
tok18,2021-02-05,107.907,543355
tok18,2021-02-06,102.791,770352
tok18,2021-02-07,105.361,702464
tok18,2021-02-08,107.905,460828
tok18,2021-02-09,106.966,452994
tok18,2021-02-10,105.69,379563
tok18,2021-02-11,105.966,491845
tok18,2021-02-12,107.714,426836
tok18,2021-02-13,101.746,271077
tok18,2021-02-14,99.798,822863
tok18,2021-02-15,98.442,264063
tok18,2021-02-16,102.475,944305
tok18,2021-02-17,109.024,349336
tok18,2021-02-18,113.372,523249
tok18,2021-02-19,114.254,775643
tok18,2021-02-20,112.692,1227620
tok18,2021-02-21,117.062,502968
tok18,2021-02-22,116.36,283293
tok18,2021-02-23,109.164,539533
tok18,2021-02-24,112.701,606707
tok18,2021-02-25,105.275,462347
tok18,2021-02-26,100.996,1146532
tok18,2021-02-27,102.843,357349
tok18,2021-02-28,104.127,261416
tok18,2021-03-01,107.47,610100
tok18,2021-03-02,104.375,631420
tok18,2021-03-03,108.764,718434
tok18,2021-03-04,110.655,318434
tok18,2021-03-05,108.171,159539
tok18,2021-03-06,104.207,385552
tok18,2021-03-07,103.331,367407
tok18,2021-03-08,100.563,913990
tok18,2021-03-09,99.583,431273
tok18,2021-03-10,105.493,365907
tok18,2021-03-11,102.629,254746
tok18,2021-03-12,108.187,811344
tok18,2021-03-13,111.692,603257
tok18,2021-03-14,114.523,428272
tok18,2021-03-15,119.556,533169
tok18,2021-03-16,121.057,734228
tok18,2021-03-17,124.6,624340
tok18,2021-03-18,123.872,464234
tok18,2021-03-19,117.705,1538051
tok18,2021-03-20,120.386,475910
tok18,2021-03-21,125.626,306397
tok18,2021-03-22,128.341,380376
tok18,2021-03-23,125.729,270095
tok18,2021-03-24,121.976,448858
tok18,2021-03-25,120.383,267059
tok18,2021-03-26,128.835,632062
tok18,2021-03-27,126.636,1133817
tok18,2021-03-28,123.933,260906
tok18,2021-03-29,124.598,524858
tok18,2021-03-30,131.117,369331
tok18,2021-03-31,127.222,363315
tok18,2021-04-01,118.153,385539
tok18,2021-04-02,114.027,414583
tok18,2021-04-03,107.686,485697
tok18,2021-04-04,114.619,681163
tok18,2021-04-05,114.811,238687
tok18,2021-04-06,106.354,341370
tok18,2021-04-07,110.772,270701
tok18,2021-04-08,104.019,701500
tok18,2021-04-09,112.098,519723
tok18,2021-04-10,110.385,711562
tok18,2021-04-11,108.29,178289
tok18,2021-04-12,104.612,752371
tok18,2021-04-13,105.117,206195
tok18,2021-04-14,104.707,273126
tok18,2021-04-15,111.981,229029
tok18,2021-04-16,109.647,411497
tok18,2021-04-17,108.015,484138
tok18,2021-04-18,109.466,363880
tok18,2021-04-19,119.387,296002
tok18,2021-04-20,118.32,501144
tok18,2021-04-21,126.115,439458
tok18,2021-04-22,121.985,684946
tok18,2021-04-23,118.191,425345
tok18,2021-04-24,114.623,991708
tok18,2021-04-25,117.211,479926
tok18,2021-04-26,111.865,494271
tok18,2021-04-27,117.602,608896
tok18,2021-04-28,118.866,498853
tok18,2021-04-29,125.103,465974
tok18,2021-04-30,121.74,1360930
tok18,2021-05-01,119.909,472352
tok18,2021-05-02,117.421,882520
tok18,2021-05-03,113.364,597121
tok18,2021-05-04,121.125,284918
tok18,2021-05-05,125.062,352049
tok18,2021-05-06,131.656,407884
tok18,2021-05-07,132.376,265722
tok18,2021-05-08,135.402,334100
tok18,2021-05-09,132.797,587565
tok18,2021-05-10,131.861,543026
tok18,2021-05-11,141.597,570929
tok18,2021-05-12,140.123,753150
tok18,2021-05-13,141.097,765507
tok18,2021-05-14,137.39,249696
tok18,2021-05-15,137.032,153947
tok18,2021-05-16,147.488,516012
tok18,2021-05-17,138.894,615582
tok18,2021-05-18,137.134,952777
tok18,2021-05-19,141.819,378246
tok18,2021-05-20,145.926,550340
tok18,2021-05-21,137.224,628693
tok18,2021-05-22,143.177,523373
tok18,2021-05-23,145.196,326047
tok18,2021-05-24,149.229,346308
tok18,2021-05-25,145.812,94670
tok18,2021-05-26,139.165,595686
tok18,2021-05-27,134.19,1015221
tok18,2021-05-28,139.218,722425
tok18,2021-05-29,131.595,825909
tok18,2021-05-30,139.439,653844
tok18,2021-05-31,137.909,221485
tok18,2021-06-01,133.903,498982
tok18,2021-06-02,124.889,983543
tok18,2021-06-03,133.786,128392
tok18,2021-06-04,137.265,800875
tok18,2021-06-05,129.85,465120
tok18,2021-06-06,130.141,307341
tok18,2021-06-07,125.682,507813
tok18,2021-06-08,135.963,298794
tok18,2021-06-09,132.414,245867
tok18,2021-06-10,130.645,442075
tok18,2021-06-11,132.83,451293
tok18,2021-06-12,137.106,594627
tok18,2021-06-13,140.243,205017
tok18,2021-06-14,151.881,853059
tok18,2021-06-15,150.82,403188
tok18,2021-06-16,146.787,529652
tok18,2021-06-17,144.966,375115
tok18,2021-06-18,139.741,616358
tok18,2021-06-19,143.064,362395
tok18,2021-06-20,141.592,365903
tok18,2021-06-21,137.715,469982
tok18,2021-06-22,137.433,606109
tok18,2021-06-23,138.635,668586
tok18,2021-06-24,145.006,452259
tok18,2021-06-25,150.625,564314
tok18,2021-06-26,149.559,782797
tok18,2021-06-27,156.149,531212
tok18,2021-06-28,150.826,524991
tok18,2021-06-29,153.162,262249
tok18,2021-06-30,158.049,304548
tok18,2021-07-01,157.516,507797
tok18,2021-07-02,166.918,414296
tok18,2021-07-03,179.269,292760
tok18,2021-07-04,181.484,701204
tok18,2021-07-05,176.903,952238
tok18,2021-07-06,165.151,803305
tok18,2021-07-07,159.629,669126
tok18,2021-07-08,159.845,548551
tok18,2021-07-09,148.02,345955
tok18,2021-07-10,135.788,207376
tok18,2021-07-11,130.386,294314
tok18,2021-07-12,131.599,309094
tok18,2021-07-13,130.374,577082
tok18,2021-07-14,122.33,1277312
tok18,2021-07-15,135.832,967330
tok18,2021-07-16,135.532,860818
tok18,2021-07-17,124.348,768732
tok18,2021-07-18,128.615,413687
tok18,2021-07-19,131.082,395291
tok18,2021-07-20,135.732,1472587
tok18,2021-07-21,127.594,382526
tok18,2021-07-22,127.737,1177799
tok18,2021-07-23,135.197,358701
tok18,2021-07-24,133.859,229402
tok18,2021-07-25,120.528,611831
tok18,2021-07-26,125.718,322082
tok18,2021-07-27,137.473,364014
tok18,2021-07-28,146.186,909821
tok18,2021-07-29,150.529,496767
tok18,2021-07-30,149.162,546692
tok18,2021-07-31,151.92,234892
tok18,2021-08-01,154.01,327404
tok18,2021-08-02,143.16,606902
tok18,2021-08-03,140.077,249020
tok18,2021-08-04,144.225,771908
tok18,2021-08-05,139.629,483017
tok18,2021-08-06,139.986,394819
tok18,2021-08-07,132.937,596656
tok18,2021-08-08,134.712,387322
tok18,2021-08-09,133.38,305964
tok18,2021-08-10,134.425,259266
tok18,2021-08-11,136.391,141984
tok18,2021-08-12,132.746,532377
tok18,2021-08-13,129.797,591979
tok18,2021-08-14,129.289,226056
tok18,2021-08-15,133.862,532892
tok18,2021-08-16,137.71,687767
tok18,2021-08-17,138.944,400392
tok18,2021-08-18,137.112,227750
tok18,2021-08-19,142.396,531256
tok18,2021-08-20,133.871,977903
tok18,2021-08-21,132.904,201770
tok18,2021-08-22,127.63,392365
tok18,2021-08-23,130.886,194541
tok18,2021-08-24,113.797,532848
tok18,2021-08-25,107.875,422428
tok18,2021-08-26,109.192,356419
tok18,2021-08-27,110.125,415279
tok18,2021-08-28,113.063,463207
tok18,2021-08-29,112.103,279090
tok18,2021-08-30,115.289,275345
tok18,2021-08-31,112.45,710776
tok18,2021-09-01,115.717,592735
tok18,2021-09-02,120.246,581210
tok18,2021-09-03,118.469,452367
tok18,2021-09-04,118.147,945964
tok18,2021-09-05,125.176,416212
tok18,2021-09-06,121.118,165559
tok18,2021-09-07,110.055,316206
tok18,2021-09-08,114.66,374899
tok18,2021-09-09,113.409,362687
tok18,2021-09-10,120.617,432249
tok18,2021-09-11,119.724,329304
tok18,2021-09-12,120.404,497681
tok18,2021-09-13,119.065,397063
tok18,2021-09-14,107.349,588650
tok18,2021-09-15,109.568,469289
tok18,2021-09-16,110.945,491782
tok18,2021-09-17,102.611,111222
tok18,2021-09-18,108.976,826625
tok18,2021-09-19,113.931,352929
tok18,2021-09-20,107.683,355206
tok18,2021-09-21,103.582,472764
tok18,2021-09-22,99.577,326655
tok18,2021-09-23,100.255,1284111
tok18,2021-09-24,95.923,348945
tok18,2021-09-25,91.596,589505
tok18,2021-09-26,88.282,653935
tok18,2021-09-27,87.677,1253752
tok18,2021-09-28,83.995,743148
tok18,2021-09-29,88.746,295752
tok18,2021-09-30,84.129,552713
tok18,2021-10-01,88.246,400523
tok18,2021-10-02,93.073,589589
tok18,2021-10-03,91.328,767517
tok18,2021-10-04,87.194,425030
tok18,2021-10-05,93.954,256786
tok18,2021-10-06,95.564,890273
tok18,2021-10-07,93.776,206483
tok18,2021-10-08,90.766,264985
tok18,2021-10-09,87.302,236171
tok18,2021-10-10,86.978,926253
tok18,2021-10-11,88.375,281262
tok18,2021-10-12,85.964,572307
tok18,2021-10-13,88.138,372711
tok18,2021-10-14,89.408,615061
tok18,2021-10-15,91.07,629183
tok18,2021-10-16,94.71,339012
tok18,2021-10-17,94.933,372250
tok18,2021-10-18,95.647,914857
tok18,2021-10-19,92.568,342528
tok18,2021-10-20,92.28,366664
tok18,2021-10-21,95.47,1059975
tok18,2021-10-22,94.822,533278
tok18,2021-10-23,94.729,355544
tok18,2021-10-24,94.27,757772
tok18,2021-10-25,94.629,634648
tok18,2021-10-26,98.952,325215
tok18,2021-10-27,99.642,429103
tok18,2021-10-28,98.843,423539
tok18,2021-10-29,95.362,439726
tok18,2021-10-30,91.431,243111
tok18,2021-10-31,94.438,617874
tok18,2021-11-01,94.312,486472
tok18,2021-11-02,95.715,457699
tok18,2021-11-03,106.007,429929
tok18,2021-11-04,109.897,1003614
tok18,2021-11-05,110.112,1029206
tok18,2021-11-06,118.9,421643
tok18,2021-11-07,123.393,259956
tok18,2021-11-08,128.89,557051
tok18,2021-11-09,120.808,291499
tok18,2021-11-10,121.2,1171535
tok18,2021-11-11,122.826,347696
tok18,2021-11-12,119.342,735067
tok18,2021-11-13,117.567,586084
tok18,2021-11-14,120.63,365656
tok18,2021-11-15,126.196,426751
tok18,2021-11-16,131.455,412108
tok18,2021-11-17,124.892,493104
tok18,2021-11-18,124.577,228740
tok18,2021-11-19,134.488,588857
tok18,2021-11-20,139.41,624909
tok18,2021-11-21,136.469,939050
tok18,2021-11-22,138.008,299287
tok18,2021-11-23,139.079,767717
tok18,2021-11-24,142.504,345220
tok18,2021-11-25,140.391,306728
tok18,2021-11-26,145.548,1118179
tok18,2021-11-27,146.567,908208
tok18,2021-11-28,147.401,342520
tok18,2021-11-29,162.598,441097
tok18,2021-11-30,158.558,380010
tok18,2021-12-01,169.89,641169
tok18,2021-12-02,169.487,256603
tok18,2021-12-03,161.158,848603
tok18,2021-12-04,164.753,291490
tok18,2021-12-05,158.916,341646
tok18,2021-12-06,162.268,562864
tok18,2021-12-07,166.05,436353
tok18,2021-12-08,175.925,276353
tok18,2021-12-09,180.774,455121
tok18,2021-12-10,171.443,647522
tok18,2021-12-11,172.242,447477
tok18,2021-12-12,171.643,730745
tok18,2021-12-13,171.252,406412
tok18,2021-12-14,159.863,412305
tok18,2021-12-15,157.482,229997
tok18,2021-12-16,164.345,104140
tok18,2021-12-17,156.03,617194
tok18,2021-12-18,154.309,673874
tok18,2021-12-19,159.042,256160
tok18,2021-12-20,154.767,382934
tok18,2021-12-21,149.377,198467
tok18,2021-12-22,147.963,640632
tok18,2021-12-23,150.989,240193
tok18,2021-12-24,153.097,477760
tok18,2021-12-25,165.679,203140
tok18,2021-12-26,157.617,295629
tok18,2021-12-27,151.329,180202
tok18,2021-12-28,148.187,792886
tok18,2021-12-29,141.482,1000652
tok18,2021-12-30,143.155,360866
tok18,2021-12-31,148.395,468692
tok18,2022-01-01,143.44,456861
tok18,2022-01-02,145.742,774212
tok18,2022-01-03,144.985,490628
tok18,2022-01-04,145.792,208500
tok18,2022-01-05,143.717,322047
tok18,2022-01-06,146.717,320870
tok18,2022-01-07,142.698,969320
tok18,2022-01-08,145.992,269101
tok18,2022-01-09,151.207,735093
tok18,2022-01-10,141.404,298604
tok18,2022-01-11,135.788,298379
tok18,2022-01-12,139.303,402541
tok18,2022-01-13,136.531,640946
tok18,2022-01-14,132.564,168140
tok18,2022-01-15,129.641,243360
tok18,2022-01-16,125.969,382475
tok18,2022-01-17,130.894,266653
tok18,2022-01-18,124.137,824856
tok18,2022-01-19,124.719,503502
tok18,2022-01-20,125.25,388560
tok18,2022-01-21,129.749,536564
tok18,2022-01-22,136.462,579571
tok18,2022-01-23,141.659,1134889
tok18,2022-01-24,144.819,687189
tok18,2022-01-25,141.975,406238
tok18,2022-01-26,138.456,486630
tok18,2022-01-27,137.165,418998
tok18,2022-01-28,129.935,342294
tok18,2022-01-29,128.376,521039
tok18,2022-01-30,121.414,709700
tok18,2022-01-31,116.445,315179
tok18,2022-02-01,117.868,248968
tok18,2022-02-02,112.502,666467
tok18,2022-02-03,119.189,477885
tok18,2022-02-04,120.083,397144
tok18,2022-02-05,119.295,245797
tok18,2022-02-06,119.152,565215
tok18,2022-02-07,122.769,269916
tok18,2022-02-08,127.512,449433
tok18,2022-02-09,136.751,271369
tok18,2022-02-10,144.821,174920
tok18,2022-02-11,137.276,401665
tok18,2022-02-12,137.202,267668
tok18,2022-02-13,135.018,312683
tok18,2022-02-14,140.383,264788
tok18,2022-02-15,140.062,651045
tok18,2022-02-16,135.617,547164
tok18,2022-02-17,127.568,649975
tok18,2022-02-18,125.379,411488
tok18,2022-02-19,122.985,346396
tok18,2022-02-20,117.535,288080
tok18,2022-02-21,116.426,1024453
tok18,2022-02-22,108.77,395968
tok18,2022-02-23,108.763,656606
tok18,2022-02-24,110.208,478542
tok18,2022-02-25,116.233,434754
tok18,2022-02-26,112.099,952966
tok18,2022-02-27,118.933,481518
tok18,2022-02-28,121.77,363961
tok18,2022-03-01,129.42,524308
tok18,2022-03-02,132.059,321139
tok18,2022-03-03,123.818,446438
tok18,2022-03-04,124.994,343693
tok18,2022-03-05,130.022,371790
tok18,2022-03-06,125.753,419096
tok18,2022-03-07,124.593,593747
tok18,2022-03-08,129.605,586017
tok18,2022-03-09,134.596,592871
tok18,2022-03-10,131.987,220829
tok18,2022-03-11,130.377,325400
tok18,2022-03-12,125.672,494240
tok18,2022-03-13,125.493,427907
tok18,2022-03-14,131.428,508062
tok18,2022-03-15,130.844,274350
tok18,2022-03-16,130.756,344717
tok18,2022-03-17,135.913,211182
tok18,2022-03-18,140.382,275895
tok18,2022-03-19,143.575,543417
tok18,2022-03-20,147.712,966584
tok18,2022-03-21,145.581,361379
tok18,2022-03-22,141.267,657034
tok18,2022-03-23,148.485,342956
tok18,2022-03-24,157.052,107833
tok18,2022-03-25,151.012,563194
tok18,2022-03-26,143.018,549656
tok18,2022-03-27,140.664,473472
tok18,2022-03-28,137.119,520472
tok18,2022-03-29,134.093,366944
tok18,2022-03-30,139.895,677462
tok18,2022-03-31,139.59,458085
tok18,2022-04-01,142.627,541187
tok18,2022-04-02,144.237,231829
tok18,2022-04-03,149.572,1168777
tok18,2022-04-04,140.018,185145
tok18,2022-04-05,139.037,189310
tok18,2022-04-06,136.426,513268
tok18,2022-04-07,129.222,327041
tok18,2022-04-08,136.845,605066
tok18,2022-04-09,130.402,312235
tok18,2022-04-10,135.635,522034
tok18,2022-04-11,133.115,369906
tok18,2022-04-12,136.73,1119647
tok18,2022-04-13,133.905,364274
tok18,2022-04-14,128.797,242941
tok18,2022-04-15,131.585,427834
tok18,2022-04-16,120.173,1035530
tok18,2022-04-17,117.23,451825
tok18,2022-04-18,109.612,913654
tok18,2022-04-19,108.05,273140
tok18,2022-04-20,111.277,596277
tok18,2022-04-21,111.181,692281
tok18,2022-04-22,114.772,748702
tok18,2022-04-23,113.188,292042
tok18,2022-04-24,112.224,524545
tok18,2022-04-25,104.234,458085
tok18,2022-04-26,114.934,520652
tok18,2022-04-27,115.486,532766
tok18,2022-04-28,103.063,1052966
tok18,2022-04-29,106.202,1393783
tok18,2022-04-30,122.086,341147
tok18,2022-05-01,123.35,1065523
tok18,2022-05-02,126.005,213012
tok18,2022-05-03,125.357,802141
tok18,2022-05-04,124.15,255488
tok18,2022-05-05,127.164,338925
tok18,2022-05-06,121.583,451276
tok18,2022-05-07,117.291,434271
tok18,2022-05-08,106.677,439403
tok18,2022-05-09,103.772,269968
tok18,2022-05-10,101.006,721027
tok18,2022-05-11,98.44,268956
tok18,2022-05-12,100.103,385100
tok18,2022-05-13,92.179,816354
tok18,2022-05-14,91.933,972553
tok18,2022-05-15,86.515,225445
tok18,2022-05-16,81.482,701736
tok18,2022-05-17,80.443,272745
tok18,2022-05-18,77.305,900036
tok18,2022-05-19,77.088,657687
tok18,2022-05-20,70.813,491514
tok18,2022-05-21,72.714,265439
tok18,2022-05-22,72.305,468701
tok18,2022-05-23,75.237,346482
tok18,2022-05-24,74.202,946039
tok18,2022-05-25,66.578,187692
tok18,2022-05-26,59.933,496042
tok18,2022-05-27,59.94,1218655
tok18,2022-05-28,61.703,362213
tok18,2022-05-29,59.798,503678
tok18,2022-05-30,60.97,1115622
tok18,2022-05-31,59.087,762371
tok18,2022-06-01,58.515,494315
tok18,2022-06-02,57.276,497438
tok18,2022-06-03,60.466,354484
tok18,2022-06-04,66.506,529938
tok18,2022-06-05,63.483,680164
tok18,2022-06-06,68.308,198006
tok18,2022-06-07,66.317,589906
tok18,2022-06-08,66.409,368918
tok18,2022-06-09,66.215,494196
tok18,2022-06-10,65.969,89257
tok18,2022-06-11,61.861,240608
tok18,2022-06-12,63.403,233092
tok18,2022-06-13,61.792,314353
tok18,2022-06-14,62.675,893935
tok18,2022-06-15,64.226,657751
tok18,2022-06-16,58.332,517449
tok18,2022-06-17,58.456,399430
tok18,2022-06-18,58.113,493586
tok18,2022-06-19,58.041,327427
tok18,2022-06-20,56.356,601287
tok18,2022-06-21,60.249,489674
tok18,2022-06-22,61.229,727643
tok18,2022-06-23,60.353,657494
tok18,2022-06-24,60.56,483346
tok18,2022-06-25,61.951,256230
tok18,2022-06-26,62.498,171327
tok18,2022-06-27,62.282,832095
tok18,2022-06-28,64.26,351126
tok18,2022-06-29,64.998,1935217
tok18,2022-06-30,67.748,332171
tok18,2022-07-01,65.61,396311
tok18,2022-07-02,69.214,643983
tok18,2022-07-03,72.407,617530
tok18,2022-07-04,79.22,974332
tok18,2022-07-05,80.915,450088
tok18,2022-07-06,82.908,406216
tok18,2022-07-07,86.873,677499
tok18,2022-07-08,82.068,641089
tok18,2022-07-09,82.257,643520
tok18,2022-07-10,80.939,326233
tok18,2022-07-11,79.401,344893
tok18,2022-07-12,73.071,467530
tok18,2022-07-13,69.841,278672
tok18,2022-07-14,73.433,387529
tok18,2022-07-15,73.428,230787
tok18,2022-07-16,77.231,369073
tok18,2022-07-17,74.184,1186814
tok18,2022-07-18,70.497,918978
tok18,2022-07-19,72.055,381848
tok18,2022-07-20,70.954,216888
tok18,2022-07-21,71.994,2566583
tok18,2022-07-22,74.463,173190
tok18,2022-07-23,76.984,1176650
tok18,2022-07-24,80.764,462170
tok18,2022-07-25,79.626,492981
tok18,2022-07-26,84.615,377880
tok18,2022-07-27,86.451,343155
tok18,2022-07-28,90.265,782249
tok18,2022-07-29,87.158,571834
tok18,2022-07-30,93.168,479177
tok18,2022-07-31,91.441,520085
tok18,2022-08-01,88.523,402905
tok18,2022-08-02,82.791,276210
tok18,2022-08-03,81.852,449665
tok18,2022-08-04,81.251,557700
tok18,2022-08-05,80.308,571574
tok18,2022-08-06,81.328,423120
tok18,2022-08-07,80.915,494014
tok18,2022-08-08,81.908,445139
tok18,2022-08-09,84.899,236983
tok18,2022-08-10,82.902,325272
tok18,2022-08-11,87.195,915014
tok18,2022-08-12,88.536,267690
tok18,2022-08-13,90.227,396156
tok18,2022-08-14,93.908,102968
tok18,2022-08-15,85.988,1708330
tok18,2022-08-16,84.689,223649
tok18,2022-08-17,86.086,319744
tok18,2022-08-18,86.855,407235
tok18,2022-08-19,88.429,601935
tok18,2022-08-20,85.15,346845
tok18,2022-08-21,84.736,555403
tok18,2022-08-22,88.161,819910
tok18,2022-08-23,86.932,352410
tok18,2022-08-24,85.258,263158
tok18,2022-08-25,83.223,500206
tok18,2022-08-26,82.101,360483
tok18,2022-08-27,86.976,543859
tok18,2022-08-28,87.195,232050
tok18,2022-08-29,85.817,706316
tok18,2022-08-30,84.932,326977
tok18,2022-08-31,89.801,508701
tok18,2022-09-01,88.81,673093
tok18,2022-09-02,86.742,225109
tok18,2022-09-03,86.825,211946
tok18,2022-09-04,91.045,586561
tok18,2022-09-05,87.579,578626
tok18,2022-09-06,90.343,586691
tok18,2022-09-07,94.709,654919
tok18,2022-09-08,100.71,496600
tok18,2022-09-09,95.618,447922
tok18,2022-09-10,94.671,929631
tok18,2022-09-11,103.658,599170
tok18,2022-09-12,98.627,1783164
tok18,2022-09-13,96.936,757287
tok18,2022-09-14,103.247,239546
tok18,2022-09-15,104.604,568886
tok18,2022-09-16,98.723,349638
tok18,2022-09-17,98.376,176629
tok18,2022-09-18,96.655,368760
tok18,2022-09-19,93.725,979213
tok18,2022-09-20,98.382,479262
tok18,2022-09-21,99.623,491279
tok18,2022-09-22,94.054,499801
tok18,2022-09-23,100.726,423132
tok18,2022-09-24,102.517,219044
tok18,2022-09-25,103.844,244105
tok18,2022-09-26,105.242,169987
tok18,2022-09-27,108.768,691142
tok18,2022-09-28,108.347,141304
tok18,2022-09-29,103.284,186728
tok18,2022-09-30,107.834,1208730
tok18,2022-10-01,105.931,1087285
tok18,2022-10-02,101.354,210120
tok18,2022-10-03,96.929,634974
tok18,2022-10-04,95.653,444725
tok18,2022-10-05,97.152,553392
tok18,2022-10-06,99.571,466079
tok18,2022-10-07,98.302,694634
tok18,2022-10-08,99.292,411045
tok18,2022-10-09,104.563,622131
tok18,2022-10-10,103.5,368137
tok18,2022-10-11,103.699,756534
tok18,2022-10-12,98.187,424655
tok18,2022-10-13,99.536,641971
tok18,2022-10-14,95.565,575172
tok18,2022-10-15,99.375,317309
tok18,2022-10-16,102.602,777524
tok18,2022-10-17,107.317,371073
tok18,2022-10-18,104.094,585823
tok18,2022-10-19,100.901,336345
tok18,2022-10-20,100.824,450886
tok18,2022-10-21,96.053,179584
tok18,2022-10-22,85.519,255963
tok18,2022-10-23,86.011,162938
tok18,2022-10-24,81.605,250608
tok18,2022-10-25,79.938,271781
tok18,2022-10-26,78.67,654868
tok18,2022-10-27,75.031,462669
tok18,2022-10-28,75.583,220474
tok18,2022-10-29,78.497,405802
tok18,2022-10-30,81.039,478704
tok18,2022-10-31,81.537,211235
tok18,2022-11-01,76.721,169369
tok18,2022-11-02,76.495,228031
tok18,2022-11-03,72.291,346838
tok18,2022-11-04,72.753,445221
tok18,2022-11-05,75.5,1270231
tok18,2022-11-06,73.858,357347
tok18,2022-11-07,78.6,1197656
tok18,2022-11-08,84.924,700385
tok18,2022-11-09,84.961,891583
tok18,2022-11-10,79.441,429907
tok18,2022-11-11,80.683,417774
tok18,2022-11-12,78.813,401200
tok18,2022-11-13,76.817,895900
tok18,2022-11-14,79.192,363882
tok18,2022-11-15,77.779,392828
tok18,2022-11-16,80.274,407886
tok18,2022-11-17,83.806,156228
tok18,2022-11-18,81.285,1023527
tok18,2022-11-19,85.81,680339
tok18,2022-11-20,83.929,572255
tok18,2022-11-21,81.127,247502
tok18,2022-11-22,80.971,260452
tok18,2022-11-23,77.159,725427
tok18,2022-11-24,78.257,564685
tok18,2022-11-25,78.167,749048
tok18,2022-11-26,77.805,229219
tok18,2022-11-27,80.723,478446
tok18,2022-11-28,79.087,490501
tok18,2022-11-29,75.446,295451
tok18,2022-11-30,73.618,489833
tok18,2022-12-01,76.973,427793
tok18,2022-12-02,74.131,172276
tok18,2022-12-03,73.714,665088
tok18,2022-12-04,76.062,258933
tok18,2022-12-05,74.182,939707
tok18,2022-12-06,73.342,302618
tok18,2022-12-07,80.409,919073
tok18,2022-12-08,74.375,240626
tok18,2022-12-09,77.198,318437
tok18,2022-12-10,82.626,393576
tok18,2022-12-11,81.471,480803
tok18,2022-12-12,84.289,412667
tok18,2022-12-13,88.738,625947
tok18,2022-12-14,89.249,891167
tok18,2022-12-15,90.056,423210
tok18,2022-12-16,94.348,744664
tok18,2022-12-17,87.166,616755
tok18,2022-12-18,90.465,824153
tok18,2022-12-19,92.131,570006
tok18,2022-12-20,91.9,934440
tok18,2022-12-21,93.158,164418
tok18,2022-12-22,88.425,337287
tok18,2022-12-23,89.74,867251
tok18,2022-12-24,95.754,748362
tok18,2022-12-25,99.095,340822
tok18,2022-12-26,90.083,630797
tok18,2022-12-27,91.501,303402
tok18,2022-12-28,84.642,374829
tok18,2022-12-29,78.384,567854
tok18,2022-12-30,77.482,711806
tok18,2022-12-31,82.249,316706
tok18,2023-01-01,82.75,209609
tok18,2023-01-02,86.301,979697
tok18,2023-01-03,88.277,736919
tok18,2023-01-04,94.655,146645
tok18,2023-01-05,95.288,225798
tok18,2023-01-06,95.777,1034613
tok18,2023-01-07,99.582,782686
tok18,2023-01-08,100.715,351728
tok18,2023-01-09,95.51,366026
tok18,2023-01-10,99.897,411354
tok18,2023-01-11,97.359,464954
tok18,2023-01-12,94.669,661347
tok18,2023-01-13,94.092,612146
tok18,2023-01-14,87.096,362552
tok18,2023-01-15,91.552,183093
tok18,2023-01-16,91.804,600089
tok18,2023-01-17,92.399,162125
tok18,2023-01-18,89.624,376695
tok18,2023-01-19,92.426,872557
tok18,2023-01-20,95.751,435073
tok18,2023-01-21,97.343,403558
tok18,2023-01-22,96.733,174439
tok18,2023-01-23,103.943,589352
tok18,2023-01-24,104.133,333523
tok18,2023-01-25,108.684,881101
tok18,2023-01-26,114.996,331158
tok18,2023-01-27,115.741,504370
tok18,2023-01-28,119.607,643137
tok18,2023-01-29,118.305,225169
tok18,2023-01-30,112.094,1980841
tok18,2023-01-31,115.577,343970
tok18,2023-02-01,117.202,226811
tok18,2023-02-02,121.102,321638
tok18,2023-02-03,120.702,713152
tok18,2023-02-04,119.804,419079
tok18,2023-02-05,123.477,530052
tok18,2023-02-06,123.589,513617
tok18,2023-02-07,113.203,733427
tok18,2023-02-08,109.139,495662
tok18,2023-02-09,107.663,271574
tok18,2023-02-10,111.287,618133
tok18,2023-02-11,110.676,444603
tok18,2023-02-12,117.157,431703
tok18,2023-02-13,120.85,290884
tok18,2023-02-14,112.165,369734
tok18,2023-02-15,112.587,429844
tok18,2023-02-16,114.785,334777
tok18,2023-02-17,111.242,297221
tok18,2023-02-18,104.745,548380
tok18,2023-02-19,106.502,309713
tok18,2023-02-20,109.469,434878
tok18,2023-02-21,112.358,232305
tok18,2023-02-22,113.17,648968
tok18,2023-02-23,110.856,1187937
tok18,2023-02-24,105.122,990948
tok18,2023-02-25,100.81,475393
tok18,2023-02-26,101.48,480685
tok18,2023-02-27,104.122,809190
tok18,2023-02-28,99.941,570024
tok18,2023-03-01,99.623,518248
tok18,2023-03-02,107.027,396599
tok18,2023-03-03,108.324,1416583
tok18,2023-03-04,107.51,611043
tok18,2023-03-05,110.373,327961
tok18,2023-03-06,113.582,214056
tok18,2023-03-07,113.807,658220
tok18,2023-03-08,107.916,642145
tok18,2023-03-09,109.705,214658
tok18,2023-03-10,109.683,372850
tok18,2023-03-11,114.761,211547
tok18,2023-03-12,118.53,393504
tok18,2023-03-13,123.323,349744
tok18,2023-03-14,120.707,322321
tok18,2023-03-15,120.765,270503
tok18,2023-03-16,118.028,291467
tok18,2023-03-17,117.595,446067
tok18,2023-03-18,116.424,431734
tok18,2023-03-19,115.809,367799
tok18,2023-03-20,123.768,1128932
tok18,2023-03-21,120.451,226055
tok18,2023-03-22,117.769,164039
tok18,2023-03-23,121.92,256202
tok18,2023-03-24,114.873,535437
tok18,2023-03-25,111.542,607931
tok18,2023-03-26,118.407,625966
tok18,2023-03-27,119.916,527647
tok18,2023-03-28,123.717,635247
tok18,2023-03-29,118.313,733083
tok18,2023-03-30,116.898,299321
tok18,2023-03-31,118.916,421408
tok18,2023-04-01,113.684,402457
tok18,2023-04-02,105.371,589335
tok18,2023-04-03,103.834,746955
tok18,2023-04-04,102.145,307966
tok18,2023-04-05,105.212,339350
tok18,2023-04-06,108.154,440192
tok18,2023-04-07,112.351,434706
tok18,2023-04-08,109.404,322028
tok18,2023-04-09,115.038,677596
tok18,2023-04-10,118.48,475776
tok18,2023-04-11,115.386,188605
tok18,2023-04-12,115.682,485793
tok18,2023-04-13,116.502,325037
tok18,2023-04-14,115.356,255969
tok18,2023-04-15,115.272,860501
tok18,2023-04-16,117.267,236839
tok18,2023-04-17,111.27,244561
tok18,2023-04-18,114.301,252607
tok18,2023-04-19,125.309,285674
tok18,2023-04-20,125.554,169551
tok18,2023-04-21,128.224,609812
tok18,2023-04-22,125.674,731991
tok18,2023-04-23,129.137,565369
tok18,2023-04-24,131.666,408637
tok18,2023-04-25,128.438,541032
tok18,2023-04-26,129.995,547614
tok18,2023-04-27,130.818,782657
tok18,2023-04-28,124.954,493403
tok18,2023-04-29,124.736,746641
tok18,2023-04-30,115.99,813905
tok18,2023-05-01,107.272,417296
tok18,2023-05-02,101.23,547444
tok18,2023-05-03,98.604,712030
tok18,2023-05-04,94.653,225824
tok18,2023-05-05,85.177,271788
tok18,2023-05-06,83.578,657787
tok18,2023-05-07,84.654,1340843
tok18,2023-05-08,82.712,437642
tok18,2023-05-09,83.692,321177
tok18,2023-05-10,87.911,373519
tok18,2023-05-11,87.317,618902
tok18,2023-05-12,83.3,592926
tok18,2023-05-13,85.29,477467
tok18,2023-05-14,85.78,342831
tok18,2023-05-15,85.051,420552
tok18,2023-05-16,87.059,529825
tok18,2023-05-17,79.231,646022
tok18,2023-05-18,78.233,263634
tok18,2023-05-19,84.13,299823
tok18,2023-05-20,88.825,556377
tok18,2023-05-21,89.595,260404
tok18,2023-05-22,79.405,385015
tok18,2023-05-23,81.106,900885
tok18,2023-05-24,79.356,290751
tok18,2023-05-25,76.101,453478
tok18,2023-05-26,75.779,934288
tok18,2023-05-27,76.427,877169
tok18,2023-05-28,71.82,409921
tok18,2023-05-29,73.747,437854
tok18,2023-05-30,72.745,262640
tok18,2023-05-31,68.284,264843
tok18,2023-06-01,60.59,590897
tok18,2023-06-02,59.256,424851
tok18,2023-06-03,60.087,356254
tok18,2023-06-04,57.877,243838
tok18,2023-06-05,52.801,372112
tok18,2023-06-06,55.596,384764
tok18,2023-06-07,55.731,194380
tok18,2023-06-08,53.102,438230
tok18,2023-06-09,55.901,966369
tok18,2023-06-10,55.874,300359
tok18,2023-06-11,55.822,585686
tok18,2023-06-12,55.511,612393
tok18,2023-06-13,54.746,349055
tok18,2023-06-14,54.224,304580
tok18,2023-06-15,55.242,262624
tok18,2023-06-16,55.352,290080
tok18,2023-06-17,56.695,412839
tok18,2023-06-18,54.653,862064
tok18,2023-06-19,58.75,373952
tok18,2023-06-20,59.009,342718
tok18,2023-06-21,53.418,1540483
tok18,2023-06-22,48.813,835051
tok18,2023-06-23,45.307,996520
tok18,2023-06-24,45.63,452065
tok18,2023-06-25,45.485,866561
tok18,2023-06-26,46.82,394743
tok18,2023-06-27,45.363,382244
tok18,2023-06-28,46.1,439348
tok18,2023-06-29,45.015,532801
tok18,2023-06-30,46.191,370391
tok18,2023-07-01,46.11,405610
tok18,2023-07-02,42.111,532762
tok18,2023-07-03,39.419,535032
tok18,2023-07-04,39.88,385201
tok18,2023-07-05,41.675,376326
tok18,2023-07-06,41.039,745786
tok18,2023-07-07,38.663,836366
tok18,2023-07-08,41.134,651927
tok18,2023-07-09,43.109,606944
tok18,2023-07-10,43.135,437924
tok18,2023-07-11,42.336,301122
tok18,2023-07-12,42.563,247052
tok18,2023-07-13,39.767,373549
tok18,2023-07-14,39.033,367779
tok18,2023-07-15,37.465,300815
tok18,2023-07-16,39.472,830792
tok18,2023-07-17,39.51,446092
tok18,2023-07-18,38.039,382819
tok18,2023-07-19,38.55,787565
tok18,2023-07-20,39.586,641555
tok18,2023-07-21,37.217,325259
tok18,2023-07-22,37.699,291042
tok18,2023-07-23,35.452,593440
tok18,2023-07-24,34.088,321785
tok18,2023-07-25,33.851,501269
tok18,2023-07-26,32.722,257297
tok18,2023-07-27,33.429,382151
tok18,2023-07-28,32.875,719814
tok18,2023-07-29,31.756,312015
tok18,2023-07-30,33.561,347776
tok18,2023-07-31,30.762,846198
tok18,2023-08-01,31.682,506478
tok18,2023-08-02,30.184,441227
tok18,2023-08-03,28.958,428460
tok18,2023-08-04,28.64,561517
tok18,2023-08-05,27.892,732417
tok18,2023-08-06,28.056,431528
tok18,2023-08-07,25.362,287852
tok18,2023-08-08,25.942,288881
tok18,2023-08-09,25.822,1376341
tok18,2023-08-10,25.181,269049
tok18,2023-08-11,26.445,330982
tok18,2023-08-12,27.547,883588
tok18,2023-08-13,28.412,265614
tok18,2023-08-14,30.799,346221
tok18,2023-08-15,32.446,401673
tok18,2023-08-16,31.975,507945
tok18,2023-08-17,32.5,624134
tok18,2023-08-18,29.899,280329
tok18,2023-08-19,31.097,319043
tok18,2023-08-20,30.871,705072
tok18,2023-08-21,31.309,362116
tok18,2023-08-22,29.246,457990
tok18,2023-08-23,31.555,304031
tok18,2023-08-24,29.872,497317
tok18,2023-08-25,28.895,409326
tok18,2023-08-26,27.007,1149342
tok18,2023-08-27,25.965,781995
tok18,2023-08-28,24.723,803035
tok18,2023-08-29,25.331,746418
tok18,2023-08-30,25.271,554513
tok18,2023-08-31,26.745,641479
tok18,2023-09-01,24.87,698711
tok18,2023-09-02,24.795,412245
tok18,2023-09-03,24.83,404684
tok18,2023-09-04,23.676,307876
tok18,2023-09-05,23.389,590289
tok18,2023-09-06,23.886,651792
tok18,2023-09-07,23.312,605011
tok18,2023-09-08,25.282,241079
tok18,2023-09-09,24.94,363372
tok18,2023-09-10,26.885,133823
tok18,2023-09-11,28.478,755381
tok18,2023-09-12,26.296,362321
tok18,2023-09-13,26.268,517405
tok18,2023-09-14,25.074,463966
tok18,2023-09-15,25.247,603030
tok18,2023-09-16,25.582,335598
tok18,2023-09-17,25.754,597239
tok18,2023-09-18,24.904,556680
tok18,2023-09-19,24.325,435853
tok18,2023-09-20,24.699,707405
tok18,2023-09-21,23.798,864388
tok18,2023-09-22,24.193,181209
tok18,2023-09-23,24.062,261360
tok18,2023-09-24,23.385,255002
tok18,2023-09-25,22.527,670145
tok18,2023-09-26,22.978,404556
tok18,2023-09-27,24.84,398316
tok18,2023-09-28,25.108,560756
tok18,2023-09-29,25.861,499049
tok18,2023-09-30,23.965,142980
tok18,2023-10-01,23.327,839604
tok18,2023-10-02,23.718,460717
tok18,2023-10-03,24.367,793165
tok18,2023-10-04,25.009,192102
tok18,2023-10-05,25.724,266097
tok18,2023-10-06,26.21,404633
tok18,2023-10-07,26.92,177568
tok18,2023-10-08,26.687,579567
tok18,2023-10-09,26.247,260287
tok18,2023-10-10,24.762,992409
tok18,2023-10-11,25.424,228023
tok18,2023-10-12,26.036,722451
tok18,2023-10-13,24.957,484612
tok18,2023-10-14,25.338,482763
tok18,2023-10-15,25.048,382159
tok18,2023-10-16,25.219,220049
tok18,2023-10-17,23.985,655588
tok18,2023-10-18,25.149,410008
tok18,2023-10-19,24.588,474767
tok18,2023-10-20,24.551,246735
tok18,2023-10-21,23.695,596729
tok18,2023-10-22,24.687,789552
tok18,2023-10-23,24.397,266254
tok18,2023-10-24,23.36,918065
tok18,2023-10-25,23.666,883446
tok18,2023-10-26,23.161,516592
tok18,2023-10-27,22.432,223417
tok18,2023-10-28,22.195,640737
tok18,2023-10-29,21.896,508105
tok18,2023-10-30,21.395,213244
tok18,2023-10-31,22.269,816112
tok18,2023-11-01,22.486,321366
tok18,2023-11-02,21.81,372999
tok18,2023-11-03,21.835,512363
tok18,2023-11-04,21.557,224798
tok18,2023-11-05,22.93,456616
tok18,2023-11-06,22.868,487691
tok18,2023-11-07,22.442,455577
tok18,2023-11-08,21.877,358996
tok18,2023-11-09,23.3,398073
tok18,2023-11-10,22.338,478267
tok18,2023-11-11,23.158,270172
tok18,2023-11-12,22.926,259107
tok18,2023-11-13,23.054,291699
tok18,2023-11-14,23.059,463902
tok18,2023-11-15,22.648,451446
tok18,2023-11-16,22.417,344981
tok18,2023-11-17,22.597,389911
tok18,2023-11-18,23.354,596787
tok18,2023-11-19,21.601,549596
tok18,2023-11-20,22.991,1065230
tok18,2023-11-21,23.69,247326
tok18,2023-11-22,22.988,208002
tok18,2023-11-23,23.911,541392
tok18,2023-11-24,23.218,290344
tok18,2023-11-25,22.129,953859
tok18,2023-11-26,22.52,1053689
tok18,2023-11-27,21.995,334312
tok18,2023-11-28,22.184,120471
tok18,2023-11-29,21.631,449664
tok18,2023-11-30,19.448,434584
tok18,2023-12-01,18.068,694526
tok18,2023-12-02,17.635,685698
tok18,2023-12-03,17.012,127747
tok18,2023-12-04,16.542,652502
tok18,2023-12-05,16.429,135187
tok18,2023-12-06,16.33,761934
tok18,2023-12-07,16.094,490471
tok18,2023-12-08,16.308,695218
tok18,2023-12-09,16.584,404495
tok18,2023-12-10,17.552,377141
tok18,2023-12-11,17.111,247588
tok18,2023-12-12,17.064,850769
tok18,2023-12-13,16.989,435787
tok18,2023-12-14,16.963,337766
tok18,2023-12-15,17.276,327032
tok18,2023-12-16,16.869,335171
tok18,2023-12-17,16.076,616860
tok18,2023-12-18,14.893,295619
tok18,2023-12-19,15.919,355227
tok18,2023-12-20,14.607,213662
tok18,2023-12-21,15.074,299190
tok18,2023-12-22,15.229,737777
tok18,2023-12-23,14.977,184878
tok18,2023-12-24,15.789,380506
tok18,2023-12-25,16.002,678289
tok18,2023-12-26,15.587,263652
tok18,2023-12-27,14.558,509852
tok18,2023-12-28,14.484,586251
tok18,2023-12-29,14.596,219530
tok18,2023-12-30,13.555,602123
tok18,2023-12-31,14.375,382770
tok19,2021-01-01,100.156,671193
tok19,2021-01-02,106.021,336540
tok19,2021-01-03,108.454,628378
tok19,2021-01-04,102.101,559587
tok19,2021-01-05,102.695,893871
tok19,2021-01-06,102.377,212519
tok19,2021-01-07,105.757,580077
tok19,2021-01-08,107.614,251676
tok19,2021-01-09,103.867,619797
tok19,2021-01-10,104.895,402840
tok19,2021-01-11,95.137,382259
tok19,2021-01-12,89.98,360291
tok19,2021-01-13,87.123,617940
tok19,2021-01-14,77.656,245421
tok19,2021-01-15,73.682,566261
tok19,2021-01-16,72.552,718566
tok19,2021-01-17,73.374,319123
tok19,2021-01-18,71.583,1015362
tok19,2021-01-19,70.626,821810
tok19,2021-01-20,72.075,491784
tok19,2021-01-21,72.804,454502
tok19,2021-01-22,74.54,654753
tok19,2021-01-23,77.895,284871
tok19,2021-01-24,79.146,291023
tok19,2021-01-25,76.654,386881
tok19,2021-01-26,74.76,282218
tok19,2021-01-27,75.876,528739
tok19,2021-01-28,74.998,367692
tok19,2021-01-29,72.454,267015
tok19,2021-01-30,66.87,370764
tok19,2021-01-31,64.245,1091985
tok19,2021-02-01,64.418,472946
tok19,2021-02-02,66.313,536172
tok19,2021-02-03,65.663,371594
tok19,2021-02-04,60.588,589350
tok19,2021-02-05,58.187,523146
tok19,2021-02-06,56.777,163524
tok19,2021-02-07,57.519,547768
tok19,2021-02-08,57.268,524883
tok19,2021-02-09,56.887,448118
tok19,2021-02-10,54.416,219654
tok19,2021-02-11,54.26,264216
tok19,2021-02-12,53.22,340495
tok19,2021-02-13,54.778,878811
tok19,2021-02-14,52.288,315485
tok19,2021-02-15,51.68,509586
tok19,2021-02-16,52.866,296433
tok19,2021-02-17,53.956,1492875
tok19,2021-02-18,51.798,356529
tok19,2021-02-19,52.605,188945
tok19,2021-02-20,54.722,252805
tok19,2021-02-21,54.078,353496
tok19,2021-02-22,53.335,536764
tok19,2021-02-23,55.246,170523
tok19,2021-02-24,56.384,437851
tok19,2021-02-25,52.866,599013
tok19,2021-02-26,53.087,242142
tok19,2021-02-27,53.992,343755
tok19,2021-02-28,54.842,799370
tok19,2021-03-01,57.678,300028
tok19,2021-03-02,59.589,340489
tok19,2021-03-03,61.359,491162
tok19,2021-03-04,63.497,312089
tok19,2021-03-05,66.11,361542
tok19,2021-03-06,67.892,471631
tok19,2021-03-07,69.093,245452
tok19,2021-03-08,67.61,628396
tok19,2021-03-09,65.299,650262
tok19,2021-03-10,64.721,215752
tok19,2021-03-11,65.018,390965
tok19,2021-03-12,65.316,376214
tok19,2021-03-13,62.132,434227
tok19,2021-03-14,64.511,416429
tok19,2021-03-15,63.979,375182
tok19,2021-03-16,62.678,1041942
tok19,2021-03-17,60.62,421230
tok19,2021-03-18,62.431,274859
tok19,2021-03-19,61.583,447454
tok19,2021-03-20,63.815,992532
tok19,2021-03-21,66.37,347080
tok19,2021-03-22,68.84,462049
tok19,2021-03-23,70.995,1175539
tok19,2021-03-24,72.568,537155
tok19,2021-03-25,69.793,520213
tok19,2021-03-26,74.216,243500
tok19,2021-03-27,72.407,368691
tok19,2021-03-28,71.859,383919
tok19,2021-03-29,70.028,630106
tok19,2021-03-30,70.579,470912
tok19,2021-03-31,70.149,278988
tok19,2021-04-01,72.502,383325
tok19,2021-04-02,70.822,764377
tok19,2021-04-03,74.92,258444
tok19,2021-04-04,74.064,358446
tok19,2021-04-05,71.395,151447
tok19,2021-04-06,71.83,560660
tok19,2021-04-07,74.674,286959
tok19,2021-04-08,74.21,270727
tok19,2021-04-09,74.744,630899
tok19,2021-04-10,77.622,211100
tok19,2021-04-11,77.595,414255
tok19,2021-04-12,78.353,380161
tok19,2021-04-13,80.986,310817
tok19,2021-04-14,83.174,501655
tok19,2021-04-15,88.463,287772
tok19,2021-04-16,88.519,258990
tok19,2021-04-17,83.203,1238403
tok19,2021-04-18,82.471,378932
tok19,2021-04-19,83.542,394416
tok19,2021-04-20,83.915,889016
tok19,2021-04-21,89.229,1023259
tok19,2021-04-22,90.066,269677
tok19,2021-04-23,89.525,529912
tok19,2021-04-24,88.148,893852
tok19,2021-04-25,87.496,429036
tok19,2021-04-26,85.807,382312
tok19,2021-04-27,84.887,322990
tok19,2021-04-28,84.945,724535
tok19,2021-04-29,80.808,271187
tok19,2021-04-30,88.667,204742
tok19,2021-05-01,85.354,403730
tok19,2021-05-02,90.366,606614
tok19,2021-05-03,86.823,325377
tok19,2021-05-04,90.844,344319
tok19,2021-05-05,93.236,860362
tok19,2021-05-06,93.185,558816
tok19,2021-05-07,94.393,560087
tok19,2021-05-08,101.996,401499
tok19,2021-05-09,112.853,538634
tok19,2021-05-10,107.621,234871
tok19,2021-05-11,108.928,404173
tok19,2021-05-12,104.427,958352
tok19,2021-05-13,100.696,837911
tok19,2021-05-14,106.983,522589
tok19,2021-05-15,107.647,579737
tok19,2021-05-16,105.138,246865
tok19,2021-05-17,108.399,597686
tok19,2021-05-18,109.221,193699
tok19,2021-05-19,98.219,1002419
tok19,2021-05-20,95.644,370551
tok19,2021-05-21,100.274,1334003
tok19,2021-05-22,97.542,462623
tok19,2021-05-23,92.284,400653
tok19,2021-05-24,87.31,725007
tok19,2021-05-25,95.582,529172
tok19,2021-05-26,92.235,932449
tok19,2021-05-27,94.135,174573
tok19,2021-05-28,95.187,285988
tok19,2021-05-29,98.992,340405
tok19,2021-05-30,93.168,334602
tok19,2021-05-31,97.304,481813
tok19,2021-06-01,100.694,412362
tok19,2021-06-02,99.685,493066
tok19,2021-06-03,97.789,599456
tok19,2021-06-04,99.867,376623
tok19,2021-06-05,100.769,748093
tok19,2021-06-06,97.989,370661
tok19,2021-06-07,90.015,202433
tok19,2021-06-08,91.283,1285051
tok19,2021-06-09,84.606,1169508
tok19,2021-06-10,85.911,343815
tok19,2021-06-11,89.659,463392
tok19,2021-06-12,96.409,393668
tok19,2021-06-13,98.402,670806
tok19,2021-06-14,93.33,249112
tok19,2021-06-15,89.713,1001921
tok19,2021-06-16,91.603,1034695
tok19,2021-06-17,96.023,985397
tok19,2021-06-18,98.408,544537
tok19,2021-06-19,93.028,566262
tok19,2021-06-20,89.573,260549
tok19,2021-06-21,90.686,342002
tok19,2021-06-22,89.449,1061343
tok19,2021-06-23,93.599,141415
tok19,2021-06-24,87.528,398419
tok19,2021-06-25,92.526,464630
tok19,2021-06-26,94.772,576291
tok19,2021-06-27,95.735,549648
tok19,2021-06-28,96.914,552387
tok19,2021-06-29,92.892,537708
tok19,2021-06-30,85.206,559949
tok19,2021-07-01,85.037,355451
tok19,2021-07-02,79.731,206724
tok19,2021-07-03,79.097,561569
tok19,2021-07-04,80.754,393981
tok19,2021-07-05,81.157,751602
tok19,2021-07-06,80.099,403238
tok19,2021-07-07,81.023,368674
tok19,2021-07-08,80.879,421684
tok19,2021-07-09,79.027,849454
tok19,2021-07-10,78.056,435438
tok19,2021-07-11,75.369,192663
tok19,2021-07-12,80.326,427696
tok19,2021-07-13,81.462,481159
tok19,2021-07-14,80.262,656056
tok19,2021-07-15,76.548,744304
tok19,2021-07-16,77.815,412001
tok19,2021-07-17,81.552,320407
tok19,2021-07-18,83.33,216617
tok19,2021-07-19,86.418,528080
tok19,2021-07-20,89.275,618448
tok19,2021-07-21,92.228,446654
tok19,2021-07-22,93.404,582107
tok19,2021-07-23,92.785,384076
tok19,2021-07-24,91.201,368744
tok19,2021-07-25,89.55,377312
tok19,2021-07-26,88.44,312405
tok19,2021-07-27,86.591,422372
tok19,2021-07-28,87.194,497733
tok19,2021-07-29,89.793,734149
tok19,2021-07-30,99.775,294553
tok19,2021-07-31,98.246,492855
tok19,2021-08-01,95.628,355823
tok19,2021-08-02,97.71,677831
tok19,2021-08-03,94.7,416814
tok19,2021-08-04,95.023,272757
tok19,2021-08-05,91.355,440983
tok19,2021-08-06,91.06,268812
tok19,2021-08-07,84.142,117039
tok19,2021-08-08,85.963,333718
tok19,2021-08-09,89.615,593480
tok19,2021-08-10,92.519,743935
tok19,2021-08-11,96.871,609783
tok19,2021-08-12,100.781,278572
tok19,2021-08-13,105.111,341686
tok19,2021-08-14,102.776,273680
tok19,2021-08-15,102.324,574588
tok19,2021-08-16,107.293,174409
tok19,2021-08-17,101.248,347200
tok19,2021-08-18,101.135,670447
tok19,2021-08-19,106.577,446638
tok19,2021-08-20,105.109,334247
tok19,2021-08-21,110.632,477039
tok19,2021-08-22,110.255,570654
tok19,2021-08-23,111.422,1403382
tok19,2021-08-24,107.29,789457
tok19,2021-08-25,108.735,353516
tok19,2021-08-26,104.74,766707
tok19,2021-08-27,108.77,483879
tok19,2021-08-28,103.844,859062
tok19,2021-08-29,101.747,431989
tok19,2021-08-30,93.302,667824
tok19,2021-08-31,91.552,337878
tok19,2021-09-01,99.619,630653
tok19,2021-09-02,105.521,386723
tok19,2021-09-03,104.904,466774
tok19,2021-09-04,100.354,645003
tok19,2021-09-05,103.301,343190
tok19,2021-09-06,105.864,570486
tok19,2021-09-07,104.33,126046
tok19,2021-09-08,99.249,546181
tok19,2021-09-09,104.614,428654
tok19,2021-09-10,102.016,444458
tok19,2021-09-11,109.524,396190
tok19,2021-09-12,107.174,342404
tok19,2021-09-13,105.928,550041
tok19,2021-09-14,106.973,589688
tok19,2021-09-15,101.991,942451
tok19,2021-09-16,99.442,537415
tok19,2021-09-17,102.516,192945
tok19,2021-09-18,103.547,424432
tok19,2021-09-19,100.694,214837
tok19,2021-09-20,99.226,1158247
tok19,2021-09-21,101.168,372151
tok19,2021-09-22,106.594,620039
tok19,2021-09-23,111.042,527830
tok19,2021-09-24,115.165,1207243
tok19,2021-09-25,119.471,286476
tok19,2021-09-26,115.378,266007
tok19,2021-09-27,121.066,422406
tok19,2021-09-28,111.838,494651
tok19,2021-09-29,103.914,491345
tok19,2021-09-30,95.125,457959
tok19,2021-10-01,97.658,498763
tok19,2021-10-02,90.564,761888
tok19,2021-10-03,95.653,284998
tok19,2021-10-04,96.87,571304
tok19,2021-10-05,89.889,708189
tok19,2021-10-06,88.7,317460
tok19,2021-10-07,79.335,576125
tok19,2021-10-08,77.278,644443
tok19,2021-10-09,75.669,1200948
tok19,2021-10-10,76.342,381966
tok19,2021-10-11,76.265,242756
tok19,2021-10-12,76.551,968729
tok19,2021-10-13,76.727,249048
tok19,2021-10-14,78.487,647604
tok19,2021-10-15,79.264,670171
tok19,2021-10-16,75.239,293884
tok19,2021-10-17,76.93,335299
tok19,2021-10-18,80.382,583213
tok19,2021-10-19,79.224,279101
tok19,2021-10-20,78.381,615334
tok19,2021-10-21,79.842,537311
tok19,2021-10-22,78.668,880138
tok19,2021-10-23,80.558,353472
tok19,2021-10-24,79.012,554014
tok19,2021-10-25,75.68,1216771
tok19,2021-10-26,77.833,919273
tok19,2021-10-27,73.734,240986
tok19,2021-10-28,76.227,389116
tok19,2021-10-29,74.464,500682
tok19,2021-10-30,72.305,361392
tok19,2021-10-31,70.441,454780
tok19,2021-11-01,71.676,743077
tok19,2021-11-02,74.042,200575
tok19,2021-11-03,70.578,459303
tok19,2021-11-04,74.024,440872
tok19,2021-11-05,71.317,605229
tok19,2021-11-06,73.331,314459
tok19,2021-11-07,72.591,274419
tok19,2021-11-08,69.673,319031
tok19,2021-11-09,72.303,544443
tok19,2021-11-10,74.175,536290
tok19,2021-11-11,77.149,353417
tok19,2021-11-12,77.576,246075
tok19,2021-11-13,79.966,574862
tok19,2021-11-14,84.715,340497
tok19,2021-11-15,85.533,692061
tok19,2021-11-16,86.997,415567
tok19,2021-11-17,89.232,182006
tok19,2021-11-18,82.137,278708
tok19,2021-11-19,82.283,442535
tok19,2021-11-20,83.136,838473
tok19,2021-11-21,82.568,680550
tok19,2021-11-22,80.516,426353
tok19,2021-11-23,87.958,217140
tok19,2021-11-24,90.94,676627
tok19,2021-11-25,92.788,547967
tok19,2021-11-26,96.369,318163
tok19,2021-11-27,99.567,408589
tok19,2021-11-28,99.671,260953
tok19,2021-11-29,101.808,403967
tok19,2021-11-30,102.64,199778
tok19,2021-12-01,100.844,541461
tok19,2021-12-02,95.484,234126
tok19,2021-12-03,97.617,1027495
tok19,2021-12-04,93.551,562699
tok19,2021-12-05,95.013,460252
tok19,2021-12-06,93.633,282022
tok19,2021-12-07,93.143,284138
tok19,2021-12-08,94.068,324864
tok19,2021-12-09,95.734,302151
tok19,2021-12-10,96.903,351534
tok19,2021-12-11,100.663,158998
tok19,2021-12-12,98.679,385552
tok19,2021-12-13,90.692,388334
tok19,2021-12-14,88.358,347966
tok19,2021-12-15,81.628,416833
tok19,2021-12-16,80.335,274539
tok19,2021-12-17,77.908,511462
tok19,2021-12-18,80.33,407276
tok19,2021-12-19,79.384,280711
tok19,2021-12-20,75.718,213670
tok19,2021-12-21,73.761,742552
tok19,2021-12-22,75.902,580691
tok19,2021-12-23,75.264,338760
tok19,2021-12-24,78.649,423727
tok19,2021-12-25,77.119,243126
tok19,2021-12-26,80.839,169480
tok19,2021-12-27,80.86,438575
tok19,2021-12-28,80.217,422300
tok19,2021-12-29,81.026,217457
tok19,2021-12-30,86.071,219923
tok19,2021-12-31,85.965,203285
tok19,2022-01-01,83.958,315265
tok19,2022-01-02,80.982,329124
tok19,2022-01-03,81.43,465675
tok19,2022-01-04,83.772,394646
tok19,2022-01-05,89.691,491745
tok19,2022-01-06,91.245,884721
tok19,2022-01-07,83.619,324155
tok19,2022-01-08,84.281,291124
tok19,2022-01-09,79.141,920713
tok19,2022-01-10,75.654,477019
tok19,2022-01-11,70.072,871244
tok19,2022-01-12,71.489,485041
tok19,2022-01-13,71.413,260794
tok19,2022-01-14,69.052,411990
tok19,2022-01-15,65.321,593493
tok19,2022-01-16,68.618,691126
tok19,2022-01-17,69.005,415913
tok19,2022-01-18,63.096,378853
tok19,2022-01-19,63.368,361118
tok19,2022-01-20,61.525,459735
tok19,2022-01-21,62.124,339640
tok19,2022-01-22,64.43,519553
tok19,2022-01-23,62.65,630298
tok19,2022-01-24,64.414,1032082
tok19,2022-01-25,60.148,253489
tok19,2022-01-26,61.04,782607
tok19,2022-01-27,62.197,348185
tok19,2022-01-28,60.81,1053786
tok19,2022-01-29,62.48,915231
tok19,2022-01-30,63.131,424602
tok19,2022-01-31,66.833,436341
tok19,2022-02-01,69.972,419192
tok19,2022-02-02,66.586,371603
tok19,2022-02-03,65.703,1047879
tok19,2022-02-04,65.228,434245
tok19,2022-02-05,65.946,282569
tok19,2022-02-06,66.647,178609
tok19,2022-02-07,64.61,259295
tok19,2022-02-08,64.805,1024427
tok19,2022-02-09,61.275,458065
tok19,2022-02-10,57.407,260056
tok19,2022-02-11,53.925,799139
tok19,2022-02-12,52.688,431628
tok19,2022-02-13,50.806,387126
tok19,2022-02-14,51.121,365548
tok19,2022-02-15,48.895,1048177
tok19,2022-02-16,49.958,200709
tok19,2022-02-17,54.134,624915
tok19,2022-02-18,52.798,1015863
tok19,2022-02-19,52.665,238092
tok19,2022-02-20,49.967,762810
tok19,2022-02-21,50.549,569577
tok19,2022-02-22,50.058,588778
tok19,2022-02-23,49.344,341443
tok19,2022-02-24,48.683,369601
tok19,2022-02-25,44.941,161893
tok19,2022-02-26,43.945,739959
tok19,2022-02-27,44.262,378794
tok19,2022-02-28,43.81,169707
tok19,2022-03-01,46.481,263245
tok19,2022-03-02,42.93,520250
tok19,2022-03-03,43.842,462246
tok19,2022-03-04,42.892,382881
tok19,2022-03-05,43.404,846784
tok19,2022-03-06,45.904,311413
tok19,2022-03-07,42.624,241290
tok19,2022-03-08,42.144,289526
tok19,2022-03-09,39.721,392969
tok19,2022-03-10,37.618,272079
tok19,2022-03-11,37.958,271971
tok19,2022-03-12,36.565,460250
tok19,2022-03-13,37.161,421045
tok19,2022-03-14,38.07,296295
tok19,2022-03-15,40.08,1015454
tok19,2022-03-16,36.505,189247
tok19,2022-03-17,35.686,290615
tok19,2022-03-18,34.458,539975
tok19,2022-03-19,36.502,634302
tok19,2022-03-20,36.813,549825
tok19,2022-03-21,37.213,251283
tok19,2022-03-22,40.181,160171
tok19,2022-03-23,39.178,185976
tok19,2022-03-24,37.801,609898
tok19,2022-03-25,35.429,359015
tok19,2022-03-26,36.26,538567
tok19,2022-03-27,37.118,615299
tok19,2022-03-28,38.567,253944
tok19,2022-03-29,36.936,356106
tok19,2022-03-30,35.063,1171138
tok19,2022-03-31,33.873,381715
tok19,2022-04-01,33.615,979608
tok19,2022-04-02,31.627,448659
tok19,2022-04-03,34.343,668868
tok19,2022-04-04,33.927,633960
tok19,2022-04-05,35.868,311300
tok19,2022-04-06,34.331,270018
tok19,2022-04-07,36.64,392921
tok19,2022-04-08,35.508,937517
tok19,2022-04-09,35.209,280254
tok19,2022-04-10,35.885,290112
tok19,2022-04-11,38.482,487687
tok19,2022-04-12,40.174,551637
tok19,2022-04-13,40.108,674802
tok19,2022-04-14,39.512,507781
tok19,2022-04-15,40.0,452489
tok19,2022-04-16,42.105,288256
tok19,2022-04-17,42.041,643716
tok19,2022-04-18,44.248,203573
tok19,2022-04-19,45.875,592917
tok19,2022-04-20,46.389,316974
tok19,2022-04-21,48.831,567769
tok19,2022-04-22,53.671,167911
tok19,2022-04-23,53.225,377969
tok19,2022-04-24,56.396,665008
tok19,2022-04-25,56.018,297041
tok19,2022-04-26,56.792,154803
tok19,2022-04-27,55.903,588591
tok19,2022-04-28,56.522,347393
tok19,2022-04-29,54.306,623063
tok19,2022-04-30,53.803,852479
tok19,2022-05-01,52.985,857506
tok19,2022-05-02,51.522,1306402
tok19,2022-05-03,52.754,464895
tok19,2022-05-04,56.221,324511
tok19,2022-05-05,58.741,227159
tok19,2022-05-06,57.654,319210
tok19,2022-05-07,56.421,602562
tok19,2022-05-08,53.18,506234
tok19,2022-05-09,53.621,444619
tok19,2022-05-10,53.05,254691
tok19,2022-05-11,52.222,255779
tok19,2022-05-12,51.822,563889
tok19,2022-05-13,52.936,722061
tok19,2022-05-14,51.885,961729
tok19,2022-05-15,50.625,629219
tok19,2022-05-16,53.916,776596
tok19,2022-05-17,51.702,693808
tok19,2022-05-18,47.407,341008
tok19,2022-05-19,45.783,361502
tok19,2022-05-20,47.348,654677
tok19,2022-05-21,49.783,750106
tok19,2022-05-22,50.562,271476
tok19,2022-05-23,48.383,661461
tok19,2022-05-24,48.717,541216
tok19,2022-05-25,50.468,218633
tok19,2022-05-26,50.58,383966
tok19,2022-05-27,52.948,740460
tok19,2022-05-28,53.754,742395
tok19,2022-05-29,53.885,238059
tok19,2022-05-30,56.017,661434
tok19,2022-05-31,55.064,516448
tok19,2022-06-01,56.592,769740
tok19,2022-06-02,54.299,396983
tok19,2022-06-03,52.494,461401
tok19,2022-06-04,50.386,107566
tok19,2022-06-05,51.171,402258
tok19,2022-06-06,50.466,530622
tok19,2022-06-07,48.935,206826
tok19,2022-06-08,50.5,328028
tok19,2022-06-09,48.54,365451
tok19,2022-06-10,50.962,182884
tok19,2022-06-11,51.461,268637
tok19,2022-06-12,52.69,500151
tok19,2022-06-13,54.405,852845
tok19,2022-06-14,55.595,397251
tok19,2022-06-15,52.352,484089
tok19,2022-06-16,51.508,285949
tok19,2022-06-17,51.393,189662
tok19,2022-06-18,47.638,180949
tok19,2022-06-19,46.148,824079
tok19,2022-06-20,47.35,185206
tok19,2022-06-21,47.764,829205
tok19,2022-06-22,46.495,629295
tok19,2022-06-23,47.131,299488
tok19,2022-06-24,46.48,168240
tok19,2022-06-25,46.107,401761
tok19,2022-06-26,45.353,2125908
tok19,2022-06-27,48.542,339248
tok19,2022-06-28,45.905,628785
tok19,2022-06-29,47.015,731807
tok19,2022-06-30,51.489,736602
tok19,2022-07-01,53.445,726624
tok19,2022-07-02,50.976,253938
tok19,2022-07-03,51.112,934641
tok19,2022-07-04,51.181,425506
tok19,2022-07-05,51.625,449948
tok19,2022-07-06,48.064,249182
tok19,2022-07-07,44.709,849887
tok19,2022-07-08,47.589,312420
tok19,2022-07-09,46.589,332566
tok19,2022-07-10,45.111,191989
tok19,2022-07-11,43.145,804657
tok19,2022-07-12,41.657,1604771
tok19,2022-07-13,42.824,251501
tok19,2022-07-14,45.006,170423
tok19,2022-07-15,48.174,355392
tok19,2022-07-16,47.007,761481
tok19,2022-07-17,46.46,401888
tok19,2022-07-18,48.974,445562
tok19,2022-07-19,50.191,731655
tok19,2022-07-20,49.534,301676
tok19,2022-07-21,49.375,412678
tok19,2022-07-22,50.469,705511
tok19,2022-07-23,48.38,335315
tok19,2022-07-24,48.029,473153
tok19,2022-07-25,48.033,427942
tok19,2022-07-26,50.653,689252
tok19,2022-07-27,52.852,377358
tok19,2022-07-28,50.905,807061
tok19,2022-07-29,48.065,332342
tok19,2022-07-30,49.491,471892
tok19,2022-07-31,49.121,310949
tok19,2022-08-01,51.171,319665
tok19,2022-08-02,55.821,269104
tok19,2022-08-03,54.088,869424
tok19,2022-08-04,52.663,728414
tok19,2022-08-05,54.545,456900
tok19,2022-08-06,55.035,386898
tok19,2022-08-07,58.532,279646
tok19,2022-08-08,58.118,170138
tok19,2022-08-09,59.489,392733
tok19,2022-08-10,60.639,532374
tok19,2022-08-11,59.576,376604
tok19,2022-08-12,56.545,255031
tok19,2022-08-13,59.453,351828
tok19,2022-08-14,57.211,686807
tok19,2022-08-15,55.698,577614
tok19,2022-08-16,57.981,578200
tok19,2022-08-17,60.69,320188
tok19,2022-08-18,63.621,788466
tok19,2022-08-19,64.958,643614
tok19,2022-08-20,68.77,230891
tok19,2022-08-21,68.898,568855
tok19,2022-08-22,71.963,1006342
tok19,2022-08-23,68.211,541705
tok19,2022-08-24,68.969,845552
tok19,2022-08-25,70.313,543634
tok19,2022-08-26,68.336,425743
tok19,2022-08-27,65.918,900206
tok19,2022-08-28,69.64,1498485
tok19,2022-08-29,68.217,608376
tok19,2022-08-30,67.852,1395066
tok19,2022-08-31,65.871,165833
tok19,2022-09-01,63.605,529420
tok19,2022-09-02,62.864,241948
tok19,2022-09-03,61.619,1168723
tok19,2022-09-04,60.461,746066
tok19,2022-09-05,61.324,270380
tok19,2022-09-06,51.835,262787
tok19,2022-09-07,51.876,404408
tok19,2022-09-08,56.092,640112
tok19,2022-09-09,58.384,404569
tok19,2022-09-10,59.636,472419
tok19,2022-09-11,62.441,793059
tok19,2022-09-12,65.835,168048
tok19,2022-09-13,69.581,348922
tok19,2022-09-14,69.786,294072
tok19,2022-09-15,74.424,823514
tok19,2022-09-16,75.414,211658
tok19,2022-09-17,74.354,624037
tok19,2022-09-18,74.184,452080
tok19,2022-09-19,78.706,436726
tok19,2022-09-20,74.627,165116
tok19,2022-09-21,71.2,328503
tok19,2022-09-22,69.902,680634
tok19,2022-09-23,66.826,358082
tok19,2022-09-24,67.678,430472
tok19,2022-09-25,70.883,242388
tok19,2022-09-26,68.442,609559
tok19,2022-09-27,70.888,292220
tok19,2022-09-28,71.122,413796
tok19,2022-09-29,71.164,162796
tok19,2022-09-30,70.164,486090
tok19,2022-10-01,72.584,811302
tok19,2022-10-02,72.497,469847
tok19,2022-10-03,74.557,220858
tok19,2022-10-04,78.976,310904
tok19,2022-10-05,81.047,439027
tok19,2022-10-06,81.359,376122
tok19,2022-10-07,78.976,1002211
tok19,2022-10-08,79.83,652838
tok19,2022-10-09,77.103,213606
tok19,2022-10-10,73.571,284900
tok19,2022-10-11,79.329,311351
tok19,2022-10-12,81.659,509828
tok19,2022-10-13,74.837,621084
tok19,2022-10-14,76.979,323830
tok19,2022-10-15,80.521,550528
tok19,2022-10-16,85.177,415538
tok19,2022-10-17,86.719,526381
tok19,2022-10-18,89.874,528462
tok19,2022-10-19,87.33,410372
tok19,2022-10-20,88.709,344995
tok19,2022-10-21,92.44,227958
tok19,2022-10-22,91.425,352278
tok19,2022-10-23,96.616,346212
tok19,2022-10-24,94.297,230090
tok19,2022-10-25,99.057,394977
tok19,2022-10-26,96.924,693539
tok19,2022-10-27,93.1,934784
tok19,2022-10-28,96.245,380331
tok19,2022-10-29,101.176,364910
tok19,2022-10-30,108.86,326266
tok19,2022-10-31,112.954,894039
tok19,2022-11-01,111.366,419398
tok19,2022-11-02,112.277,492204
tok19,2022-11-03,106.39,160723
tok19,2022-11-04,110.034,254801
tok19,2022-11-05,104.686,178703
tok19,2022-11-06,103.382,663118
tok19,2022-11-07,109.838,1024885
tok19,2022-11-08,108.411,174197
tok19,2022-11-09,101.869,490802
tok19,2022-11-10,102.904,402915
tok19,2022-11-11,102.69,884006
tok19,2022-11-12,97.019,783988
tok19,2022-11-13,92.037,451716
tok19,2022-11-14,78.944,759157
tok19,2022-11-15,79.173,578288
tok19,2022-11-16,84.123,307918
tok19,2022-11-17,85.833,351569
tok19,2022-11-18,83.336,193680
tok19,2022-11-19,80.825,673778
tok19,2022-11-20,81.974,1129961
tok19,2022-11-21,78.404,145171
tok19,2022-11-22,77.963,485179
tok19,2022-11-23,78.093,568599
tok19,2022-11-24,79.028,689406
tok19,2022-11-25,81.709,252163
tok19,2022-11-26,79.985,367321
tok19,2022-11-27,77.222,415749
tok19,2022-11-28,74.93,299907
tok19,2022-11-29,76.922,278241
tok19,2022-11-30,75.672,399710
tok19,2022-12-01,74.825,272590
tok19,2022-12-02,71.577,641026
tok19,2022-12-03,72.03,221293
tok19,2022-12-04,71.504,696902
tok19,2022-12-05,70.859,590603
tok19,2022-12-06,69.894,347066
tok19,2022-12-07,67.969,344483
tok19,2022-12-08,66.638,600753
tok19,2022-12-09,69.182,769169
tok19,2022-12-10,70.174,238389
tok19,2022-12-11,64.89,620638
tok19,2022-12-12,64.048,633440
tok19,2022-12-13,67.222,735575
tok19,2022-12-14,62.198,480821
tok19,2022-12-15,63.593,411102
tok19,2022-12-16,62.57,783098
tok19,2022-12-17,62.154,528641
tok19,2022-12-18,61.336,719347
tok19,2022-12-19,60.237,276298
tok19,2022-12-20,62.803,963715
tok19,2022-12-21,62.376,677645
tok19,2022-12-22,58.849,503723
tok19,2022-12-23,60.589,928176
tok19,2022-12-24,58.106,357926
tok19,2022-12-25,53.189,515884
tok19,2022-12-26,52.743,248138
tok19,2022-12-27,54.928,1050432
tok19,2022-12-28,51.651,669045
tok19,2022-12-29,51.63,894606
tok19,2022-12-30,52.834,275202
tok19,2022-12-31,55.323,794651
tok19,2023-01-01,50.375,239130
tok19,2023-01-02,49.303,591760
tok19,2023-01-03,53.948,680646
tok19,2023-01-04,53.759,565943
tok19,2023-01-05,55.222,268314
tok19,2023-01-06,57.289,898334
tok19,2023-01-07,59.249,801335
tok19,2023-01-08,61.256,376363
tok19,2023-01-09,65.23,236510
tok19,2023-01-10,68.212,550707
tok19,2023-01-11,62.87,366724
tok19,2023-01-12,59.845,265923
tok19,2023-01-13,61.875,344593
tok19,2023-01-14,64.057,518131
tok19,2023-01-15,62.519,156368
tok19,2023-01-16,63.865,726907
tok19,2023-01-17,61.64,575124
tok19,2023-01-18,65.756,573073
tok19,2023-01-19,64.51,608166
tok19,2023-01-20,66.016,557651
tok19,2023-01-21,65.656,439077
tok19,2023-01-22,66.514,846029
tok19,2023-01-23,72.242,321638
tok19,2023-01-24,71.017,986727
tok19,2023-01-25,69.358,165665
tok19,2023-01-26,69.186,398853
tok19,2023-01-27,68.907,235442
tok19,2023-01-28,68.85,491763
tok19,2023-01-29,70.041,698739
tok19,2023-01-30,65.812,749052
tok19,2023-01-31,62.084,400115
tok19,2023-02-01,62.693,493218
tok19,2023-02-02,63.593,560755
tok19,2023-02-03,68.145,678313
tok19,2023-02-04,69.093,260317
tok19,2023-02-05,67.962,232833
tok19,2023-02-06,63.047,466017
tok19,2023-02-07,62.361,472382
tok19,2023-02-08,61.08,228314
tok19,2023-02-09,62.048,623203
tok19,2023-02-10,55.452,876708
tok19,2023-02-11,55.761,620539
tok19,2023-02-12,58.109,427162
tok19,2023-02-13,58.035,370704
tok19,2023-02-14,54.192,166864
tok19,2023-02-15,54.54,217512
tok19,2023-02-16,54.308,217952
tok19,2023-02-17,53.517,764788
tok19,2023-02-18,49.622,1533069
tok19,2023-02-19,47.182,191791
tok19,2023-02-20,48.887,817609
tok19,2023-02-21,46.903,527460
tok19,2023-02-22,49.961,797400
tok19,2023-02-23,52.309,390860
tok19,2023-02-24,53.61,383236
tok19,2023-02-25,51.849,521968
tok19,2023-02-26,50.322,276243
tok19,2023-02-27,53.981,1274158
tok19,2023-02-28,55.636,687190
tok19,2023-03-01,54.172,273636
tok19,2023-03-02,52.697,773908
tok19,2023-03-03,55.472,458207
tok19,2023-03-04,56.687,578297
tok19,2023-03-05,58.066,371581
tok19,2023-03-06,56.996,883749
tok19,2023-03-07,57.24,452922
tok19,2023-03-08,59.105,1071699
tok19,2023-03-09,54.783,673004
tok19,2023-03-10,53.641,354070
tok19,2023-03-11,52.728,705749
tok19,2023-03-12,51.069,417573
tok19,2023-03-13,56.205,164376
tok19,2023-03-14,57.896,666803
tok19,2023-03-15,61.022,481701
tok19,2023-03-16,59.873,188563
tok19,2023-03-17,64.09,439814
tok19,2023-03-18,64.763,308764
tok19,2023-03-19,63.345,341887
tok19,2023-03-20,59.035,359720
tok19,2023-03-21,62.669,909747
tok19,2023-03-22,67.324,247520
tok19,2023-03-23,66.281,300067
tok19,2023-03-24,69.681,278724
tok19,2023-03-25,70.032,308867
tok19,2023-03-26,68.607,290927
tok19,2023-03-27,66.623,268039
tok19,2023-03-28,67.702,338036
tok19,2023-03-29,69.395,365428
tok19,2023-03-30,72.109,303345
tok19,2023-03-31,71.58,467644
tok19,2023-04-01,75.886,597980
tok19,2023-04-02,75.797,546526
tok19,2023-04-03,71.599,197262
tok19,2023-04-04,68.703,280284
tok19,2023-04-05,71.906,417532
tok19,2023-04-06,74.596,537735
tok19,2023-04-07,77.876,1184575
tok19,2023-04-08,77.557,306932
tok19,2023-04-09,80.453,716030
tok19,2023-04-10,76.333,413918
tok19,2023-04-11,78.177,493759
tok19,2023-04-12,77.782,764787
tok19,2023-04-13,77.642,438748
tok19,2023-04-14,74.654,620423
tok19,2023-04-15,73.498,440575
tok19,2023-04-16,73.635,477605
tok19,2023-04-17,73.518,235077
tok19,2023-04-18,73.411,524244
tok19,2023-04-19,69.512,391695
tok19,2023-04-20,69.124,207358
tok19,2023-04-21,64.785,596933
tok19,2023-04-22,65.277,297050
tok19,2023-04-23,64.184,632564
tok19,2023-04-24,66.858,355477
tok19,2023-04-25,65.497,1109706
tok19,2023-04-26,66.612,454469
tok19,2023-04-27,67.444,452543
tok19,2023-04-28,64.722,912554
tok19,2023-04-29,67.365,488071
tok19,2023-04-30,68.248,496308
tok19,2023-05-01,68.93,345104
tok19,2023-05-02,66.947,600051
tok19,2023-05-03,65.509,301593
tok19,2023-05-04,65.483,513851
tok19,2023-05-05,60.968,600678
tok19,2023-05-06,59.616,464157
tok19,2023-05-07,63.871,605260
tok19,2023-05-08,58.375,739410
tok19,2023-05-09,59.13,452808
tok19,2023-05-10,58.513,556492
tok19,2023-05-11,56.139,592929
tok19,2023-05-12,56.503,204880
tok19,2023-05-13,59.029,442562
tok19,2023-05-14,57.385,451935
tok19,2023-05-15,59.381,435031
tok19,2023-05-16,54.419,510289
tok19,2023-05-17,54.372,155136
tok19,2023-05-18,55.421,548072
tok19,2023-05-19,53.355,423756
tok19,2023-05-20,53.639,755869
tok19,2023-05-21,49.631,319703
tok19,2023-05-22,48.743,856765
tok19,2023-05-23,47.721,593734
tok19,2023-05-24,50.625,204181
tok19,2023-05-25,49.973,324639
tok19,2023-05-26,50.183,164439
tok19,2023-05-27,49.49,752309
tok19,2023-05-28,48.758,497423
tok19,2023-05-29,49.065,432986
tok19,2023-05-30,47.761,264368
tok19,2023-05-31,48.8,511425
tok19,2023-06-01,49.42,289971
tok19,2023-06-02,47.422,191309
tok19,2023-06-03,49.077,484401
tok19,2023-06-04,44.82,1378527
tok19,2023-06-05,46.548,332846
tok19,2023-06-06,45.719,499648
tok19,2023-06-07,47.512,806249
tok19,2023-06-08,47.388,541023
tok19,2023-06-09,45.437,279937
tok19,2023-06-10,46.774,475232
tok19,2023-06-11,46.876,683164
tok19,2023-06-12,47.096,363649
tok19,2023-06-13,48.107,247740
tok19,2023-06-14,43.886,568309
tok19,2023-06-15,40.902,266664
tok19,2023-06-16,41.459,453135
tok19,2023-06-17,40.888,543772
tok19,2023-06-18,41.523,371093
tok19,2023-06-19,42.639,247331
tok19,2023-06-20,40.95,1199811
tok19,2023-06-21,39.677,410989
tok19,2023-06-22,40.304,604299
tok19,2023-06-23,39.653,238580
tok19,2023-06-24,39.704,1077718
tok19,2023-06-25,40.038,333452
tok19,2023-06-26,41.217,692188
tok19,2023-06-27,42.187,478080
tok19,2023-06-28,40.924,192206
tok19,2023-06-29,39.314,728282
tok19,2023-06-30,41.542,620373
tok19,2023-07-01,45.507,231482
tok19,2023-07-02,48.31,342785
tok19,2023-07-03,46.116,359114
tok19,2023-07-04,48.441,805590
tok19,2023-07-05,48.273,768063
tok19,2023-07-06,48.681,997162
tok19,2023-07-07,49.096,374986
tok19,2023-07-08,49.823,178081
tok19,2023-07-09,49.274,717303
tok19,2023-07-10,52.633,783699
tok19,2023-07-11,49.108,429782
tok19,2023-07-12,46.176,434533
tok19,2023-07-13,42.622,752039
tok19,2023-07-14,40.365,572256
tok19,2023-07-15,38.071,289340
tok19,2023-07-16,38.003,385579
tok19,2023-07-17,39.179,458157
tok19,2023-07-18,40.844,702855
tok19,2023-07-19,38.841,788730
tok19,2023-07-20,39.136,403482
tok19,2023-07-21,38.183,520893
tok19,2023-07-22,39.591,256790
tok19,2023-07-23,39.103,380318
tok19,2023-07-24,39.086,296132
tok19,2023-07-25,37.524,494688
tok19,2023-07-26,38.051,449616
tok19,2023-07-27,37.379,635063
tok19,2023-07-28,37.727,622747
tok19,2023-07-29,37.13,506317
tok19,2023-07-30,35.48,451426
tok19,2023-07-31,36.048,515918
tok19,2023-08-01,35.229,385098
tok19,2023-08-02,36.907,466476
tok19,2023-08-03,37.527,480602
tok19,2023-08-04,38.736,601249
tok19,2023-08-05,37.078,565854
tok19,2023-08-06,38.599,340204
tok19,2023-08-07,38.08,305619
tok19,2023-08-08,38.113,980856
tok19,2023-08-09,37.064,565999
tok19,2023-08-10,37.042,644904
tok19,2023-08-11,38.68,557970
tok19,2023-08-12,38.871,179164
tok19,2023-08-13,36.788,432093
tok19,2023-08-14,38.053,532914
tok19,2023-08-15,37.485,319016
tok19,2023-08-16,39.496,681385
tok19,2023-08-17,41.747,289329
tok19,2023-08-18,43.369,988941
tok19,2023-08-19,45.802,896517
tok19,2023-08-20,46.628,456926
tok19,2023-08-21,47.021,290528
tok19,2023-08-22,48.932,400243
tok19,2023-08-23,48.036,705415
tok19,2023-08-24,47.252,517462
tok19,2023-08-25,48.205,421255
tok19,2023-08-26,51.629,180555
tok19,2023-08-27,53.343,1058157
tok19,2023-08-28,51.975,147723
tok19,2023-08-29,53.682,652645
tok19,2023-08-30,54.748,324802
tok19,2023-08-31,55.281,597087
tok19,2023-09-01,54.607,1147990
tok19,2023-09-02,55.646,351106
tok19,2023-09-03,53.499,216230
tok19,2023-09-04,51.068,583012
tok19,2023-09-05,49.473,76600
tok19,2023-09-06,50.944,378066
tok19,2023-09-07,49.537,268715
tok19,2023-09-08,46.442,653854
tok19,2023-09-09,43.82,665935
tok19,2023-09-10,40.098,288619
tok19,2023-09-11,38.232,510278
tok19,2023-09-12,36.88,1224473
tok19,2023-09-13,38.695,314445
tok19,2023-09-14,38.379,327414
tok19,2023-09-15,38.513,638815
tok19,2023-09-16,38.949,446838
tok19,2023-09-17,41.064,265060
tok19,2023-09-18,44.282,439331
tok19,2023-09-19,42.685,397846
tok19,2023-09-20,43.26,239761
tok19,2023-09-21,44.343,477162
tok19,2023-09-22,44.328,620355
tok19,2023-09-23,45.582,619435
tok19,2023-09-24,45.226,541518
tok19,2023-09-25,44.761,370336
tok19,2023-09-26,46.485,271358
tok19,2023-09-27,48.103,417379
tok19,2023-09-28,50.169,391707
tok19,2023-09-29,48.733,394288
tok19,2023-09-30,52.503,586384
tok19,2023-10-01,53.907,384662
tok19,2023-10-02,54.975,579578
tok19,2023-10-03,57.104,472056
tok19,2023-10-04,57.185,171606
tok19,2023-10-05,56.587,787785
tok19,2023-10-06,58.34,592732
tok19,2023-10-07,57.909,231561
tok19,2023-10-08,58.266,280338
tok19,2023-10-09,57.4,432179
tok19,2023-10-10,55.56,481293
tok19,2023-10-11,57.566,417032
tok19,2023-10-12,56.151,615986
tok19,2023-10-13,54.79,223743
tok19,2023-10-14,56.906,393513
tok19,2023-10-15,59.358,337172
tok19,2023-10-16,62.768,474100
tok19,2023-10-17,63.893,408664
tok19,2023-10-18,61.379,275829
tok19,2023-10-19,61.669,310225
tok19,2023-10-20,66.062,481045
tok19,2023-10-21,62.393,271286
tok19,2023-10-22,61.778,342136
tok19,2023-10-23,58.55,664310
tok19,2023-10-24,55.837,665194
tok19,2023-10-25,55.671,1556957
tok19,2023-10-26,50.744,815623
tok19,2023-10-27,52.026,515274
tok19,2023-10-28,50.354,471332
tok19,2023-10-29,48.423,504411
tok19,2023-10-30,49.228,410309
tok19,2023-10-31,48.957,220305
tok19,2023-11-01,46.464,350143
tok19,2023-11-02,42.223,263967
tok19,2023-11-03,40.523,336544
tok19,2023-11-04,43.055,402201
tok19,2023-11-05,44.154,151319
tok19,2023-11-06,46.19,861471
tok19,2023-11-07,45.711,563400
tok19,2023-11-08,45.831,629965
tok19,2023-11-09,46.618,793949
tok19,2023-11-10,48.255,580882
tok19,2023-11-11,45.27,490980
tok19,2023-11-12,45.969,276938
tok19,2023-11-13,46.017,259631
tok19,2023-11-14,47.223,267406
tok19,2023-11-15,43.567,533260
tok19,2023-11-16,44.059,270862
tok19,2023-11-17,44.179,483860
tok19,2023-11-18,43.365,413723
tok19,2023-11-19,41.202,740495
tok19,2023-11-20,41.181,522796
tok19,2023-11-21,42.215,620952
tok19,2023-11-22,42.064,763745
tok19,2023-11-23,40.466,1023694
tok19,2023-11-24,39.715,1009141
tok19,2023-11-25,38.985,394704
tok19,2023-11-26,39.958,485267
tok19,2023-11-27,37.789,797874
tok19,2023-11-28,35.418,579441
tok19,2023-11-29,30.829,1025879
tok19,2023-11-30,30.09,393049
tok19,2023-12-01,32.366,452060
tok19,2023-12-02,32.693,990349
tok19,2023-12-03,33.344,180328
tok19,2023-12-04,32.498,174753
tok19,2023-12-05,32.044,539513
tok19,2023-12-06,31.122,616547
tok19,2023-12-07,30.256,593602
tok19,2023-12-08,28.353,478548
tok19,2023-12-09,28.594,167699
tok19,2023-12-10,29.055,433834
tok19,2023-12-11,28.372,691099
tok19,2023-12-12,28.119,1442991
tok19,2023-12-13,29.125,163603
tok19,2023-12-14,29.326,289905
tok19,2023-12-15,29.016,323634
tok19,2023-12-16,31.008,305185
tok19,2023-12-17,33.255,119207
tok19,2023-12-18,33.416,350408
tok19,2023-12-19,30.836,362535
tok19,2023-12-20,32.581,364764
tok19,2023-12-21,31.443,342628
tok19,2023-12-22,32.924,190387
tok19,2023-12-23,30.705,150554
tok19,2023-12-24,32.475,509044
tok19,2023-12-25,34.676,264845
tok19,2023-12-26,36.118,338826
tok19,2023-12-27,39.306,417531
tok19,2023-12-28,39.366,222446
tok19,2023-12-29,40.079,157534
tok19,2023-12-30,40.177,536448
tok19,2023-12-31,39.357,406978
tok20,2021-01-01,101.044,460703
tok20,2021-01-02,105.132,673400
tok20,2021-01-03,106.208,369340
tok20,2021-01-04,108.751,143579
tok20,2021-01-05,111.687,295153
tok20,2021-01-06,115.869,641965
tok20,2021-01-07,111.614,474246
tok20,2021-01-08,104.733,1269012
tok20,2021-01-09,105.88,251256
tok20,2021-01-10,110.69,568438
tok20,2021-01-11,112.446,347675
tok20,2021-01-12,112.966,233428
tok20,2021-01-13,116.621,596700
tok20,2021-01-14,114.083,185762
tok20,2021-01-15,117.628,225433
tok20,2021-01-16,122.4,976420
tok20,2021-01-17,120.651,286415
tok20,2021-01-18,124.485,635508
tok20,2021-01-19,126.661,458951
tok20,2021-01-20,119.525,672176
tok20,2021-01-21,115.409,655678
tok20,2021-01-22,107.038,350689
tok20,2021-01-23,104.143,463160
tok20,2021-01-24,101.793,438510
tok20,2021-01-25,108.645,440659
tok20,2021-01-26,102.366,527418
tok20,2021-01-27,99.311,1228455
tok20,2021-01-28,98.724,403655
tok20,2021-01-29,97.781,555482
tok20,2021-01-30,97.978,179557
tok20,2021-01-31,100.559,459533
tok20,2021-02-01,97.39,1381194
tok20,2021-02-02,88.585,614436
tok20,2021-02-03,89.166,703114
tok20,2021-02-04,91.498,359070
tok20,2021-02-05,97.826,363698
tok20,2021-02-06,99.513,979667
tok20,2021-02-07,97.329,280366
tok20,2021-02-08,97.636,210993
tok20,2021-02-09,97.026,316454
tok20,2021-02-10,98.598,582956
tok20,2021-02-11,98.787,136181
tok20,2021-02-12,101.621,247721
tok20,2021-02-13,102.603,460343
tok20,2021-02-14,102.361,830142
tok20,2021-02-15,102.49,548160
tok20,2021-02-16,112.185,313042
tok20,2021-02-17,114.999,298137
tok20,2021-02-18,116.342,580103
tok20,2021-02-19,120.968,595323
tok20,2021-02-20,114.586,323528
tok20,2021-02-21,113.713,337160
tok20,2021-02-22,117.389,368309
tok20,2021-02-23,112.458,408812
tok20,2021-02-24,112.806,436787
tok20,2021-02-25,106.767,600887
tok20,2021-02-26,105.772,528693
tok20,2021-02-27,104.119,460890
tok20,2021-02-28,103.367,197364
tok20,2021-03-01,100.467,299097
tok20,2021-03-02,101.04,716708
tok20,2021-03-03,102.902,798433
tok20,2021-03-04,104.3,346195
tok20,2021-03-05,100.114,459035
tok20,2021-03-06,105.42,250686
tok20,2021-03-07,106.521,641140
tok20,2021-03-08,105.478,557842
tok20,2021-03-09,106.529,251299
tok20,2021-03-10,102.163,402410
tok20,2021-03-11,97.42,698757
tok20,2021-03-12,95.621,427337
tok20,2021-03-13,97.967,621976
tok20,2021-03-14,90.954,400760
tok20,2021-03-15,93.294,334866
tok20,2021-03-16,90.307,373437
tok20,2021-03-17,88.702,562272
tok20,2021-03-18,91.842,788153
tok20,2021-03-19,91.567,657542
tok20,2021-03-20,92.776,628184
tok20,2021-03-21,96.182,275454
tok20,2021-03-22,98.064,281784
tok20,2021-03-23,105.714,593139
tok20,2021-03-24,102.952,466831
tok20,2021-03-25,103.744,1647639
tok20,2021-03-26,106.746,297640
tok20,2021-03-27,110.005,639535
tok20,2021-03-28,113.822,322197
tok20,2021-03-29,116.592,461932
tok20,2021-03-30,115.37,532569
tok20,2021-03-31,117.524,501784
tok20,2021-04-01,116.013,395189
tok20,2021-04-02,113.932,471581
tok20,2021-04-03,112.27,887205
tok20,2021-04-04,112.734,364474
tok20,2021-04-05,109.393,536404
tok20,2021-04-06,107.595,813178
tok20,2021-04-07,111.985,678891
tok20,2021-04-08,107.834,590639
tok20,2021-04-09,105.758,616547
tok20,2021-04-10,101.654,754004
tok20,2021-04-11,101.318,404144
tok20,2021-04-12,92.762,261564
tok20,2021-04-13,90.388,607866
tok20,2021-04-14,85.159,571855
tok20,2021-04-15,86.101,478316
tok20,2021-04-16,87.216,594511
tok20,2021-04-17,91.071,351378
tok20,2021-04-18,94.371,709993
tok20,2021-04-19,96.446,623475
tok20,2021-04-20,90.641,234571
tok20,2021-04-21,87.07,746957
tok20,2021-04-22,85.63,220914
tok20,2021-04-23,88.41,380750
tok20,2021-04-24,83.29,640353
tok20,2021-04-25,82.473,665625
tok20,2021-04-26,81.642,551394
tok20,2021-04-27,79.979,230226
tok20,2021-04-28,79.094,328631
tok20,2021-04-29,80.844,272355
tok20,2021-04-30,79.769,616870
tok20,2021-05-01,85.8,456827
tok20,2021-05-02,87.448,582270
tok20,2021-05-03,89.277,404397
tok20,2021-05-04,88.774,691420
tok20,2021-05-05,91.533,255074
tok20,2021-05-06,83.382,617925
tok20,2021-05-07,81.744,252424
tok20,2021-05-08,72.861,221440
tok20,2021-05-09,70.601,699758
tok20,2021-05-10,68.231,556020
tok20,2021-05-11,72.891,220893
tok20,2021-05-12,72.962,476447
tok20,2021-05-13,77.332,377133
tok20,2021-05-14,80.881,262601
tok20,2021-05-15,79.379,336731
tok20,2021-05-16,80.246,298794
tok20,2021-05-17,81.058,132469
tok20,2021-05-18,81.568,634156
tok20,2021-05-19,85.226,578773
tok20,2021-05-20,89.06,611895
tok20,2021-05-21,87.922,584139
tok20,2021-05-22,81.759,710199
tok20,2021-05-23,84.53,326198
tok20,2021-05-24,86.171,661182
tok20,2021-05-25,87.67,361027
tok20,2021-05-26,85.664,945178
tok20,2021-05-27,83.354,299592
tok20,2021-05-28,86.389,366785
tok20,2021-05-29,87.519,243606
tok20,2021-05-30,89.435,587940
tok20,2021-05-31,87.834,1738357
tok20,2021-06-01,90.368,701901
tok20,2021-06-02,95.684,462825
tok20,2021-06-03,95.621,262461
tok20,2021-06-04,97.5,373263
tok20,2021-06-05,97.778,171651
tok20,2021-06-06,103.061,541049
tok20,2021-06-07,103.811,335108
tok20,2021-06-08,102.95,403378
tok20,2021-06-09,102.296,468552
tok20,2021-06-10,107.6,442583
tok20,2021-06-11,109.762,495242
tok20,2021-06-12,109.049,209770
tok20,2021-06-13,106.97,779920
tok20,2021-06-14,112.6,424818
tok20,2021-06-15,113.562,454232
tok20,2021-06-16,109.498,923737
tok20,2021-06-17,112.633,516392
tok20,2021-06-18,110.664,302060
tok20,2021-06-19,112.379,192900
tok20,2021-06-20,113.391,858959
tok20,2021-06-21,119.237,273323
tok20,2021-06-22,117.208,457308
tok20,2021-06-23,117.674,922455
tok20,2021-06-24,113.707,708965
tok20,2021-06-25,114.006,415283
tok20,2021-06-26,112.637,122906
tok20,2021-06-27,111.937,766108
tok20,2021-06-28,112.475,318826
tok20,2021-06-29,109.671,321831
tok20,2021-06-30,108.879,287492
tok20,2021-07-01,119.703,214685
tok20,2021-07-02,111.099,1044794
tok20,2021-07-03,105.811,217278
tok20,2021-07-04,107.95,311774
tok20,2021-07-05,104.52,441319
tok20,2021-07-06,104.363,651779
tok20,2021-07-07,103.54,617011
tok20,2021-07-08,103.052,302113
tok20,2021-07-09,105.057,282093
tok20,2021-07-10,107.67,360454
tok20,2021-07-11,107.591,374248
tok20,2021-07-12,104.065,812837
tok20,2021-07-13,99.763,465421
tok20,2021-07-14,96.197,354045
tok20,2021-07-15,100.133,212261
tok20,2021-07-16,103.953,264168
tok20,2021-07-17,95.435,537238
tok20,2021-07-18,100.858,316670
tok20,2021-07-19,103.139,346602
tok20,2021-07-20,102.979,622310
tok20,2021-07-21,100.569,446924
tok20,2021-07-22,98.123,420144
tok20,2021-07-23,97.155,368629
tok20,2021-07-24,94.985,222650
tok20,2021-07-25,97.563,831785
tok20,2021-07-26,94.646,500033
tok20,2021-07-27,101.815,602498
tok20,2021-07-28,103.01,530380
tok20,2021-07-29,102.361,439863
tok20,2021-07-30,108.309,347777
tok20,2021-07-31,108.678,242913
tok20,2021-08-01,92.484,334582
tok20,2021-08-02,92.883,1217519
tok20,2021-08-03,96.812,210011
tok20,2021-08-04,93.726,153902
tok20,2021-08-05,95.059,367521
tok20,2021-08-06,89.559,431553
tok20,2021-08-07,91.46,367225
tok20,2021-08-08,94.833,449651
tok20,2021-08-09,98.614,436268
tok20,2021-08-10,101.253,479178
tok20,2021-08-11,105.757,612490
tok20,2021-08-12,105.858,386227
tok20,2021-08-13,105.888,247971
tok20,2021-08-14,103.387,530652
tok20,2021-08-15,108.019,324209
tok20,2021-08-16,108.684,718866
tok20,2021-08-17,112.545,526175
tok20,2021-08-18,116.379,525709
tok20,2021-08-19,114.469,341308
tok20,2021-08-20,118.748,682645
tok20,2021-08-21,123.812,1092268
tok20,2021-08-22,124.279,564872
tok20,2021-08-23,124.126,286415
tok20,2021-08-24,124.273,664858
tok20,2021-08-25,133.006,343009
tok20,2021-08-26,131.436,445863
tok20,2021-08-27,133.798,374922
tok20,2021-08-28,140.082,316081
tok20,2021-08-29,145.201,159035
tok20,2021-08-30,145.046,533379
tok20,2021-08-31,137.653,468790
tok20,2021-09-01,135.029,204058
tok20,2021-09-02,138.136,427111
tok20,2021-09-03,130.796,455438
tok20,2021-09-04,128.904,184481
tok20,2021-09-05,133.595,465399
tok20,2021-09-06,124.729,611661
tok20,2021-09-07,124.152,304895
tok20,2021-09-08,126.753,398911
tok20,2021-09-09,119.844,719176
tok20,2021-09-10,123.041,584262
tok20,2021-09-11,119.707,271000
tok20,2021-09-12,114.519,365434
tok20,2021-09-13,110.548,371594
tok20,2021-09-14,106.67,415574
tok20,2021-09-15,97.063,354583
tok20,2021-09-16,101.546,147491
tok20,2021-09-17,101.779,997499
tok20,2021-09-18,97.938,439193
tok20,2021-09-19,104.606,599001
tok20,2021-09-20,107.466,564655
tok20,2021-09-21,108.554,490529
tok20,2021-09-22,111.923,297765
tok20,2021-09-23,111.987,270646
tok20,2021-09-24,115.058,258386
tok20,2021-09-25,112.827,611576
tok20,2021-09-26,108.364,309626
tok20,2021-09-27,108.933,600545
tok20,2021-09-28,112.422,303891
tok20,2021-09-29,121.507,395789
tok20,2021-09-30,117.323,354123
tok20,2021-10-01,122.265,603559
tok20,2021-10-02,118.715,551667
tok20,2021-10-03,115.958,327996
tok20,2021-10-04,111.749,853081
tok20,2021-10-05,109.704,1299780
tok20,2021-10-06,113.47,1051602
tok20,2021-10-07,117.308,502528
tok20,2021-10-08,121.914,557248
tok20,2021-10-09,115.16,286063
tok20,2021-10-10,115.762,572854
tok20,2021-10-11,107.948,419056
tok20,2021-10-12,108.36,567226
tok20,2021-10-13,110.432,250919
tok20,2021-10-14,109.65,1034194
tok20,2021-10-15,113.041,267134
tok20,2021-10-16,115.843,249142
tok20,2021-10-17,118.071,368709
tok20,2021-10-18,121.818,310882
tok20,2021-10-19,120.31,339623
tok20,2021-10-20,121.797,528227
tok20,2021-10-21,121.355,1097084
tok20,2021-10-22,126.064,973822
tok20,2021-10-23,126.361,672540
tok20,2021-10-24,133.353,497366
tok20,2021-10-25,136.664,470188
tok20,2021-10-26,138.697,260387
tok20,2021-10-27,143.98,516810
tok20,2021-10-28,141.39,376104
tok20,2021-10-29,141.398,571508
tok20,2021-10-30,143.95,866219
tok20,2021-10-31,146.442,133194
tok20,2021-11-01,143.407,275482
tok20,2021-11-02,140.623,470000
tok20,2021-11-03,134.293,171070
tok20,2021-11-04,136.696,444639
tok20,2021-11-05,130.37,236856
tok20,2021-11-06,123.472,409300
tok20,2021-11-07,128.306,380967
tok20,2021-11-08,125.142,434081
tok20,2021-11-09,130.118,311590
tok20,2021-11-10,132.184,312444
tok20,2021-11-11,127.364,331873
tok20,2021-11-12,123.586,542635
tok20,2021-11-13,129.334,382912
tok20,2021-11-14,130.121,564940
tok20,2021-11-15,130.079,743720
tok20,2021-11-16,129.93,551521
tok20,2021-11-17,136.458,382847
tok20,2021-11-18,129.12,372113
tok20,2021-11-19,130.53,463050
tok20,2021-11-20,133.893,738879
tok20,2021-11-21,131.2,282522
tok20,2021-11-22,124.449,338117
tok20,2021-11-23,115.618,462803
tok20,2021-11-24,117.421,339581
tok20,2021-11-25,118.792,767831
tok20,2021-11-26,123.208,318261
tok20,2021-11-27,126.596,551467
tok20,2021-11-28,123.644,415102
tok20,2021-11-29,121.456,328866
tok20,2021-11-30,116.788,327524
tok20,2021-12-01,119.091,375295
tok20,2021-12-02,115.108,689894
tok20,2021-12-03,113.294,481492
tok20,2021-12-04,111.656,324848
tok20,2021-12-05,114.713,635797
tok20,2021-12-06,123.3,523015
tok20,2021-12-07,122.951,369387
tok20,2021-12-08,117.973,618144
tok20,2021-12-09,125.329,533598
tok20,2021-12-10,124.446,397214
tok20,2021-12-11,125.457,491741
tok20,2021-12-12,119.398,1088419
tok20,2021-12-13,125.091,681660
tok20,2021-12-14,129.982,267037
tok20,2021-12-15,131.872,812507
tok20,2021-12-16,123.871,1038835
tok20,2021-12-17,123.66,311393
tok20,2021-12-18,131.392,706006
tok20,2021-12-19,128.447,1257526
tok20,2021-12-20,124.973,248659
tok20,2021-12-21,126.77,492702
tok20,2021-12-22,134.719,729919
tok20,2021-12-23,140.884,526012
tok20,2021-12-24,146.942,316931
tok20,2021-12-25,149.493,457163
tok20,2021-12-26,142.742,404954
tok20,2021-12-27,146.516,144824
tok20,2021-12-28,144.378,208821
tok20,2021-12-29,151.195,317835
tok20,2021-12-30,151.059,453767
tok20,2021-12-31,154.638,761831
tok20,2022-01-01,158.238,422347
tok20,2022-01-02,169.128,590953
tok20,2022-01-03,171.497,258595
tok20,2022-01-04,187.168,726746
tok20,2022-01-05,179.282,406892
tok20,2022-01-06,183.667,389897
tok20,2022-01-07,186.388,312671
tok20,2022-01-08,179.192,283987
tok20,2022-01-09,167.7,759808
tok20,2022-01-10,162.458,434601
tok20,2022-01-11,155.666,965228
tok20,2022-01-12,158.413,346795
tok20,2022-01-13,151.201,360139
tok20,2022-01-14,166.877,533960
tok20,2022-01-15,179.654,258174
tok20,2022-01-16,164.774,397031
tok20,2022-01-17,162.547,707458
tok20,2022-01-18,159.99,368898
tok20,2022-01-19,160.261,611867
tok20,2022-01-20,158.464,570890
tok20,2022-01-21,155.723,173876
tok20,2022-01-22,163.691,786952
tok20,2022-01-23,163.295,350251
tok20,2022-01-24,159.259,220321
tok20,2022-01-25,153.966,582793
tok20,2022-01-26,160.169,468203
tok20,2022-01-27,156.04,423674
tok20,2022-01-28,157.95,406331
tok20,2022-01-29,157.579,555539
tok20,2022-01-30,158.374,448104
tok20,2022-01-31,151.682,129774
tok20,2022-02-01,156.324,407556
tok20,2022-02-02,156.563,431521
tok20,2022-02-03,154.124,428792
tok20,2022-02-04,150.05,310237
tok20,2022-02-05,146.431,562978
tok20,2022-02-06,143.81,597196
tok20,2022-02-07,149.527,382241
tok20,2022-02-08,146.02,623904
tok20,2022-02-09,141.962,435553
tok20,2022-02-10,146.032,366035
tok20,2022-02-11,149.187,322854
tok20,2022-02-12,155.78,908410
tok20,2022-02-13,165.297,268867
tok20,2022-02-14,151.528,616563
tok20,2022-02-15,153.436,477100
tok20,2022-02-16,153.582,423720
tok20,2022-02-17,155.706,244000
tok20,2022-02-18,151.203,787626
tok20,2022-02-19,150.575,865266
tok20,2022-02-20,142.692,462475
tok20,2022-02-21,138.247,472321
tok20,2022-02-22,144.713,633147
tok20,2022-02-23,140.958,395602
tok20,2022-02-24,145.022,435092
tok20,2022-02-25,138.668,271479
tok20,2022-02-26,128.016,278032
tok20,2022-02-27,124.112,748002
tok20,2022-02-28,125.819,248249
tok20,2022-03-01,139.93,290360
tok20,2022-03-02,136.127,281568
tok20,2022-03-03,132.732,354887
tok20,2022-03-04,134.304,340246
tok20,2022-03-05,140.672,364851
tok20,2022-03-06,135.436,779982
tok20,2022-03-07,141.215,502791
tok20,2022-03-08,143.635,1488450
tok20,2022-03-09,138.323,520753
tok20,2022-03-10,130.305,1103693
tok20,2022-03-11,128.695,390380
tok20,2022-03-12,125.693,775082
tok20,2022-03-13,130.1,376364
tok20,2022-03-14,126.896,676033
tok20,2022-03-15,128.989,870816
tok20,2022-03-16,126.285,321982
tok20,2022-03-17,125.407,141991
tok20,2022-03-18,131.275,572836
tok20,2022-03-19,125.429,969087
tok20,2022-03-20,124.249,189442
tok20,2022-03-21,129.13,362921
tok20,2022-03-22,135.633,272971
tok20,2022-03-23,141.174,363891
tok20,2022-03-24,141.118,349294
tok20,2022-03-25,132.363,298311
tok20,2022-03-26,127.336,1933472
tok20,2022-03-27,127.239,404374
tok20,2022-03-28,129.644,565488
tok20,2022-03-29,125.732,323612
tok20,2022-03-30,119.181,317704
tok20,2022-03-31,111.01,520610
tok20,2022-04-01,116.463,160700
tok20,2022-04-02,111.425,211723
tok20,2022-04-03,117.006,398715
tok20,2022-04-04,112.955,234249
tok20,2022-04-05,105.811,868934
tok20,2022-04-06,101.273,313925
tok20,2022-04-07,93.14,373653
tok20,2022-04-08,94.197,276496
tok20,2022-04-09,90.29,584288
tok20,2022-04-10,90.779,271594
tok20,2022-04-11,86.604,361490
tok20,2022-04-12,80.225,367132
tok20,2022-04-13,82.41,381479
tok20,2022-04-14,84.866,700629
tok20,2022-04-15,92.643,932707
tok20,2022-04-16,93.747,188471
tok20,2022-04-17,90.441,474445
tok20,2022-04-18,92.283,550886
tok20,2022-04-19,84.945,543932
tok20,2022-04-20,84.987,561745
tok20,2022-04-21,80.966,178735
tok20,2022-04-22,78.157,1781069
tok20,2022-04-23,79.667,567798
tok20,2022-04-24,82.264,364875
tok20,2022-04-25,81.307,186887
tok20,2022-04-26,81.451,379831
tok20,2022-04-27,77.354,394750
tok20,2022-04-28,79.721,664747
tok20,2022-04-29,84.168,352705
tok20,2022-04-30,84.281,529539
tok20,2022-05-01,80.941,420760
tok20,2022-05-02,81.035,493959
tok20,2022-05-03,78.044,433380
tok20,2022-05-04,78.15,670549
tok20,2022-05-05,78.032,900158
tok20,2022-05-06,80.028,730964
tok20,2022-05-07,80.941,448366
tok20,2022-05-08,87.011,323086
tok20,2022-05-09,85.974,372881
tok20,2022-05-10,86.658,457557
tok20,2022-05-11,85.647,268744
tok20,2022-05-12,84.288,246885
tok20,2022-05-13,82.626,407752
tok20,2022-05-14,83.918,389442
tok20,2022-05-15,85.241,344589
tok20,2022-05-16,87.972,355537
tok20,2022-05-17,85.779,266101
tok20,2022-05-18,90.128,276268
tok20,2022-05-19,89.568,412740
tok20,2022-05-20,89.445,626525
tok20,2022-05-21,81.665,316098
tok20,2022-05-22,82.982,276445
tok20,2022-05-23,88.228,262579
tok20,2022-05-24,92.379,417407
tok20,2022-05-25,90.335,414404
tok20,2022-05-26,95.024,351017
tok20,2022-05-27,97.882,428902
tok20,2022-05-28,101.589,397318
tok20,2022-05-29,95.428,473352
tok20,2022-05-30,90.349,565469
tok20,2022-05-31,90.916,724102
tok20,2022-06-01,91.888,251705
tok20,2022-06-02,87.852,655991
tok20,2022-06-03,87.289,359415
tok20,2022-06-04,90.445,500534
tok20,2022-06-05,90.11,360868
tok20,2022-06-06,93.851,496358
tok20,2022-06-07,89.796,328234
tok20,2022-06-08,88.724,1347301
tok20,2022-06-09,85.564,257022
tok20,2022-06-10,87.627,730628
tok20,2022-06-11,84.919,211764
tok20,2022-06-12,85.346,264205
tok20,2022-06-13,86.406,523811
tok20,2022-06-14,87.185,291927
tok20,2022-06-15,81.512,569023
tok20,2022-06-16,82.321,316757
tok20,2022-06-17,82.517,382147
tok20,2022-06-18,80.348,741021
tok20,2022-06-19,87.839,558568
tok20,2022-06-20,92.601,334120
tok20,2022-06-21,96.364,561219
tok20,2022-06-22,86.757,895690
tok20,2022-06-23,86.299,399734
tok20,2022-06-24,90.74,444086
tok20,2022-06-25,84.568,459739
tok20,2022-06-26,86.26,668472
tok20,2022-06-27,83.806,376707
tok20,2022-06-28,81.626,212837
tok20,2022-06-29,82.858,528193
tok20,2022-06-30,80.844,900216
tok20,2022-07-01,83.986,579678
tok20,2022-07-02,81.017,530321
tok20,2022-07-03,83.362,636628
tok20,2022-07-04,86.253,230282
tok20,2022-07-05,81.486,483232
tok20,2022-07-06,86.402,369612
tok20,2022-07-07,84.639,319872
tok20,2022-07-08,84.95,366848
tok20,2022-07-09,82.685,435980
tok20,2022-07-10,83.421,1261816
tok20,2022-07-11,79.099,329737
tok20,2022-07-12,81.72,213531
tok20,2022-07-13,80.716,432658
tok20,2022-07-14,83.374,287522
tok20,2022-07-15,83.732,321986
tok20,2022-07-16,87.069,581328
tok20,2022-07-17,83.328,549570
tok20,2022-07-18,77.365,944869
tok20,2022-07-19,71.889,1341241
tok20,2022-07-20,69.389,323496
tok20,2022-07-21,71.578,341803
tok20,2022-07-22,73.584,298500
tok20,2022-07-23,68.677,345515
tok20,2022-07-24,68.906,606798
tok20,2022-07-25,66.92,1273395
tok20,2022-07-26,66.249,557943
tok20,2022-07-27,61.487,259394
tok20,2022-07-28,61.951,620737
tok20,2022-07-29,60.354,536370
tok20,2022-07-30,58.89,810752
tok20,2022-07-31,60.302,202867
tok20,2022-08-01,61.336,702275
tok20,2022-08-02,58.856,689820
tok20,2022-08-03,60.241,207586
tok20,2022-08-04,57.516,443753
tok20,2022-08-05,58.824,400542
tok20,2022-08-06,59.701,717981
tok20,2022-08-07,58.988,441659
tok20,2022-08-08,60.862,205522
tok20,2022-08-09,58.742,1619719
tok20,2022-08-10,57.095,887974
tok20,2022-08-11,56.395,499000
tok20,2022-08-12,59.379,756874
tok20,2022-08-13,59.242,214918
tok20,2022-08-14,64.651,1036710
tok20,2022-08-15,58.658,405379
tok20,2022-08-16,59.59,576528
tok20,2022-08-17,61.092,747175
tok20,2022-08-18,59.016,386754
tok20,2022-08-19,58.674,155817
tok20,2022-08-20,59.048,581534
tok20,2022-08-21,61.09,747254
tok20,2022-08-22,60.842,254919
tok20,2022-08-23,60.317,587452
tok20,2022-08-24,63.086,216512
tok20,2022-08-25,65.109,751582
tok20,2022-08-26,65.474,276589
tok20,2022-08-27,69.703,216693
tok20,2022-08-28,68.585,308325
tok20,2022-08-29,70.984,293073
tok20,2022-08-30,70.797,430619
tok20,2022-08-31,66.369,199450
tok20,2022-09-01,69.18,328797
tok20,2022-09-02,68.919,482316
tok20,2022-09-03,68.245,347347
tok20,2022-09-04,65.159,495346
tok20,2022-09-05,61.781,306901
tok20,2022-09-06,57.962,1064148
tok20,2022-09-07,61.705,578200
tok20,2022-09-08,64.993,646864
tok20,2022-09-09,70.285,544050
tok20,2022-09-10,72.089,588774
tok20,2022-09-11,73.416,669688
tok20,2022-09-12,75.482,672294
tok20,2022-09-13,74.734,339232
tok20,2022-09-14,68.24,449797
tok20,2022-09-15,63.166,350258
tok20,2022-09-16,65.128,925731
tok20,2022-09-17,64.368,352820
tok20,2022-09-18,64.987,655025
tok20,2022-09-19,69.073,315509
tok20,2022-09-20,69.972,768564
tok20,2022-09-21,69.398,539460
tok20,2022-09-22,70.204,477095
tok20,2022-09-23,67.89,534234
tok20,2022-09-24,67.288,587360
tok20,2022-09-25,74.977,935549
tok20,2022-09-26,76.652,736289
tok20,2022-09-27,81.063,1176082
tok20,2022-09-28,81.633,567006
tok20,2022-09-29,79.494,535823
tok20,2022-09-30,78.316,213769
tok20,2022-10-01,76.492,425143
tok20,2022-10-02,80.19,460435
tok20,2022-10-03,76.567,170036
tok20,2022-10-04,80.579,645981
tok20,2022-10-05,82.623,843990
tok20,2022-10-06,84.916,319226
tok20,2022-10-07,78.214,678130
tok20,2022-10-08,74.552,423539
tok20,2022-10-09,77.06,190861
tok20,2022-10-10,80.482,416425
tok20,2022-10-11,78.335,677999
tok20,2022-10-12,79.125,664743
tok20,2022-10-13,79.67,831120
tok20,2022-10-14,79.527,240905
tok20,2022-10-15,79.22,538232
tok20,2022-10-16,78.036,508772
tok20,2022-10-17,78.439,600644
tok20,2022-10-18,75.889,363318
tok20,2022-10-19,71.465,188802
tok20,2022-10-20,77.217,567994
tok20,2022-10-21,78.635,815178
tok20,2022-10-22,85.193,383892
tok20,2022-10-23,88.37,962588
tok20,2022-10-24,83.649,439718
tok20,2022-10-25,80.545,373377
tok20,2022-10-26,83.11,388714
tok20,2022-10-27,82.901,723201
tok20,2022-10-28,77.309,456464
tok20,2022-10-29,80.09,200388
tok20,2022-10-30,86.783,866446
tok20,2022-10-31,89.019,792454
tok20,2022-11-01,90.649,1016908
tok20,2022-11-02,84.976,581407
tok20,2022-11-03,91.393,375353
tok20,2022-11-04,95.423,501893
tok20,2022-11-05,92.356,178629
tok20,2022-11-06,90.361,422899
tok20,2022-11-07,88.838,601652
tok20,2022-11-08,89.322,746860
tok20,2022-11-09,78.151,478910
tok20,2022-11-10,86.482,627134
tok20,2022-11-11,93.334,504478
tok20,2022-11-12,93.619,494556
tok20,2022-11-13,94.198,341227
tok20,2022-11-14,100.984,249413
tok20,2022-11-15,108.831,207999
tok20,2022-11-16,113.094,377167
tok20,2022-11-17,112.238,411134
tok20,2022-11-18,118.146,324628
tok20,2022-11-19,113.514,437415
tok20,2022-11-20,120.259,1376492
tok20,2022-11-21,120.586,757504
tok20,2022-11-22,117.208,644210
tok20,2022-11-23,115.919,1083377
tok20,2022-11-24,114.047,374933
tok20,2022-11-25,116.765,438236
tok20,2022-11-26,119.867,281276
tok20,2022-11-27,120.855,251330
tok20,2022-11-28,116.16,501480
tok20,2022-11-29,117.803,806336
tok20,2022-11-30,118.679,600536
tok20,2022-12-01,116.179,557204
tok20,2022-12-02,114.623,193158
tok20,2022-12-03,116.491,1006306
tok20,2022-12-04,122.633,302970
tok20,2022-12-05,121.053,684388
tok20,2022-12-06,128.691,438621
tok20,2022-12-07,121.864,697750
tok20,2022-12-08,120.779,610665
tok20,2022-12-09,114.519,558503
tok20,2022-12-10,119.691,562339
tok20,2022-12-11,121.232,643993
tok20,2022-12-12,124.537,329910
tok20,2022-12-13,119.944,305888
tok20,2022-12-14,122.844,132945
tok20,2022-12-15,128.288,260834
tok20,2022-12-16,122.671,434320
tok20,2022-12-17,125.804,277690
tok20,2022-12-18,127.954,431965
tok20,2022-12-19,135.467,575318
tok20,2022-12-20,137.773,403846
tok20,2022-12-21,147.378,588199
tok20,2022-12-22,145.862,282141
tok20,2022-12-23,142.429,302766
tok20,2022-12-24,141.715,415751
tok20,2022-12-25,140.28,279715
tok20,2022-12-26,144.621,354139
tok20,2022-12-27,146.061,471849
tok20,2022-12-28,134.654,483356
tok20,2022-12-29,128.975,248931
tok20,2022-12-30,135.239,241924
tok20,2022-12-31,138.692,294721
tok20,2023-01-01,141.912,438944
tok20,2023-01-02,132.338,645743
tok20,2023-01-03,133.248,558923
tok20,2023-01-04,131.284,525720
tok20,2023-01-05,136.917,374221
tok20,2023-01-06,136.758,472960
tok20,2023-01-07,141.088,720323
tok20,2023-01-08,134.243,579544
tok20,2023-01-09,133.871,733781
tok20,2023-01-10,132.881,459574
tok20,2023-01-11,142.274,349658
tok20,2023-01-12,142.733,489170
tok20,2023-01-13,142.878,420509
tok20,2023-01-14,159.798,793545
tok20,2023-01-15,152.254,524653
tok20,2023-01-16,151.902,319846
tok20,2023-01-17,157.431,275060
tok20,2023-01-18,166.02,319728
tok20,2023-01-19,174.769,572923
tok20,2023-01-20,164.514,363568
tok20,2023-01-21,161.596,454488
tok20,2023-01-22,162.891,603446
tok20,2023-01-23,147.896,986187
tok20,2023-01-24,139.006,448689
tok20,2023-01-25,130.622,396950
tok20,2023-01-26,133.404,632736
tok20,2023-01-27,140.607,587547
tok20,2023-01-28,139.315,1050819
tok20,2023-01-29,141.907,627840
tok20,2023-01-30,147.622,381705
tok20,2023-01-31,141.494,623998
tok20,2023-02-01,134.261,743554
tok20,2023-02-02,144.213,288415
tok20,2023-02-03,139.057,1059951
tok20,2023-02-04,135.742,342589
tok20,2023-02-05,140.775,743554
tok20,2023-02-06,147.461,761661
tok20,2023-02-07,151.368,284252
tok20,2023-02-08,143.724,805077
tok20,2023-02-09,137.851,255962
tok20,2023-02-10,141.457,312342
tok20,2023-02-11,133.302,903351
tok20,2023-02-12,128.294,394646
tok20,2023-02-13,123.839,625539
tok20,2023-02-14,124.661,440786
tok20,2023-02-15,125.019,134328
tok20,2023-02-16,124.855,539171
tok20,2023-02-17,124.52,248459
tok20,2023-02-18,128.43,498373
tok20,2023-02-19,129.105,846821
tok20,2023-02-20,129.048,556839
tok20,2023-02-21,134.944,684606
tok20,2023-02-22,136.599,573908
tok20,2023-02-23,139.392,509994
tok20,2023-02-24,148.345,644444
tok20,2023-02-25,135.064,269162
tok20,2023-02-26,142.12,355526
tok20,2023-02-27,133.645,379379
tok20,2023-02-28,129.603,515438
tok20,2023-03-01,123.946,458281
tok20,2023-03-02,123.614,310872
tok20,2023-03-03,122.791,362097
tok20,2023-03-04,121.375,375149
tok20,2023-03-05,120.962,750309
tok20,2023-03-06,125.363,681826
tok20,2023-03-07,117.443,184717
tok20,2023-03-08,115.43,527970
tok20,2023-03-09,114.748,784158
tok20,2023-03-10,117.365,147801
tok20,2023-03-11,112.364,416496
tok20,2023-03-12,111.937,365774
tok20,2023-03-13,116.294,609372
tok20,2023-03-14,119.846,653037
tok20,2023-03-15,126.165,442096
tok20,2023-03-16,126.703,179454
tok20,2023-03-17,137.988,529936
tok20,2023-03-18,133.444,393430
tok20,2023-03-19,136.309,382327
tok20,2023-03-20,137.118,244299
tok20,2023-03-21,141.54,347968
tok20,2023-03-22,134.611,245825
tok20,2023-03-23,128.55,390781
tok20,2023-03-24,120.772,398635
tok20,2023-03-25,118.507,801441
tok20,2023-03-26,115.171,284711
tok20,2023-03-27,120.312,744287
tok20,2023-03-28,130.325,584797
tok20,2023-03-29,127.104,633420
tok20,2023-03-30,134.289,451962
tok20,2023-03-31,142.196,227944
tok20,2023-04-01,140.935,263904
tok20,2023-04-02,154.686,186899
tok20,2023-04-03,152.313,1111856
tok20,2023-04-04,161.61,365163
tok20,2023-04-05,158.927,311372
tok20,2023-04-06,151.716,299105
tok20,2023-04-07,144.471,344888
tok20,2023-04-08,146.466,658180
tok20,2023-04-09,151.669,202993
tok20,2023-04-10,156.719,461162
tok20,2023-04-11,159.541,499199
tok20,2023-04-12,158.058,269009
tok20,2023-04-13,155.411,205772
tok20,2023-04-14,166.186,742852
tok20,2023-04-15,170.124,537976
tok20,2023-04-16,172.095,239922
tok20,2023-04-17,171.25,330277
tok20,2023-04-18,167.453,340514
tok20,2023-04-19,172.972,327169
tok20,2023-04-20,173.612,168595
tok20,2023-04-21,182.569,1083783
tok20,2023-04-22,187.073,785376
tok20,2023-04-23,184.427,660005
tok20,2023-04-24,183.989,749668
tok20,2023-04-25,192.17,437718
tok20,2023-04-26,189.092,227817
tok20,2023-04-27,174.92,1015302
tok20,2023-04-28,166.6,459053
tok20,2023-04-29,154.522,733717
tok20,2023-04-30,153.29,375865
tok20,2023-05-01,156.406,763688
tok20,2023-05-02,164.601,217366
tok20,2023-05-03,166.334,519866
tok20,2023-05-04,166.106,337715
tok20,2023-05-05,176.498,756752
tok20,2023-05-06,182.237,739291
tok20,2023-05-07,188.504,173771
tok20,2023-05-08,199.579,326367
tok20,2023-05-09,196.994,408910
tok20,2023-05-10,199.019,280043
tok20,2023-05-11,196.922,272147
tok20,2023-05-12,186.327,314201
tok20,2023-05-13,184.399,261942
tok20,2023-05-14,193.129,372282
tok20,2023-05-15,195.05,175874
tok20,2023-05-16,185.093,687800
tok20,2023-05-17,182.923,289138
tok20,2023-05-18,186.54,284402
tok20,2023-05-19,184.475,735733
tok20,2023-05-20,175.407,859936
tok20,2023-05-21,177.264,462028
tok20,2023-05-22,181.628,957211
tok20,2023-05-23,180.191,337648
tok20,2023-05-24,176.329,461306
tok20,2023-05-25,179.426,152115
tok20,2023-05-26,170.905,391001
tok20,2023-05-27,162.843,1039699
tok20,2023-05-28,155.201,303901
tok20,2023-05-29,157.451,331429
tok20,2023-05-30,154.795,1221314
tok20,2023-05-31,155.531,994527
tok20,2023-06-01,167.023,510329
tok20,2023-06-02,168.183,271687
tok20,2023-06-03,163.552,574638
tok20,2023-06-04,162.089,235223
tok20,2023-06-05,153.614,508487
tok20,2023-06-06,159.511,152835
tok20,2023-06-07,157.7,366833
tok20,2023-06-08,146.984,743384
tok20,2023-06-09,152.608,397209
tok20,2023-06-10,156.76,935345
tok20,2023-06-11,157.7,417718
tok20,2023-06-12,147.764,954691
tok20,2023-06-13,146.145,429634
tok20,2023-06-14,145.289,226974
tok20,2023-06-15,138.255,530807
tok20,2023-06-16,135.516,613087
tok20,2023-06-17,130.843,530547
tok20,2023-06-18,134.13,977505
tok20,2023-06-19,138.347,487621
tok20,2023-06-20,138.807,186674
tok20,2023-06-21,146.093,795382
tok20,2023-06-22,149.541,1057437
tok20,2023-06-23,146.531,330553
tok20,2023-06-24,153.538,193458
tok20,2023-06-25,148.686,257748
tok20,2023-06-26,154.677,917072
tok20,2023-06-27,151.567,267919
tok20,2023-06-28,147.307,874201
tok20,2023-06-29,147.949,999603
tok20,2023-06-30,144.231,187542
tok20,2023-07-01,142.658,323493
tok20,2023-07-02,140.138,743891
tok20,2023-07-03,148.985,196694
tok20,2023-07-04,150.725,528107
tok20,2023-07-05,150.784,174933
tok20,2023-07-06,150.826,222952
tok20,2023-07-07,152.86,274104
tok20,2023-07-08,154.46,275257
tok20,2023-07-09,154.635,321716
tok20,2023-07-10,156.44,221449
tok20,2023-07-11,150.679,186598
tok20,2023-07-12,152.266,448791
tok20,2023-07-13,147.653,287299
tok20,2023-07-14,147.928,216226
tok20,2023-07-15,154.712,332450
tok20,2023-07-16,153.721,373404
tok20,2023-07-17,157.367,550488
tok20,2023-07-18,164.806,164051
tok20,2023-07-19,154.606,700888
tok20,2023-07-20,144.248,620199
tok20,2023-07-21,139.334,1061615
tok20,2023-07-22,138.308,490542
tok20,2023-07-23,135.229,313659
tok20,2023-07-24,131.508,468663
tok20,2023-07-25,132.344,341360
tok20,2023-07-26,137.429,1213006
tok20,2023-07-27,149.141,222855
tok20,2023-07-28,147.359,893873
tok20,2023-07-29,150.221,501455
tok20,2023-07-30,148.846,963728
tok20,2023-07-31,142.588,583622
tok20,2023-08-01,141.203,808322
tok20,2023-08-02,146.529,635868
tok20,2023-08-03,143.9,573446
tok20,2023-08-04,147.198,337022
tok20,2023-08-05,146.566,990531
tok20,2023-08-06,144.812,337313
tok20,2023-08-07,131.971,623748
tok20,2023-08-08,137.737,738574
tok20,2023-08-09,137.345,545927
tok20,2023-08-10,139.912,652426
tok20,2023-08-11,143.125,878930
tok20,2023-08-12,137.312,718763
tok20,2023-08-13,138.964,275656
tok20,2023-08-14,137.264,508939
tok20,2023-08-15,137.992,383802
tok20,2023-08-16,135.36,369856
tok20,2023-08-17,135.818,163561
tok20,2023-08-18,139.472,390932
tok20,2023-08-19,139.569,502191
tok20,2023-08-20,133.041,477689
tok20,2023-08-21,137.871,368396
tok20,2023-08-22,128.012,681548
tok20,2023-08-23,129.353,747462
tok20,2023-08-24,125.248,505757
tok20,2023-08-25,121.08,395574
tok20,2023-08-26,118.268,611717
tok20,2023-08-27,114.429,460410
tok20,2023-08-28,107.81,778519
tok20,2023-08-29,104.135,900554
tok20,2023-08-30,112.135,960139
tok20,2023-08-31,103.123,502904
tok20,2023-09-01,96.205,240452
tok20,2023-09-02,96.805,362856
tok20,2023-09-03,100.692,494040
tok20,2023-09-04,98.193,391981
tok20,2023-09-05,91.947,547237
tok20,2023-09-06,93.764,385324
tok20,2023-09-07,94.904,436290
tok20,2023-09-08,96.941,685250
tok20,2023-09-09,98.547,391398
tok20,2023-09-10,98.575,603516
tok20,2023-09-11,96.907,615645
tok20,2023-09-12,90.998,179086
tok20,2023-09-13,87.706,567438
tok20,2023-09-14,86.136,408687
tok20,2023-09-15,89.741,815902
tok20,2023-09-16,88.431,518584
tok20,2023-09-17,87.41,607233
tok20,2023-09-18,86.739,922486
tok20,2023-09-19,91.094,345926
tok20,2023-09-20,95.875,1009648
tok20,2023-09-21,93.093,502786
tok20,2023-09-22,94.159,430957
tok20,2023-09-23,94.203,471546
tok20,2023-09-24,95.796,300359
tok20,2023-09-25,94.616,374178
tok20,2023-09-26,94.02,253678
tok20,2023-09-27,92.025,701550
tok20,2023-09-28,88.739,270135
tok20,2023-09-29,89.758,616193
tok20,2023-09-30,90.961,665316
tok20,2023-10-01,92.759,607274
tok20,2023-10-02,94.1,715302
tok20,2023-10-03,93.405,346448
tok20,2023-10-04,100.636,158935
tok20,2023-10-05,104.711,521605
tok20,2023-10-06,105.449,365607
tok20,2023-10-07,104.052,854993
tok20,2023-10-08,103.357,340491
tok20,2023-10-09,102.63,433385
tok20,2023-10-10,103.728,148979
tok20,2023-10-11,100.48,640823
tok20,2023-10-12,100.923,805820
tok20,2023-10-13,99.571,574579
tok20,2023-10-14,97.926,210142
tok20,2023-10-15,100.891,447187
tok20,2023-10-16,98.625,259279
tok20,2023-10-17,98.916,258749
tok20,2023-10-18,96.906,1213787
tok20,2023-10-19,92.182,282885
tok20,2023-10-20,92.955,327293
tok20,2023-10-21,97.419,268990
tok20,2023-10-22,99.11,357985
tok20,2023-10-23,89.422,592028
tok20,2023-10-24,88.723,821061
tok20,2023-10-25,91.307,512324
tok20,2023-10-26,93.403,587664
tok20,2023-10-27,89.331,398713
tok20,2023-10-28,91.93,932486
tok20,2023-10-29,91.113,246069
tok20,2023-10-30,87.811,418593
tok20,2023-10-31,81.758,329431
tok20,2023-11-01,81.816,265330
tok20,2023-11-02,82.568,1391925
tok20,2023-11-03,77.445,505869
tok20,2023-11-04,77.453,661154
tok20,2023-11-05,80.91,533507
tok20,2023-11-06,83.501,593031
tok20,2023-11-07,79.73,1154048
tok20,2023-11-08,76.796,207321
tok20,2023-11-09,75.48,889907
tok20,2023-11-10,76.128,912682
tok20,2023-11-11,77.586,318988
tok20,2023-11-12,73.61,643246
tok20,2023-11-13,80.816,366305
tok20,2023-11-14,80.163,360474
tok20,2023-11-15,80.15,981108
tok20,2023-11-16,73.729,1001721
tok20,2023-11-17,75.115,707586
tok20,2023-11-18,79.318,586209
tok20,2023-11-19,78.188,220483
tok20,2023-11-20,83.634,627661
tok20,2023-11-21,85.792,316803
tok20,2023-11-22,84.381,321195
tok20,2023-11-23,84.022,272533
tok20,2023-11-24,81.008,753248
tok20,2023-11-25,81.902,554538
tok20,2023-11-26,84.357,520037
tok20,2023-11-27,83.166,733760
tok20,2023-11-28,83.348,849737
tok20,2023-11-29,84.046,606430
tok20,2023-11-30,81.215,482234
tok20,2023-12-01,85.368,250147
tok20,2023-12-02,87.31,351191
tok20,2023-12-03,87.308,423335
tok20,2023-12-04,88.005,499195
tok20,2023-12-05,92.807,884006
tok20,2023-12-06,90.421,304198
tok20,2023-12-07,89.069,204274
tok20,2023-12-08,86.037,1089981
tok20,2023-12-09,85.467,600126
tok20,2023-12-10,85.838,531589
tok20,2023-12-11,87.158,257214
tok20,2023-12-12,88.069,511968
tok20,2023-12-13,88.912,174908
tok20,2023-12-14,91.214,582617
tok20,2023-12-15,89.846,804739
tok20,2023-12-16,93.843,671695
tok20,2023-12-17,96.026,900874
tok20,2023-12-18,90.108,372423
tok20,2023-12-19,91.889,332353
tok20,2023-12-20,90.295,935039
tok20,2023-12-21,96.337,287090
tok20,2023-12-22,89.482,363445
tok20,2023-12-23,94.421,989163
tok20,2023-12-24,96.786,305424
tok20,2023-12-25,101.867,1165515
tok20,2023-12-26,105.999,534305
tok20,2023-12-27,101.618,370115
tok20,2023-12-28,97.42,434938
tok20,2023-12-29,88.766,209208
tok20,2023-12-30,84.983,554668
tok20,2023-12-31,82.092,288127
tok21,2021-01-01,101.49,290066
tok21,2021-01-02,95.538,234306
tok21,2021-01-03,96.129,607974
tok21,2021-01-04,94.668,665708
tok21,2021-01-05,95.782,203239
tok21,2021-01-06,100.738,548537
tok21,2021-01-07,101.547,320761
tok21,2021-01-08,104.832,728120
tok21,2021-01-09,107.079,512315
tok21,2021-01-10,107.08,451127
tok21,2021-01-11,108.802,440264
tok21,2021-01-12,114.693,461760
tok21,2021-01-13,109.546,370020
tok21,2021-01-14,108.392,612841
tok21,2021-01-15,109.795,715693
tok21,2021-01-16,111.695,368910
tok21,2021-01-17,111.558,363260
tok21,2021-01-18,118.434,363517
tok21,2021-01-19,115.968,665327
tok21,2021-01-20,118.504,266648
tok21,2021-01-21,121.969,285320
tok21,2021-01-22,125.647,231898
tok21,2021-01-23,122.934,657760
tok21,2021-01-24,122.946,428572
tok21,2021-01-25,126.99,425050
tok21,2021-01-26,121.592,240385
tok21,2021-01-27,122.051,502693
tok21,2021-01-28,117.333,245045
tok21,2021-01-29,117.993,618637
tok21,2021-01-30,111.961,377022
tok21,2021-01-31,119.754,293449
tok21,2021-02-01,117.961,284069
tok21,2021-02-02,119.142,312258
tok21,2021-02-03,125.042,263051
tok21,2021-02-04,122.405,498692
tok21,2021-02-05,125.63,337345
tok21,2021-02-06,127.301,712551
tok21,2021-02-07,125.551,425915
tok21,2021-02-08,128.214,1131428
tok21,2021-02-09,119.028,1422090
tok21,2021-02-10,119.704,129046
tok21,2021-02-11,128.059,468689
tok21,2021-02-12,122.048,767133
tok21,2021-02-13,111.668,441181
tok21,2021-02-14,112.943,675306
tok21,2021-02-15,117.189,203883
tok21,2021-02-16,118.561,367742
tok21,2021-02-17,114.292,502256
tok21,2021-02-18,107.924,371659
tok21,2021-02-19,97.965,442477
tok21,2021-02-20,104.7,692895
tok21,2021-02-21,104.562,434654
tok21,2021-02-22,106.548,280581
tok21,2021-02-23,110.344,600666
tok21,2021-02-24,112.073,741751
tok21,2021-02-25,108.22,445958
tok21,2021-02-26,105.779,628309
tok21,2021-02-27,104.545,146432
tok21,2021-02-28,112.309,508529
tok21,2021-03-01,104.555,278707
tok21,2021-03-02,104.212,430966
tok21,2021-03-03,104.327,513967
tok21,2021-03-04,103.69,552630
tok21,2021-03-05,110.37,479287
tok21,2021-03-06,111.191,513989
tok21,2021-03-07,111.521,1500051
tok21,2021-03-08,111.346,236443
tok21,2021-03-09,116.347,676230
tok21,2021-03-10,116.317,269648
tok21,2021-03-11,111.207,529180
tok21,2021-03-12,115.258,273352
tok21,2021-03-13,113.187,194621
tok21,2021-03-14,106.116,649947
tok21,2021-03-15,109.178,622296
tok21,2021-03-16,108.132,377538
tok21,2021-03-17,104.842,405126
tok21,2021-03-18,110.012,409192
tok21,2021-03-19,103.04,464126
tok21,2021-03-20,108.937,265302
tok21,2021-03-21,104.206,937965
tok21,2021-03-22,101.638,411665
tok21,2021-03-23,102.199,336338
tok21,2021-03-24,99.216,714487
tok21,2021-03-25,101.677,1565631
tok21,2021-03-26,102.358,147601
tok21,2021-03-27,103.437,280482
tok21,2021-03-28,110.847,436180
tok21,2021-03-29,105.072,363565
tok21,2021-03-30,100.092,285572
tok21,2021-03-31,100.202,925207
tok21,2021-04-01,104.419,359184
tok21,2021-04-02,101.101,305144
tok21,2021-04-03,98.721,191634
tok21,2021-04-04,98.567,378068
tok21,2021-04-05,98.657,560127
tok21,2021-04-06,95.779,398525
tok21,2021-04-07,88.414,236314
tok21,2021-04-08,89.557,928095
tok21,2021-04-09,89.372,570499
tok21,2021-04-10,93.726,428978
tok21,2021-04-11,91.383,271922
tok21,2021-04-12,89.16,361894
tok21,2021-04-13,86.724,274252
tok21,2021-04-14,84.328,332840
tok21,2021-04-15,85.447,318870
tok21,2021-04-16,86.66,1070038
tok21,2021-04-17,89.134,466957
tok21,2021-04-18,87.78,511230
tok21,2021-04-19,91.051,711172
tok21,2021-04-20,99.915,738993
tok21,2021-04-21,101.48,669327
tok21,2021-04-22,102.966,491544
tok21,2021-04-23,95.549,327918
tok21,2021-04-24,90.882,490687
tok21,2021-04-25,91.039,385730
tok21,2021-04-26,94.801,282827
tok21,2021-04-27,97.234,606804
tok21,2021-04-28,93.697,537296
tok21,2021-04-29,91.39,453943
tok21,2021-04-30,90.224,352763
tok21,2021-05-01,86.725,709813
tok21,2021-05-02,86.117,355497
tok21,2021-05-03,81.858,267366
tok21,2021-05-04,77.487,632897
tok21,2021-05-05,79.832,278477
tok21,2021-05-06,76.571,195134
tok21,2021-05-07,76.307,843412
tok21,2021-05-08,74.429,420932
tok21,2021-05-09,74.442,611229
tok21,2021-05-10,76.426,96004
tok21,2021-05-11,75.626,396630
tok21,2021-05-12,76.952,819778
tok21,2021-05-13,78.776,301046
tok21,2021-05-14,85.865,311200
tok21,2021-05-15,88.924,263196
tok21,2021-05-16,85.782,1048069
tok21,2021-05-17,79.652,623648
tok21,2021-05-18,82.693,314482
tok21,2021-05-19,83.617,301234
tok21,2021-05-20,87.934,283981
tok21,2021-05-21,89.446,319815
tok21,2021-05-22,88.004,238782
tok21,2021-05-23,90.205,442037
tok21,2021-05-24,89.871,299857
tok21,2021-05-25,92.737,266287
tok21,2021-05-26,91.28,439731
tok21,2021-05-27,92.494,417011
tok21,2021-05-28,89.928,467008
tok21,2021-05-29,91.199,430546
tok21,2021-05-30,88.669,257034
tok21,2021-05-31,88.701,205350
tok21,2021-06-01,88.587,294506
tok21,2021-06-02,94.938,370160
tok21,2021-06-03,96.894,560622
tok21,2021-06-04,98.603,844464
tok21,2021-06-05,102.291,332196
tok21,2021-06-06,98.748,268348
tok21,2021-06-07,93.658,471161
tok21,2021-06-08,92.99,463416
tok21,2021-06-09,101.753,903128
tok21,2021-06-10,101.022,874051
tok21,2021-06-11,101.986,469927
tok21,2021-06-12,99.905,704765
tok21,2021-06-13,98.038,790734
tok21,2021-06-14,93.158,717144
tok21,2021-06-15,92.382,417673
tok21,2021-06-16,98.146,804726
tok21,2021-06-17,91.049,705908
tok21,2021-06-18,90.958,674034
tok21,2021-06-19,92.954,719209
tok21,2021-06-20,91.682,511917
tok21,2021-06-21,93.173,464668
tok21,2021-06-22,92.251,283320
tok21,2021-06-23,88.039,472930
tok21,2021-06-24,84.433,293710
tok21,2021-06-25,83.7,1110819
tok21,2021-06-26,86.42,299897
tok21,2021-06-27,81.421,265035
tok21,2021-06-28,79.867,940430
tok21,2021-06-29,78.764,327240
tok21,2021-06-30,80.638,262352
tok21,2021-07-01,79.595,270039
tok21,2021-07-02,78.6,406397
tok21,2021-07-03,80.307,263984
tok21,2021-07-04,78.449,394259
tok21,2021-07-05,79.151,499631
tok21,2021-07-06,79.387,468623
tok21,2021-07-07,77.1,503667
tok21,2021-07-08,75.183,342326
tok21,2021-07-09,68.259,603855
tok21,2021-07-10,67.96,215302
tok21,2021-07-11,70.322,456680
tok21,2021-07-12,71.124,458998
tok21,2021-07-13,72.561,717410
tok21,2021-07-14,74.931,559413
tok21,2021-07-15,78.595,284612
tok21,2021-07-16,77.645,242532
tok21,2021-07-17,79.102,430371
tok21,2021-07-18,78.844,327021
tok21,2021-07-19,82.464,404881
tok21,2021-07-20,74.373,301092
tok21,2021-07-21,73.596,502783
tok21,2021-07-22,74.829,347570
tok21,2021-07-23,78.623,395492
tok21,2021-07-24,74.368,581531
tok21,2021-07-25,72.149,217028
tok21,2021-07-26,72.718,556212
tok21,2021-07-27,66.552,580518
tok21,2021-07-28,69.847,547404
tok21,2021-07-29,64.696,1438683
tok21,2021-07-30,63.295,901802
tok21,2021-07-31,59.027,347919
tok21,2021-08-01,55.222,535879
tok21,2021-08-02,57.123,493981
tok21,2021-08-03,56.789,508697
tok21,2021-08-04,56.526,354999
tok21,2021-08-05,55.143,283952
tok21,2021-08-06,55.566,519590
tok21,2021-08-07,55.759,269939
tok21,2021-08-08,54.201,644633
tok21,2021-08-09,52.906,561331
tok21,2021-08-10,52.512,965976
tok21,2021-08-11,54.096,307865
tok21,2021-08-12,54.776,508386
tok21,2021-08-13,57.746,626929
tok21,2021-08-14,54.345,353483
tok21,2021-08-15,56.087,493387
tok21,2021-08-16,60.709,948943
tok21,2021-08-17,61.66,470634
tok21,2021-08-18,61.72,973447
tok21,2021-08-19,60.188,315259
tok21,2021-08-20,59.573,198897
tok21,2021-08-21,60.149,263397
tok21,2021-08-22,63.37,215310
tok21,2021-08-23,67.296,2895370
tok21,2021-08-24,70.782,318996
tok21,2021-08-25,72.505,344434
tok21,2021-08-26,69.725,252083
tok21,2021-08-27,67.876,676387
tok21,2021-08-28,70.486,203349
tok21,2021-08-29,65.32,567037
tok21,2021-08-30,66.325,1001507
tok21,2021-08-31,65.171,315730
tok21,2021-09-01,69.636,391752
tok21,2021-09-02,73.287,427228
tok21,2021-09-03,72.578,278580
tok21,2021-09-04,75.106,680444
tok21,2021-09-05,75.6,511667
tok21,2021-09-06,74.71,404042
tok21,2021-09-07,74.698,540847
tok21,2021-09-08,69.919,1078952
tok21,2021-09-09,61.016,656335
tok21,2021-09-10,61.691,752562
tok21,2021-09-11,61.857,335033
tok21,2021-09-12,62.124,1194789
tok21,2021-09-13,65.693,585942
tok21,2021-09-14,71.683,590263
tok21,2021-09-15,67.608,378587
tok21,2021-09-16,66.067,748100
tok21,2021-09-17,66.216,320970
tok21,2021-09-18,65.56,98525
tok21,2021-09-19,63.666,245634
tok21,2021-09-20,68.451,425859
tok21,2021-09-21,63.284,421878
tok21,2021-09-22,64.561,1071789
tok21,2021-09-23,64.449,1027318
tok21,2021-09-24,66.206,402633
tok21,2021-09-25,69.372,552946
tok21,2021-09-26,67.483,687851
tok21,2021-09-27,68.298,431675
tok21,2021-09-28,67.439,217149
tok21,2021-09-29,68.92,642645
tok21,2021-09-30,69.068,549856
tok21,2021-10-01,67.892,1391524
tok21,2021-10-02,65.296,316528
tok21,2021-10-03,63.441,469162
tok21,2021-10-04,62.324,322252
tok21,2021-10-05,59.037,933933
tok21,2021-10-06,60.364,212536
tok21,2021-10-07,57.439,1431566
tok21,2021-10-08,56.531,473252
tok21,2021-10-09,54.923,732807
tok21,2021-10-10,52.428,475026
tok21,2021-10-11,54.335,512363
tok21,2021-10-12,56.615,333760
tok21,2021-10-13,54.534,434054
tok21,2021-10-14,53.274,376078
tok21,2021-10-15,52.141,525888
tok21,2021-10-16,52.686,231585
tok21,2021-10-17,52.458,359429
tok21,2021-10-18,51.374,400522
tok21,2021-10-19,49.594,275796
tok21,2021-10-20,48.348,131227
tok21,2021-10-21,50.554,360886
tok21,2021-10-22,50.056,276727
tok21,2021-10-23,52.232,383757
tok21,2021-10-24,51.373,419977
tok21,2021-10-25,50.944,289471
tok21,2021-10-26,53.245,368989
tok21,2021-10-27,55.429,484594
tok21,2021-10-28,56.443,777809
tok21,2021-10-29,57.578,276586
tok21,2021-10-30,59.226,743616
tok21,2021-10-31,56.417,911999
tok21,2021-11-01,54.003,606150
tok21,2021-11-02,52.487,948865
tok21,2021-11-03,50.85,358018
tok21,2021-11-04,50.855,1190388
tok21,2021-11-05,51.858,389900
tok21,2021-11-06,51.946,128984
tok21,2021-11-07,52.128,728208
tok21,2021-11-08,51.418,374337
tok21,2021-11-09,51.669,597273
tok21,2021-11-10,54.194,788753
tok21,2021-11-11,54.619,494895
tok21,2021-11-12,54.994,700755
tok21,2021-11-13,57.052,289653
tok21,2021-11-14,59.579,673704
tok21,2021-11-15,57.45,551776
tok21,2021-11-16,60.318,583344
tok21,2021-11-17,65.815,447091
tok21,2021-11-18,67.324,1142851
tok21,2021-11-19,65.704,554173
tok21,2021-11-20,65.08,1118874
tok21,2021-11-21,68.414,708984
tok21,2021-11-22,72.198,563867
tok21,2021-11-23,72.44,568003
tok21,2021-11-24,74.462,737112
tok21,2021-11-25,71.28,248982
tok21,2021-11-26,72.646,854415
tok21,2021-11-27,73.299,309193
tok21,2021-11-28,71.711,364832
tok21,2021-11-29,65.745,476394
tok21,2021-11-30,67.451,274534
tok21,2021-12-01,67.85,225682
tok21,2021-12-02,62.417,833717
tok21,2021-12-03,61.477,392248
tok21,2021-12-04,62.281,1457218
tok21,2021-12-05,58.46,287558
tok21,2021-12-06,54.342,445567
tok21,2021-12-07,52.284,1096985
tok21,2021-12-08,52.725,385068
tok21,2021-12-09,52.505,517423
tok21,2021-12-10,49.259,944718
tok21,2021-12-11,49.455,492422
tok21,2021-12-12,47.423,347043
tok21,2021-12-13,47.906,226681
tok21,2021-12-14,45.748,256030
tok21,2021-12-15,44.81,273327
tok21,2021-12-16,47.5,302708
tok21,2021-12-17,44.939,451834
tok21,2021-12-18,43.971,181025
tok21,2021-12-19,42.571,542543
tok21,2021-12-20,40.964,1759073
tok21,2021-12-21,43.484,690704
tok21,2021-12-22,42.36,335282
tok21,2021-12-23,40.598,429631
tok21,2021-12-24,42.145,298517
tok21,2021-12-25,42.135,419613
tok21,2021-12-26,42.722,576042
tok21,2021-12-27,41.389,256651
tok21,2021-12-28,40.474,323447
tok21,2021-12-29,39.744,684367
tok21,2021-12-30,41.748,511652
tok21,2021-12-31,42.971,826183
tok21,2022-01-01,40.836,540071
tok21,2022-01-02,40.985,149056
tok21,2022-01-03,39.148,370266
tok21,2022-01-04,39.668,321810
tok21,2022-01-05,39.944,567072
tok21,2022-01-06,40.6,899171
tok21,2022-01-07,38.946,376378
tok21,2022-01-08,39.875,240843
tok21,2022-01-09,42.731,641192
tok21,2022-01-10,42.456,272328
tok21,2022-01-11,42.059,584468
tok21,2022-01-12,42.399,578073
tok21,2022-01-13,41.066,317189
tok21,2022-01-14,41.266,643393
tok21,2022-01-15,43.92,442111
tok21,2022-01-16,44.354,361586
tok21,2022-01-17,44.387,821228
tok21,2022-01-18,45.493,307065
tok21,2022-01-19,45.192,467765
tok21,2022-01-20,45.811,457328
tok21,2022-01-21,46.855,551748
tok21,2022-01-22,47.339,601841
tok21,2022-01-23,47.835,254939
tok21,2022-01-24,48.608,369925
tok21,2022-01-25,47.029,393284
tok21,2022-01-26,42.714,488606
tok21,2022-01-27,40.471,407806
tok21,2022-01-28,39.5,372063
tok21,2022-01-29,39.862,776092
tok21,2022-01-30,40.498,380542
tok21,2022-01-31,40.738,564699
tok21,2022-02-01,42.418,726885
tok21,2022-02-02,41.912,556354
tok21,2022-02-03,39.44,642163
tok21,2022-02-04,38.515,435247
tok21,2022-02-05,37.821,301581
tok21,2022-02-06,37.927,346049
tok21,2022-02-07,37.012,920625
tok21,2022-02-08,36.203,526812
tok21,2022-02-09,37.684,276521
tok21,2022-02-10,38.236,377618
tok21,2022-02-11,38.574,359793
tok21,2022-02-12,37.596,817971
tok21,2022-02-13,36.667,610175
tok21,2022-02-14,34.444,383296
tok21,2022-02-15,31.624,232718
tok21,2022-02-16,32.027,968015
tok21,2022-02-17,31.433,788884
tok21,2022-02-18,31.396,373660
tok21,2022-02-19,30.035,881637
tok21,2022-02-20,30.226,489657
tok21,2022-02-21,30.729,916182
tok21,2022-02-22,31.677,172928
tok21,2022-02-23,31.191,874027
tok21,2022-02-24,30.759,224696
tok21,2022-02-25,31.344,857974
tok21,2022-02-26,31.648,462452
tok21,2022-02-27,32.414,377725
tok21,2022-02-28,34.817,490967
tok21,2022-03-01,34.49,847599
tok21,2022-03-02,33.875,363020
tok21,2022-03-03,34.051,398979
tok21,2022-03-04,35.618,203342
tok21,2022-03-05,32.971,902418
tok21,2022-03-06,33.657,354086
tok21,2022-03-07,33.297,263364
tok21,2022-03-08,34.322,414063
tok21,2022-03-09,34.479,544176
tok21,2022-03-10,32.736,410663
tok21,2022-03-11,32.12,1176967
tok21,2022-03-12,33.052,610367
tok21,2022-03-13,31.154,590072
tok21,2022-03-14,29.519,605075
tok21,2022-03-15,31.578,302830
tok21,2022-03-16,30.357,599802
tok21,2022-03-17,29.773,365285
tok21,2022-03-18,29.757,1056934
tok21,2022-03-19,30.976,483440
tok21,2022-03-20,30.876,525182
tok21,2022-03-21,31.366,802339
tok21,2022-03-22,30.394,291482
tok21,2022-03-23,30.619,869027
tok21,2022-03-24,30.794,666322
tok21,2022-03-25,31.063,760064
tok21,2022-03-26,31.144,222475
tok21,2022-03-27,31.994,287941
tok21,2022-03-28,32.794,376330
tok21,2022-03-29,31.146,490490
tok21,2022-03-30,32.225,575676
tok21,2022-03-31,32.426,897117
tok21,2022-04-01,33.852,790690
tok21,2022-04-02,34.76,277297
tok21,2022-04-03,35.217,531561
tok21,2022-04-04,35.608,242445
tok21,2022-04-05,35.934,263171
tok21,2022-04-06,34.913,219486
tok21,2022-04-07,36.493,706211
tok21,2022-04-08,37.454,316754
tok21,2022-04-09,33.677,894083
tok21,2022-04-10,31.361,383857
tok21,2022-04-11,30.859,313004
tok21,2022-04-12,30.943,374584
tok21,2022-04-13,29.4,522408
tok21,2022-04-14,28.085,690986
tok21,2022-04-15,27.096,788006
tok21,2022-04-16,26.535,573902
tok21,2022-04-17,25.715,684475
tok21,2022-04-18,25.891,417636
tok21,2022-04-19,26.649,303412
tok21,2022-04-20,26.745,410864
tok21,2022-04-21,24.545,277536
tok21,2022-04-22,23.476,438691
tok21,2022-04-23,24.381,327739
tok21,2022-04-24,23.488,352015
tok21,2022-04-25,24.768,690681
tok21,2022-04-26,26.133,219909
tok21,2022-04-27,27.121,369510
tok21,2022-04-28,28.239,322795
tok21,2022-04-29,27.517,403540
tok21,2022-04-30,28.661,590822
tok21,2022-05-01,28.64,237416
tok21,2022-05-02,29.413,589426
tok21,2022-05-03,28.476,819168
tok21,2022-05-04,26.748,345097
tok21,2022-05-05,27.049,277364
tok21,2022-05-06,25.861,349398
tok21,2022-05-07,26.295,489910
tok21,2022-05-08,24.645,272373
tok21,2022-05-09,23.953,490287
tok21,2022-05-10,24.284,726988
tok21,2022-05-11,24.684,505421
tok21,2022-05-12,24.45,475363
tok21,2022-05-13,24.273,162518
tok21,2022-05-14,23.076,343342
tok21,2022-05-15,23.209,604695
tok21,2022-05-16,22.256,201056
tok21,2022-05-17,22.021,456897
tok21,2022-05-18,23.235,635304
tok21,2022-05-19,23.697,843881
tok21,2022-05-20,24.456,116492
tok21,2022-05-21,25.435,1005640
tok21,2022-05-22,25.991,234512
tok21,2022-05-23,25.583,355242
tok21,2022-05-24,25.45,360409
tok21,2022-05-25,23.44,722889
tok21,2022-05-26,24.127,547666
tok21,2022-05-27,24.535,363777
tok21,2022-05-28,24.608,529705
tok21,2022-05-29,25.779,368408
tok21,2022-05-30,27.077,205853
tok21,2022-05-31,29.256,626728
tok21,2022-06-01,29.734,427422
tok21,2022-06-02,27.696,624350
tok21,2022-06-03,27.442,521238
tok21,2022-06-04,27.338,498098
tok21,2022-06-05,26.278,295282
tok21,2022-06-06,26.778,478882
tok21,2022-06-07,26.59,321026
tok21,2022-06-08,27.574,389698
tok21,2022-06-09,27.859,315840
tok21,2022-06-10,28.407,555047
tok21,2022-06-11,27.077,291411
tok21,2022-06-12,26.31,743711
tok21,2022-06-13,25.781,481472
tok21,2022-06-14,25.945,826472
tok21,2022-06-15,26.874,328398
tok21,2022-06-16,26.749,769230
tok21,2022-06-17,27.614,444639
tok21,2022-06-18,29.161,893980
tok21,2022-06-19,28.84,593640
tok21,2022-06-20,30.215,486612
tok21,2022-06-21,31.207,345838
tok21,2022-06-22,30.551,626228
tok21,2022-06-23,32.144,358126
tok21,2022-06-24,31.584,558627
tok21,2022-06-25,33.378,319806
tok21,2022-06-26,33.502,476828
tok21,2022-06-27,34.47,491758
tok21,2022-06-28,34.172,486427
tok21,2022-06-29,35.32,177783
tok21,2022-06-30,36.034,859332
tok21,2022-07-01,35.199,348920
tok21,2022-07-02,32.421,252538
tok21,2022-07-03,33.042,1297437
tok21,2022-07-04,32.549,1265844
tok21,2022-07-05,31.737,677257
tok21,2022-07-06,31.478,403377
tok21,2022-07-07,32.67,488776
tok21,2022-07-08,32.627,519978
tok21,2022-07-09,31.106,573243
tok21,2022-07-10,31.54,962675
tok21,2022-07-11,33.711,280767
tok21,2022-07-12,32.976,1179853
tok21,2022-07-13,33.313,330131
tok21,2022-07-14,34.288,333820
tok21,2022-07-15,33.988,599184
tok21,2022-07-16,34.776,282062
tok21,2022-07-17,34.747,429780
tok21,2022-07-18,36.146,594977
tok21,2022-07-19,37.528,235571
tok21,2022-07-20,37.27,278213
tok21,2022-07-21,35.703,469962
tok21,2022-07-22,35.355,110506
tok21,2022-07-23,32.666,607751
tok21,2022-07-24,33.434,338528
tok21,2022-07-25,31.147,1435662
tok21,2022-07-26,31.536,516458
tok21,2022-07-27,31.995,700309
tok21,2022-07-28,33.057,542712
tok21,2022-07-29,33.335,523460
tok21,2022-07-30,35.376,429573
tok21,2022-07-31,34.632,290925
tok21,2022-08-01,34.987,128377
tok21,2022-08-02,34.807,274568
tok21,2022-08-03,35.81,504059
tok21,2022-08-04,35.948,522048
tok21,2022-08-05,36.208,613802
tok21,2022-08-06,36.531,412187
tok21,2022-08-07,34.535,526625
tok21,2022-08-08,36.353,627767
tok21,2022-08-09,34.906,318287
tok21,2022-08-10,35.359,216898
tok21,2022-08-11,37.381,881485
tok21,2022-08-12,39.438,1174648
tok21,2022-08-13,38.387,534567
tok21,2022-08-14,39.454,924342
tok21,2022-08-15,39.19,386394
tok21,2022-08-16,41.636,554663
tok21,2022-08-17,42.831,780539
tok21,2022-08-18,39.821,299837
tok21,2022-08-19,42.476,481689
tok21,2022-08-20,43.471,1023496
tok21,2022-08-21,43.241,266267
tok21,2022-08-22,43.379,503474
tok21,2022-08-23,44.612,458920
tok21,2022-08-24,45.066,165817
tok21,2022-08-25,46.035,445335
tok21,2022-08-26,46.169,490978
tok21,2022-08-27,46.835,580215
tok21,2022-08-28,46.17,407737
tok21,2022-08-29,45.523,467697
tok21,2022-08-30,40.757,373905
tok21,2022-08-31,41.331,506774
tok21,2022-09-01,39.373,531136
tok21,2022-09-02,38.28,580763
tok21,2022-09-03,38.201,239505
tok21,2022-09-04,40.548,617995
tok21,2022-09-05,39.714,327143
tok21,2022-09-06,38.552,264902
tok21,2022-09-07,37.605,577836
tok21,2022-09-08,37.035,346362
tok21,2022-09-09,38.286,597472
tok21,2022-09-10,36.254,792813
tok21,2022-09-11,36.646,796716
tok21,2022-09-12,37.691,608578
tok21,2022-09-13,35.93,405404
tok21,2022-09-14,37.375,450319
tok21,2022-09-15,36.393,365839
tok21,2022-09-16,36.229,369055
tok21,2022-09-17,35.892,375850
tok21,2022-09-18,35.749,547063
tok21,2022-09-19,35.034,496334
tok21,2022-09-20,34.476,1151173
tok21,2022-09-21,34.768,795616
tok21,2022-09-22,35.944,354005
tok21,2022-09-23,36.058,476399
tok21,2022-09-24,37.164,508547
tok21,2022-09-25,34.487,648697
tok21,2022-09-26,34.339,365004
tok21,2022-09-27,32.96,307571
tok21,2022-09-28,33.186,252320
tok21,2022-09-29,33.231,146041
tok21,2022-09-30,32.852,928773
tok21,2022-10-01,32.488,310194
tok21,2022-10-02,33.236,635036
tok21,2022-10-03,34.44,309456
tok21,2022-10-04,33.059,169053
tok21,2022-10-05,31.457,444561
tok21,2022-10-06,32.541,709519
tok21,2022-10-07,31.522,206806
tok21,2022-10-08,31.006,150423
tok21,2022-10-09,30.685,518944
tok21,2022-10-10,32.111,510707
tok21,2022-10-11,32.591,544730
tok21,2022-10-12,31.786,483856
tok21,2022-10-13,28.178,804098
tok21,2022-10-14,29.047,545534
tok21,2022-10-15,25.309,252472
tok21,2022-10-16,23.687,518603
tok21,2022-10-17,23.042,510397
tok21,2022-10-18,23.614,330242
tok21,2022-10-19,23.658,631997
tok21,2022-10-20,24.522,1483237
tok21,2022-10-21,23.483,304421
tok21,2022-10-22,23.532,795239
tok21,2022-10-23,22.437,427831
tok21,2022-10-24,22.989,621682
tok21,2022-10-25,22.552,753234
tok21,2022-10-26,22.996,328839
tok21,2022-10-27,22.962,176585
tok21,2022-10-28,22.739,481233
tok21,2022-10-29,22.486,411801
tok21,2022-10-30,21.959,308782
tok21,2022-10-31,22.242,374809
tok21,2022-11-01,23.365,436796
tok21,2022-11-02,22.48,317212
tok21,2022-11-03,22.136,721814
tok21,2022-11-04,22.214,297491
tok21,2022-11-05,23.228,656351
tok21,2022-11-06,23.683,442187
tok21,2022-11-07,23.661,386033
tok21,2022-11-08,23.798,246666
tok21,2022-11-09,25.069,365905
tok21,2022-11-10,24.732,486737
tok21,2022-11-11,25.03,2611501
tok21,2022-11-12,24.923,891989
tok21,2022-11-13,25.076,287502
tok21,2022-11-14,25.869,365236
tok21,2022-11-15,26.493,458385
tok21,2022-11-16,27.232,634522
tok21,2022-11-17,28.05,468458
tok21,2022-11-18,28.293,179214
tok21,2022-11-19,27.297,835226
tok21,2022-11-20,28.113,749132
tok21,2022-11-21,26.954,429899
tok21,2022-11-22,28.784,2298231
tok21,2022-11-23,30.114,187334
tok21,2022-11-24,30.107,691721
tok21,2022-11-25,31.4,499446
tok21,2022-11-26,34.153,696269
tok21,2022-11-27,35.134,164740
tok21,2022-11-28,34.634,312623
tok21,2022-11-29,35.994,282849
tok21,2022-11-30,37.465,528126
tok21,2022-12-01,37.917,588370
tok21,2022-12-02,37.73,268400
tok21,2022-12-03,39.503,294175
tok21,2022-12-04,37.482,548587
tok21,2022-12-05,38.84,484837
tok21,2022-12-06,41.266,424425
tok21,2022-12-07,42.328,342571
tok21,2022-12-08,40.456,622030
tok21,2022-12-09,41.284,390932
tok21,2022-12-10,41.777,326519
tok21,2022-12-11,40.058,349711
tok21,2022-12-12,40.744,452912
tok21,2022-12-13,38.753,560201
tok21,2022-12-14,36.732,592312
tok21,2022-12-15,34.276,822038
tok21,2022-12-16,34.799,1196319
tok21,2022-12-17,35.185,793777
tok21,2022-12-18,35.061,614776
tok21,2022-12-19,33.403,474837
tok21,2022-12-20,34.825,496149
tok21,2022-12-21,33.157,359008
tok21,2022-12-22,32.367,504205
tok21,2022-12-23,34.125,533019
tok21,2022-12-24,30.952,498643
tok21,2022-12-25,32.362,631273
tok21,2022-12-26,33.408,339693
tok21,2022-12-27,35.763,349991
tok21,2022-12-28,35.111,447612
tok21,2022-12-29,35.894,697792
tok21,2022-12-30,36.564,491061
tok21,2022-12-31,34.921,510524
tok21,2023-01-01,34.698,481196
tok21,2023-01-02,33.9,302376
tok21,2023-01-03,35.247,294454
tok21,2023-01-04,35.709,287748
tok21,2023-01-05,34.424,618885
tok21,2023-01-06,33.524,473044
tok21,2023-01-07,33.615,533175
tok21,2023-01-08,32.971,115313
tok21,2023-01-09,33.669,192710
tok21,2023-01-10,31.578,405969
tok21,2023-01-11,30.698,621852
tok21,2023-01-12,32.39,149436
tok21,2023-01-13,32.579,357302
tok21,2023-01-14,33.742,292381
tok21,2023-01-15,34.396,410230
tok21,2023-01-16,34.398,814176
tok21,2023-01-17,33.878,431268
tok21,2023-01-18,33.44,413610
tok21,2023-01-19,34.28,265261
tok21,2023-01-20,32.72,666403
tok21,2023-01-21,35.034,133091
tok21,2023-01-22,36.77,584581
tok21,2023-01-23,38.176,385740
tok21,2023-01-24,38.457,1175830
tok21,2023-01-25,37.578,500705
tok21,2023-01-26,36.537,492905
tok21,2023-01-27,37.466,849133
tok21,2023-01-28,37.251,414061
tok21,2023-01-29,37.605,643407
tok21,2023-01-30,36.886,415736
tok21,2023-01-31,36.345,457266
tok21,2023-02-01,37.671,479088
tok21,2023-02-02,38.233,306103
tok21,2023-02-03,38.934,308076
tok21,2023-02-04,41.161,278832
tok21,2023-02-05,42.24,387414
tok21,2023-02-06,41.875,513707
tok21,2023-02-07,42.964,410712
tok21,2023-02-08,45.3,398061
tok21,2023-02-09,43.637,584945
tok21,2023-02-10,40.623,307517
tok21,2023-02-11,39.121,332941
tok21,2023-02-12,40.048,398354
tok21,2023-02-13,42.497,380378
tok21,2023-02-14,41.458,443320
tok21,2023-02-15,39.104,307827
tok21,2023-02-16,36.613,306546
tok21,2023-02-17,34.709,260518
tok21,2023-02-18,33.667,822720
tok21,2023-02-19,33.666,319601
tok21,2023-02-20,34.154,1030330
tok21,2023-02-21,35.475,228420
tok21,2023-02-22,33.063,330291
tok21,2023-02-23,32.765,432459
tok21,2023-02-24,32.323,529242
tok21,2023-02-25,34.178,1121569
tok21,2023-02-26,35.057,251150
tok21,2023-02-27,36.733,378885
tok21,2023-02-28,36.174,387071
tok21,2023-03-01,35.122,817973
tok21,2023-03-02,35.931,407483
tok21,2023-03-03,37.531,320521
tok21,2023-03-04,37.103,415596
tok21,2023-03-05,39.848,658941
tok21,2023-03-06,36.496,350898
tok21,2023-03-07,35.387,636505
tok21,2023-03-08,34.937,335387
tok21,2023-03-09,33.499,491696
tok21,2023-03-10,32.893,276150
tok21,2023-03-11,31.554,347233
tok21,2023-03-12,32.311,453597
tok21,2023-03-13,33.041,614451
tok21,2023-03-14,33.785,100188
tok21,2023-03-15,31.84,333343
tok21,2023-03-16,30.757,846507
tok21,2023-03-17,30.627,468354
tok21,2023-03-18,31.728,319968
tok21,2023-03-19,31.572,309188
tok21,2023-03-20,29.121,364426
tok21,2023-03-21,30.044,900469
tok21,2023-03-22,30.007,1435252
tok21,2023-03-23,29.139,584742
tok21,2023-03-24,29.481,537537
tok21,2023-03-25,28.62,147576
tok21,2023-03-26,26.506,328654
tok21,2023-03-27,28.196,822513
tok21,2023-03-28,28.299,269965
tok21,2023-03-29,28.338,787178
tok21,2023-03-30,27.317,200331
tok21,2023-03-31,26.754,305808
tok21,2023-04-01,28.455,967574
tok21,2023-04-02,29.366,373182
tok21,2023-04-03,29.121,330425
tok21,2023-04-04,28.807,146944
tok21,2023-04-05,27.915,923625
tok21,2023-04-06,25.795,1211977
tok21,2023-04-07,25.874,396455
tok21,2023-04-08,24.41,563742
tok21,2023-04-09,22.51,280604
tok21,2023-04-10,20.801,583794
tok21,2023-04-11,21.142,462960
tok21,2023-04-12,20.663,145546
tok21,2023-04-13,20.465,260095
tok21,2023-04-14,21.042,389320
tok21,2023-04-15,20.488,316215
tok21,2023-04-16,20.284,578404
tok21,2023-04-17,20.474,771361
tok21,2023-04-18,20.144,1111898
tok21,2023-04-19,19.992,655871
tok21,2023-04-20,19.918,554065
tok21,2023-04-21,20.986,581180
tok21,2023-04-22,21.831,317325
tok21,2023-04-23,22.614,584917
tok21,2023-04-24,23.966,579513
tok21,2023-04-25,22.946,638203
tok21,2023-04-26,22.031,707164
tok21,2023-04-27,20.232,384336
tok21,2023-04-28,19.804,404892
tok21,2023-04-29,19.809,1754888
tok21,2023-04-30,20.103,453659
tok21,2023-05-01,19.712,643744
tok21,2023-05-02,19.314,684029
tok21,2023-05-03,20.404,536750
tok21,2023-05-04,20.475,1108023
tok21,2023-05-05,21.651,401796
tok21,2023-05-06,21.855,879110
tok21,2023-05-07,21.065,245924
tok21,2023-05-08,20.615,381355
tok21,2023-05-09,22.048,786024
tok21,2023-05-10,21.579,891140
tok21,2023-05-11,21.609,157272
tok21,2023-05-12,21.674,710646
tok21,2023-05-13,21.421,481007
tok21,2023-05-14,21.449,747964
tok21,2023-05-15,21.606,527356
tok21,2023-05-16,23.413,551107
tok21,2023-05-17,23.436,251019
tok21,2023-05-18,23.184,428275
tok21,2023-05-19,23.543,251735
tok21,2023-05-20,23.105,704507
tok21,2023-05-21,21.401,302119
tok21,2023-05-22,20.191,404047
tok21,2023-05-23,20.564,484942
tok21,2023-05-24,20.089,432052
tok21,2023-05-25,18.936,959786
tok21,2023-05-26,20.238,424963
tok21,2023-05-27,20.061,767356
tok21,2023-05-28,20.381,214699
tok21,2023-05-29,19.265,614089
tok21,2023-05-30,20.177,526396
tok21,2023-05-31,20.245,239318
tok21,2023-06-01,19.517,249059
tok21,2023-06-02,19.824,457762
tok21,2023-06-03,20.316,296884
tok21,2023-06-04,20.628,631054
tok21,2023-06-05,21.745,300040
tok21,2023-06-06,21.431,230583
tok21,2023-06-07,22.419,322442
tok21,2023-06-08,21.835,435504
tok21,2023-06-09,21.848,288593
tok21,2023-06-10,22.549,623987
tok21,2023-06-11,22.563,439952
tok21,2023-06-12,22.836,258247
tok21,2023-06-13,23.071,996179
tok21,2023-06-14,22.387,334491
tok21,2023-06-15,22.32,761929
tok21,2023-06-16,23.342,247964
tok21,2023-06-17,23.663,240426
tok21,2023-06-18,22.369,526558
tok21,2023-06-19,22.668,562815
tok21,2023-06-20,24.264,619799
tok21,2023-06-21,24.727,331971
tok21,2023-06-22,23.706,260206
tok21,2023-06-23,24.402,257122
tok21,2023-06-24,25.574,324222
tok21,2023-06-25,25.357,259769
tok21,2023-06-26,26.956,712953
tok21,2023-06-27,27.674,664718
tok21,2023-06-28,28.909,274793
tok21,2023-06-29,29.151,477660
tok21,2023-06-30,30.254,286797
tok21,2023-07-01,30.992,986261
tok21,2023-07-02,31.994,559197
tok21,2023-07-03,31.363,560001
tok21,2023-07-04,31.909,845474
tok21,2023-07-05,31.392,732172
tok21,2023-07-06,30.989,324379
tok21,2023-07-07,31.13,255063
tok21,2023-07-08,31.813,293309
tok21,2023-07-09,32.473,558507
tok21,2023-07-10,33.265,301244
tok21,2023-07-11,31.367,482262
tok21,2023-07-12,31.537,549379
tok21,2023-07-13,33.017,563989
tok21,2023-07-14,33.325,702412
tok21,2023-07-15,32.709,508384
tok21,2023-07-16,30.322,271760
tok21,2023-07-17,32.185,198970
tok21,2023-07-18,31.176,306784
tok21,2023-07-19,29.004,922197
tok21,2023-07-20,30.142,174523
tok21,2023-07-21,28.801,158714
tok21,2023-07-22,30.062,1392535
tok21,2023-07-23,29.914,359884
tok21,2023-07-24,29.621,190606
tok21,2023-07-25,29.555,637663
tok21,2023-07-26,29.001,892005
tok21,2023-07-27,27.767,582621
tok21,2023-07-28,26.761,540300
tok21,2023-07-29,26.048,326646
tok21,2023-07-30,28.6,1338811
tok21,2023-07-31,28.043,558485
tok21,2023-08-01,28.066,290950
tok21,2023-08-02,27.388,1055425
tok21,2023-08-03,28.287,1487189
tok21,2023-08-04,28.562,425870
tok21,2023-08-05,29.03,798115
tok21,2023-08-06,28.641,274069
tok21,2023-08-07,29.596,309287
tok21,2023-08-08,31.865,140402
tok21,2023-08-09,29.2,498087
tok21,2023-08-10,29.47,812309
tok21,2023-08-11,28.945,446683
tok21,2023-08-12,28.759,598425
tok21,2023-08-13,26.309,555532
tok21,2023-08-14,27.136,266536
tok21,2023-08-15,26.009,511184
tok21,2023-08-16,23.576,431143
tok21,2023-08-17,23.605,209096
tok21,2023-08-18,23.195,506454
tok21,2023-08-19,23.407,253946
tok21,2023-08-20,24.262,224960
tok21,2023-08-21,24.064,540692
tok21,2023-08-22,23.377,268270
tok21,2023-08-23,23.915,329150
tok21,2023-08-24,22.819,358792
tok21,2023-08-25,21.502,245563
tok21,2023-08-26,21.661,343800
tok21,2023-08-27,22.822,191274
tok21,2023-08-28,22.897,1095941
tok21,2023-08-29,22.138,446384
tok21,2023-08-30,21.746,290906
tok21,2023-08-31,21.054,261615
tok21,2023-09-01,20.992,411568
tok21,2023-09-02,21.959,847122
tok21,2023-09-03,20.157,541917
tok21,2023-09-04,19.428,457972
tok21,2023-09-05,21.011,532847
tok21,2023-09-06,21.654,512789
tok21,2023-09-07,21.488,155864
tok21,2023-09-08,21.986,523865
tok21,2023-09-09,22.715,802926
tok21,2023-09-10,22.339,388775
tok21,2023-09-11,22.567,310966
tok21,2023-09-12,20.825,511741
tok21,2023-09-13,20.288,482440
tok21,2023-09-14,20.053,212541
tok21,2023-09-15,19.662,872629
tok21,2023-09-16,18.909,312234
tok21,2023-09-17,19.38,288137
tok21,2023-09-18,18.666,758812
tok21,2023-09-19,17.91,345450
tok21,2023-09-20,17.596,258990
tok21,2023-09-21,16.5,250649
tok21,2023-09-22,15.637,569529
tok21,2023-09-23,14.948,489668
tok21,2023-09-24,15.05,438729
tok21,2023-09-25,15.653,812306
tok21,2023-09-26,15.686,388755
tok21,2023-09-27,15.381,354250
tok21,2023-09-28,15.991,549274
tok21,2023-09-29,17.332,617760
tok21,2023-09-30,18.019,786125
tok21,2023-10-01,18.267,1018705
tok21,2023-10-02,17.721,869650
tok21,2023-10-03,18.069,270039
tok21,2023-10-04,16.377,242285
tok21,2023-10-05,16.316,327826
tok21,2023-10-06,16.516,196478
tok21,2023-10-07,15.537,1345229
tok21,2023-10-08,14.581,323668
tok21,2023-10-09,15.373,483681
tok21,2023-10-10,15.781,756172
tok21,2023-10-11,16.085,719142
tok21,2023-10-12,15.466,790903
tok21,2023-10-13,15.326,535691
tok21,2023-10-14,14.729,471184
tok21,2023-10-15,15.537,282424
tok21,2023-10-16,15.698,359170
tok21,2023-10-17,15.244,432555
tok21,2023-10-18,14.937,561480
tok21,2023-10-19,15.092,443707
tok21,2023-10-20,15.363,611757
tok21,2023-10-21,16.471,321390
tok21,2023-10-22,16.542,253243
tok21,2023-10-23,15.26,664617
tok21,2023-10-24,14.758,907408
tok21,2023-10-25,15.434,977513
tok21,2023-10-26,14.806,675395
tok21,2023-10-27,13.702,505952
tok21,2023-10-28,14.167,432783
tok21,2023-10-29,13.645,537353
tok21,2023-10-30,13.682,267426
tok21,2023-10-31,14.005,431404
tok21,2023-11-01,13.976,495154
tok21,2023-11-02,14.186,272330
tok21,2023-11-03,14.285,471819
tok21,2023-11-04,14.203,346154
tok21,2023-11-05,13.854,315123
tok21,2023-11-06,14.378,434970
tok21,2023-11-07,14.281,583052
tok21,2023-11-08,13.752,685042
tok21,2023-11-09,13.376,583901
tok21,2023-11-10,13.54,363264
tok21,2023-11-11,12.915,320445
tok21,2023-11-12,12.56,307629
tok21,2023-11-13,12.058,357458
tok21,2023-11-14,12.23,590340
tok21,2023-11-15,12.895,713993
tok21,2023-11-16,12.968,577445
tok21,2023-11-17,12.975,302795
tok21,2023-11-18,13.488,345216
tok21,2023-11-19,12.782,413270
tok21,2023-11-20,13.572,734886
tok21,2023-11-21,13.666,715014
tok21,2023-11-22,12.976,696760
tok21,2023-11-23,12.717,727489
tok21,2023-11-24,12.378,164495
tok21,2023-11-25,11.909,376327
tok21,2023-11-26,12.341,377647
tok21,2023-11-27,12.426,490276
tok21,2023-11-28,12.375,565136
tok21,2023-11-29,12.452,146594
tok21,2023-11-30,13.107,342965
tok21,2023-12-01,13.203,368289
tok21,2023-12-02,12.911,1131514
tok21,2023-12-03,13.059,609592
tok21,2023-12-04,12.625,453926
tok21,2023-12-05,12.255,486297
tok21,2023-12-06,12.265,301873
tok21,2023-12-07,12.158,477213
tok21,2023-12-08,12.616,309925
tok21,2023-12-09,12.934,412214
tok21,2023-12-10,13.387,102971
tok21,2023-12-11,14.407,250270
tok21,2023-12-12,14.092,467427
tok21,2023-12-13,14.279,769352
tok21,2023-12-14,13.654,974158
tok21,2023-12-15,14.269,865195
tok21,2023-12-16,13.555,1000349
tok21,2023-12-17,14.088,301710
tok21,2023-12-18,14.58,377297
tok21,2023-12-19,13.614,347074
tok21,2023-12-20,14.022,552401
tok21,2023-12-21,13.481,238370
tok21,2023-12-22,13.076,470293
tok21,2023-12-23,13.161,313727
tok21,2023-12-24,13.041,297018
tok21,2023-12-25,13.465,409000
tok21,2023-12-26,13.597,560082
tok21,2023-12-27,13.807,306251
tok21,2023-12-28,14.367,440422
tok21,2023-12-29,14.113,639980
tok21,2023-12-30,14.555,285498
tok21,2023-12-31,13.526,413032
tok22,2021-01-01,96.097,427528
tok22,2021-01-02,96.221,448081
tok22,2021-01-03,92.762,471367
tok22,2021-01-04,95.388,282772
tok22,2021-01-05,91.792,386123
tok22,2021-01-06,89.908,522269
tok22,2021-01-07,81.153,441785
tok22,2021-01-08,79.331,479965
tok22,2021-01-09,80.761,410253
tok22,2021-01-10,76.526,683124
tok22,2021-01-11,76.829,250852
tok22,2021-01-12,73.843,581871
tok22,2021-01-13,73.646,254678
tok22,2021-01-14,78.109,270837
tok22,2021-01-15,80.658,198469
tok22,2021-01-16,71.782,729306
tok22,2021-01-17,74.99,271987
tok22,2021-01-18,78.17,1366755
tok22,2021-01-19,78.328,626749
tok22,2021-01-20,80.101,262228
tok22,2021-01-21,76.744,356630
tok22,2021-01-22,77.463,834185
tok22,2021-01-23,79.497,1015683
tok22,2021-01-24,82.521,287207
tok22,2021-01-25,81.028,1188298
tok22,2021-01-26,80.921,785069
tok22,2021-01-27,83.134,452605
tok22,2021-01-28,80.773,365383
tok22,2021-01-29,79.273,612622
tok22,2021-01-30,73.624,487163
tok22,2021-01-31,73.181,946489
tok22,2021-02-01,77.867,956361
tok22,2021-02-02,78.544,411107
tok22,2021-02-03,68.924,254989
tok22,2021-02-04,67.612,693674
tok22,2021-02-05,71.959,522458
tok22,2021-02-06,72.094,592855
tok22,2021-02-07,69.546,256414
tok22,2021-02-08,72.745,349753
tok22,2021-02-09,76.752,306167
tok22,2021-02-10,75.311,468064
tok22,2021-02-11,76.045,805409
tok22,2021-02-12,78.878,376395
tok22,2021-02-13,80.28,166067
tok22,2021-02-14,79.388,368120
tok22,2021-02-15,76.919,386793
tok22,2021-02-16,81.147,1003755
tok22,2021-02-17,77.361,513193
tok22,2021-02-18,71.621,479900
tok22,2021-02-19,71.872,327432
tok22,2021-02-20,76.63,523510
tok22,2021-02-21,72.996,398583
tok22,2021-02-22,66.394,431764
tok22,2021-02-23,63.958,397417
tok22,2021-02-24,62.804,866616
tok22,2021-02-25,61.956,416196
tok22,2021-02-26,59.536,625487
tok22,2021-02-27,60.239,281328
tok22,2021-02-28,57.203,668024
tok22,2021-03-01,58.523,603888
tok22,2021-03-02,57.473,391296
tok22,2021-03-03,56.189,456100
tok22,2021-03-04,57.036,352501
tok22,2021-03-05,55.279,1012092
tok22,2021-03-06,57.035,612461
tok22,2021-03-07,59.625,638232
tok22,2021-03-08,55.915,431851
tok22,2021-03-09,57.3,477405
tok22,2021-03-10,57.377,700167
tok22,2021-03-11,55.809,433242
tok22,2021-03-12,54.164,308995
tok22,2021-03-13,53.876,347711
tok22,2021-03-14,52.663,252607
tok22,2021-03-15,51.132,682291
tok22,2021-03-16,48.121,609820
tok22,2021-03-17,49.805,324061
tok22,2021-03-18,55.877,302306
tok22,2021-03-19,55.532,347108
tok22,2021-03-20,57.457,1557814
tok22,2021-03-21,57.845,926804
tok22,2021-03-22,55.237,573570
tok22,2021-03-23,53.851,334982
tok22,2021-03-24,52.238,433923
tok22,2021-03-25,53.209,529430
tok22,2021-03-26,51.776,628006
tok22,2021-03-27,52.778,435087
tok22,2021-03-28,48.541,754372
tok22,2021-03-29,43.324,127543
tok22,2021-03-30,42.113,231889
tok22,2021-03-31,44.098,607246
tok22,2021-04-01,40.16,386841
tok22,2021-04-02,40.174,329046
tok22,2021-04-03,42.079,386698
tok22,2021-04-04,40.641,449596
tok22,2021-04-05,41.859,327609
tok22,2021-04-06,43.357,634485
tok22,2021-04-07,41.617,212664
tok22,2021-04-08,44.195,245508
tok22,2021-04-09,45.138,671351
tok22,2021-04-10,48.064,664857
tok22,2021-04-11,47.967,435937
tok22,2021-04-12,48.388,460460
tok22,2021-04-13,46.812,462351
tok22,2021-04-14,45.421,633945
tok22,2021-04-15,48.168,362924
tok22,2021-04-16,49.137,402889
tok22,2021-04-17,49.381,479400
tok22,2021-04-18,51.213,366193
tok22,2021-04-19,48.235,580335
tok22,2021-04-20,45.991,977175
tok22,2021-04-21,46.39,456676
tok22,2021-04-22,48.164,404733
tok22,2021-04-23,46.209,353300
tok22,2021-04-24,44.055,458837
tok22,2021-04-25,47.589,302518
tok22,2021-04-26,45.3,389531
tok22,2021-04-27,43.83,377140
tok22,2021-04-28,41.187,206644
tok22,2021-04-29,44.103,452920
tok22,2021-04-30,41.453,305729
tok22,2021-05-01,41.233,572251
tok22,2021-05-02,44.472,246587
tok22,2021-05-03,43.523,740852
tok22,2021-05-04,41.244,343836
tok22,2021-05-05,41.508,332545
tok22,2021-05-06,41.788,299706
tok22,2021-05-07,40.429,298056
tok22,2021-05-08,40.844,204499
tok22,2021-05-09,39.674,548473
tok22,2021-05-10,39.165,1563467
tok22,2021-05-11,35.749,461227
tok22,2021-05-12,32.858,329223
tok22,2021-05-13,32.087,290210
tok22,2021-05-14,31.394,425771
tok22,2021-05-15,31.936,562332
tok22,2021-05-16,30.834,916110
tok22,2021-05-17,29.759,933560
tok22,2021-05-18,29.958,305052
tok22,2021-05-19,30.703,524984
tok22,2021-05-20,31.685,216470
tok22,2021-05-21,29.676,467728
tok22,2021-05-22,30.32,412462
tok22,2021-05-23,32.046,250700
tok22,2021-05-24,31.124,426483
tok22,2021-05-25,30.679,622673
tok22,2021-05-26,31.514,300559
tok22,2021-05-27,31.732,619682
tok22,2021-05-28,32.046,265654
tok22,2021-05-29,33.194,753467
tok22,2021-05-30,32.051,251914
tok22,2021-05-31,33.679,265189
tok22,2021-06-01,32.493,369881
tok22,2021-06-02,29.671,639983
tok22,2021-06-03,28.502,713900
tok22,2021-06-04,28.629,409753
tok22,2021-06-05,30.127,323026
tok22,2021-06-06,29.326,630378
tok22,2021-06-07,28.206,234632
tok22,2021-06-08,29.132,428972
tok22,2021-06-09,29.672,435003
tok22,2021-06-10,28.802,864214
tok22,2021-06-11,27.916,468090
tok22,2021-06-12,27.783,336665
tok22,2021-06-13,26.011,378443
tok22,2021-06-14,25.433,493050
tok22,2021-06-15,25.948,602444
tok22,2021-06-16,24.844,810470
tok22,2021-06-17,26.002,345858
tok22,2021-06-18,27.935,255302
tok22,2021-06-19,27.589,497132
tok22,2021-06-20,27.503,201057
tok22,2021-06-21,27.43,469828
tok22,2021-06-22,26.11,272080
tok22,2021-06-23,27.993,277711
tok22,2021-06-24,26.883,201200
tok22,2021-06-25,27.573,456028
tok22,2021-06-26,29.35,1138212
tok22,2021-06-27,28.693,833254
tok22,2021-06-28,29.514,447657
tok22,2021-06-29,28.922,568228
tok22,2021-06-30,29.952,612910
tok22,2021-07-01,29.453,236686
tok22,2021-07-02,29.559,235018
tok22,2021-07-03,28.251,208516
tok22,2021-07-04,27.502,413605
tok22,2021-07-05,28.519,342127
tok22,2021-07-06,31.103,685703
tok22,2021-07-07,31.696,467392
tok22,2021-07-08,32.287,325351
tok22,2021-07-09,31.825,258943
tok22,2021-07-10,31.583,420514
tok22,2021-07-11,31.935,784275
tok22,2021-07-12,30.002,769703
tok22,2021-07-13,29.896,719662
tok22,2021-07-14,29.345,1263473
tok22,2021-07-15,31.799,374353
tok22,2021-07-16,34.011,777220
tok22,2021-07-17,35.63,768370
tok22,2021-07-18,35.814,511942
tok22,2021-07-19,35.815,307606
tok22,2021-07-20,35.286,271266
tok22,2021-07-21,35.925,716903
tok22,2021-07-22,36.621,236591
tok22,2021-07-23,34.091,350434
tok22,2021-07-24,34.445,916034
tok22,2021-07-25,34.65,556030
tok22,2021-07-26,36.048,711332
tok22,2021-07-27,37.42,126273
tok22,2021-07-28,35.395,353945
tok22,2021-07-29,34.527,279242
tok22,2021-07-30,34.563,401436
tok22,2021-07-31,35.213,794251
tok22,2021-08-01,36.663,294953
tok22,2021-08-02,37.217,130380
tok22,2021-08-03,39.071,263564
tok22,2021-08-04,38.996,416867
tok22,2021-08-05,37.293,779804
tok22,2021-08-06,36.899,245200
tok22,2021-08-07,35.124,771909
tok22,2021-08-08,35.747,663186
tok22,2021-08-09,35.884,251428
tok22,2021-08-10,35.977,872469
tok22,2021-08-11,37.011,541624
tok22,2021-08-12,36.45,154604
tok22,2021-08-13,38.197,336297
tok22,2021-08-14,40.946,938739
tok22,2021-08-15,41.211,293137
tok22,2021-08-16,39.383,662950
tok22,2021-08-17,39.517,471426
tok22,2021-08-18,42.925,554259
tok22,2021-08-19,42.212,626003
tok22,2021-08-20,41.113,269614
tok22,2021-08-21,41.149,591519
tok22,2021-08-22,41.656,537558
tok22,2021-08-23,43.253,417787
tok22,2021-08-24,43.433,498190
tok22,2021-08-25,44.582,463541
tok22,2021-08-26,47.382,342988
tok22,2021-08-27,47.997,498288
tok22,2021-08-28,44.733,623639
tok22,2021-08-29,44.498,236260
tok22,2021-08-30,43.897,384579
tok22,2021-08-31,45.949,469328
tok22,2021-09-01,46.341,566657
tok22,2021-09-02,44.066,621451
tok22,2021-09-03,39.728,705271
tok22,2021-09-04,38.36,304135
tok22,2021-09-05,41.223,806649
tok22,2021-09-06,39.645,332428
tok22,2021-09-07,37.759,659339
tok22,2021-09-08,37.524,437535
tok22,2021-09-09,38.281,271535
tok22,2021-09-10,39.894,1170431
tok22,2021-09-11,40.37,986002
tok22,2021-09-12,37.426,291853
tok22,2021-09-13,38.516,861218
tok22,2021-09-14,37.513,348113
tok22,2021-09-15,35.583,310556
tok22,2021-09-16,36.039,668323
tok22,2021-09-17,36.679,466968
tok22,2021-09-18,36.824,167912
tok22,2021-09-19,36.857,346925
tok22,2021-09-20,36.1,643384
tok22,2021-09-21,36.287,263557
tok22,2021-09-22,36.554,575261
tok22,2021-09-23,36.038,535334
tok22,2021-09-24,37.602,340889
tok22,2021-09-25,36.72,559611
tok22,2021-09-26,37.448,440382
tok22,2021-09-27,37.329,199493
tok22,2021-09-28,38.785,956043
tok22,2021-09-29,35.913,296734
tok22,2021-09-30,34.674,262141
tok22,2021-10-01,32.76,1582083
tok22,2021-10-02,31.606,376232
tok22,2021-10-03,32.831,631438
tok22,2021-10-04,33.713,494093
tok22,2021-10-05,32.792,234983
tok22,2021-10-06,32.891,396535
tok22,2021-10-07,33.918,1228058
tok22,2021-10-08,32.786,2121895
tok22,2021-10-09,33.848,780203
tok22,2021-10-10,33.38,335839
tok22,2021-10-11,31.079,471515
tok22,2021-10-12,31.048,457330
tok22,2021-10-13,33.229,848280
tok22,2021-10-14,34.114,223376
tok22,2021-10-15,34.433,1106836
tok22,2021-10-16,33.633,306579
tok22,2021-10-17,33.05,688581
tok22,2021-10-18,31.867,435550
tok22,2021-10-19,33.457,328016
tok22,2021-10-20,32.082,693047
tok22,2021-10-21,32.44,121282
tok22,2021-10-22,35.503,105911
tok22,2021-10-23,35.667,579689
tok22,2021-10-24,35.89,307421
tok22,2021-10-25,33.888,407808
tok22,2021-10-26,35.515,217417
tok22,2021-10-27,33.921,980467
tok22,2021-10-28,34.675,756545
tok22,2021-10-29,35.28,396066
tok22,2021-10-30,33.636,475075
tok22,2021-10-31,34.683,478286
tok22,2021-11-01,36.519,355330
tok22,2021-11-02,37.543,523093
tok22,2021-11-03,34.865,283301
tok22,2021-11-04,32.605,477834
tok22,2021-11-05,32.686,408306
tok22,2021-11-06,32.92,317509
tok22,2021-11-07,33.139,260390
tok22,2021-11-08,33.961,853387
tok22,2021-11-09,31.966,315584
tok22,2021-11-10,31.928,247739
tok22,2021-11-11,30.747,571249
tok22,2021-11-12,32.299,293484
tok22,2021-11-13,31.901,250332
tok22,2021-11-14,32.37,242278
tok22,2021-11-15,31.525,822163
tok22,2021-11-16,31.137,714842
tok22,2021-11-17,29.465,320992
tok22,2021-11-18,32.381,700945
tok22,2021-11-19,31.452,129577
tok22,2021-11-20,30.341,249595
tok22,2021-11-21,32.473,412085
tok22,2021-11-22,29.735,246704
tok22,2021-11-23,30.413,926656
tok22,2021-11-24,29.239,543767
tok22,2021-11-25,29.693,317020
tok22,2021-11-26,30.034,351737
tok22,2021-11-27,28.941,441424
tok22,2021-11-28,27.194,565395
tok22,2021-11-29,28.127,546655
tok22,2021-11-30,26.273,906505
tok22,2021-12-01,26.932,309220
tok22,2021-12-02,27.891,321538
tok22,2021-12-03,27.396,294784
tok22,2021-12-04,27.81,335081
tok22,2021-12-05,30.152,659716
tok22,2021-12-06,28.583,204896
tok22,2021-12-07,26.87,877110
tok22,2021-12-08,26.293,372290
tok22,2021-12-09,26.501,362706
tok22,2021-12-10,25.7,472091
tok22,2021-12-11,27.157,602014
tok22,2021-12-12,26.208,961010
tok22,2021-12-13,26.091,629271
tok22,2021-12-14,27.737,472693
tok22,2021-12-15,27.569,572180
tok22,2021-12-16,25.791,651613
tok22,2021-12-17,27.612,273213
tok22,2021-12-18,25.606,637005
tok22,2021-12-19,24.375,391986
tok22,2021-12-20,26.379,714404
tok22,2021-12-21,26.631,266241
tok22,2021-12-22,25.074,123925
tok22,2021-12-23,25.231,230484
tok22,2021-12-24,25.467,337333
tok22,2021-12-25,26.964,136344
tok22,2021-12-26,27.877,415214
tok22,2021-12-27,28.826,364733
tok22,2021-12-28,28.914,328763
tok22,2021-12-29,32.013,296974
tok22,2021-12-30,32.201,515074
tok22,2021-12-31,33.47,346902
tok22,2022-01-01,36.452,317712
tok22,2022-01-02,36.568,371674
tok22,2022-01-03,36.824,748100
tok22,2022-01-04,36.367,522264
tok22,2022-01-05,40.129,498284
tok22,2022-01-06,38.393,266339
tok22,2022-01-07,36.102,946560
tok22,2022-01-08,36.719,1047720
tok22,2022-01-09,38.67,791635
tok22,2022-01-10,37.509,546117
tok22,2022-01-11,37.14,362179
tok22,2022-01-12,34.544,614491
tok22,2022-01-13,33.961,204172
tok22,2022-01-14,33.336,800450
tok22,2022-01-15,32.391,450963
tok22,2022-01-16,33.328,644414
tok22,2022-01-17,33.69,521778
tok22,2022-01-18,34.215,640419
tok22,2022-01-19,32.844,379981
tok22,2022-01-20,33.91,877746
tok22,2022-01-21,33.698,270418
tok22,2022-01-22,35.032,454272
tok22,2022-01-23,32.998,266395
tok22,2022-01-24,31.268,542721
tok22,2022-01-25,32.746,403587
tok22,2022-01-26,34.791,292125
tok22,2022-01-27,34.792,382919
tok22,2022-01-28,36.04,354017
tok22,2022-01-29,36.758,322038
tok22,2022-01-30,35.418,592025
tok22,2022-01-31,38.085,547746
tok22,2022-02-01,35.293,398175
tok22,2022-02-02,37.288,480583
tok22,2022-02-03,35.621,217046
tok22,2022-02-04,35.694,753856
tok22,2022-02-05,34.764,376721
tok22,2022-02-06,36.3,204076
tok22,2022-02-07,36.539,778609
tok22,2022-02-08,35.888,574484
tok22,2022-02-09,34.412,274399
tok22,2022-02-10,34.396,442034
tok22,2022-02-11,34.063,271812
tok22,2022-02-12,35.271,568117
tok22,2022-02-13,35.364,426348
tok22,2022-02-14,37.277,419283
tok22,2022-02-15,40.083,578510
tok22,2022-02-16,43.298,481228
tok22,2022-02-17,44.418,179866
tok22,2022-02-18,44.536,293970
tok22,2022-02-19,44.003,292656
tok22,2022-02-20,40.443,332228
tok22,2022-02-21,39.655,388477
tok22,2022-02-22,38.913,341102
tok22,2022-02-23,39.247,233969
tok22,2022-02-24,36.743,768386
tok22,2022-02-25,38.815,468996
tok22,2022-02-26,39.867,347616
tok22,2022-02-27,38.722,197646
tok22,2022-02-28,34.69,300295
tok22,2022-03-01,36.189,577060
tok22,2022-03-02,39.326,346486
tok22,2022-03-03,38.067,620212
tok22,2022-03-04,38.672,442809
tok22,2022-03-05,43.431,490520
tok22,2022-03-06,44.091,306601
tok22,2022-03-07,44.112,280372
tok22,2022-03-08,44.664,445740
tok22,2022-03-09,44.398,238287
tok22,2022-03-10,44.884,613156
tok22,2022-03-11,45.761,656632
tok22,2022-03-12,45.096,316185
tok22,2022-03-13,42.329,403458
tok22,2022-03-14,43.648,357416
tok22,2022-03-15,43.998,698877
tok22,2022-03-16,43.923,366497
tok22,2022-03-17,40.501,819194
tok22,2022-03-18,37.928,361351
tok22,2022-03-19,36.684,428271
tok22,2022-03-20,33.707,319464
tok22,2022-03-21,36.526,468245
tok22,2022-03-22,36.099,671388
tok22,2022-03-23,37.197,662797
tok22,2022-03-24,36.599,791608
tok22,2022-03-25,38.072,483230
tok22,2022-03-26,39.212,448202
tok22,2022-03-27,36.911,353819
tok22,2022-03-28,34.696,434830
tok22,2022-03-29,34.493,331744
tok22,2022-03-30,32.186,621890
tok22,2022-03-31,31.424,232048
tok22,2022-04-01,30.85,791381
tok22,2022-04-02,30.686,153428
tok22,2022-04-03,31.4,488367
tok22,2022-04-04,30.706,458654
tok22,2022-04-05,33.722,1165417
tok22,2022-04-06,32.012,822914
tok22,2022-04-07,31.612,500383
tok22,2022-04-08,31.074,657999
tok22,2022-04-09,29.626,472367
tok22,2022-04-10,28.491,130077
tok22,2022-04-11,27.388,2506075
tok22,2022-04-12,27.522,343335
tok22,2022-04-13,26.638,247393
tok22,2022-04-14,25.968,445530
tok22,2022-04-15,24.582,267549
tok22,2022-04-16,25.0,611847
tok22,2022-04-17,24.613,619667
tok22,2022-04-18,25.019,328824
tok22,2022-04-19,26.67,435733
tok22,2022-04-20,26.954,339307
tok22,2022-04-21,27.532,621589
tok22,2022-04-22,27.005,544552
tok22,2022-04-23,28.831,288766
tok22,2022-04-24,29.269,761916
tok22,2022-04-25,28.272,680340
tok22,2022-04-26,27.0,286820
tok22,2022-04-27,24.436,369347
tok22,2022-04-28,24.658,959121
tok22,2022-04-29,25.455,559567
tok22,2022-04-30,27.098,490900
tok22,2022-05-01,28.185,454967
tok22,2022-05-02,28.764,557845
tok22,2022-05-03,30.577,424424
tok22,2022-05-04,29.911,451924
tok22,2022-05-05,28.713,804704
tok22,2022-05-06,27.904,410038
tok22,2022-05-07,27.126,1159608
tok22,2022-05-08,25.808,671375
tok22,2022-05-09,26.382,777200
tok22,2022-05-10,26.447,454733
tok22,2022-05-11,27.977,862455
tok22,2022-05-12,28.09,530915
tok22,2022-05-13,28.169,562733
tok22,2022-05-14,28.04,291159
tok22,2022-05-15,27.186,339055
tok22,2022-05-16,27.326,511526
tok22,2022-05-17,26.315,906346
tok22,2022-05-18,24.723,349571
tok22,2022-05-19,25.871,137132
tok22,2022-05-20,25.881,350579
tok22,2022-05-21,24.498,361828
tok22,2022-05-22,24.81,394382
tok22,2022-05-23,25.235,326448
tok22,2022-05-24,25.251,524158
tok22,2022-05-25,24.014,507102
tok22,2022-05-26,22.701,662360
tok22,2022-05-27,22.224,383824
tok22,2022-05-28,20.114,405242
tok22,2022-05-29,19.888,578899
tok22,2022-05-30,19.829,494901
tok22,2022-05-31,18.909,1149151
tok22,2022-06-01,18.776,227114
tok22,2022-06-02,17.497,487182
tok22,2022-06-03,16.841,498279
tok22,2022-06-04,17.728,474409
tok22,2022-06-05,16.727,632818
tok22,2022-06-06,16.657,912492
tok22,2022-06-07,16.813,481971
tok22,2022-06-08,16.846,398787
tok22,2022-06-09,16.865,367349
tok22,2022-06-10,15.655,325694
tok22,2022-06-11,15.737,424600
tok22,2022-06-12,15.245,905417
tok22,2022-06-13,15.041,376560
tok22,2022-06-14,14.872,322271
tok22,2022-06-15,15.58,949260
tok22,2022-06-16,16.046,591330
tok22,2022-06-17,14.889,705242
tok22,2022-06-18,14.181,593884
tok22,2022-06-19,14.264,545835
tok22,2022-06-20,14.493,511753
tok22,2022-06-21,13.912,408315
tok22,2022-06-22,14.28,945042
tok22,2022-06-23,13.546,912491
tok22,2022-06-24,13.586,634121
tok22,2022-06-25,14.018,880614
tok22,2022-06-26,14.347,440315
tok22,2022-06-27,14.755,650403
tok22,2022-06-28,15.475,485178
tok22,2022-06-29,15.823,788935
tok22,2022-06-30,17.648,511183
tok22,2022-07-01,17.687,1006654
tok22,2022-07-02,18.047,337186
tok22,2022-07-03,17.734,645926
tok22,2022-07-04,18.002,139813
tok22,2022-07-05,17.856,614980
tok22,2022-07-06,17.078,346634
tok22,2022-07-07,16.977,792480
tok22,2022-07-08,17.623,303756
tok22,2022-07-09,18.675,405779
tok22,2022-07-10,17.918,447327
tok22,2022-07-11,18.563,520272
tok22,2022-07-12,19.709,756768
tok22,2022-07-13,20.337,765454
tok22,2022-07-14,19.432,1484938
tok22,2022-07-15,20.453,659748
tok22,2022-07-16,19.859,405287
tok22,2022-07-17,19.447,1195097
tok22,2022-07-18,19.343,632833
tok22,2022-07-19,18.797,585171
tok22,2022-07-20,19.046,681102
tok22,2022-07-21,18.993,518425
tok22,2022-07-22,19.538,368105
tok22,2022-07-23,19.46,357245
tok22,2022-07-24,19.975,420493
tok22,2022-07-25,19.576,243151
tok22,2022-07-26,21.315,292225
tok22,2022-07-27,22.625,657143
tok22,2022-07-28,23.678,415426
tok22,2022-07-29,25.536,469128
tok22,2022-07-30,24.302,407280
tok22,2022-07-31,25.089,329373
tok22,2022-08-01,26.657,333259
tok22,2022-08-02,25.588,593707
tok22,2022-08-03,24.833,621038
tok22,2022-08-04,23.553,311377
tok22,2022-08-05,23.269,277263
tok22,2022-08-06,22.643,1147616
tok22,2022-08-07,23.011,412454
tok22,2022-08-08,22.581,1047172
tok22,2022-08-09,20.973,351826
tok22,2022-08-10,19.461,397965
tok22,2022-08-11,19.472,455907
tok22,2022-08-12,18.931,2285806
tok22,2022-08-13,18.376,450269
tok22,2022-08-14,17.186,343525
tok22,2022-08-15,17.517,226447
tok22,2022-08-16,17.39,465852
tok22,2022-08-17,18.193,362405
tok22,2022-08-18,17.954,627887
tok22,2022-08-19,17.534,579279
tok22,2022-08-20,17.353,286536
tok22,2022-08-21,16.491,202015
tok22,2022-08-22,16.112,253922
tok22,2022-08-23,15.599,314732
tok22,2022-08-24,16.112,383935
tok22,2022-08-25,16.469,257792
tok22,2022-08-26,16.5,1482244
tok22,2022-08-27,16.551,846730
tok22,2022-08-28,16.589,333577
tok22,2022-08-29,16.199,316989
tok22,2022-08-30,16.84,860209
tok22,2022-08-31,16.506,452283
tok22,2022-09-01,17.451,224773
tok22,2022-09-02,17.481,491589
tok22,2022-09-03,17.391,347360
tok22,2022-09-04,17.609,304347
tok22,2022-09-05,17.369,733323
tok22,2022-09-06,16.296,390668
tok22,2022-09-07,16.671,299178
tok22,2022-09-08,17.182,962684
tok22,2022-09-09,16.334,465774
tok22,2022-09-10,16.028,626975
tok22,2022-09-11,15.206,989659
tok22,2022-09-12,15.718,481941
tok22,2022-09-13,15.534,451580
tok22,2022-09-14,15.818,582673
tok22,2022-09-15,15.599,307046
tok22,2022-09-16,14.036,319390
tok22,2022-09-17,13.995,309559
tok22,2022-09-18,13.303,339427
tok22,2022-09-19,13.115,345090
tok22,2022-09-20,12.845,465685
tok22,2022-09-21,13.035,816507
tok22,2022-09-22,12.429,513847
tok22,2022-09-23,12.338,398440
tok22,2022-09-24,11.721,392816
tok22,2022-09-25,11.892,579507
tok22,2022-09-26,11.562,349249
tok22,2022-09-27,11.55,266019
tok22,2022-09-28,11.632,530041
tok22,2022-09-29,11.322,240810
tok22,2022-09-30,11.0,434545
tok22,2022-10-01,10.827,1233368
tok22,2022-10-02,10.98,371164
tok22,2022-10-03,11.386,1346506
tok22,2022-10-04,10.845,399758
tok22,2022-10-05,11.388,403187
tok22,2022-10-06,11.973,789361
tok22,2022-10-07,12.37,721577
tok22,2022-10-08,12.505,220786
tok22,2022-10-09,11.862,544993
tok22,2022-10-10,11.18,324813
tok22,2022-10-11,11.915,245996
tok22,2022-10-12,12.371,762057
tok22,2022-10-13,12.548,1162760
tok22,2022-10-14,12.995,1128643
tok22,2022-10-15,12.458,471799
tok22,2022-10-16,12.234,469105
tok22,2022-10-17,12.605,400631
tok22,2022-10-18,12.891,593313
tok22,2022-10-19,12.782,1209247
tok22,2022-10-20,12.97,371399
tok22,2022-10-21,12.532,299218
tok22,2022-10-22,12.875,723343
tok22,2022-10-23,12.996,336359
tok22,2022-10-24,13.044,131182
tok22,2022-10-25,13.514,752899
tok22,2022-10-26,14.17,289228
tok22,2022-10-27,13.432,318013
tok22,2022-10-28,14.601,455464
tok22,2022-10-29,14.462,501076
tok22,2022-10-30,15.448,277661
tok22,2022-10-31,15.49,262165
tok22,2022-11-01,16.425,361689
tok22,2022-11-02,15.305,478267
tok22,2022-11-03,15.339,308391
tok22,2022-11-04,15.487,201552
tok22,2022-11-05,15.563,236801
tok22,2022-11-06,15.686,272596
tok22,2022-11-07,15.68,312873
tok22,2022-11-08,15.138,290292
tok22,2022-11-09,15.725,256963
tok22,2022-11-10,15.656,308799
tok22,2022-11-11,15.472,526341
tok22,2022-11-12,14.736,707504
tok22,2022-11-13,14.791,798242
tok22,2022-11-14,14.945,604715
tok22,2022-11-15,13.929,580678
tok22,2022-11-16,14.724,208661
tok22,2022-11-17,15.288,573074
tok22,2022-11-18,15.116,428983
tok22,2022-11-19,13.327,363814
tok22,2022-11-20,12.901,582322
tok22,2022-11-21,12.841,254037
tok22,2022-11-22,12.457,642356
tok22,2022-11-23,12.569,478807
tok22,2022-11-24,12.273,456703
tok22,2022-11-25,12.649,813119
tok22,2022-11-26,13.13,537172
tok22,2022-11-27,12.937,344045
tok22,2022-11-28,12.43,487730
tok22,2022-11-29,12.536,460597
tok22,2022-11-30,13.06,431230
tok22,2022-12-01,13.216,525802
tok22,2022-12-02,13.335,598859
tok22,2022-12-03,13.459,385626
tok22,2022-12-04,13.969,147107
tok22,2022-12-05,13.675,326009
tok22,2022-12-06,13.447,331117
tok22,2022-12-07,12.96,539004
tok22,2022-12-08,11.874,392744
tok22,2022-12-09,12.669,414444
tok22,2022-12-10,12.506,425863
tok22,2022-12-11,12.229,507974
tok22,2022-12-12,12.023,369491
tok22,2022-12-13,12.125,196656
tok22,2022-12-14,11.371,360719
tok22,2022-12-15,10.756,648995
tok22,2022-12-16,10.747,328080
tok22,2022-12-17,10.788,710089
tok22,2022-12-18,10.81,654450
tok22,2022-12-19,10.248,251295
tok22,2022-12-20,10.168,553365
tok22,2022-12-21,10.812,368710
tok22,2022-12-22,10.459,443718
tok22,2022-12-23,11.697,339814
tok22,2022-12-24,11.959,692703
tok22,2022-12-25,12.999,163402
tok22,2022-12-26,13.172,233527
tok22,2022-12-27,13.721,265300
tok22,2022-12-28,14.372,539354
tok22,2022-12-29,13.658,680431
tok22,2022-12-30,12.599,239844
tok22,2022-12-31,12.782,627572
tok22,2023-01-01,12.548,261045
tok22,2023-01-02,12.817,266380
tok22,2023-01-03,13.044,145857
tok22,2023-01-04,13.081,158838
tok22,2023-01-05,12.593,437326
tok22,2023-01-06,12.859,352931
tok22,2023-01-07,12.618,365894
tok22,2023-01-08,12.891,395131
tok22,2023-01-09,12.959,218348
tok22,2023-01-10,12.678,953780
tok22,2023-01-11,12.627,404904
tok22,2023-01-12,12.782,314564
tok22,2023-01-13,12.616,1593413
tok22,2023-01-14,12.046,804737
tok22,2023-01-15,12.137,541990
tok22,2023-01-16,11.789,1533253
tok22,2023-01-17,11.393,226098
tok22,2023-01-18,10.79,424346
tok22,2023-01-19,10.482,518019
tok22,2023-01-20,10.517,361756
tok22,2023-01-21,10.346,739595
tok22,2023-01-22,10.417,84082
tok22,2023-01-23,10.298,344474
tok22,2023-01-24,10.276,971905
tok22,2023-01-25,9.998,146824
tok22,2023-01-26,9.763,754489
tok22,2023-01-27,9.802,477949
tok22,2023-01-28,9.812,297114
tok22,2023-01-29,9.753,335118
tok22,2023-01-30,10.259,455224
tok22,2023-01-31,10.23,652977
tok22,2023-02-01,9.79,756987
tok22,2023-02-02,9.631,675398
tok22,2023-02-03,8.864,406819
tok22,2023-02-04,8.907,159937
tok22,2023-02-05,8.499,562129
tok22,2023-02-06,8.377,676635
tok22,2023-02-07,7.508,457654
tok22,2023-02-08,7.898,800807
tok22,2023-02-09,7.612,181324
tok22,2023-02-10,7.615,693021
tok22,2023-02-11,7.689,646864
tok22,2023-02-12,7.867,590343
tok22,2023-02-13,7.935,597648
tok22,2023-02-14,7.755,515675
tok22,2023-02-15,7.657,335608
tok22,2023-02-16,7.863,128267
tok22,2023-02-17,8.481,452595
tok22,2023-02-18,8.945,239278
tok22,2023-02-19,8.399,525922
tok22,2023-02-20,8.367,282890
tok22,2023-02-21,8.469,326705
tok22,2023-02-22,8.463,468002
tok22,2023-02-23,8.269,400745
tok22,2023-02-24,7.898,391069
tok22,2023-02-25,8.561,276487
tok22,2023-02-26,8.419,282825
tok22,2023-02-27,7.966,344918
tok22,2023-02-28,7.549,350535
tok22,2023-03-01,7.522,456776
tok22,2023-03-02,7.568,312222
tok22,2023-03-03,7.287,332716
tok22,2023-03-04,7.091,1018543
tok22,2023-03-05,7.53,1282123
tok22,2023-03-06,8.01,793456
tok22,2023-03-07,8.351,361896
tok22,2023-03-08,8.47,649207
tok22,2023-03-09,8.48,354835
tok22,2023-03-10,8.364,518361
tok22,2023-03-11,7.513,568700
tok22,2023-03-12,7.825,377206
tok22,2023-03-13,8.081,129327
tok22,2023-03-14,8.294,769416
tok22,2023-03-15,7.858,249701
tok22,2023-03-16,7.601,108500
tok22,2023-03-17,7.663,304874
tok22,2023-03-18,7.808,411458
tok22,2023-03-19,7.445,315516
tok22,2023-03-20,7.905,767929
tok22,2023-03-21,7.995,228518
tok22,2023-03-22,8.193,519323
tok22,2023-03-23,7.782,447245
tok22,2023-03-24,8.477,615323
tok22,2023-03-25,8.572,339294
tok22,2023-03-26,8.428,300662
tok22,2023-03-27,8.504,526006
tok22,2023-03-28,9.07,569271
tok22,2023-03-29,9.589,383506
tok22,2023-03-30,9.25,315823
tok22,2023-03-31,9.171,226492
tok22,2023-04-01,9.34,241368
tok22,2023-04-02,9.87,494074
tok22,2023-04-03,9.604,641113
tok22,2023-04-04,9.624,327262
tok22,2023-04-05,9.436,689628
tok22,2023-04-06,8.983,325370
tok22,2023-04-07,8.869,267079
tok22,2023-04-08,8.778,367280
tok22,2023-04-09,8.115,311659
tok22,2023-04-10,7.979,255964
tok22,2023-04-11,8.063,667687
tok22,2023-04-12,8.63,224235
tok22,2023-04-13,8.841,715191
tok22,2023-04-14,9.103,443666
tok22,2023-04-15,8.945,517389
tok22,2023-04-16,8.822,491419
tok22,2023-04-17,8.728,291398
tok22,2023-04-18,8.266,458003
tok22,2023-04-19,8.459,1238335
tok22,2023-04-20,7.888,566914
tok22,2023-04-21,7.658,584179
tok22,2023-04-22,7.479,313337
tok22,2023-04-23,7.326,259897
tok22,2023-04-24,7.109,461121
tok22,2023-04-25,7.306,486927
tok22,2023-04-26,7.442,525000
tok22,2023-04-27,7.551,356947
tok22,2023-04-28,7.782,323426
tok22,2023-04-29,7.961,531262
tok22,2023-04-30,7.668,1090624
tok22,2023-05-01,7.754,757020
tok22,2023-05-02,8.038,826263
tok22,2023-05-03,7.88,1050404
tok22,2023-05-04,8.432,655383
tok22,2023-05-05,8.018,618117
tok22,2023-05-06,8.023,431063
tok22,2023-05-07,8.155,495505
tok22,2023-05-08,8.453,367296
tok22,2023-05-09,7.782,447241
tok22,2023-05-10,7.841,1146355
tok22,2023-05-11,7.89,492214
tok22,2023-05-12,7.456,228544
tok22,2023-05-13,7.618,276641
tok22,2023-05-14,7.432,1531444
tok22,2023-05-15,7.543,460475
tok22,2023-05-16,7.122,453611
tok22,2023-05-17,7.102,203924
tok22,2023-05-18,6.717,793428
tok22,2023-05-19,6.288,439739
tok22,2023-05-20,6.502,428405
tok22,2023-05-21,6.859,357780
tok22,2023-05-22,6.933,841517
tok22,2023-05-23,6.675,349006
tok22,2023-05-24,6.734,443182
tok22,2023-05-25,6.625,311416
tok22,2023-05-26,6.426,224986
tok22,2023-05-27,6.516,943900
tok22,2023-05-28,6.335,449314
tok22,2023-05-29,6.61,383439
tok22,2023-05-30,6.671,282856
tok22,2023-05-31,6.384,577713
tok22,2023-06-01,6.364,753476
tok22,2023-06-02,6.333,330946
tok22,2023-06-03,6.427,796414
tok22,2023-06-04,6.268,597497
tok22,2023-06-05,6.061,361687
tok22,2023-06-06,6.426,1312050
tok22,2023-06-07,6.375,565464
tok22,2023-06-08,6.578,126581
tok22,2023-06-09,6.583,268168
tok22,2023-06-10,6.319,414136
tok22,2023-06-11,6.268,355870
tok22,2023-06-12,6.034,198780
tok22,2023-06-13,5.757,520333
tok22,2023-06-14,5.539,317253
tok22,2023-06-15,5.637,480013
tok22,2023-06-16,5.215,203632
tok22,2023-06-17,5.137,260796
tok22,2023-06-18,5.052,405562
tok22,2023-06-19,5.044,587344
tok22,2023-06-20,5.136,283877
tok22,2023-06-21,5.111,642742
tok22,2023-06-22,5.002,610746
tok22,2023-06-23,4.873,554468
tok22,2023-06-24,4.864,463196
tok22,2023-06-25,4.672,503259
tok22,2023-06-26,4.571,582576
tok22,2023-06-27,4.702,1285730
tok22,2023-06-28,4.639,472640
tok22,2023-06-29,4.357,258614
tok22,2023-06-30,4.155,256343
tok22,2023-07-01,4.111,305190
tok22,2023-07-02,4.17,265400
tok22,2023-07-03,4.169,1258257
tok22,2023-07-04,4.589,490451
tok22,2023-07-05,4.37,608989
tok22,2023-07-06,4.43,445883
tok22,2023-07-07,4.26,909169
tok22,2023-07-08,4.283,756604
tok22,2023-07-09,4.453,212411
tok22,2023-07-10,4.373,352390
tok22,2023-07-11,4.439,379522
tok22,2023-07-12,4.523,456679
tok22,2023-07-13,4.54,234648
tok22,2023-07-14,4.447,447522
tok22,2023-07-15,4.122,364072
tok22,2023-07-16,4.215,835408
tok22,2023-07-17,4.087,652954
tok22,2023-07-18,4.081,719007
tok22,2023-07-19,4.098,256698
tok22,2023-07-20,4.248,674365
tok22,2023-07-21,4.281,532740
tok22,2023-07-22,4.272,379207
tok22,2023-07-23,4.052,249794
tok22,2023-07-24,4.041,1003777
tok22,2023-07-25,4.175,497740
tok22,2023-07-26,4.318,220948
tok22,2023-07-27,4.298,451256
tok22,2023-07-28,4.298,980435
tok22,2023-07-29,4.399,330488
tok22,2023-07-30,4.328,674245
tok22,2023-07-31,4.459,434504
tok22,2023-08-01,4.485,692743
tok22,2023-08-02,4.449,586001
tok22,2023-08-03,4.452,244146
tok22,2023-08-04,4.463,301631
tok22,2023-08-05,4.706,959838
tok22,2023-08-06,4.551,501499
tok22,2023-08-07,4.482,651766
tok22,2023-08-08,4.369,424070
tok22,2023-08-09,4.157,266812
tok22,2023-08-10,4.0,456485
tok22,2023-08-11,4.209,710304
tok22,2023-08-12,4.456,534143
tok22,2023-08-13,4.742,565728
tok22,2023-08-14,4.849,282361
tok22,2023-08-15,5.166,197566
tok22,2023-08-16,4.752,446446
tok22,2023-08-17,4.899,534195
tok22,2023-08-18,5.473,1799150
tok22,2023-08-19,5.628,505345
tok22,2023-08-20,6.042,424008
tok22,2023-08-21,6.182,541627
tok22,2023-08-22,6.156,104418
tok22,2023-08-23,6.002,667605
tok22,2023-08-24,6.22,365731
tok22,2023-08-25,6.32,711930
tok22,2023-08-26,6.133,580540
tok22,2023-08-27,6.404,1224215
tok22,2023-08-28,6.611,620480
tok22,2023-08-29,6.186,522593
tok22,2023-08-30,6.49,316033
tok22,2023-08-31,6.712,471548
tok22,2023-09-01,6.462,249945
tok22,2023-09-02,6.363,292820
tok22,2023-09-03,5.869,931328
tok22,2023-09-04,5.529,671119
tok22,2023-09-05,5.154,453674
tok22,2023-09-06,5.191,441831
tok22,2023-09-07,5.04,479277
tok22,2023-09-08,5.485,395289
tok22,2023-09-09,5.99,603647
tok22,2023-09-10,5.538,604454
tok22,2023-09-11,5.75,849028
tok22,2023-09-12,5.523,741240
tok22,2023-09-13,5.566,878530
tok22,2023-09-14,5.72,751638
tok22,2023-09-15,5.947,480446
tok22,2023-09-16,5.842,251045
tok22,2023-09-17,5.577,372386
tok22,2023-09-18,5.776,242314
tok22,2023-09-19,5.713,1034980
tok22,2023-09-20,5.498,1030584
tok22,2023-09-21,5.625,646189
tok22,2023-09-22,5.985,708732
tok22,2023-09-23,6.127,703660
tok22,2023-09-24,5.981,284443
tok22,2023-09-25,6.167,272833
tok22,2023-09-26,5.865,410863
tok22,2023-09-27,6.202,191721
tok22,2023-09-28,5.863,390265
tok22,2023-09-29,5.81,605602
tok22,2023-09-30,5.539,225184
tok22,2023-10-01,5.298,726854
tok22,2023-10-02,5.02,316495
tok22,2023-10-03,4.883,587671
tok22,2023-10-04,4.69,497111
tok22,2023-10-05,4.658,279149
tok22,2023-10-06,4.934,350172
tok22,2023-10-07,4.77,303591
tok22,2023-10-08,4.81,501602
tok22,2023-10-09,4.967,222560
tok22,2023-10-10,5.159,517658
tok22,2023-10-11,4.994,714103
tok22,2023-10-12,4.659,511695
tok22,2023-10-13,4.538,809020
tok22,2023-10-14,4.889,368505
tok22,2023-10-15,5.0,429833
tok22,2023-10-16,4.701,403699
tok22,2023-10-17,4.863,635921
tok22,2023-10-18,4.902,300937
tok22,2023-10-19,4.475,477660
tok22,2023-10-20,4.456,764669
tok22,2023-10-21,4.261,566232
tok22,2023-10-22,4.192,543955
tok22,2023-10-23,4.258,291299
tok22,2023-10-24,4.213,600623
tok22,2023-10-25,3.937,295815
tok22,2023-10-26,3.786,265499
tok22,2023-10-27,3.529,667959
tok22,2023-10-28,3.414,643807
tok22,2023-10-29,3.571,912431
tok22,2023-10-30,3.65,799134
tok22,2023-10-31,3.691,827028
tok22,2023-11-01,3.791,256600
tok22,2023-11-02,3.5,165796
tok22,2023-11-03,3.584,962534
tok22,2023-11-04,3.646,348148
tok22,2023-11-05,3.529,496383
tok22,2023-11-06,3.568,402840
tok22,2023-11-07,3.699,364025
tok22,2023-11-08,3.464,102663
tok22,2023-11-09,3.59,424079
tok22,2023-11-10,3.448,475347
tok22,2023-11-11,3.596,346774
tok22,2023-11-12,3.427,326447
tok22,2023-11-13,3.406,324271
tok22,2023-11-14,3.233,486305
tok22,2023-11-15,3.548,232520
tok22,2023-11-16,3.511,509661
tok22,2023-11-17,3.535,393704
tok22,2023-11-18,3.569,428704
tok22,2023-11-19,3.594,378582
tok22,2023-11-20,3.809,465236
tok22,2023-11-21,3.526,511362
tok22,2023-11-22,3.51,441631
tok22,2023-11-23,3.614,357003
tok22,2023-11-24,3.558,629049
tok22,2023-11-25,3.568,306658
tok22,2023-11-26,3.546,653183
tok22,2023-11-27,3.335,1010810
tok22,2023-11-28,3.551,531440
tok22,2023-11-29,3.645,337856
tok22,2023-11-30,3.8,667084
tok22,2023-12-01,3.54,382956
tok22,2023-12-02,3.486,456266
tok22,2023-12-03,3.51,836717
tok22,2023-12-04,3.478,506182
tok22,2023-12-05,3.501,395231
tok22,2023-12-06,3.417,423419
tok22,2023-12-07,3.269,222941
tok22,2023-12-08,3.402,517676
tok22,2023-12-09,3.38,325239
tok22,2023-12-10,3.517,890628
tok22,2023-12-11,3.297,295274
tok22,2023-12-12,3.388,207628
tok22,2023-12-13,3.268,355732
tok22,2023-12-14,3.263,522549
tok22,2023-12-15,3.106,285123
tok22,2023-12-16,3.07,470975
tok22,2023-12-17,3.038,200587
tok22,2023-12-18,2.958,548811
tok22,2023-12-19,2.96,312775
tok22,2023-12-20,2.895,578225
tok22,2023-12-21,3.027,2370416
tok22,2023-12-22,2.929,405535
tok22,2023-12-23,2.939,326410
tok22,2023-12-24,2.914,867284
tok22,2023-12-25,2.844,455627
tok22,2023-12-26,2.877,285064
tok22,2023-12-27,2.799,374258
tok22,2023-12-28,2.671,584338
tok22,2023-12-29,2.57,686214
tok22,2023-12-30,2.77,870305
tok22,2023-12-31,2.657,378052
tok23,2021-01-01,97.061,319890
tok23,2021-01-02,93.009,306252
tok23,2021-01-03,89.602,1007650
tok23,2021-01-04,88.066,425725
tok23,2021-01-05,79.65,282647
tok23,2021-01-06,79.106,1006828
tok23,2021-01-07,77.33,263168
tok23,2021-01-08,75.295,453364
tok23,2021-01-09,75.045,453052
tok23,2021-01-10,71.978,524063
tok23,2021-01-11,77.955,885478
tok23,2021-01-12,71.649,235682
tok23,2021-01-13,75.78,350572
tok23,2021-01-14,70.655,526086
tok23,2021-01-15,74.218,266015
tok23,2021-01-16,71.733,632346
tok23,2021-01-17,74.675,142158
tok23,2021-01-18,73.531,573737
tok23,2021-01-19,75.777,363203
tok23,2021-01-20,72.963,358818
tok23,2021-01-21,79.526,250203
tok23,2021-01-22,79.565,227089
tok23,2021-01-23,78.125,436786
tok23,2021-01-24,76.969,448874
tok23,2021-01-25,78.82,449708
tok23,2021-01-26,82.454,248810
tok23,2021-01-27,84.127,334365
tok23,2021-01-28,83.75,597611
tok23,2021-01-29,83.519,486093
tok23,2021-01-30,86.591,496743
tok23,2021-01-31,83.752,419371
tok23,2021-02-01,75.231,212687
tok23,2021-02-02,75.905,1064009
tok23,2021-02-03,73.24,1048426
tok23,2021-02-04,71.654,168845
tok23,2021-02-05,76.879,167870
tok23,2021-02-06,84.838,299646
tok23,2021-02-07,84.397,480561
tok23,2021-02-08,80.863,579436
tok23,2021-02-09,77.706,223319
tok23,2021-02-10,76.433,232303
tok23,2021-02-11,83.508,279801
tok23,2021-02-12,84.168,494279
tok23,2021-02-13,88.016,214850
tok23,2021-02-14,85.585,374748
tok23,2021-02-15,85.467,348786
tok23,2021-02-16,82.458,393158
tok23,2021-02-17,82.903,544727
tok23,2021-02-18,84.232,304983
tok23,2021-02-19,82.107,430301
tok23,2021-02-20,80.26,757605
tok23,2021-02-21,77.575,382405
tok23,2021-02-22,78.91,467786
tok23,2021-02-23,78.756,384032
tok23,2021-02-24,79.756,374760
tok23,2021-02-25,85.758,458573
tok23,2021-02-26,87.853,290438
tok23,2021-02-27,95.608,454688
tok23,2021-02-28,92.144,389405
tok23,2021-03-01,90.587,126957
tok23,2021-03-02,93.434,451369
tok23,2021-03-03,95.181,415786
tok23,2021-03-04,89.985,554690
tok23,2021-03-05,86.115,442599
tok23,2021-03-06,83.721,652256
tok23,2021-03-07,85.971,524409
tok23,2021-03-08,88.697,428044
tok23,2021-03-09,92.27,537163
tok23,2021-03-10,90.51,439894
tok23,2021-03-11,84.588,568842
tok23,2021-03-12,83.704,410927
tok23,2021-03-13,83.767,333941
tok23,2021-03-14,87.33,425215
tok23,2021-03-15,91.623,204446
tok23,2021-03-16,91.518,459479
tok23,2021-03-17,88.445,394807
tok23,2021-03-18,93.119,537956
tok23,2021-03-19,88.53,770397
tok23,2021-03-20,85.886,413575
tok23,2021-03-21,85.71,441149
tok23,2021-03-22,86.973,1399611
tok23,2021-03-23,88.389,622939
tok23,2021-03-24,84.579,341625
tok23,2021-03-25,81.396,439918
tok23,2021-03-26,88.279,1037169
tok23,2021-03-27,95.038,710850
tok23,2021-03-28,96.741,436415
tok23,2021-03-29,97.071,352741
tok23,2021-03-30,92.983,426784
tok23,2021-03-31,91.569,218234
tok23,2021-04-01,91.064,415335
tok23,2021-04-02,95.192,333354
tok23,2021-04-03,93.318,303986
tok23,2021-04-04,93.398,487700
tok23,2021-04-05,91.581,411577
tok23,2021-04-06,86.275,431919
tok23,2021-04-07,85.281,434557
tok23,2021-04-08,82.226,692341
tok23,2021-04-09,79.139,512423
tok23,2021-04-10,77.802,297338
tok23,2021-04-11,79.805,329278
tok23,2021-04-12,76.631,1574261
tok23,2021-04-13,70.316,784242
tok23,2021-04-14,76.87,591234
tok23,2021-04-15,82.622,259297
tok23,2021-04-16,79.261,281099
tok23,2021-04-17,75.202,185549
tok23,2021-04-18,73.869,422280
tok23,2021-04-19,71.174,466505
tok23,2021-04-20,76.847,417984
tok23,2021-04-21,78.141,580877
tok23,2021-04-22,78.664,869723
tok23,2021-04-23,80.898,553579
tok23,2021-04-24,81.89,557367
tok23,2021-04-25,80.172,1461775
tok23,2021-04-26,79.23,191169
tok23,2021-04-27,84.392,1162668
tok23,2021-04-28,85.84,283695
tok23,2021-04-29,93.222,454200
tok23,2021-04-30,91.448,522094
tok23,2021-05-01,84.622,490134
tok23,2021-05-02,86.642,508932
tok23,2021-05-03,85.114,233019
tok23,2021-05-04,80.999,582896
tok23,2021-05-05,80.748,237877
tok23,2021-05-06,81.866,444929
tok23,2021-05-07,86.125,369697
tok23,2021-05-08,84.713,397764
tok23,2021-05-09,83.967,343373
tok23,2021-05-10,81.302,230592
tok23,2021-05-11,81.012,323579
tok23,2021-05-12,84.984,229266
tok23,2021-05-13,85.732,287937
tok23,2021-05-14,85.301,519309
tok23,2021-05-15,80.666,800216
tok23,2021-05-16,79.083,415067
tok23,2021-05-17,80.985,685223
tok23,2021-05-18,81.338,201914
tok23,2021-05-19,80.801,310223
tok23,2021-05-20,80.559,430275
tok23,2021-05-21,80.969,621518
tok23,2021-05-22,85.015,387461
tok23,2021-05-23,91.983,427942
tok23,2021-05-24,100.38,458510
tok23,2021-05-25,103.896,486303
tok23,2021-05-26,101.254,450276
tok23,2021-05-27,102.17,452256
tok23,2021-05-28,98.904,803607
tok23,2021-05-29,103.995,325411
tok23,2021-05-30,110.241,462718
tok23,2021-05-31,113.395,294858
tok23,2021-06-01,115.693,630147
tok23,2021-06-02,125.07,519865
tok23,2021-06-03,120.625,1030147
tok23,2021-06-04,121.088,396814
tok23,2021-06-05,116.342,354086
tok23,2021-06-06,109.945,341437
tok23,2021-06-07,109.194,273823
tok23,2021-06-08,105.74,299224
tok23,2021-06-09,108.036,437665
tok23,2021-06-10,110.045,283652
tok23,2021-06-11,116.971,851526
tok23,2021-06-12,115.033,333089
tok23,2021-06-13,108.341,491239
tok23,2021-06-14,106.293,439481
tok23,2021-06-15,102.01,351400
tok23,2021-06-16,106.263,465582
tok23,2021-06-17,105.148,212159
tok23,2021-06-18,107.142,240349
tok23,2021-06-19,106.556,1009389
tok23,2021-06-20,101.375,922161
tok23,2021-06-21,96.668,1080940
tok23,2021-06-22,96.564,420245
tok23,2021-06-23,98.282,617283
tok23,2021-06-24,96.231,708830
tok23,2021-06-25,87.655,328433
tok23,2021-06-26,91.673,226469
tok23,2021-06-27,98.516,305247
tok23,2021-06-28,99.965,688472
tok23,2021-06-29,106.813,807671
tok23,2021-06-30,109.166,308751
tok23,2021-07-01,109.919,280660
tok23,2021-07-02,113.411,514456
tok23,2021-07-03,118.251,615199
tok23,2021-07-04,116.671,608856
tok23,2021-07-05,117.196,644779
tok23,2021-07-06,119.746,241586
tok23,2021-07-07,116.32,200342
tok23,2021-07-08,115.344,319805
tok23,2021-07-09,109.129,436998
tok23,2021-07-10,105.909,535624
tok23,2021-07-11,112.554,297269
tok23,2021-07-12,117.514,444093
tok23,2021-07-13,120.553,1541200
tok23,2021-07-14,117.191,257582
tok23,2021-07-15,114.751,529371
tok23,2021-07-16,119.839,719472
tok23,2021-07-17,127.527,546357
tok23,2021-07-18,125.519,783111
tok23,2021-07-19,130.08,614589
tok23,2021-07-20,143.945,1425977
tok23,2021-07-21,143.41,586587
tok23,2021-07-22,146.079,522656
tok23,2021-07-23,149.295,643710
tok23,2021-07-24,142.559,482967
tok23,2021-07-25,144.522,973470
tok23,2021-07-26,140.969,776985
tok23,2021-07-27,139.935,232006
tok23,2021-07-28,143.128,455063
tok23,2021-07-29,141.584,187709
tok23,2021-07-30,144.588,421021
tok23,2021-07-31,141.643,506253
tok23,2021-08-01,136.62,423674
tok23,2021-08-02,123.768,446993
tok23,2021-08-03,127.218,933020
tok23,2021-08-04,124.166,474530
tok23,2021-08-05,128.649,657708
tok23,2021-08-06,130.269,611905
tok23,2021-08-07,132.256,829029
tok23,2021-08-08,146.243,349746
tok23,2021-08-09,156.413,297494
tok23,2021-08-10,152.83,284600
tok23,2021-08-11,159.691,200519
tok23,2021-08-12,158.947,420665
tok23,2021-08-13,164.454,778471
tok23,2021-08-14,171.129,777550
tok23,2021-08-15,172.701,321439
tok23,2021-08-16,173.091,417894
tok23,2021-08-17,169.2,770482
tok23,2021-08-18,165.605,262535
tok23,2021-08-19,163.88,376389
tok23,2021-08-20,163.075,286597
tok23,2021-08-21,171.347,306652
tok23,2021-08-22,176.754,301966
tok23,2021-08-23,181.377,470977
tok23,2021-08-24,178.326,364248
tok23,2021-08-25,170.177,445004
tok23,2021-08-26,168.162,389498
tok23,2021-08-27,170.235,127257
tok23,2021-08-28,169.62,889073
tok23,2021-08-29,170.116,609920
tok23,2021-08-30,165.247,465756
tok23,2021-08-31,161.686,445627
tok23,2021-09-01,161.705,606769
tok23,2021-09-02,163.169,560302
tok23,2021-09-03,160.372,165035
tok23,2021-09-04,169.963,502649
tok23,2021-09-05,173.197,800761
tok23,2021-09-06,167.395,1401495
tok23,2021-09-07,178.028,581353
tok23,2021-09-08,173.065,477285
tok23,2021-09-09,161.984,539597
tok23,2021-09-10,160.507,700589
tok23,2021-09-11,155.28,779431
tok23,2021-09-12,158.832,808848
tok23,2021-09-13,158.669,492621
tok23,2021-09-14,164.403,389942
tok23,2021-09-15,171.294,324970
tok23,2021-09-16,165.562,375265
tok23,2021-09-17,161.23,768495
tok23,2021-09-18,160.908,510401
tok23,2021-09-19,166.839,703093
tok23,2021-09-20,173.632,313758
tok23,2021-09-21,174.158,203725
tok23,2021-09-22,174.208,246006
tok23,2021-09-23,175.353,260947
tok23,2021-09-24,181.021,273415
tok23,2021-09-25,182.873,586671
tok23,2021-09-26,172.154,313121
tok23,2021-09-27,189.111,960442
tok23,2021-09-28,193.068,469864
tok23,2021-09-29,184.847,531147
tok23,2021-09-30,190.537,765786
tok23,2021-10-01,193.873,327058
tok23,2021-10-02,201.464,235162
tok23,2021-10-03,195.436,384919
tok23,2021-10-04,186.526,382861
tok23,2021-10-05,187.29,260918
tok23,2021-10-06,181.901,1379254
tok23,2021-10-07,180.621,457399
tok23,2021-10-08,175.01,1601816
tok23,2021-10-09,183.369,383488
tok23,2021-10-10,180.012,415831
tok23,2021-10-11,170.692,438245
tok23,2021-10-12,170.243,437117
tok23,2021-10-13,179.566,988308
tok23,2021-10-14,169.573,869061
tok23,2021-10-15,169.966,290864
tok23,2021-10-16,166.946,1050102
tok23,2021-10-17,166.699,604051
tok23,2021-10-18,159.809,1513647
tok23,2021-10-19,157.801,498331
tok23,2021-10-20,166.762,392670
tok23,2021-10-21,161.705,714813
tok23,2021-10-22,152.14,426847
tok23,2021-10-23,150.128,349557
tok23,2021-10-24,147.55,743773
tok23,2021-10-25,139.219,312981
tok23,2021-10-26,143.491,790013
tok23,2021-10-27,134.094,1414600
tok23,2021-10-28,139.224,388682
tok23,2021-10-29,143.155,1108354
tok23,2021-10-30,134.457,455014
tok23,2021-10-31,132.436,320591
tok23,2021-11-01,139.222,416998
tok23,2021-11-02,148.511,214691
tok23,2021-11-03,158.452,345911
tok23,2021-11-04,149.224,199634
tok23,2021-11-05,148.851,1004803
tok23,2021-11-06,149.695,505678
tok23,2021-11-07,153.352,575489
tok23,2021-11-08,154.006,1043470
tok23,2021-11-09,158.583,406085
tok23,2021-11-10,158.865,715558
tok23,2021-11-11,148.377,279928
tok23,2021-11-12,155.163,389750
tok23,2021-11-13,157.487,459435
tok23,2021-11-14,160.058,350308
tok23,2021-11-15,159.818,378775
tok23,2021-11-16,152.807,331186
tok23,2021-11-17,150.156,386687
tok23,2021-11-18,140.414,874011
tok23,2021-11-19,147.136,301018
tok23,2021-11-20,147.236,218349
tok23,2021-11-21,149.354,238405
tok23,2021-11-22,145.478,993499
tok23,2021-11-23,149.043,349801
tok23,2021-11-24,151.368,381862
tok23,2021-11-25,148.496,967832
tok23,2021-11-26,135.479,348477
tok23,2021-11-27,138.538,276718
tok23,2021-11-28,144.021,555298
tok23,2021-11-29,140.411,586874
tok23,2021-11-30,139.66,202094
tok23,2021-12-01,137.637,513338
tok23,2021-12-02,131.781,210257
tok23,2021-12-03,128.377,251873
tok23,2021-12-04,134.189,292977
tok23,2021-12-05,137.022,263342
tok23,2021-12-06,136.979,291119
tok23,2021-12-07,133.85,564569
tok23,2021-12-08,132.603,732230
tok23,2021-12-09,125.909,425685
tok23,2021-12-10,125.885,311525
tok23,2021-12-11,128.856,724126
tok23,2021-12-12,126.54,1372276
tok23,2021-12-13,123.741,378936
tok23,2021-12-14,124.55,758098
tok23,2021-12-15,120.482,457285
tok23,2021-12-16,114.839,396351
tok23,2021-12-17,117.914,699974
tok23,2021-12-18,122.497,97292
tok23,2021-12-19,121.856,730989
tok23,2021-12-20,124.069,318971
tok23,2021-12-21,122.908,290097
tok23,2021-12-22,122.414,380001
tok23,2021-12-23,118.877,1027785
tok23,2021-12-24,118.025,347555
tok23,2021-12-25,117.39,189476
tok23,2021-12-26,119.033,548008
tok23,2021-12-27,119.808,667554
tok23,2021-12-28,125.893,491520
tok23,2021-12-29,124.415,946612
tok23,2021-12-30,123.136,628670
tok23,2021-12-31,127.518,1073139
tok23,2022-01-01,135.862,230718
tok23,2022-01-02,128.724,384467
tok23,2022-01-03,125.651,1864180
tok23,2022-01-04,125.216,791406
tok23,2022-01-05,126.211,783816
tok23,2022-01-06,128.391,597982
tok23,2022-01-07,128.068,572386
tok23,2022-01-08,121.756,307092
tok23,2022-01-09,122.395,216774
tok23,2022-01-10,111.203,296378
tok23,2022-01-11,107.783,703693
tok23,2022-01-12,104.707,440406
tok23,2022-01-13,104.607,931138
tok23,2022-01-14,101.449,1012230
tok23,2022-01-15,113.284,286788
tok23,2022-01-16,105.314,574433
tok23,2022-01-17,105.079,328690
tok23,2022-01-18,101.805,370736
tok23,2022-01-19,107.923,233080
tok23,2022-01-20,107.079,267342
tok23,2022-01-21,110.853,826072
tok23,2022-01-22,109.672,179879
tok23,2022-01-23,114.649,782268
tok23,2022-01-24,108.494,402845
tok23,2022-01-25,107.275,544098
tok23,2022-01-26,102.559,1589022
tok23,2022-01-27,99.789,330073
tok23,2022-01-28,92.744,503497
tok23,2022-01-29,98.291,258240
tok23,2022-01-30,93.536,436685
tok23,2022-01-31,89.696,374936
tok23,2022-02-01,88.721,1499497
tok23,2022-02-02,88.993,507924
tok23,2022-02-03,87.585,665244
tok23,2022-02-04,88.706,666059
tok23,2022-02-05,90.324,264167
tok23,2022-02-06,88.575,557215
tok23,2022-02-07,95.125,158175
tok23,2022-02-08,98.264,543108
tok23,2022-02-09,96.268,491097
tok23,2022-02-10,97.039,398138
tok23,2022-02-11,99.618,390561
tok23,2022-02-12,101.12,293636
tok23,2022-02-13,96.122,209817
tok23,2022-02-14,92.637,362561
tok23,2022-02-15,97.355,274656
tok23,2022-02-16,98.891,895689
tok23,2022-02-17,105.365,198674
tok23,2022-02-18,103.349,338482
tok23,2022-02-19,105.464,569660
tok23,2022-02-20,106.197,810007
tok23,2022-02-21,114.504,152958
tok23,2022-02-22,121.289,879464
tok23,2022-02-23,125.625,757506
tok23,2022-02-24,122.121,912596
tok23,2022-02-25,118.643,433911
tok23,2022-02-26,112.176,627681
tok23,2022-02-27,103.565,190262
tok23,2022-02-28,97.112,292228
tok23,2022-03-01,93.763,239407
tok23,2022-03-02,89.654,677398
tok23,2022-03-03,92.649,469649
tok23,2022-03-04,93.137,650160
tok23,2022-03-05,86.394,423092
tok23,2022-03-06,83.889,938116
tok23,2022-03-07,79.995,327376
tok23,2022-03-08,78.988,480544
tok23,2022-03-09,82.572,529840
tok23,2022-03-10,77.728,370149
tok23,2022-03-11,72.353,522630
tok23,2022-03-12,73.277,345733
tok23,2022-03-13,76.311,798922
tok23,2022-03-14,77.394,467121
tok23,2022-03-15,77.253,517951
tok23,2022-03-16,79.798,360492
tok23,2022-03-17,83.893,499613
tok23,2022-03-18,91.426,539024
tok23,2022-03-19,89.953,317345
tok23,2022-03-20,89.307,322541
tok23,2022-03-21,91.559,463051
tok23,2022-03-22,93.833,2376408
tok23,2022-03-23,99.215,503323
tok23,2022-03-24,97.632,333179
tok23,2022-03-25,100.714,1011507
tok23,2022-03-26,96.152,402657
tok23,2022-03-27,104.388,348388
tok23,2022-03-28,108.57,623939
tok23,2022-03-29,122.005,722539
tok23,2022-03-30,121.096,324048
tok23,2022-03-31,120.56,466542
tok23,2022-04-01,120.838,378536
tok23,2022-04-02,122.747,493498
tok23,2022-04-03,125.017,448504
tok23,2022-04-04,132.208,534348
tok23,2022-04-05,128.477,706437
tok23,2022-04-06,127.403,211571
tok23,2022-04-07,130.43,267045
tok23,2022-04-08,121.609,1576420
tok23,2022-04-09,119.71,807264
tok23,2022-04-10,117.433,924741
tok23,2022-04-11,114.997,361739
tok23,2022-04-12,109.358,220347
tok23,2022-04-13,101.3,881209
tok23,2022-04-14,101.038,712336
tok23,2022-04-15,107.37,499483
tok23,2022-04-16,109.7,440561
tok23,2022-04-17,110.536,412576
tok23,2022-04-18,112.095,456201
tok23,2022-04-19,112.521,497176
tok23,2022-04-20,103.996,306737
tok23,2022-04-21,106.975,630955
tok23,2022-04-22,114.129,325338
tok23,2022-04-23,109.949,541924
tok23,2022-04-24,107.576,190321
tok23,2022-04-25,111.119,377921
tok23,2022-04-26,120.694,434434
tok23,2022-04-27,129.21,912382
tok23,2022-04-28,130.068,592330
tok23,2022-04-29,124.23,614683
tok23,2022-04-30,125.787,92845
tok23,2022-05-01,119.175,610911
tok23,2022-05-02,115.53,212444
tok23,2022-05-03,124.014,692634
tok23,2022-05-04,124.367,338015
tok23,2022-05-05,123.441,154728
tok23,2022-05-06,119.031,480677
tok23,2022-05-07,123.752,362888
tok23,2022-05-08,115.577,510554
tok23,2022-05-09,127.315,543511
tok23,2022-05-10,129.678,238698
tok23,2022-05-11,140.381,720952
tok23,2022-05-12,144.722,140059
tok23,2022-05-13,149.986,324549
tok23,2022-05-14,146.698,244838
tok23,2022-05-15,146.186,464207
tok23,2022-05-16,142.644,832378
tok23,2022-05-17,141.572,508115
tok23,2022-05-18,137.707,187046
tok23,2022-05-19,124.148,248534
tok23,2022-05-20,128.033,527806
tok23,2022-05-21,137.879,296897
tok23,2022-05-22,139.221,285370
tok23,2022-05-23,154.453,439870
tok23,2022-05-24,153.516,491747
tok23,2022-05-25,155.169,190914
tok23,2022-05-26,157.752,166951
tok23,2022-05-27,159.296,289294
tok23,2022-05-28,161.234,371975
tok23,2022-05-29,166.07,398522
tok23,2022-05-30,154.118,796290
tok23,2022-05-31,156.93,213663
tok23,2022-06-01,148.992,357597
tok23,2022-06-02,133.521,990240
tok23,2022-06-03,133.825,791643
tok23,2022-06-04,131.417,570938
tok23,2022-06-05,128.996,913276
tok23,2022-06-06,131.052,194315
tok23,2022-06-07,131.226,300499
tok23,2022-06-08,124.473,308744
tok23,2022-06-09,132.882,351978
tok23,2022-06-10,138.387,429070
tok23,2022-06-11,142.591,201304
tok23,2022-06-12,137.931,228270
tok23,2022-06-13,148.298,459526
tok23,2022-06-14,142.477,318228
tok23,2022-06-15,135.918,233127
tok23,2022-06-16,138.304,269271
tok23,2022-06-17,138.335,402547
tok23,2022-06-18,128.873,314258
tok23,2022-06-19,129.771,410918
tok23,2022-06-20,130.039,398660
tok23,2022-06-21,126.432,395273
tok23,2022-06-22,134.137,517474
tok23,2022-06-23,124.761,219879
tok23,2022-06-24,123.489,210612
tok23,2022-06-25,124.48,308991
tok23,2022-06-26,126.416,337931
tok23,2022-06-27,123.078,427169
tok23,2022-06-28,125.55,544566
tok23,2022-06-29,116.52,231906
tok23,2022-06-30,123.306,889215
tok23,2022-07-01,117.486,540653
tok23,2022-07-02,113.967,251881
tok23,2022-07-03,120.192,500163
tok23,2022-07-04,119.24,495737
tok23,2022-07-05,116.042,412596
tok23,2022-07-06,109.539,443105
tok23,2022-07-07,114.476,527669
tok23,2022-07-08,106.683,281515
tok23,2022-07-09,98.885,308836
tok23,2022-07-10,92.549,505354
tok23,2022-07-11,85.425,300329
tok23,2022-07-12,73.505,716171
tok23,2022-07-13,73.998,920351
tok23,2022-07-14,74.253,291487
tok23,2022-07-15,76.396,211586
tok23,2022-07-16,78.587,228709
tok23,2022-07-17,77.779,323517
tok23,2022-07-18,74.788,714449
tok23,2022-07-19,74.131,861347
tok23,2022-07-20,75.27,676649
tok23,2022-07-21,80.174,329725
tok23,2022-07-22,78.694,698280
tok23,2022-07-23,75.711,318108
tok23,2022-07-24,78.355,260312
tok23,2022-07-25,79.394,367386
tok23,2022-07-26,77.338,509420
tok23,2022-07-27,78.315,629300
tok23,2022-07-28,79.55,242574
tok23,2022-07-29,77.117,594059
tok23,2022-07-30,73.942,560524
tok23,2022-07-31,66.091,483296
tok23,2022-08-01,66.189,480990
tok23,2022-08-02,64.574,321808
tok23,2022-08-03,63.994,522017
tok23,2022-08-04,64.481,765449
tok23,2022-08-05,63.498,746244
tok23,2022-08-06,64.349,461145
tok23,2022-08-07,63.602,507764
tok23,2022-08-08,63.535,489437
tok23,2022-08-09,60.925,329500
tok23,2022-08-10,61.246,239005
tok23,2022-08-11,58.889,404162
tok23,2022-08-12,58.492,669385
tok23,2022-08-13,60.074,534038
tok23,2022-08-14,59.134,643419
tok23,2022-08-15,58.807,348064
tok23,2022-08-16,58.734,1025077
tok23,2022-08-17,59.91,104249
tok23,2022-08-18,65.869,226428
tok23,2022-08-19,64.887,616324
tok23,2022-08-20,63.039,1045105
tok23,2022-08-21,61.726,324571
tok23,2022-08-22,68.589,459693
tok23,2022-08-23,67.937,181564
tok23,2022-08-24,66.297,551647
tok23,2022-08-25,65.945,805548
tok23,2022-08-26,62.497,114674
tok23,2022-08-27,64.085,606078
tok23,2022-08-28,65.43,794467
tok23,2022-08-29,65.844,499389
tok23,2022-08-30,63.3,266045
tok23,2022-08-31,67.196,302138
tok23,2022-09-01,63.539,469167
tok23,2022-09-02,63.705,193245
tok23,2022-09-03,64.793,366244
tok23,2022-09-04,62.365,692954
tok23,2022-09-05,60.357,470461
tok23,2022-09-06,64.065,234500
tok23,2022-09-07,65.523,686686
tok23,2022-09-08,62.773,713827
tok23,2022-09-09,62.874,250842
tok23,2022-09-10,63.718,413099
tok23,2022-09-11,62.422,239574
tok23,2022-09-12,60.494,586531
tok23,2022-09-13,61.725,254770
tok23,2022-09-14,59.081,312292
tok23,2022-09-15,53.941,319405
tok23,2022-09-16,50.995,466629
tok23,2022-09-17,49.466,391047
tok23,2022-09-18,51.354,184012
tok23,2022-09-19,50.464,1833973
tok23,2022-09-20,49.81,569380
tok23,2022-09-21,50.196,447705
tok23,2022-09-22,49.607,319809
tok23,2022-09-23,51.27,409801
tok23,2022-09-24,52.157,826376
tok23,2022-09-25,54.831,437946
tok23,2022-09-26,54.401,183650
tok23,2022-09-27,54.932,586892
tok23,2022-09-28,53.02,211364
tok23,2022-09-29,51.149,350674
tok23,2022-09-30,52.994,470218
tok23,2022-10-01,52.92,460129
tok23,2022-10-02,51.377,762654
tok23,2022-10-03,51.229,160386
tok23,2022-10-04,49.115,472805
tok23,2022-10-05,50.998,495605
tok23,2022-10-06,49.94,324768
tok23,2022-10-07,49.705,340665
tok23,2022-10-08,48.479,608156
tok23,2022-10-09,52.947,245055
tok23,2022-10-10,52.671,618859
tok23,2022-10-11,57.697,383616
tok23,2022-10-12,59.107,488369
tok23,2022-10-13,61.299,672898
tok23,2022-10-14,63.99,664917
tok23,2022-10-15,60.94,647220
tok23,2022-10-16,64.09,304870
tok23,2022-10-17,65.437,497581
tok23,2022-10-18,66.316,181092
tok23,2022-10-19,65.11,534145
tok23,2022-10-20,66.642,243393
tok23,2022-10-21,66.456,930721
tok23,2022-10-22,62.164,328428
tok23,2022-10-23,60.469,554618
tok23,2022-10-24,55.253,577140
tok23,2022-10-25,58.599,691446
tok23,2022-10-26,57.138,383000
tok23,2022-10-27,59.538,505755
tok23,2022-10-28,59.561,495064
tok23,2022-10-29,62.894,368435
tok23,2022-10-30,63.522,306210
tok23,2022-10-31,66.766,476310
tok23,2022-11-01,63.437,388591
tok23,2022-11-02,62.969,321937
tok23,2022-11-03,62.872,377648
tok23,2022-11-04,64.72,317314
tok23,2022-11-05,71.175,600623
tok23,2022-11-06,71.936,517756
tok23,2022-11-07,70.415,319317
tok23,2022-11-08,72.429,452421
tok23,2022-11-09,67.492,293720
tok23,2022-11-10,62.647,378778
tok23,2022-11-11,66.649,277558
tok23,2022-11-12,63.373,651451
tok23,2022-11-13,61.423,520622
tok23,2022-11-14,62.695,501869
tok23,2022-11-15,64.496,492627
tok23,2022-11-16,61.09,716125
tok23,2022-11-17,61.291,763465
tok23,2022-11-18,60.84,279820
tok23,2022-11-19,57.383,525329
tok23,2022-11-20,55.482,652435
tok23,2022-11-21,59.79,194186
tok23,2022-11-22,60.545,400897
tok23,2022-11-23,60.432,436678
tok23,2022-11-24,61.496,227980
tok23,2022-11-25,57.818,956308
tok23,2022-11-26,59.09,532151
tok23,2022-11-27,58.55,385331
tok23,2022-11-28,61.53,455516
tok23,2022-11-29,61.787,1107828
tok23,2022-11-30,62.417,543575
tok23,2022-12-01,64.1,479163
tok23,2022-12-02,64.844,370153
tok23,2022-12-03,67.187,1169852
tok23,2022-12-04,67.147,195798
tok23,2022-12-05,62.197,557659
tok23,2022-12-06,61.642,532950
tok23,2022-12-07,62.152,414061
tok23,2022-12-08,62.613,897457
tok23,2022-12-09,62.893,751602
tok23,2022-12-10,61.705,331601
tok23,2022-12-11,60.108,380768
tok23,2022-12-12,58.985,399577
tok23,2022-12-13,60.12,258012
tok23,2022-12-14,53.944,315755
tok23,2022-12-15,54.691,958227
tok23,2022-12-16,51.818,417689
tok23,2022-12-17,53.494,586447
tok23,2022-12-18,55.995,655684
tok23,2022-12-19,59.427,706505
tok23,2022-12-20,64.766,550804
tok23,2022-12-21,62.054,1930731
tok23,2022-12-22,63.193,259452
tok23,2022-12-23,62.662,574334
tok23,2022-12-24,59.308,311622
tok23,2022-12-25,58.361,1049486
tok23,2022-12-26,55.762,321948
tok23,2022-12-27,55.686,352184
tok23,2022-12-28,55.499,335873
tok23,2022-12-29,59.435,934193
tok23,2022-12-30,60.055,479447
tok23,2022-12-31,57.217,365286
tok23,2023-01-01,57.0,508550
tok23,2023-01-02,54.471,361254
tok23,2023-01-03,49.81,379229
tok23,2023-01-04,50.597,368219
tok23,2023-01-05,50.763,376836
tok23,2023-01-06,50.179,390828
tok23,2023-01-07,50.818,886004
tok23,2023-01-08,52.708,241773
tok23,2023-01-09,51.471,783965
tok23,2023-01-10,54.019,426113
tok23,2023-01-11,56.207,287123
tok23,2023-01-12,57.509,183859
tok23,2023-01-13,59.113,1047111
tok23,2023-01-14,55.772,258952
tok23,2023-01-15,49.567,806348
tok23,2023-01-16,53.795,927161
tok23,2023-01-17,53.206,505565
tok23,2023-01-18,51.263,1277057
tok23,2023-01-19,54.566,360249
tok23,2023-01-20,53.405,620665
tok23,2023-01-21,52.655,560870
tok23,2023-01-22,50.863,401420
tok23,2023-01-23,48.373,320039
tok23,2023-01-24,48.881,539168
tok23,2023-01-25,48.276,336639
tok23,2023-01-26,51.511,411978
tok23,2023-01-27,53.515,874841
tok23,2023-01-28,50.812,721662
tok23,2023-01-29,51.335,531164
tok23,2023-01-30,50.142,329215
tok23,2023-01-31,50.936,441333
tok23,2023-02-01,49.005,366307
tok23,2023-02-02,48.22,263418
tok23,2023-02-03,50.486,376160
tok23,2023-02-04,47.594,377554
tok23,2023-02-05,43.562,342569
tok23,2023-02-06,45.102,510756
tok23,2023-02-07,45.766,333030
tok23,2023-02-08,42.738,524024
tok23,2023-02-09,42.599,236390
tok23,2023-02-10,43.39,376789
tok23,2023-02-11,43.619,514898
tok23,2023-02-12,39.443,448008
tok23,2023-02-13,40.541,355914
tok23,2023-02-14,41.476,230567
tok23,2023-02-15,41.037,590294
tok23,2023-02-16,42.678,298293
tok23,2023-02-17,43.764,304704
tok23,2023-02-18,42.554,977293
tok23,2023-02-19,44.058,452588
tok23,2023-02-20,43.231,740278
tok23,2023-02-21,44.115,386374
tok23,2023-02-22,42.855,281506
tok23,2023-02-23,41.359,537470
tok23,2023-02-24,40.5,170641
tok23,2023-02-25,38.754,523947
tok23,2023-02-26,37.682,1321351
tok23,2023-02-27,39.394,300237
tok23,2023-02-28,42.043,263866
tok23,2023-03-01,41.228,1044549
tok23,2023-03-02,42.377,250404
tok23,2023-03-03,47.196,278330
tok23,2023-03-04,47.127,391676
tok23,2023-03-05,45.519,944200
tok23,2023-03-06,47.976,1038339
tok23,2023-03-07,50.747,342722
tok23,2023-03-08,50.511,1000112
tok23,2023-03-09,47.074,362613
tok23,2023-03-10,50.656,1231603
tok23,2023-03-11,53.764,685517
tok23,2023-03-12,51.448,459793
tok23,2023-03-13,52.699,504400
tok23,2023-03-14,48.841,206790
tok23,2023-03-15,47.909,425880
tok23,2023-03-16,45.394,429278
tok23,2023-03-17,45.432,872992
tok23,2023-03-18,44.196,382910
tok23,2023-03-19,41.423,813529
tok23,2023-03-20,41.812,326780
tok23,2023-03-21,41.279,342711
tok23,2023-03-22,40.726,626523
tok23,2023-03-23,42.89,679909
tok23,2023-03-24,44.614,463877
tok23,2023-03-25,44.077,1563861
tok23,2023-03-26,44.388,273885
tok23,2023-03-27,42.963,726501
tok23,2023-03-28,41.406,553437
tok23,2023-03-29,43.477,185923
tok23,2023-03-30,43.921,393140
tok23,2023-03-31,46.271,895395
tok23,2023-04-01,44.886,317202
tok23,2023-04-02,46.569,532803
tok23,2023-04-03,48.963,524096
tok23,2023-04-04,46.43,439389
tok23,2023-04-05,44.964,264594
tok23,2023-04-06,45.569,604106
tok23,2023-04-07,44.079,769217
tok23,2023-04-08,44.517,269090
tok23,2023-04-09,44.505,365372
tok23,2023-04-10,44.527,444790
tok23,2023-04-11,45.659,371257
tok23,2023-04-12,51.459,1132225
tok23,2023-04-13,49.271,426233
tok23,2023-04-14,49.619,320419
tok23,2023-04-15,48.421,226838
tok23,2023-04-16,48.306,284845
tok23,2023-04-17,51.411,767778
tok23,2023-04-18,49.025,1072143
tok23,2023-04-19,47.651,380881
tok23,2023-04-20,50.649,622344
tok23,2023-04-21,52.08,241843
tok23,2023-04-22,46.833,230016
tok23,2023-04-23,46.96,696786
tok23,2023-04-24,46.954,276488
tok23,2023-04-25,44.138,1439715
tok23,2023-04-26,43.265,344922
tok23,2023-04-27,44.996,482885
tok23,2023-04-28,47.145,543777
tok23,2023-04-29,45.071,439098
tok23,2023-04-30,43.25,493605
tok23,2023-05-01,44.411,403635
tok23,2023-05-02,45.349,168754
tok23,2023-05-03,47.942,383682
tok23,2023-05-04,47.881,222693
tok23,2023-05-05,46.225,264677
tok23,2023-05-06,48.328,219295
tok23,2023-05-07,48.803,221226
tok23,2023-05-08,49.483,589076
tok23,2023-05-09,48.945,224540
tok23,2023-05-10,49.209,237934
tok23,2023-05-11,49.118,377240
tok23,2023-05-12,51.698,764790
tok23,2023-05-13,48.461,712266
tok23,2023-05-14,48.281,577319
tok23,2023-05-15,52.626,364655
tok23,2023-05-16,55.541,402741
tok23,2023-05-17,54.912,494790
tok23,2023-05-18,55.54,809491
tok23,2023-05-19,57.587,500170
tok23,2023-05-20,54.853,694546
tok23,2023-05-21,52.842,417645
tok23,2023-05-22,51.915,286295
tok23,2023-05-23,50.339,274480
tok23,2023-05-24,50.44,633331
tok23,2023-05-25,53.158,340937
tok23,2023-05-26,53.745,309050
tok23,2023-05-27,50.416,342202
tok23,2023-05-28,50.613,536603
tok23,2023-05-29,51.424,664905
tok23,2023-05-30,52.285,357111
tok23,2023-05-31,52.611,391930
tok23,2023-06-01,52.417,308622
tok23,2023-06-02,47.331,322097
tok23,2023-06-03,49.757,740162
tok23,2023-06-04,52.99,465567
tok23,2023-06-05,54.185,663070
tok23,2023-06-06,52.911,372474
tok23,2023-06-07,54.692,243395
tok23,2023-06-08,55.958,276980
tok23,2023-06-09,58.257,842617
tok23,2023-06-10,53.783,381730
tok23,2023-06-11,55.445,521753
tok23,2023-06-12,55.182,556769
tok23,2023-06-13,54.738,371876
tok23,2023-06-14,54.57,499650
tok23,2023-06-15,51.337,793804
tok23,2023-06-16,51.177,1134535
tok23,2023-06-17,50.433,889828
tok23,2023-06-18,51.391,316905
tok23,2023-06-19,52.183,550664
tok23,2023-06-20,52.858,425301
tok23,2023-06-21,51.916,1068112
tok23,2023-06-22,51.986,316339
tok23,2023-06-23,50.857,1502199
tok23,2023-06-24,51.384,312377
tok23,2023-06-25,48.165,303943
tok23,2023-06-26,46.995,446079
tok23,2023-06-27,47.71,246371
tok23,2023-06-28,45.54,398517
tok23,2023-06-29,48.41,726357
tok23,2023-06-30,45.951,1190315
tok23,2023-07-01,47.268,545118
tok23,2023-07-02,49.422,422806
tok23,2023-07-03,50.096,306415
tok23,2023-07-04,48.297,192525
tok23,2023-07-05,48.841,391868
tok23,2023-07-06,49.395,834234
tok23,2023-07-07,46.468,563235
tok23,2023-07-08,46.661,688071
tok23,2023-07-09,48.46,264672
tok23,2023-07-10,48.828,1867541
tok23,2023-07-11,50.549,310663
tok23,2023-07-12,48.041,230931
tok23,2023-07-13,50.947,160677
tok23,2023-07-14,52.573,604134
tok23,2023-07-15,50.863,285053
tok23,2023-07-16,49.644,264431
tok23,2023-07-17,48.384,771025
tok23,2023-07-18,48.346,648045
tok23,2023-07-19,49.418,514011
tok23,2023-07-20,53.668,470731
tok23,2023-07-21,53.581,810722
tok23,2023-07-22,55.146,512891
tok23,2023-07-23,55.053,245210
tok23,2023-07-24,53.504,372106
tok23,2023-07-25,55.422,258239
tok23,2023-07-26,57.44,1197312
tok23,2023-07-27,56.856,280576
tok23,2023-07-28,55.816,688747
tok23,2023-07-29,56.909,317142
tok23,2023-07-30,55.195,622721
tok23,2023-07-31,56.375,247681
tok23,2023-08-01,54.564,700583
tok23,2023-08-02,51.369,732925
tok23,2023-08-03,53.396,165098
tok23,2023-08-04,54.584,253528
tok23,2023-08-05,55.005,349250
tok23,2023-08-06,55.163,639925
tok23,2023-08-07,57.402,382831
tok23,2023-08-08,54.887,904895
tok23,2023-08-09,56.562,546582
tok23,2023-08-10,55.043,565058
tok23,2023-08-11,56.143,498605
tok23,2023-08-12,56.109,304972
tok23,2023-08-13,54.777,652681
tok23,2023-08-14,54.384,881383
tok23,2023-08-15,56.087,1055446
tok23,2023-08-16,55.599,211185
tok23,2023-08-17,54.439,378846
tok23,2023-08-18,52.907,368792
tok23,2023-08-19,56.158,233810
tok23,2023-08-20,53.725,562488
tok23,2023-08-21,53.628,260763
tok23,2023-08-22,53.407,351544
tok23,2023-08-23,48.745,413286
tok23,2023-08-24,52.681,251898
tok23,2023-08-25,52.651,397356
tok23,2023-08-26,55.171,466156
tok23,2023-08-27,56.476,533726
tok23,2023-08-28,58.701,552997
tok23,2023-08-29,60.521,1554169
tok23,2023-08-30,62.37,242304
tok23,2023-08-31,65.192,350024
tok23,2023-09-01,59.214,474379
tok23,2023-09-02,61.792,444601
tok23,2023-09-03,60.24,545500
tok23,2023-09-04,58.815,417534
tok23,2023-09-05,59.181,276291
tok23,2023-09-06,62.946,498494
tok23,2023-09-07,64.354,457382
tok23,2023-09-08,67.806,940853
tok23,2023-09-09,72.594,952961
tok23,2023-09-10,76.121,441600
tok23,2023-09-11,79.139,265975
tok23,2023-09-12,76.101,317216
tok23,2023-09-13,77.143,463155
tok23,2023-09-14,71.538,986476
tok23,2023-09-15,71.651,538818
tok23,2023-09-16,70.392,371145
tok23,2023-09-17,70.213,292956
tok23,2023-09-18,71.491,1090415
tok23,2023-09-19,70.304,831193
tok23,2023-09-20,71.558,183209
tok23,2023-09-21,76.694,156863
tok23,2023-09-22,82.24,951817
tok23,2023-09-23,78.367,788097
tok23,2023-09-24,77.071,117829
tok23,2023-09-25,78.696,694893
tok23,2023-09-26,78.62,413393
tok23,2023-09-27,68.549,397807
tok23,2023-09-28,65.045,306578
tok23,2023-09-29,68.172,530849
tok23,2023-09-30,68.251,550795
tok23,2023-10-01,66.839,384047
tok23,2023-10-02,60.385,681381
tok23,2023-10-03,59.912,343457
tok23,2023-10-04,58.347,1006964
tok23,2023-10-05,58.464,439274
tok23,2023-10-06,58.853,612964
tok23,2023-10-07,58.869,398214
tok23,2023-10-08,64.29,465020
tok23,2023-10-09,68.26,342925
tok23,2023-10-10,69.483,362254
tok23,2023-10-11,75.002,689478
tok23,2023-10-12,71.375,230810
tok23,2023-10-13,67.216,304197
tok23,2023-10-14,69.262,570696
tok23,2023-10-15,67.958,219783
tok23,2023-10-16,66.781,423450
tok23,2023-10-17,71.627,380626
tok23,2023-10-18,70.43,402768
tok23,2023-10-19,67.932,406765
tok23,2023-10-20,66.583,1107025
tok23,2023-10-21,62.419,1682633
tok23,2023-10-22,65.494,208382
tok23,2023-10-23,66.511,530355
tok23,2023-10-24,67.528,362761
tok23,2023-10-25,70.581,344811
tok23,2023-10-26,74.659,797439
tok23,2023-10-27,71.969,377482
tok23,2023-10-28,73.0,1212133
tok23,2023-10-29,74.883,904630
tok23,2023-10-30,69.489,114759
tok23,2023-10-31,70.197,146349
tok23,2023-11-01,64.384,851863
tok23,2023-11-02,73.408,1165570
tok23,2023-11-03,70.186,642090
tok23,2023-11-04,68.143,476259
tok23,2023-11-05,68.387,284139
tok23,2023-11-06,71.458,558764
tok23,2023-11-07,67.079,477552
tok23,2023-11-08,64.162,413627
tok23,2023-11-09,64.02,412274
tok23,2023-11-10,61.839,409984
tok23,2023-11-11,64.794,268916
tok23,2023-11-12,66.516,380182
tok23,2023-11-13,67.286,701918
tok23,2023-11-14,66.633,230230
tok23,2023-11-15,67.101,299306
tok23,2023-11-16,65.869,359919
tok23,2023-11-17,64.324,286253
tok23,2023-11-18,60.873,663220
tok23,2023-11-19,60.837,332581
tok23,2023-11-20,59.284,330105
tok23,2023-11-21,60.509,303349
tok23,2023-11-22,63.952,437191
tok23,2023-11-23,63.479,334503
tok23,2023-11-24,64.616,252818
tok23,2023-11-25,64.044,481620
tok23,2023-11-26,65.392,2143001
tok23,2023-11-27,63.547,640044
tok23,2023-11-28,62.791,1053967
tok23,2023-11-29,60.655,472889
tok23,2023-11-30,54.923,564425
tok23,2023-12-01,52.42,372321
tok23,2023-12-02,52.484,446252
tok23,2023-12-03,55.799,490196
tok23,2023-12-04,54.308,338712
tok23,2023-12-05,55.022,416299
tok23,2023-12-06,60.875,234474
tok23,2023-12-07,62.067,209718
tok23,2023-12-08,62.424,394146
tok23,2023-12-09,60.416,369332
tok23,2023-12-10,60.905,594896
tok23,2023-12-11,62.776,448198
tok23,2023-12-12,63.225,656138
tok23,2023-12-13,66.412,378064
tok23,2023-12-14,64.559,252507
tok23,2023-12-15,67.689,640540
tok23,2023-12-16,61.737,355316
tok23,2023-12-17,61.522,631975
tok23,2023-12-18,60.944,304683
tok23,2023-12-19,60.926,373869
tok23,2023-12-20,57.061,1148943
tok23,2023-12-21,55.78,506497
tok23,2023-12-22,53.32,788115
tok23,2023-12-23,51.858,424668
tok23,2023-12-24,47.676,510782
tok23,2023-12-25,42.83,420186
tok23,2023-12-26,43.704,468579
tok23,2023-12-27,41.799,336937
tok23,2023-12-28,41.629,260606
tok23,2023-12-29,43.869,629435
tok23,2023-12-30,41.14,331613
tok23,2023-12-31,43.672,502484
tok24,2021-01-01,106.748,284134
tok24,2021-01-02,105.032,496276
tok24,2021-01-03,103.105,410104
tok24,2021-01-04,100.558,1491173
tok24,2021-01-05,98.615,684703
tok24,2021-01-06,98.875,402522
tok24,2021-01-07,98.255,916198
tok24,2021-01-08,107.255,311954
tok24,2021-01-09,107.292,472635
tok24,2021-01-10,96.242,475404
tok24,2021-01-11,96.512,417184
tok24,2021-01-12,97.013,657298
tok24,2021-01-13,94.336,451731
tok24,2021-01-14,97.472,412428
tok24,2021-01-15,90.12,1259932
tok24,2021-01-16,90.196,378444
tok24,2021-01-17,87.581,823887
tok24,2021-01-18,90.474,610358
tok24,2021-01-19,96.784,427428
tok24,2021-01-20,91.832,402591
tok24,2021-01-21,88.066,276188
tok24,2021-01-22,84.497,370495
tok24,2021-01-23,88.104,752517
tok24,2021-01-24,82.473,297287
tok24,2021-01-25,89.514,941384
tok24,2021-01-26,86.225,245677
tok24,2021-01-27,91.25,481469
tok24,2021-01-28,89.93,475260
tok24,2021-01-29,88.641,270636
tok24,2021-01-30,88.953,417477
tok24,2021-01-31,84.727,439464
tok24,2021-02-01,85.796,991823
tok24,2021-02-02,90.472,351585
tok24,2021-02-03,92.946,292947
tok24,2021-02-04,91.137,890394
tok24,2021-02-05,92.367,545423
tok24,2021-02-06,93.359,529743
tok24,2021-02-07,90.563,611575
tok24,2021-02-08,91.008,487007
tok24,2021-02-09,91.706,307158
tok24,2021-02-10,90.482,400064
tok24,2021-02-11,95.321,515967
tok24,2021-02-12,90.464,337817
tok24,2021-02-13,90.225,233906
tok24,2021-02-14,96.97,294144
tok24,2021-02-15,102.162,1184771
tok24,2021-02-16,98.834,479615
tok24,2021-02-17,95.973,193638
tok24,2021-02-18,98.442,226428
tok24,2021-02-19,102.174,576014
tok24,2021-02-20,102.149,938544
tok24,2021-02-21,93.256,311467
tok24,2021-02-22,96.95,455823
tok24,2021-02-23,96.523,206182
tok24,2021-02-24,92.965,960923
tok24,2021-02-25,91.252,387448
tok24,2021-02-26,87.995,575469
tok24,2021-02-27,87.736,391166
tok24,2021-02-28,94.293,600906
tok24,2021-03-01,100.416,329174
tok24,2021-03-02,102.826,469031
tok24,2021-03-03,102.578,442895
tok24,2021-03-04,102.659,602854
tok24,2021-03-05,100.468,495903
tok24,2021-03-06,94.189,700352
tok24,2021-03-07,91.936,311355
tok24,2021-03-08,90.189,309629
tok24,2021-03-09,96.594,236894
tok24,2021-03-10,92.105,253381
tok24,2021-03-11,91.96,343942
tok24,2021-03-12,92.958,750070
tok24,2021-03-13,89.775,188577
tok24,2021-03-14,92.989,387367
tok24,2021-03-15,88.541,362767
tok24,2021-03-16,85.915,517410
tok24,2021-03-17,91.446,529138
tok24,2021-03-18,92.072,337902
tok24,2021-03-19,88.458,518185
tok24,2021-03-20,87.763,251629
tok24,2021-03-21,90.428,283320
tok24,2021-03-22,87.629,593966
tok24,2021-03-23,89.139,319789
tok24,2021-03-24,93.044,225894
tok24,2021-03-25,98.559,307732
tok24,2021-03-26,104.679,201357
tok24,2021-03-27,105.135,374930
tok24,2021-03-28,114.417,368003
tok24,2021-03-29,119.866,264066
tok24,2021-03-30,116.804,291471
tok24,2021-03-31,117.269,566455
tok24,2021-04-01,113.219,1386509
tok24,2021-04-02,114.733,858200
tok24,2021-04-03,117.28,597590
tok24,2021-04-04,125.769,658695
tok24,2021-04-05,132.811,428403
tok24,2021-04-06,129.819,321976
tok24,2021-04-07,130.24,1088318
tok24,2021-04-08,121.679,336950
tok24,2021-04-09,132.699,442746
tok24,2021-04-10,125.222,656099
tok24,2021-04-11,119.121,306362
tok24,2021-04-12,117.71,378654
tok24,2021-04-13,121.658,331736
tok24,2021-04-14,119.132,285724
tok24,2021-04-15,133.7,296770
tok24,2021-04-16,145.74,379178
tok24,2021-04-17,153.921,632466
tok24,2021-04-18,152.368,526909
tok24,2021-04-19,159.181,626221
tok24,2021-04-20,159.421,421204
tok24,2021-04-21,161.039,464327
tok24,2021-04-22,157.893,341183
tok24,2021-04-23,158.276,337253
tok24,2021-04-24,157.097,484477
tok24,2021-04-25,157.174,418706
tok24,2021-04-26,148.393,486696
tok24,2021-04-27,152.84,541374
tok24,2021-04-28,147.457,573633
tok24,2021-04-29,153.779,318878
tok24,2021-04-30,148.338,308625
tok24,2021-05-01,144.567,397315
tok24,2021-05-02,143.856,417243
tok24,2021-05-03,153.105,356026
tok24,2021-05-04,159.5,424097
tok24,2021-05-05,165.944,519087
tok24,2021-05-06,165.374,191430
tok24,2021-05-07,157.938,352676
tok24,2021-05-08,156.755,505333
tok24,2021-05-09,163.099,392394
tok24,2021-05-10,150.236,192111
tok24,2021-05-11,147.244,604077
tok24,2021-05-12,152.318,152108
tok24,2021-05-13,164.352,520504
tok24,2021-05-14,167.463,513061
tok24,2021-05-15,166.711,589620
tok24,2021-05-16,153.795,454994
tok24,2021-05-17,169.704,242626
tok24,2021-05-18,170.343,423826
tok24,2021-05-19,164.243,333245
tok24,2021-05-20,155.746,633470
tok24,2021-05-21,156.53,751069
tok24,2021-05-22,152.546,338705
tok24,2021-05-23,157.107,548332
tok24,2021-05-24,142.772,226840
tok24,2021-05-25,127.787,392545
tok24,2021-05-26,123.137,517616
tok24,2021-05-27,129.05,794984
tok24,2021-05-28,123.035,488794
tok24,2021-05-29,127.237,956976
tok24,2021-05-30,136.014,325511
tok24,2021-05-31,125.313,691729
tok24,2021-06-01,122.994,458336
tok24,2021-06-02,123.742,591675
tok24,2021-06-03,123.607,359771
tok24,2021-06-04,129.241,493301
tok24,2021-06-05,127.226,430441
tok24,2021-06-06,134.191,284444
tok24,2021-06-07,139.945,442785
tok24,2021-06-08,145.959,323613
tok24,2021-06-09,148.507,752565
tok24,2021-06-10,154.753,416463
tok24,2021-06-11,157.703,201443
tok24,2021-06-12,158.67,1947879
tok24,2021-06-13,168.121,587981
tok24,2021-06-14,177.576,549989
tok24,2021-06-15,171.171,387906
tok24,2021-06-16,172.02,541020
tok24,2021-06-17,169.781,481469
tok24,2021-06-18,166.824,256321
tok24,2021-06-19,167.981,822858
tok24,2021-06-20,172.804,548339
tok24,2021-06-21,172.907,683740
tok24,2021-06-22,170.655,905193
tok24,2021-06-23,172.11,418024
tok24,2021-06-24,167.505,303970
tok24,2021-06-25,157.414,378565
tok24,2021-06-26,159.46,210027
tok24,2021-06-27,157.175,412747
tok24,2021-06-28,154.525,481559
tok24,2021-06-29,157.916,157441
tok24,2021-06-30,155.269,636931
tok24,2021-07-01,153.987,880472
tok24,2021-07-02,147.489,326600
tok24,2021-07-03,155.882,629929
tok24,2021-07-04,163.909,440165
tok24,2021-07-05,166.25,498007
tok24,2021-07-06,162.121,326674
tok24,2021-07-07,155.299,365883
tok24,2021-07-08,147.4,239235
tok24,2021-07-09,162.433,374527
tok24,2021-07-10,161.491,666748
tok24,2021-07-11,158.79,792702
tok24,2021-07-12,163.103,537379
tok24,2021-07-13,156.422,314989
tok24,2021-07-14,148.985,390689
tok24,2021-07-15,147.143,462111
tok24,2021-07-16,139.347,362923
tok24,2021-07-17,127.99,460612
tok24,2021-07-18,121.201,760607
tok24,2021-07-19,123.289,404489
tok24,2021-07-20,121.776,294078
tok24,2021-07-21,120.322,211749
tok24,2021-07-22,114.824,543942
tok24,2021-07-23,112.428,1128155
tok24,2021-07-24,116.31,381126
tok24,2021-07-25,119.845,254625
tok24,2021-07-26,122.587,733941
tok24,2021-07-27,123.965,515150
tok24,2021-07-28,125.138,104029
tok24,2021-07-29,126.817,218931
tok24,2021-07-30,131.583,515586
tok24,2021-07-31,122.265,713605
tok24,2021-08-01,129.631,236297
tok24,2021-08-02,123.509,966830
tok24,2021-08-03,117.314,474393
tok24,2021-08-04,110.003,560819
tok24,2021-08-05,109.167,780147
tok24,2021-08-06,105.917,536248
tok24,2021-08-07,103.776,336473
tok24,2021-08-08,104.927,251577
tok24,2021-08-09,108.673,573555
tok24,2021-08-10,109.385,811221
tok24,2021-08-11,120.194,360515
tok24,2021-08-12,129.442,500227
tok24,2021-08-13,126.825,536557
tok24,2021-08-14,131.979,641821
tok24,2021-08-15,130.972,267946
tok24,2021-08-16,122.847,418672
tok24,2021-08-17,126.523,596477
tok24,2021-08-18,118.306,422229
tok24,2021-08-19,115.084,915134
tok24,2021-08-20,118.955,258035
tok24,2021-08-21,112.881,502317
tok24,2021-08-22,113.421,678321
tok24,2021-08-23,116.357,660670
tok24,2021-08-24,115.61,171557
tok24,2021-08-25,115.154,264459
tok24,2021-08-26,113.911,252924
tok24,2021-08-27,109.711,467533
tok24,2021-08-28,121.073,157242
tok24,2021-08-29,122.144,350847
tok24,2021-08-30,123.609,399342
tok24,2021-08-31,120.871,378758
tok24,2021-09-01,114.747,299975
tok24,2021-09-02,119.977,750900
tok24,2021-09-03,110.781,849905
tok24,2021-09-04,113.198,1335526
tok24,2021-09-05,116.189,440271
tok24,2021-09-06,109.409,401625
tok24,2021-09-07,108.567,549679
tok24,2021-09-08,105.912,354271
tok24,2021-09-09,103.747,472524
tok24,2021-09-10,95.284,404153
tok24,2021-09-11,88.886,540221
tok24,2021-09-12,86.674,351761
tok24,2021-09-13,83.05,469294
tok24,2021-09-14,88.2,459884
tok24,2021-09-15,88.484,358217
tok24,2021-09-16,92.416,251776
tok24,2021-09-17,88.563,322270
tok24,2021-09-18,87.563,493795
tok24,2021-09-19,84.229,592673
tok24,2021-09-20,88.653,693602
tok24,2021-09-21,85.546,626468
tok24,2021-09-22,81.549,360300
tok24,2021-09-23,82.891,486620
tok24,2021-09-24,84.972,550252
tok24,2021-09-25,85.733,665557
tok24,2021-09-26,80.876,350615
tok24,2021-09-27,82.957,372448
tok24,2021-09-28,79.787,779489
tok24,2021-09-29,88.009,713356
tok24,2021-09-30,84.996,1125810
tok24,2021-10-01,89.102,387902
tok24,2021-10-02,86.461,585764
tok24,2021-10-03,87.613,219122
tok24,2021-10-04,89.491,244114
tok24,2021-10-05,87.876,751356
tok24,2021-10-06,89.818,613667
tok24,2021-10-07,85.6,226703
tok24,2021-10-08,81.444,350047
tok24,2021-10-09,83.903,630295
tok24,2021-10-10,78.056,947620
tok24,2021-10-11,75.804,271675
tok24,2021-10-12,77.853,262652
tok24,2021-10-13,76.379,833222
tok24,2021-10-14,80.568,727448
tok24,2021-10-15,80.706,258334
tok24,2021-10-16,86.677,398068
tok24,2021-10-17,87.987,362914
tok24,2021-10-18,91.337,643073
tok24,2021-10-19,97.994,299291
tok24,2021-10-20,98.767,513182
tok24,2021-10-21,101.256,315968
tok24,2021-10-22,108.956,656076
tok24,2021-10-23,117.028,410142
tok24,2021-10-24,111.273,442232
tok24,2021-10-25,112.975,410258
tok24,2021-10-26,107.196,285283
tok24,2021-10-27,104.444,357683
tok24,2021-10-28,104.189,321018
tok24,2021-10-29,104.423,394201
tok24,2021-10-30,113.733,791581
tok24,2021-10-31,114.418,154694
tok24,2021-11-01,118.985,245431
tok24,2021-11-02,118.06,380511
tok24,2021-11-03,113.317,598535
tok24,2021-11-04,109.879,323247
tok24,2021-11-05,109.794,634617
tok24,2021-11-06,116.499,214089
tok24,2021-11-07,122.569,661095
tok24,2021-11-08,125.255,209617
tok24,2021-11-09,119.821,195054
tok24,2021-11-10,121.274,847216
tok24,2021-11-11,119.293,508539
tok24,2021-11-12,124.118,960652
tok24,2021-11-13,121.157,491035
tok24,2021-11-14,121.637,456111
tok24,2021-11-15,117.241,243642
tok24,2021-11-16,118.412,349867
tok24,2021-11-17,112.346,334452
tok24,2021-11-18,115.277,428187
tok24,2021-11-19,114.232,751369
tok24,2021-11-20,121.523,423489
tok24,2021-11-21,125.834,592168
tok24,2021-11-22,119.026,961960
tok24,2021-11-23,110.531,576669
tok24,2021-11-24,112.71,350294
tok24,2021-11-25,111.113,625545
tok24,2021-11-26,109.312,322571
tok24,2021-11-27,102.046,360485
tok24,2021-11-28,96.583,1124561
tok24,2021-11-29,92.472,118502
tok24,2021-11-30,94.523,301792
tok24,2021-12-01,101.567,515106
tok24,2021-12-02,92.61,1384974
tok24,2021-12-03,97.887,365852
tok24,2021-12-04,98.967,518529
tok24,2021-12-05,90.577,1015677
tok24,2021-12-06,88.54,1311346
tok24,2021-12-07,93.898,471705
tok24,2021-12-08,98.084,363768
tok24,2021-12-09,95.614,354701
tok24,2021-12-10,93.959,339561
tok24,2021-12-11,95.851,288222
tok24,2021-12-12,93.985,324074
tok24,2021-12-13,99.385,463608
tok24,2021-12-14,99.71,287449
tok24,2021-12-15,97.285,1069440
tok24,2021-12-16,100.875,357398
tok24,2021-12-17,104.474,884375
tok24,2021-12-18,104.555,399520
tok24,2021-12-19,105.301,346596
tok24,2021-12-20,100.426,252399
tok24,2021-12-21,106.114,419456
tok24,2021-12-22,107.001,560218
tok24,2021-12-23,101.13,426259
tok24,2021-12-24,100.053,339246
tok24,2021-12-25,97.264,645336
tok24,2021-12-26,95.991,359999
tok24,2021-12-27,94.711,508005
tok24,2021-12-28,90.534,365557
tok24,2021-12-29,91.994,652213
tok24,2021-12-30,85.622,535316
tok24,2021-12-31,84.685,602987
tok24,2022-01-01,83.561,410371
tok24,2022-01-02,85.611,311825
tok24,2022-01-03,85.436,691211
tok24,2022-01-04,91.07,499201
tok24,2022-01-05,91.661,896884
tok24,2022-01-06,93.174,270686
tok24,2022-01-07,96.529,369803
tok24,2022-01-08,96.138,126686
tok24,2022-01-09,101.731,681290
tok24,2022-01-10,101.929,300318
tok24,2022-01-11,95.356,402608
tok24,2022-01-12,97.913,433014
tok24,2022-01-13,96.143,415030
tok24,2022-01-14,91.229,441128
tok24,2022-01-15,82.719,497902
tok24,2022-01-16,78.278,388903
tok24,2022-01-17,76.622,347218
tok24,2022-01-18,83.34,412528
tok24,2022-01-19,78.906,232737
tok24,2022-01-20,75.901,655825
tok24,2022-01-21,74.597,612386
tok24,2022-01-22,76.852,421485
tok24,2022-01-23,71.487,535034
tok24,2022-01-24,69.255,187668
tok24,2022-01-25,69.591,346574
tok24,2022-01-26,68.634,519315
tok24,2022-01-27,66.533,640430
tok24,2022-01-28,76.204,493628
tok24,2022-01-29,78.994,179071
tok24,2022-01-30,75.217,900141
tok24,2022-01-31,71.98,1382889
tok24,2022-02-01,67.448,475119
tok24,2022-02-02,66.484,459499
tok24,2022-02-03,67.939,590669
tok24,2022-02-04,68.681,293015
tok24,2022-02-05,69.275,490681
tok24,2022-02-06,66.216,255359
tok24,2022-02-07,60.392,221016
tok24,2022-02-08,57.5,364780
tok24,2022-02-09,57.833,390036
tok24,2022-02-10,58.141,426450
tok24,2022-02-11,58.087,235571
tok24,2022-02-12,58.661,856133
tok24,2022-02-13,59.108,572151
tok24,2022-02-14,57.412,370908
tok24,2022-02-15,59.997,656501
tok24,2022-02-16,61.884,554488
tok24,2022-02-17,60.815,440546
tok24,2022-02-18,63.275,80943
tok24,2022-02-19,64.224,341084
tok24,2022-02-20,62.212,360914
tok24,2022-02-21,66.456,385843
tok24,2022-02-22,64.091,344145
tok24,2022-02-23,66.073,514130
tok24,2022-02-24,65.721,202235
tok24,2022-02-25,62.158,258706
tok24,2022-02-26,62.152,689224
tok24,2022-02-27,63.448,948667
tok24,2022-02-28,63.182,875144
tok24,2022-03-01,65.321,450978
tok24,2022-03-02,64.94,323533
tok24,2022-03-03,68.498,534607
tok24,2022-03-04,68.598,240585
tok24,2022-03-05,71.396,658733
tok24,2022-03-06,74.938,637840
tok24,2022-03-07,73.68,759750
tok24,2022-03-08,75.875,479123
tok24,2022-03-09,77.568,184063
tok24,2022-03-10,74.096,821609
tok24,2022-03-11,76.494,402529
tok24,2022-03-12,77.038,1376592
tok24,2022-03-13,74.673,580670
tok24,2022-03-14,75.062,221822
tok24,2022-03-15,75.781,1130468
tok24,2022-03-16,78.25,1030124
tok24,2022-03-17,74.938,389187
tok24,2022-03-18,74.993,527149
tok24,2022-03-19,74.766,462150
tok24,2022-03-20,69.622,902190
tok24,2022-03-21,73.514,293022
tok24,2022-03-22,70.24,484311
tok24,2022-03-23,70.085,703966
tok24,2022-03-24,69.464,447926
tok24,2022-03-25,70.087,310294
tok24,2022-03-26,72.784,404462
tok24,2022-03-27,78.031,182210
tok24,2022-03-28,75.363,591558
tok24,2022-03-29,71.64,571000
tok24,2022-03-30,68.687,439536
tok24,2022-03-31,67.433,396189
tok24,2022-04-01,68.907,519139
tok24,2022-04-02,68.418,1159425
tok24,2022-04-03,69.284,211952
tok24,2022-04-04,72.379,724464
tok24,2022-04-05,75.565,422024
tok24,2022-04-06,77.964,719779
tok24,2022-04-07,77.263,1399967
tok24,2022-04-08,74.937,231785
tok24,2022-04-09,76.734,497022
tok24,2022-04-10,71.955,224913
tok24,2022-04-11,71.941,387743
tok24,2022-04-12,71.565,264776
tok24,2022-04-13,72.488,378846
tok24,2022-04-14,81.455,796449
tok24,2022-04-15,75.94,444131
tok24,2022-04-16,68.074,579713
tok24,2022-04-17,65.289,451912
tok24,2022-04-18,70.367,1128129
tok24,2022-04-19,64.774,599405
tok24,2022-04-20,64.471,603069
tok24,2022-04-21,66.396,913032
tok24,2022-04-22,67.286,480195
tok24,2022-04-23,68.384,754634
tok24,2022-04-24,72.471,672652
tok24,2022-04-25,72.96,587337
tok24,2022-04-26,76.05,845884
tok24,2022-04-27,71.719,390750
tok24,2022-04-28,71.139,147300
tok24,2022-04-29,75.64,305885
tok24,2022-04-30,74.26,710856
tok24,2022-05-01,71.815,537703
tok24,2022-05-02,69.857,853165
tok24,2022-05-03,70.997,196280
tok24,2022-05-04,72.193,206190
tok24,2022-05-05,72.044,403253
tok24,2022-05-06,70.135,756618
tok24,2022-05-07,74.081,359418
tok24,2022-05-08,79.199,173669
tok24,2022-05-09,75.335,285366
tok24,2022-05-10,76.47,685506
tok24,2022-05-11,83.615,620211
tok24,2022-05-12,84.341,408191
tok24,2022-05-13,87.837,554133
tok24,2022-05-14,85.662,331104
tok24,2022-05-15,92.509,168844
tok24,2022-05-16,95.422,401854
tok24,2022-05-17,93.937,623309
tok24,2022-05-18,95.201,396865
tok24,2022-05-19,95.983,511619
tok24,2022-05-20,98.774,304899
tok24,2022-05-21,102.117,282342
tok24,2022-05-22,103.968,498864
tok24,2022-05-23,105.493,486105
tok24,2022-05-24,101.569,295315
tok24,2022-05-25,110.54,266379
tok24,2022-05-26,113.478,467018
tok24,2022-05-27,106.752,232743
tok24,2022-05-28,107.846,438246
tok24,2022-05-29,103.451,549913
tok24,2022-05-30,101.368,301780
tok24,2022-05-31,100.321,287098
tok24,2022-06-01,100.846,400019
tok24,2022-06-02,104.705,255063
tok24,2022-06-03,100.723,206303
tok24,2022-06-04,102.643,234533
tok24,2022-06-05,104.039,832683
tok24,2022-06-06,97.47,451056
tok24,2022-06-07,102.981,226396
tok24,2022-06-08,102.818,271336
tok24,2022-06-09,108.177,665317
tok24,2022-06-10,109.719,568937
tok24,2022-06-11,98.959,570707
tok24,2022-06-12,94.097,184214
tok24,2022-06-13,87.147,319933
tok24,2022-06-14,92.948,189782
tok24,2022-06-15,87.692,505374
tok24,2022-06-16,89.534,197434
tok24,2022-06-17,85.348,569246
tok24,2022-06-18,83.073,745816
tok24,2022-06-19,84.248,387005
tok24,2022-06-20,85.826,175729
tok24,2022-06-21,85.528,511229
tok24,2022-06-22,80.364,958009
tok24,2022-06-23,75.724,797313
tok24,2022-06-24,76.232,427141
tok24,2022-06-25,80.823,459486
tok24,2022-06-26,76.451,175643
tok24,2022-06-27,73.292,509460
tok24,2022-06-28,73.133,534859
tok24,2022-06-29,72.887,395281
tok24,2022-06-30,71.389,428107
tok24,2022-07-01,73.242,939218
tok24,2022-07-02,68.299,288567
tok24,2022-07-03,66.92,532139
tok24,2022-07-04,68.493,894214
tok24,2022-07-05,67.6,264450
tok24,2022-07-06,61.695,377670
tok24,2022-07-07,63.31,236109
tok24,2022-07-08,64.326,417027
tok24,2022-07-09,66.375,527315
tok24,2022-07-10,69.002,463199
tok24,2022-07-11,67.794,422481
tok24,2022-07-12,67.303,285488
tok24,2022-07-13,65.336,2142461
tok24,2022-07-14,63.481,695272
tok24,2022-07-15,66.159,325977
tok24,2022-07-16,63.931,421462
tok24,2022-07-17,66.019,827035
tok24,2022-07-18,58.678,214690
tok24,2022-07-19,55.925,416288
tok24,2022-07-20,55.149,867808
tok24,2022-07-21,57.357,580334
tok24,2022-07-22,56.71,694203
tok24,2022-07-23,55.42,247679
tok24,2022-07-24,56.285,485979
tok24,2022-07-25,54.172,437372
tok24,2022-07-26,53.476,349888
tok24,2022-07-27,54.913,251231
tok24,2022-07-28,54.578,647332
tok24,2022-07-29,50.59,392519
tok24,2022-07-30,50.233,261139
tok24,2022-07-31,51.108,390759
tok24,2022-08-01,51.245,222240
tok24,2022-08-02,50.136,277409
tok24,2022-08-03,49.493,169417
tok24,2022-08-04,49.672,475452
tok24,2022-08-05,46.101,1010411
tok24,2022-08-06,48.346,763592
tok24,2022-08-07,50.372,951881
tok24,2022-08-08,48.893,891279
tok24,2022-08-09,49.962,191432
tok24,2022-08-10,50.672,571763
tok24,2022-08-11,48.832,138870
tok24,2022-08-12,51.148,590917
tok24,2022-08-13,49.489,259950
tok24,2022-08-14,50.193,395589
tok24,2022-08-15,47.551,1109689
tok24,2022-08-16,44.433,798165
tok24,2022-08-17,46.414,840453
tok24,2022-08-18,47.59,480919
tok24,2022-08-19,46.889,275873
tok24,2022-08-20,46.444,271091
tok24,2022-08-21,46.731,597598
tok24,2022-08-22,45.352,821412
tok24,2022-08-23,46.342,1252065
tok24,2022-08-24,45.327,431059
tok24,2022-08-25,46.641,363875
tok24,2022-08-26,46.178,1423386
tok24,2022-08-27,44.407,234846
tok24,2022-08-28,44.134,286718
tok24,2022-08-29,42.275,132241
tok24,2022-08-30,46.216,291337
tok24,2022-08-31,50.166,311673
tok24,2022-09-01,50.461,643102
tok24,2022-09-02,50.525,586525
tok24,2022-09-03,52.54,454634
tok24,2022-09-04,52.23,844769
tok24,2022-09-05,51.847,615615
tok24,2022-09-06,50.944,535504
tok24,2022-09-07,50.587,455698
tok24,2022-09-08,50.396,335543
tok24,2022-09-09,49.987,450102
tok24,2022-09-10,52.611,668959
tok24,2022-09-11,50.628,401666
tok24,2022-09-12,47.829,416249
tok24,2022-09-13,49.986,741671
tok24,2022-09-14,52.592,329381
tok24,2022-09-15,51.465,709212
tok24,2022-09-16,50.029,722548
tok24,2022-09-17,44.072,216196
tok24,2022-09-18,43.198,387811
tok24,2022-09-19,41.564,314343
tok24,2022-09-20,39.511,345399
tok24,2022-09-21,37.852,399978
tok24,2022-09-22,36.556,1112537
tok24,2022-09-23,36.073,515850
tok24,2022-09-24,37.057,661184
tok24,2022-09-25,35.877,787544
tok24,2022-09-26,35.995,508019
tok24,2022-09-27,34.4,475981
tok24,2022-09-28,35.26,535608
tok24,2022-09-29,33.709,513720
tok24,2022-09-30,34.815,258761
tok24,2022-10-01,34.21,202429
tok24,2022-10-02,32.67,442350
tok24,2022-10-03,33.46,984487
tok24,2022-10-04,33.342,355012
tok24,2022-10-05,33.117,278780
tok24,2022-10-06,31.917,656846
tok24,2022-10-07,30.518,847498
tok24,2022-10-08,31.937,881353
tok24,2022-10-09,30.626,510790
tok24,2022-10-10,30.271,460135
tok24,2022-10-11,30.073,373726
tok24,2022-10-12,29.574,297968
tok24,2022-10-13,29.4,401818
tok24,2022-10-14,29.852,1328051
tok24,2022-10-15,28.988,605676
tok24,2022-10-16,27.967,664700
tok24,2022-10-17,28.434,538273
tok24,2022-10-18,27.0,346470
tok24,2022-10-19,26.884,201416
tok24,2022-10-20,26.663,315741
tok24,2022-10-21,26.885,690159
tok24,2022-10-22,25.288,619708
tok24,2022-10-23,25.761,617231
tok24,2022-10-24,25.502,1460229
tok24,2022-10-25,27.35,359448
tok24,2022-10-26,27.192,704213
tok24,2022-10-27,26.405,521615
tok24,2022-10-28,26.286,674174
tok24,2022-10-29,25.351,229094
tok24,2022-10-30,23.262,345559
tok24,2022-10-31,22.573,242753
tok24,2022-11-01,24.251,445243
tok24,2022-11-02,26.73,472555
tok24,2022-11-03,27.627,317150
tok24,2022-11-04,28.046,300412
tok24,2022-11-05,29.183,563560
tok24,2022-11-06,31.315,763973
tok24,2022-11-07,30.783,642193
tok24,2022-11-08,32.235,955869
tok24,2022-11-09,32.45,322194
tok24,2022-11-10,33.5,304263
tok24,2022-11-11,32.718,687185
tok24,2022-11-12,31.882,407893
tok24,2022-11-13,34.24,325575
tok24,2022-11-14,32.186,220079
tok24,2022-11-15,34.261,238148
tok24,2022-11-16,34.38,166051
tok24,2022-11-17,34.874,459071
tok24,2022-11-18,34.663,429155
tok24,2022-11-19,35.52,843807
tok24,2022-11-20,34.761,205249
tok24,2022-11-21,35.298,221947
tok24,2022-11-22,34.047,434940
tok24,2022-11-23,34.54,697059
tok24,2022-11-24,33.0,514774
tok24,2022-11-25,31.379,543060
tok24,2022-11-26,32.475,266205
tok24,2022-11-27,35.306,503106
tok24,2022-11-28,34.714,297315
tok24,2022-11-29,32.761,269141
tok24,2022-11-30,32.884,237050
tok24,2022-12-01,31.93,658562
tok24,2022-12-02,31.568,988555
tok24,2022-12-03,31.089,851454
tok24,2022-12-04,31.209,421882
tok24,2022-12-05,32.302,524937
tok24,2022-12-06,31.014,340218
tok24,2022-12-07,30.367,547163
tok24,2022-12-08,29.094,276409
tok24,2022-12-09,26.253,458374
tok24,2022-12-10,24.952,330905
tok24,2022-12-11,23.938,594733
tok24,2022-12-12,24.99,147842
tok24,2022-12-13,24.393,312925
tok24,2022-12-14,24.679,431067
tok24,2022-12-15,25.196,214855
tok24,2022-12-16,25.117,427567
tok24,2022-12-17,25.174,505777
tok24,2022-12-18,25.211,367866
tok24,2022-12-19,23.859,148889
tok24,2022-12-20,23.748,278242
tok24,2022-12-21,22.859,232793
tok24,2022-12-22,22.938,774932
tok24,2022-12-23,22.214,234999
tok24,2022-12-24,22.621,780089
tok24,2022-12-25,24.415,730172
tok24,2022-12-26,24.008,383232
tok24,2022-12-27,23.086,256354
tok24,2022-12-28,24.317,191833
tok24,2022-12-29,26.603,293155
tok24,2022-12-30,27.031,378848
tok24,2022-12-31,25.832,574257
tok24,2023-01-01,25.6,410107
tok24,2023-01-02,27.059,1175689
tok24,2023-01-03,28.322,895230
tok24,2023-01-04,30.547,534099
tok24,2023-01-05,30.677,806843
tok24,2023-01-06,29.784,522039
tok24,2023-01-07,27.84,634010
tok24,2023-01-08,27.77,635902
tok24,2023-01-09,28.221,628243
tok24,2023-01-10,26.868,245610
tok24,2023-01-11,25.955,439566
tok24,2023-01-12,25.171,301292
tok24,2023-01-13,25.414,79851
tok24,2023-01-14,25.118,430643
tok24,2023-01-15,25.817,416823
tok24,2023-01-16,25.986,879252
tok24,2023-01-17,27.879,267265
tok24,2023-01-18,28.02,308289
tok24,2023-01-19,29.481,496166
tok24,2023-01-20,27.927,793675
tok24,2023-01-21,26.751,345499
tok24,2023-01-22,27.385,525671
tok24,2023-01-23,26.044,365690
tok24,2023-01-24,25.296,482652
tok24,2023-01-25,24.7,888396
tok24,2023-01-26,26.287,837615
tok24,2023-01-27,27.027,524458
tok24,2023-01-28,28.226,832550
tok24,2023-01-29,27.224,215669
tok24,2023-01-30,26.858,522476
tok24,2023-01-31,28.823,203086
tok24,2023-02-01,27.009,243561
tok24,2023-02-02,25.788,555891
tok24,2023-02-03,26.152,735981
tok24,2023-02-04,28.046,288655
tok24,2023-02-05,28.397,996144
tok24,2023-02-06,30.806,576250
tok24,2023-02-07,31.802,369237
tok24,2023-02-08,31.644,1062824
tok24,2023-02-09,31.5,225831
tok24,2023-02-10,31.097,398394
tok24,2023-02-11,33.047,485083
tok24,2023-02-12,34.451,399578
tok24,2023-02-13,36.842,324125
tok24,2023-02-14,37.242,641334
tok24,2023-02-15,39.23,182990
tok24,2023-02-16,35.879,225914
tok24,2023-02-17,36.097,431996
tok24,2023-02-18,36.436,455632
tok24,2023-02-19,38.148,235298
tok24,2023-02-20,38.114,234470
tok24,2023-02-21,36.076,754380
tok24,2023-02-22,40.441,587998
tok24,2023-02-23,43.346,329901
tok24,2023-02-24,42.729,268100
tok24,2023-02-25,41.508,365140
tok24,2023-02-26,40.801,427287
tok24,2023-02-27,42.488,422746
tok24,2023-02-28,43.137,207522
tok24,2023-03-01,42.949,354768
tok24,2023-03-02,42.252,685273
tok24,2023-03-03,41.698,474094
tok24,2023-03-04,37.911,314454
tok24,2023-03-05,37.613,149355
tok24,2023-03-06,35.42,698982
tok24,2023-03-07,35.667,576620
tok24,2023-03-08,35.866,1042888
tok24,2023-03-09,33.59,240857
tok24,2023-03-10,34.923,940326
tok24,2023-03-11,33.562,522395
tok24,2023-03-12,34.554,355135
tok24,2023-03-13,35.777,1257275
tok24,2023-03-14,37.129,539731
tok24,2023-03-15,36.072,460526
tok24,2023-03-16,37.051,850690
tok24,2023-03-17,37.739,253677
tok24,2023-03-18,38.027,454189
tok24,2023-03-19,36.912,552790
tok24,2023-03-20,37.904,342851
tok24,2023-03-21,41.799,295208
tok24,2023-03-22,39.774,913245
tok24,2023-03-23,41.162,529532
tok24,2023-03-24,41.967,583567
tok24,2023-03-25,40.172,286450
tok24,2023-03-26,36.997,377088
tok24,2023-03-27,34.822,693746
tok24,2023-03-28,33.434,923600
tok24,2023-03-29,32.852,526913
tok24,2023-03-30,30.071,214056
tok24,2023-03-31,30.69,188135
tok24,2023-04-01,30.142,817171
tok24,2023-04-02,29.357,1104583
tok24,2023-04-03,27.475,1066948
tok24,2023-04-04,26.394,187227
tok24,2023-04-05,26.368,391968
tok24,2023-04-06,27.296,366159
tok24,2023-04-07,25.754,987267
tok24,2023-04-08,24.741,231392
tok24,2023-04-09,23.602,403719
tok24,2023-04-10,24.382,276132
tok24,2023-04-11,23.381,518310
tok24,2023-04-12,23.846,388130
tok24,2023-04-13,23.804,276114
tok24,2023-04-14,24.677,351508
tok24,2023-04-15,24.139,667143
tok24,2023-04-16,24.471,726021
tok24,2023-04-17,24.963,732316
tok24,2023-04-18,24.503,373302
tok24,2023-04-19,22.829,364271
tok24,2023-04-20,22.991,396989
tok24,2023-04-21,23.062,294432
tok24,2023-04-22,21.82,575107
tok24,2023-04-23,23.456,332273
tok24,2023-04-24,22.488,308258
tok24,2023-04-25,21.861,307068
tok24,2023-04-26,22.374,154145
tok24,2023-04-27,21.741,198456
tok24,2023-04-28,21.83,198350
tok24,2023-04-29,22.059,634743
tok24,2023-04-30,20.944,755826
tok24,2023-05-01,20.929,459212
tok24,2023-05-02,20.567,843011
tok24,2023-05-03,21.703,133690
tok24,2023-05-04,20.795,521392
tok24,2023-05-05,21.301,1594362
tok24,2023-05-06,21.578,301250
tok24,2023-05-07,20.505,398728
tok24,2023-05-08,20.399,366688
tok24,2023-05-09,20.625,458008
tok24,2023-05-10,20.688,401722
tok24,2023-05-11,20.3,817511
tok24,2023-05-12,19.096,259034
tok24,2023-05-13,18.841,737287
tok24,2023-05-14,18.689,420002
tok24,2023-05-15,19.567,319204
tok24,2023-05-16,19.308,447382
tok24,2023-05-17,19.657,571865
tok24,2023-05-18,19.078,629834
tok24,2023-05-19,18.611,180723
tok24,2023-05-20,18.594,186062
tok24,2023-05-21,19.418,444959
tok24,2023-05-22,19.334,359797
tok24,2023-05-23,21.003,602359
tok24,2023-05-24,20.711,923007
tok24,2023-05-25,19.956,530202
tok24,2023-05-26,19.395,1106874
tok24,2023-05-27,19.464,447558
tok24,2023-05-28,19.249,919153
tok24,2023-05-29,18.254,1228557
tok24,2023-05-30,18.461,299857
tok24,2023-05-31,17.481,208613
tok24,2023-06-01,17.427,503797
tok24,2023-06-02,17.612,445313
tok24,2023-06-03,17.995,337513
tok24,2023-06-04,18.313,412234
tok24,2023-06-05,18.672,725950
tok24,2023-06-06,19.841,440796
tok24,2023-06-07,20.181,323567
tok24,2023-06-08,22.659,449371
tok24,2023-06-09,22.279,527845
tok24,2023-06-10,21.98,586814
tok24,2023-06-11,21.143,409011
tok24,2023-06-12,21.334,264032
tok24,2023-06-13,21.797,643778
tok24,2023-06-14,20.202,604586
tok24,2023-06-15,19.26,707211
tok24,2023-06-16,20.674,287260
tok24,2023-06-17,20.961,555386
tok24,2023-06-18,20.815,643475
tok24,2023-06-19,19.149,511645
tok24,2023-06-20,18.405,773333
tok24,2023-06-21,17.437,779794
tok24,2023-06-22,17.817,325677
tok24,2023-06-23,18.761,205930
tok24,2023-06-24,18.067,489966
tok24,2023-06-25,17.808,665376
tok24,2023-06-26,18.04,195079
tok24,2023-06-27,18.039,517542
tok24,2023-06-28,17.719,345743
tok24,2023-06-29,18.344,472702
tok24,2023-06-30,18.422,600471
tok24,2023-07-01,19.041,215146
tok24,2023-07-02,19.314,513679
tok24,2023-07-03,19.613,313238
tok24,2023-07-04,19.765,772442
tok24,2023-07-05,20.178,1142692
tok24,2023-07-06,19.756,134959
tok24,2023-07-07,20.006,187877
tok24,2023-07-08,20.103,234852
tok24,2023-07-09,20.429,250478
tok24,2023-07-10,19.336,461250
tok24,2023-07-11,19.395,536831
tok24,2023-07-12,20.015,434833
tok24,2023-07-13,20.641,618140
tok24,2023-07-14,20.004,647668
tok24,2023-07-15,20.034,204829
tok24,2023-07-16,18.817,494780
tok24,2023-07-17,19.733,389030
tok24,2023-07-18,19.59,427937
tok24,2023-07-19,19.808,827137
tok24,2023-07-20,20.407,249302
tok24,2023-07-21,20.376,291148
tok24,2023-07-22,20.555,318443
tok24,2023-07-23,20.559,207316
tok24,2023-07-24,19.025,375734
tok24,2023-07-25,18.575,320931
tok24,2023-07-26,18.073,250193
tok24,2023-07-27,17.812,817775
tok24,2023-07-28,16.927,790579
tok24,2023-07-29,18.626,442605
tok24,2023-07-30,18.158,637725
tok24,2023-07-31,17.782,590015
tok24,2023-08-01,18.313,126739
tok24,2023-08-02,17.997,343824
tok24,2023-08-03,17.929,431418
tok24,2023-08-04,18.648,468399
tok24,2023-08-05,17.666,1457431
tok24,2023-08-06,17.499,243762
tok24,2023-08-07,17.743,249631
tok24,2023-08-08,17.593,519242
tok24,2023-08-09,18.1,600511
tok24,2023-08-10,17.067,557042
tok24,2023-08-11,16.768,410296
tok24,2023-08-12,17.121,377547
tok24,2023-08-13,17.169,421596
tok24,2023-08-14,17.039,432986
tok24,2023-08-15,16.779,606932
tok24,2023-08-16,17.243,414113
tok24,2023-08-17,17.132,570020
tok24,2023-08-18,16.814,509652
tok24,2023-08-19,16.651,1231984
tok24,2023-08-20,16.039,864831
tok24,2023-08-21,16.139,532535
tok24,2023-08-22,15.631,807348
tok24,2023-08-23,17.278,230240
tok24,2023-08-24,17.082,781104
tok24,2023-08-25,17.054,306817
tok24,2023-08-26,16.398,686482
tok24,2023-08-27,16.38,560509
tok24,2023-08-28,15.434,283796
tok24,2023-08-29,16.117,567711
tok24,2023-08-30,14.721,1051909
tok24,2023-08-31,14.817,222459
tok24,2023-09-01,14.676,345579
tok24,2023-09-02,14.875,156957
tok24,2023-09-03,14.959,1222642
tok24,2023-09-04,15.63,327995
tok24,2023-09-05,15.809,282914
tok24,2023-09-06,15.388,484114
tok24,2023-09-07,15.163,375718
tok24,2023-09-08,15.735,550808
tok24,2023-09-09,14.754,862062
tok24,2023-09-10,15.019,236669
tok24,2023-09-11,14.454,594506
tok24,2023-09-12,14.241,553987
tok24,2023-09-13,13.988,400402
tok24,2023-09-14,14.338,457306
tok24,2023-09-15,15.215,227593
tok24,2023-09-16,14.277,755886
tok24,2023-09-17,13.604,245624
tok24,2023-09-18,13.167,344849
tok24,2023-09-19,13.952,397758
tok24,2023-09-20,14.047,768209
tok24,2023-09-21,13.735,1108879
tok24,2023-09-22,13.726,555999
tok24,2023-09-23,13.192,710521
tok24,2023-09-24,12.89,523950
tok24,2023-09-25,12.713,542257
tok24,2023-09-26,12.368,276735
tok24,2023-09-27,12.58,532834
tok24,2023-09-28,12.747,629848
tok24,2023-09-29,13.083,511069
tok24,2023-09-30,13.499,674891
tok24,2023-10-01,13.425,507087
tok24,2023-10-02,13.65,320484
tok24,2023-10-03,13.771,470772
tok24,2023-10-04,13.386,467697
tok24,2023-10-05,13.646,671314
tok24,2023-10-06,14.145,629566
tok24,2023-10-07,14.603,1134093
tok24,2023-10-08,14.822,554678
tok24,2023-10-09,15.316,436661
tok24,2023-10-10,14.766,391386
tok24,2023-10-11,14.463,275792
tok24,2023-10-12,13.778,287854
tok24,2023-10-13,13.017,722270
tok24,2023-10-14,12.76,925932
tok24,2023-10-15,12.805,238002
tok24,2023-10-16,13.34,188893
tok24,2023-10-17,13.533,501656
tok24,2023-10-18,12.653,236246
tok24,2023-10-19,12.352,276838
tok24,2023-10-20,13.195,1235526
tok24,2023-10-21,11.671,730856
tok24,2023-10-22,11.733,365954
tok24,2023-10-23,11.151,1230460
tok24,2023-10-24,10.931,282569
tok24,2023-10-25,11.131,824524
tok24,2023-10-26,11.224,533016
tok24,2023-10-27,10.852,343021
tok24,2023-10-28,10.812,215281
tok24,2023-10-29,12.028,474141
tok24,2023-10-30,11.533,596912
tok24,2023-10-31,11.591,357304
tok24,2023-11-01,11.629,418581
tok24,2023-11-02,12.38,167884
tok24,2023-11-03,12.785,400696
tok24,2023-11-04,11.87,432825
tok24,2023-11-05,12.051,692553
tok24,2023-11-06,12.205,438651
tok24,2023-11-07,11.488,533044
tok24,2023-11-08,11.018,530073
tok24,2023-11-09,10.77,748534
tok24,2023-11-10,11.725,494436
tok24,2023-11-11,11.563,470273
tok24,2023-11-12,12.516,771441
tok24,2023-11-13,12.301,534799
tok24,2023-11-14,11.534,737624
tok24,2023-11-15,12.124,624111
tok24,2023-11-16,12.883,200731
tok24,2023-11-17,12.468,328434
tok24,2023-11-18,12.938,494592
tok24,2023-11-19,11.964,515227
tok24,2023-11-20,11.979,392760
tok24,2023-11-21,11.096,241628
tok24,2023-11-22,10.929,675726
tok24,2023-11-23,10.087,849012
tok24,2023-11-24,9.425,260811
tok24,2023-11-25,9.319,290537
tok24,2023-11-26,9.279,299738
tok24,2023-11-27,10.028,492733
tok24,2023-11-28,10.42,890191
tok24,2023-11-29,9.174,646876
tok24,2023-11-30,9.019,478541
tok24,2023-12-01,8.774,293214
tok24,2023-12-02,8.581,1782666
tok24,2023-12-03,8.577,349551
tok24,2023-12-04,8.695,196119
tok24,2023-12-05,8.682,380310
tok24,2023-12-06,8.313,372051
tok24,2023-12-07,8.515,967232
tok24,2023-12-08,9.276,412591
tok24,2023-12-09,8.943,402056
tok24,2023-12-10,8.586,264637
tok24,2023-12-11,8.281,166046
tok24,2023-12-12,8.045,299203
tok24,2023-12-13,8.238,254551
tok24,2023-12-14,8.193,357482
tok24,2023-12-15,8.433,772117
tok24,2023-12-16,9.105,281281
tok24,2023-12-17,9.057,683303
tok24,2023-12-18,8.235,518309
tok24,2023-12-19,7.858,244653
tok24,2023-12-20,7.929,343468
tok24,2023-12-21,7.912,281235
tok24,2023-12-22,8.051,605044
tok24,2023-12-23,8.0,344228
tok24,2023-12-24,7.731,650345
tok24,2023-12-25,7.724,310451
tok24,2023-12-26,7.557,1181880
tok24,2023-12-27,8.143,825522
tok24,2023-12-28,8.123,1008803
tok24,2023-12-29,8.578,143042
tok24,2023-12-30,8.704,408027
tok24,2023-12-31,8.995,695787
tok25,2021-01-01,103.787,579859
tok25,2021-01-02,107.608,307786
tok25,2021-01-03,101.435,397439
tok25,2021-01-04,104.346,211706
tok25,2021-01-05,103.554,279657
tok25,2021-01-06,101.038,431981
tok25,2021-01-07,103.83,491909
tok25,2021-01-08,110.667,359697
tok25,2021-01-09,105.213,280296
tok25,2021-01-10,103.739,355167
tok25,2021-01-11,98.907,164572
tok25,2021-01-12,92.434,318090
tok25,2021-01-13,87.542,551772
tok25,2021-01-14,83.061,697899
tok25,2021-01-15,85.045,281996
tok25,2021-01-16,78.326,877328
tok25,2021-01-17,79.64,267880
tok25,2021-01-18,74.046,354240
tok25,2021-01-19,76.525,436948
tok25,2021-01-20,75.834,401701
tok25,2021-01-21,77.533,738791
tok25,2021-01-22,78.506,413511
tok25,2021-01-23,79.869,433315
tok25,2021-01-24,78.51,432606
tok25,2021-01-25,79.169,259425
tok25,2021-01-26,80.946,731042
tok25,2021-01-27,79.046,652300
tok25,2021-01-28,81.146,701040
tok25,2021-01-29,84.161,779414
tok25,2021-01-30,82.691,814506
tok25,2021-01-31,81.794,540020
tok25,2021-02-01,86.25,438041
tok25,2021-02-02,89.759,696000
tok25,2021-02-03,90.129,277366
tok25,2021-02-04,93.715,198168
tok25,2021-02-05,98.317,349865
tok25,2021-02-06,99.597,986631
tok25,2021-02-07,99.878,478785
tok25,2021-02-08,99.131,376776
tok25,2021-02-09,92.421,402905
tok25,2021-02-10,93.111,689361
tok25,2021-02-11,87.856,347551
tok25,2021-02-12,86.052,660240
tok25,2021-02-13,83.348,224308
tok25,2021-02-14,88.664,283286
tok25,2021-02-15,94.065,271019
tok25,2021-02-16,97.737,548819
tok25,2021-02-17,97.362,395061
tok25,2021-02-18,98.661,386082
tok25,2021-02-19,96.248,336923
tok25,2021-02-20,97.89,662090
tok25,2021-02-21,100.954,679316
tok25,2021-02-22,98.337,748555
tok25,2021-02-23,104.924,650370
tok25,2021-02-24,104.899,649614
tok25,2021-02-25,104.914,359548
tok25,2021-02-26,105.244,648086
tok25,2021-02-27,106.602,636782
tok25,2021-02-28,110.162,249436
tok25,2021-03-01,115.045,350464
tok25,2021-03-02,114.383,495732
tok25,2021-03-03,113.16,267277
tok25,2021-03-04,108.815,659877
tok25,2021-03-05,109.889,716667
tok25,2021-03-06,110.084,772760
tok25,2021-03-07,118.633,434153
tok25,2021-03-08,123.87,735511
tok25,2021-03-09,119.029,174313
tok25,2021-03-10,113.841,216380
tok25,2021-03-11,115.619,537724
tok25,2021-03-12,117.621,783718
tok25,2021-03-13,125.866,308992
tok25,2021-03-14,122.354,530703
tok25,2021-03-15,116.75,468933
tok25,2021-03-16,111.639,518040
tok25,2021-03-17,106.821,410914
tok25,2021-03-18,103.818,158356
tok25,2021-03-19,109.771,229017
tok25,2021-03-20,113.546,659212
tok25,2021-03-21,118.935,480692
tok25,2021-03-22,121.747,224596
tok25,2021-03-23,119.538,566257
tok25,2021-03-24,121.772,453457
tok25,2021-03-25,117.624,484002
tok25,2021-03-26,120.541,537064
tok25,2021-03-27,120.554,533481
tok25,2021-03-28,126.925,616140
tok25,2021-03-29,131.169,426520
tok25,2021-03-30,128.444,328159
tok25,2021-03-31,130.172,330722
tok25,2021-04-01,128.353,410635
tok25,2021-04-02,123.698,617327
tok25,2021-04-03,115.985,449934
tok25,2021-04-04,122.724,337260
tok25,2021-04-05,124.302,301504
tok25,2021-04-06,124.977,240333
tok25,2021-04-07,124.615,1939259
tok25,2021-04-08,130.131,378081
tok25,2021-04-09,137.863,240911
tok25,2021-04-10,135.322,454816
tok25,2021-04-11,136.169,687854
tok25,2021-04-12,137.716,303732
tok25,2021-04-13,149.88,940474
tok25,2021-04-14,145.645,233095
tok25,2021-04-15,130.483,844911
tok25,2021-04-16,123.161,1196512
tok25,2021-04-17,117.597,796321
tok25,2021-04-18,109.857,256647
tok25,2021-04-19,105.891,618650
tok25,2021-04-20,103.094,507153
tok25,2021-04-21,100.957,178357
tok25,2021-04-22,94.365,439921
tok25,2021-04-23,92.679,939870
tok25,2021-04-24,89.479,366441
tok25,2021-04-25,92.198,337879
tok25,2021-04-26,88.141,260796
tok25,2021-04-27,88.938,655715
tok25,2021-04-28,87.55,625273
tok25,2021-04-29,89.823,207384
tok25,2021-04-30,90.853,241251
tok25,2021-05-01,95.507,717429
tok25,2021-05-02,97.962,594008
tok25,2021-05-03,101.359,163016
tok25,2021-05-04,100.149,177549
tok25,2021-05-05,98.295,283628
tok25,2021-05-06,92.469,732590
tok25,2021-05-07,93.644,391232
tok25,2021-05-08,93.457,82319
tok25,2021-05-09,95.302,571015
tok25,2021-05-10,98.514,296015
tok25,2021-05-11,97.212,363732
tok25,2021-05-12,93.846,447844
tok25,2021-05-13,90.728,630996
tok25,2021-05-14,96.86,180964
tok25,2021-05-15,99.787,486851
tok25,2021-05-16,98.5,183575
tok25,2021-05-17,94.839,818864
tok25,2021-05-18,89.078,323913
tok25,2021-05-19,90.541,329397
tok25,2021-05-20,94.257,778559
tok25,2021-05-21,95.387,444496
tok25,2021-05-22,93.544,355814
tok25,2021-05-23,95.529,353312
tok25,2021-05-24,94.985,243979
tok25,2021-05-25,97.255,688796
tok25,2021-05-26,97.122,392448
tok25,2021-05-27,89.927,320361
tok25,2021-05-28,88.459,196352
tok25,2021-05-29,81.815,254120
tok25,2021-05-30,80.834,354023
tok25,2021-05-31,78.648,410169
tok25,2021-06-01,77.7,565171
tok25,2021-06-02,71.95,651221
tok25,2021-06-03,74.064,310105
tok25,2021-06-04,74.307,560767
tok25,2021-06-05,71.418,835246
tok25,2021-06-06,68.756,502971
tok25,2021-06-07,66.961,374093
tok25,2021-06-08,61.174,514672
tok25,2021-06-09,61.919,287443
tok25,2021-06-10,62.715,496272
tok25,2021-06-11,61.737,404537
tok25,2021-06-12,59.058,391963
tok25,2021-06-13,59.91,133834
tok25,2021-06-14,58.966,551854
tok25,2021-06-15,62.144,304066
tok25,2021-06-16,62.69,345167
tok25,2021-06-17,64.017,374889
tok25,2021-06-18,60.43,381164
tok25,2021-06-19,65.195,716502
tok25,2021-06-20,69.753,530489
tok25,2021-06-21,73.039,678786
tok25,2021-06-22,73.71,454452
tok25,2021-06-23,72.666,652788
tok25,2021-06-24,76.04,138455
tok25,2021-06-25,74.016,748443
tok25,2021-06-26,72.722,708896
tok25,2021-06-27,74.674,155562
tok25,2021-06-28,72.356,675782
tok25,2021-06-29,71.568,320954
tok25,2021-06-30,78.073,605605
tok25,2021-07-01,78.705,552716
tok25,2021-07-02,77.578,380327
tok25,2021-07-03,73.893,378720
tok25,2021-07-04,72.197,1200492
tok25,2021-07-05,69.857,894900
tok25,2021-07-06,71.588,251046
tok25,2021-07-07,68.426,236999
tok25,2021-07-08,69.708,607154
tok25,2021-07-09,71.085,259261
tok25,2021-07-10,67.032,221633
tok25,2021-07-11,66.603,284150
tok25,2021-07-12,62.171,487302
tok25,2021-07-13,59.926,236545
tok25,2021-07-14,59.278,506000
tok25,2021-07-15,59.622,740159
tok25,2021-07-16,57.489,304442
tok25,2021-07-17,56.55,539511
tok25,2021-07-18,58.959,613462
tok25,2021-07-19,54.674,361027
tok25,2021-07-20,52.973,437941
tok25,2021-07-21,55.184,415810
tok25,2021-07-22,55.524,320826
tok25,2021-07-23,60.966,389524
tok25,2021-07-24,60.097,760340
tok25,2021-07-25,60.657,561019
tok25,2021-07-26,61.13,383756
tok25,2021-07-27,57.442,267780
tok25,2021-07-28,54.768,372016
tok25,2021-07-29,55.988,442155
tok25,2021-07-30,55.281,764070
tok25,2021-07-31,55.114,431227
tok25,2021-08-01,52.284,223176
tok25,2021-08-02,58.668,284100
tok25,2021-08-03,64.33,1177801
tok25,2021-08-04,61.603,416094
tok25,2021-08-05,58.4,1269448
tok25,2021-08-06,58.467,730311
tok25,2021-08-07,57.361,328043
tok25,2021-08-08,54.517,549170
tok25,2021-08-09,55.711,665715
tok25,2021-08-10,52.237,202610
tok25,2021-08-11,49.89,260074
tok25,2021-08-12,51.464,604043
tok25,2021-08-13,54.58,291066
tok25,2021-08-14,53.317,584718
tok25,2021-08-15,52.352,343469
tok25,2021-08-16,57.228,256798
tok25,2021-08-17,58.172,552651
tok25,2021-08-18,56.607,375076
tok25,2021-08-19,57.947,783710
tok25,2021-08-20,55.013,194962
tok25,2021-08-21,54.419,864086
tok25,2021-08-22,53.25,226833
tok25,2021-08-23,55.404,248943
tok25,2021-08-24,54.994,240041
tok25,2021-08-25,56.568,849159
tok25,2021-08-26,54.818,617667
tok25,2021-08-27,57.145,957621
tok25,2021-08-28,58.067,448587
tok25,2021-08-29,59.647,148654
tok25,2021-08-30,60.157,428072
tok25,2021-08-31,58.94,618702
tok25,2021-09-01,62.707,361925
tok25,2021-09-02,63.888,134492
tok25,2021-09-03,66.907,176654
tok25,2021-09-04,68.623,532897
tok25,2021-09-05,68.36,692142
tok25,2021-09-06,69.42,288872
tok25,2021-09-07,65.241,309390
tok25,2021-09-08,68.986,424636
tok25,2021-09-09,66.545,220433
tok25,2021-09-10,66.954,852474
tok25,2021-09-11,68.523,353499
tok25,2021-09-12,66.631,248524
tok25,2021-09-13,70.774,322509
tok25,2021-09-14,73.561,337816
tok25,2021-09-15,74.099,417441
tok25,2021-09-16,77.926,670749
tok25,2021-09-17,72.55,363300
tok25,2021-09-18,73.575,741390
tok25,2021-09-19,74.128,772737
tok25,2021-09-20,76.12,611968
tok25,2021-09-21,74.41,401483
tok25,2021-09-22,80.012,200578
tok25,2021-09-23,78.299,483031
tok25,2021-09-24,80.318,1263261
tok25,2021-09-25,78.741,603769
tok25,2021-09-26,74.581,187612
tok25,2021-09-27,70.896,252835
tok25,2021-09-28,71.918,732495
tok25,2021-09-29,73.75,562773
tok25,2021-09-30,72.323,417674
tok25,2021-10-01,68.288,433512
tok25,2021-10-02,69.656,245924
tok25,2021-10-03,69.923,162080
tok25,2021-10-04,72.447,513708
tok25,2021-10-05,71.837,384393
tok25,2021-10-06,75.685,245580
tok25,2021-10-07,77.495,651023
tok25,2021-10-08,82.097,885204
tok25,2021-10-09,84.043,384669
tok25,2021-10-10,84.855,338759
tok25,2021-10-11,95.775,426608
tok25,2021-10-12,95.393,449864
tok25,2021-10-13,100.661,499106
tok25,2021-10-14,93.69,474827
tok25,2021-10-15,94.386,305127
tok25,2021-10-16,89.931,767125
tok25,2021-10-17,92.26,508578
tok25,2021-10-18,94.202,335222
tok25,2021-10-19,92.989,399860
tok25,2021-10-20,91.16,649191
tok25,2021-10-21,91.887,497220
tok25,2021-10-22,91.326,167637
tok25,2021-10-23,89.85,367363
tok25,2021-10-24,91.757,351483
tok25,2021-10-25,89.298,876563
tok25,2021-10-26,83.828,457243
tok25,2021-10-27,85.848,606666
tok25,2021-10-28,81.258,366508
tok25,2021-10-29,78.191,483985
tok25,2021-10-30,76.606,819659
tok25,2021-10-31,76.075,149824
tok25,2021-11-01,75.197,471218
tok25,2021-11-02,69.148,659112
tok25,2021-11-03,73.474,416283
tok25,2021-11-04,71.95,303207
tok25,2021-11-05,73.451,1239499
tok25,2021-11-06,72.399,509815
tok25,2021-11-07,71.401,535425
tok25,2021-11-08,74.052,474789
tok25,2021-11-09,76.986,442749
tok25,2021-11-10,79.652,464715
tok25,2021-11-11,80.194,526756
tok25,2021-11-12,78.856,938481
tok25,2021-11-13,81.301,599803
tok25,2021-11-14,82.385,258191
tok25,2021-11-15,76.455,527482
tok25,2021-11-16,74.326,400184
tok25,2021-11-17,74.968,783524
tok25,2021-11-18,77.261,260935
tok25,2021-11-19,77.897,223197
tok25,2021-11-20,85.809,468339
tok25,2021-11-21,84.055,369697
tok25,2021-11-22,87.968,259639
tok25,2021-11-23,84.2,1400632
tok25,2021-11-24,82.999,348576
tok25,2021-11-25,83.621,314581
tok25,2021-11-26,83.865,124489
tok25,2021-11-27,84.413,395665
tok25,2021-11-28,88.22,401712
tok25,2021-11-29,99.657,522666
tok25,2021-11-30,102.571,321680
tok25,2021-12-01,95.845,234582
tok25,2021-12-02,91.45,312414
tok25,2021-12-03,89.851,587283
tok25,2021-12-04,88.304,1015808
tok25,2021-12-05,96.325,290606
tok25,2021-12-06,93.818,110283
tok25,2021-12-07,88.405,707534
tok25,2021-12-08,86.799,448853
tok25,2021-12-09,85.229,708047
tok25,2021-12-10,83.929,293442
tok25,2021-12-11,80.675,183495
tok25,2021-12-12,78.904,363423
tok25,2021-12-13,71.6,278856
tok25,2021-12-14,68.03,274506
tok25,2021-12-15,65.46,609655
tok25,2021-12-16,60.137,318995
tok25,2021-12-17,56.139,659400
tok25,2021-12-18,55.5,567744
tok25,2021-12-19,54.746,806327
tok25,2021-12-20,59.061,303028
tok25,2021-12-21,60.031,382553
tok25,2021-12-22,57.271,369172
tok25,2021-12-23,58.161,582746
tok25,2021-12-24,58.55,819589
tok25,2021-12-25,56.918,581153
tok25,2021-12-26,56.124,533192
tok25,2021-12-27,56.214,173735
tok25,2021-12-28,52.291,454535
tok25,2021-12-29,50.081,260266
tok25,2021-12-30,51.919,730209
tok25,2021-12-31,52.31,410875
tok25,2022-01-01,51.721,667834
tok25,2022-01-02,57.428,351717
tok25,2022-01-03,56.932,1402398
tok25,2022-01-04,54.229,666838
tok25,2022-01-05,51.851,502443
tok25,2022-01-06,51.802,343932
tok25,2022-01-07,55.203,788414
tok25,2022-01-08,54.71,661803
tok25,2022-01-09,54.41,550245
tok25,2022-01-10,56.414,615376
tok25,2022-01-11,52.915,417448
tok25,2022-01-12,50.535,187813
tok25,2022-01-13,43.748,228168
tok25,2022-01-14,43.463,753854
tok25,2022-01-15,44.836,400636
tok25,2022-01-16,41.91,235499
tok25,2022-01-17,40.493,331841
tok25,2022-01-18,41.19,729811
tok25,2022-01-19,38.972,1340427
tok25,2022-01-20,38.058,272361
tok25,2022-01-21,38.241,371613
tok25,2022-01-22,36.848,1505812
tok25,2022-01-23,36.243,584929
tok25,2022-01-24,34.133,475911
tok25,2022-01-25,34.162,716647
tok25,2022-01-26,34.548,377732
tok25,2022-01-27,33.768,454038
tok25,2022-01-28,34.39,837134
tok25,2022-01-29,35.471,562619
tok25,2022-01-30,35.916,250843
tok25,2022-01-31,39.649,140185
tok25,2022-02-01,41.888,404275
tok25,2022-02-02,44.365,394357
tok25,2022-02-03,46.428,234079
tok25,2022-02-04,49.583,596751
tok25,2022-02-05,49.467,698305
tok25,2022-02-06,49.802,438995
tok25,2022-02-07,51.116,650751
tok25,2022-02-08,51.936,514355
tok25,2022-02-09,51.656,200058
tok25,2022-02-10,52.925,246701
tok25,2022-02-11,56.997,481636
tok25,2022-02-12,62.402,254843
tok25,2022-02-13,63.052,352978
tok25,2022-02-14,65.363,390510
tok25,2022-02-15,64.001,925912
tok25,2022-02-16,68.008,135187
tok25,2022-02-17,65.017,191048
tok25,2022-02-18,62.952,191984
tok25,2022-02-19,64.035,579073
tok25,2022-02-20,66.685,173324
tok25,2022-02-21,66.318,768673
tok25,2022-02-22,61.412,528007
tok25,2022-02-23,62.393,412799
tok25,2022-02-24,63.077,420931
tok25,2022-02-25,59.357,617152
tok25,2022-02-26,57.629,332662
tok25,2022-02-27,60.806,598200
tok25,2022-02-28,57.72,426543
tok25,2022-03-01,57.763,532496
tok25,2022-03-02,58.529,224480
tok25,2022-03-03,56.557,438152
tok25,2022-03-04,58.599,218566
tok25,2022-03-05,56.169,314299
tok25,2022-03-06,58.295,351757
tok25,2022-03-07,58.999,505144
tok25,2022-03-08,57.685,437541
tok25,2022-03-09,56.803,281309
tok25,2022-03-10,56.976,561815
tok25,2022-03-11,59.018,112592
tok25,2022-03-12,60.471,506915
tok25,2022-03-13,59.186,508029
tok25,2022-03-14,59.661,326952
tok25,2022-03-15,58.455,636939
tok25,2022-03-16,60.406,295258
tok25,2022-03-17,59.535,746892
tok25,2022-03-18,60.615,550560
tok25,2022-03-19,56.332,734936
tok25,2022-03-20,52.584,355512
tok25,2022-03-21,52.399,1030316
tok25,2022-03-22,52.081,315911
tok25,2022-03-23,52.401,152277
tok25,2022-03-24,52.068,344584
tok25,2022-03-25,51.984,430682
tok25,2022-03-26,53.904,939951
tok25,2022-03-27,51.227,452448
tok25,2022-03-28,52.526,279149
tok25,2022-03-29,48.799,485355
tok25,2022-03-30,49.615,433263
tok25,2022-03-31,51.623,811189
tok25,2022-04-01,52.916,564626
tok25,2022-04-02,54.7,343045
tok25,2022-04-03,56.975,626921
tok25,2022-04-04,56.481,593527
tok25,2022-04-05,57.741,619147
tok25,2022-04-06,57.929,531613
tok25,2022-04-07,57.226,184670
tok25,2022-04-08,56.288,136903
tok25,2022-04-09,56.479,408587
tok25,2022-04-10,55.079,348048
tok25,2022-04-11,54.669,452662
tok25,2022-04-12,56.825,401772
tok25,2022-04-13,57.131,608091
tok25,2022-04-14,61.049,444314
tok25,2022-04-15,63.158,537538
tok25,2022-04-16,60.733,461281
tok25,2022-04-17,60.006,483863
tok25,2022-04-18,61.185,932384
tok25,2022-04-19,60.769,420585
tok25,2022-04-20,60.646,532805
tok25,2022-04-21,58.078,322362
tok25,2022-04-22,59.174,560757
tok25,2022-04-23,59.072,554731
tok25,2022-04-24,58.753,295899
tok25,2022-04-25,58.113,515970
tok25,2022-04-26,58.83,508490
tok25,2022-04-27,56.841,464124
tok25,2022-04-28,59.985,461163
tok25,2022-04-29,60.923,284907
tok25,2022-04-30,63.058,216686
tok25,2022-05-01,61.72,628135
tok25,2022-05-02,64.426,430212
tok25,2022-05-03,64.726,392635
tok25,2022-05-04,64.134,397735
tok25,2022-05-05,65.265,518114
tok25,2022-05-06,66.749,520842
tok25,2022-05-07,64.997,508819
tok25,2022-05-08,64.913,343896
tok25,2022-05-09,64.422,402045
tok25,2022-05-10,66.723,355901
tok25,2022-05-11,68.536,457649
tok25,2022-05-12,67.521,344144
tok25,2022-05-13,71.172,619498
tok25,2022-05-14,74.17,505093
tok25,2022-05-15,76.573,1078835
tok25,2022-05-16,77.344,445751
tok25,2022-05-17,76.781,709773
tok25,2022-05-18,74.632,469248
tok25,2022-05-19,79.714,434600
tok25,2022-05-20,72.581,320687
tok25,2022-05-21,73.954,652846
tok25,2022-05-22,74.116,1159401
tok25,2022-05-23,73.927,422558
tok25,2022-05-24,71.144,713414
tok25,2022-05-25,74.301,585466
tok25,2022-05-26,66.653,422669
tok25,2022-05-27,66.003,697397
tok25,2022-05-28,70.097,504560
tok25,2022-05-29,68.926,236776
tok25,2022-05-30,72.232,199480
tok25,2022-05-31,75.425,694494
tok25,2022-06-01,74.934,707137
tok25,2022-06-02,66.359,545241
tok25,2022-06-03,67.659,857024
tok25,2022-06-04,69.16,394716
tok25,2022-06-05,69.452,347834
tok25,2022-06-06,68.238,655031
tok25,2022-06-07,65.518,360506
tok25,2022-06-08,66.45,335481
tok25,2022-06-09,65.328,1518383
tok25,2022-06-10,60.515,377923
tok25,2022-06-11,64.775,855063
tok25,2022-06-12,59.523,591226
tok25,2022-06-13,59.725,267372
tok25,2022-06-14,59.376,233012
tok25,2022-06-15,59.121,857800
tok25,2022-06-16,58.14,270422
tok25,2022-06-17,58.832,206127
tok25,2022-06-18,54.623,307788
tok25,2022-06-19,56.123,263527
tok25,2022-06-20,55.665,655843
tok25,2022-06-21,51.721,219593
tok25,2022-06-22,53.278,784708
tok25,2022-06-23,52.075,552958
tok25,2022-06-24,52.371,453431
tok25,2022-06-25,52.059,120729
tok25,2022-06-26,51.588,899458
tok25,2022-06-27,48.624,273567
tok25,2022-06-28,48.978,564881
tok25,2022-06-29,49.723,412695
tok25,2022-06-30,52.012,894682
tok25,2022-07-01,51.874,708064
tok25,2022-07-02,51.876,301505
tok25,2022-07-03,48.074,542745
tok25,2022-07-04,49.812,393815
tok25,2022-07-05,44.756,538924
tok25,2022-07-06,43.15,413527
tok25,2022-07-07,45.409,474152
tok25,2022-07-08,46.748,390440
tok25,2022-07-09,48.202,359806
tok25,2022-07-10,47.594,381538
tok25,2022-07-11,46.923,399734
tok25,2022-07-12,47.483,517245
tok25,2022-07-13,48.858,386194
tok25,2022-07-14,50.356,289878
tok25,2022-07-15,50.111,448047
tok25,2022-07-16,50.589,658875
tok25,2022-07-17,47.858,380508
tok25,2022-07-18,49.943,981699
tok25,2022-07-19,48.752,255303
tok25,2022-07-20,47.213,199775
tok25,2022-07-21,44.114,560390
tok25,2022-07-22,44.422,324328
tok25,2022-07-23,46.497,224367
tok25,2022-07-24,45.14,349188
tok25,2022-07-25,43.977,1146671
tok25,2022-07-26,44.732,736354
tok25,2022-07-27,44.794,240018
tok25,2022-07-28,44.477,399453
tok25,2022-07-29,46.197,512453
tok25,2022-07-30,45.03,852977
tok25,2022-07-31,44.363,1207577
tok25,2022-08-01,45.097,1307219
tok25,2022-08-02,45.343,393781
tok25,2022-08-03,45.097,362672
tok25,2022-08-04,47.142,615020
tok25,2022-08-05,48.313,796852
tok25,2022-08-06,49.949,313907
tok25,2022-08-07,53.989,353636
tok25,2022-08-08,52.347,577692
tok25,2022-08-09,53.099,251497
tok25,2022-08-10,51.306,588794
tok25,2022-08-11,49.453,763597
tok25,2022-08-12,49.349,380565
tok25,2022-08-13,50.295,324443
tok25,2022-08-14,49.292,754179
tok25,2022-08-15,48.285,749876
tok25,2022-08-16,49.654,395332
tok25,2022-08-17,50.57,251585
tok25,2022-08-18,48.439,532999
tok25,2022-08-19,47.803,374550
tok25,2022-08-20,48.902,387328
tok25,2022-08-21,50.275,601126
tok25,2022-08-22,52.015,738551
tok25,2022-08-23,52.348,384393
tok25,2022-08-24,55.685,484089
tok25,2022-08-25,56.63,409125
tok25,2022-08-26,59.117,851889
tok25,2022-08-27,58.699,1154360
tok25,2022-08-28,56.671,462055
tok25,2022-08-29,53.764,179121
tok25,2022-08-30,55.779,564805
tok25,2022-08-31,57.611,448252
tok25,2022-09-01,58.647,739372
tok25,2022-09-02,56.238,318591
tok25,2022-09-03,55.627,300927
tok25,2022-09-04,57.942,316512
tok25,2022-09-05,59.29,198268
tok25,2022-09-06,58.727,584986
tok25,2022-09-07,58.154,284687
tok25,2022-09-08,59.08,745261
tok25,2022-09-09,58.851,770391
tok25,2022-09-10,60.361,431156
tok25,2022-09-11,60.152,195465
tok25,2022-09-12,61.447,479128
tok25,2022-09-13,63.652,299185
tok25,2022-09-14,63.552,660321
tok25,2022-09-15,65.465,584071
tok25,2022-09-16,62.075,250987
tok25,2022-09-17,62.716,433579
tok25,2022-09-18,66.497,265255
tok25,2022-09-19,66.654,345288
tok25,2022-09-20,64.764,803400
tok25,2022-09-21,61.112,754681
tok25,2022-09-22,65.642,265773
tok25,2022-09-23,66.812,405384
tok25,2022-09-24,64.852,566989
tok25,2022-09-25,66.27,394449
tok25,2022-09-26,64.371,507327
tok25,2022-09-27,65.21,408448
tok25,2022-09-28,67.459,327569
tok25,2022-09-29,66.942,1374992
tok25,2022-09-30,70.967,526179
tok25,2022-10-01,69.677,221944
tok25,2022-10-02,70.585,926157
tok25,2022-10-03,72.607,431502
tok25,2022-10-04,72.411,472925
tok25,2022-10-05,73.43,621739
tok25,2022-10-06,75.588,331263
tok25,2022-10-07,77.643,407187
tok25,2022-10-08,78.249,354575
tok25,2022-10-09,76.927,200786
tok25,2022-10-10,78.452,804713
tok25,2022-10-11,80.199,218199
tok25,2022-10-12,81.424,560450
tok25,2022-10-13,84.424,358412
tok25,2022-10-14,85.826,264392
tok25,2022-10-15,84.151,1256289
tok25,2022-10-16,88.908,219599
tok25,2022-10-17,95.299,374235
tok25,2022-10-18,92.211,230131
tok25,2022-10-19,100.094,473288
tok25,2022-10-20,91.077,278761
tok25,2022-10-21,92.825,284470
tok25,2022-10-22,84.575,324359
tok25,2022-10-23,84.234,716672
tok25,2022-10-24,82.683,190376
tok25,2022-10-25,82.141,434574
tok25,2022-10-26,84.07,116416
tok25,2022-10-27,82.593,710892
tok25,2022-10-28,83.162,320774
tok25,2022-10-29,78.929,524363
tok25,2022-10-30,79.678,232884
tok25,2022-10-31,80.67,537847
tok25,2022-11-01,79.539,829573
tok25,2022-11-02,78.583,180140
tok25,2022-11-03,77.418,271525
tok25,2022-11-04,76.712,166441
tok25,2022-11-05,78.099,308517
tok25,2022-11-06,74.362,407933
tok25,2022-11-07,78.619,185928
tok25,2022-11-08,81.102,889163
tok25,2022-11-09,79.066,392103
tok25,2022-11-10,73.952,585288
tok25,2022-11-11,71.299,634970
tok25,2022-11-12,75.532,241558
tok25,2022-11-13,77.645,354233
tok25,2022-11-14,81.296,491242
tok25,2022-11-15,82.482,267238
tok25,2022-11-16,78.454,344836
tok25,2022-11-17,78.778,179852
tok25,2022-11-18,76.107,540394
tok25,2022-11-19,77.829,221964
tok25,2022-11-20,70.625,358170
tok25,2022-11-21,74.7,479667
tok25,2022-11-22,76.164,773612
tok25,2022-11-23,72.943,530209
tok25,2022-11-24,72.723,590011
tok25,2022-11-25,71.236,322859
tok25,2022-11-26,73.013,408634
tok25,2022-11-27,74.995,445870
tok25,2022-11-28,78.252,349595
tok25,2022-11-29,78.136,589986
tok25,2022-11-30,78.709,435357
tok25,2022-12-01,81.476,343517
tok25,2022-12-02,80.21,514875
tok25,2022-12-03,82.412,509371
tok25,2022-12-04,78.992,854840
tok25,2022-12-05,76.429,1073867
tok25,2022-12-06,73.696,899701
tok25,2022-12-07,71.851,674748
tok25,2022-12-08,72.522,175979
tok25,2022-12-09,67.631,395036
tok25,2022-12-10,67.602,1279361
tok25,2022-12-11,66.476,187619
tok25,2022-12-12,64.071,916156
tok25,2022-12-13,67.202,181506
tok25,2022-12-14,65.404,648262
tok25,2022-12-15,62.646,352533
tok25,2022-12-16,61.596,295692
tok25,2022-12-17,62.408,481219
tok25,2022-12-18,59.686,203531
tok25,2022-12-19,63.32,141574
tok25,2022-12-20,66.212,324501
tok25,2022-12-21,64.612,384504
tok25,2022-12-22,63.948,219306
tok25,2022-12-23,70.075,818108
tok25,2022-12-24,70.671,403931
tok25,2022-12-25,71.73,551731
tok25,2022-12-26,69.589,357499
tok25,2022-12-27,66.028,983081
tok25,2022-12-28,63.043,275851
tok25,2022-12-29,63.209,356554
tok25,2022-12-30,62.064,697943
tok25,2022-12-31,62.64,504255
tok25,2023-01-01,59.97,190558
tok25,2023-01-02,58.471,824725
tok25,2023-01-03,58.276,230263
tok25,2023-01-04,55.427,179511
tok25,2023-01-05,58.16,420624
tok25,2023-01-06,57.288,319248
tok25,2023-01-07,59.103,249739
tok25,2023-01-08,60.898,383157
tok25,2023-01-09,57.03,277117
tok25,2023-01-10,57.547,728635
tok25,2023-01-11,59.046,347609
tok25,2023-01-12,57.933,1066922
tok25,2023-01-13,60.029,344999
tok25,2023-01-14,60.12,262403
tok25,2023-01-15,60.076,1128807
tok25,2023-01-16,54.742,824172
tok25,2023-01-17,54.296,533614
tok25,2023-01-18,51.72,422424
tok25,2023-01-19,54.775,355118
tok25,2023-01-20,51.723,313487
tok25,2023-01-21,53.004,427009
tok25,2023-01-22,53.967,545804
tok25,2023-01-23,52.87,438130
tok25,2023-01-24,52.206,678604
tok25,2023-01-25,51.521,1204546
tok25,2023-01-26,49.396,480683
tok25,2023-01-27,51.192,429931
tok25,2023-01-28,50.833,366293
tok25,2023-01-29,48.552,481124
tok25,2023-01-30,48.481,237008
tok25,2023-01-31,49.895,434466
tok25,2023-02-01,51.422,495216
tok25,2023-02-02,53.178,442113
tok25,2023-02-03,52.527,323138
tok25,2023-02-04,54.538,598741
tok25,2023-02-05,53.072,396967
tok25,2023-02-06,52.707,458111
tok25,2023-02-07,56.289,693666
tok25,2023-02-08,59.287,741167
tok25,2023-02-09,57.012,477301
tok25,2023-02-10,60.376,515641
tok25,2023-02-11,60.104,189043
tok25,2023-02-12,57.643,473025
tok25,2023-02-13,56.082,420514
tok25,2023-02-14,59.304,205772
tok25,2023-02-15,62.133,599846
tok25,2023-02-16,61.047,233739
tok25,2023-02-17,66.299,480104
tok25,2023-02-18,73.175,303856
tok25,2023-02-19,72.165,491798
tok25,2023-02-20,72.448,520524
tok25,2023-02-21,74.629,722085
tok25,2023-02-22,78.119,178285
tok25,2023-02-23,75.59,339215
tok25,2023-02-24,76.071,210922
tok25,2023-02-25,78.318,305892
tok25,2023-02-26,75.865,152741
tok25,2023-02-27,70.335,205074
tok25,2023-02-28,71.153,280156
tok25,2023-03-01,74.015,292891
tok25,2023-03-02,77.793,378006
tok25,2023-03-03,77.753,562408
tok25,2023-03-04,77.899,551792
tok25,2023-03-05,78.588,284723
tok25,2023-03-06,82.182,272742
tok25,2023-03-07,84.117,211666
tok25,2023-03-08,90.511,301712
tok25,2023-03-09,98.734,951100
tok25,2023-03-10,98.486,721553
tok25,2023-03-11,100.918,395978
tok25,2023-03-12,95.199,423424
tok25,2023-03-13,94.06,321378
tok25,2023-03-14,95.136,153302
tok25,2023-03-15,100.099,282893
tok25,2023-03-16,100.493,362252
tok25,2023-03-17,106.255,366241
tok25,2023-03-18,102.57,335077
tok25,2023-03-19,103.877,1106882
tok25,2023-03-20,110.68,403776
tok25,2023-03-21,116.414,386142
tok25,2023-03-22,110.642,399833
tok25,2023-03-23,107.95,763118
tok25,2023-03-24,108.179,191969
tok25,2023-03-25,110.463,210803
tok25,2023-03-26,113.811,236462
tok25,2023-03-27,111.059,297083
tok25,2023-03-28,109.25,911864
tok25,2023-03-29,105.095,890692
tok25,2023-03-30,108.218,582572
tok25,2023-03-31,107.154,502725
tok25,2023-04-01,103.82,571934
tok25,2023-04-02,103.266,627489
tok25,2023-04-03,98.569,407041
tok25,2023-04-04,99.35,363219
tok25,2023-04-05,104.105,127046
tok25,2023-04-06,105.252,353876
tok25,2023-04-07,112.632,447818
tok25,2023-04-08,116.755,305453
tok25,2023-04-09,110.598,383582
tok25,2023-04-10,105.632,496216
tok25,2023-04-11,107.178,509880
tok25,2023-04-12,112.024,1221503
tok25,2023-04-13,112.23,298712
tok25,2023-04-14,111.834,471160
tok25,2023-04-15,108.141,296942
tok25,2023-04-16,106.001,802659
tok25,2023-04-17,111.496,624569
tok25,2023-04-18,119.031,410462
tok25,2023-04-19,123.753,280372
tok25,2023-04-20,122.815,631280
tok25,2023-04-21,122.348,235205
tok25,2023-04-22,123.318,533649
tok25,2023-04-23,125.911,329697
tok25,2023-04-24,124.454,520450
tok25,2023-04-25,125.269,462597
tok25,2023-04-26,122.96,279377
tok25,2023-04-27,121.163,465391
tok25,2023-04-28,123.877,411233
tok25,2023-04-29,114.525,511843
tok25,2023-04-30,125.164,585014
tok25,2023-05-01,129.4,533140
tok25,2023-05-02,127.384,188588
tok25,2023-05-03,117.85,417120
tok25,2023-05-04,120.866,287420
tok25,2023-05-05,126.942,560021
tok25,2023-05-06,128.282,479548
tok25,2023-05-07,134.56,716920
tok25,2023-05-08,131.686,394132
tok25,2023-05-09,130.68,572939
tok25,2023-05-10,130.137,349162
tok25,2023-05-11,136.745,753660
tok25,2023-05-12,126.708,676924
tok25,2023-05-13,123.412,561784
tok25,2023-05-14,126.67,498500
tok25,2023-05-15,120.26,325103
tok25,2023-05-16,124.849,657540
tok25,2023-05-17,121.375,770080
tok25,2023-05-18,130.478,391103
tok25,2023-05-19,133.167,231066
tok25,2023-05-20,134.343,467318
tok25,2023-05-21,135.439,725522
tok25,2023-05-22,127.313,614339
tok25,2023-05-23,130.002,1009870
tok25,2023-05-24,137.433,266564
tok25,2023-05-25,140.841,240194
tok25,2023-05-26,137.607,216379
tok25,2023-05-27,139.776,786126
tok25,2023-05-28,127.733,223010
tok25,2023-05-29,128.828,154998
tok25,2023-05-30,123.956,195466
tok25,2023-05-31,125.21,299809
tok25,2023-06-01,119.549,1727352
tok25,2023-06-02,113.744,327223
tok25,2023-06-03,110.027,602097
tok25,2023-06-04,109.026,578048
tok25,2023-06-05,112.876,395585
tok25,2023-06-06,107.274,181954
tok25,2023-06-07,109.175,418506
tok25,2023-06-08,100.412,390892
tok25,2023-06-09,105.026,294545
tok25,2023-06-10,110.11,638186
tok25,2023-06-11,104.943,252340
tok25,2023-06-12,100.493,970123
tok25,2023-06-13,92.183,579423
tok25,2023-06-14,90.261,281022
tok25,2023-06-15,88.883,413000
tok25,2023-06-16,83.662,341952
tok25,2023-06-17,85.023,584260
tok25,2023-06-18,83.28,309924
tok25,2023-06-19,84.007,448157
tok25,2023-06-20,85.99,577312
tok25,2023-06-21,90.353,995987
tok25,2023-06-22,90.01,338611
tok25,2023-06-23,89.077,847031
tok25,2023-06-24,90.348,310944
tok25,2023-06-25,88.961,546682
tok25,2023-06-26,84.701,278369
tok25,2023-06-27,79.087,274745
tok25,2023-06-28,77.733,1094374
tok25,2023-06-29,72.769,365693
tok25,2023-06-30,70.071,230739
tok25,2023-07-01,70.08,414716
tok25,2023-07-02,71.907,410184
tok25,2023-07-03,69.953,303643
tok25,2023-07-04,71.317,459181
tok25,2023-07-05,71.708,378802
tok25,2023-07-06,72.06,620549
tok25,2023-07-07,69.86,290309
tok25,2023-07-08,72.855,701356
tok25,2023-07-09,72.743,598699
tok25,2023-07-10,74.511,298927
tok25,2023-07-11,72.85,573433
tok25,2023-07-12,72.613,627102
tok25,2023-07-13,75.973,389765
tok25,2023-07-14,72.46,289857
tok25,2023-07-15,71.756,328415
tok25,2023-07-16,76.583,319522
tok25,2023-07-17,76.606,738474
tok25,2023-07-18,77.265,418500
tok25,2023-07-19,69.842,179013
tok25,2023-07-20,68.502,589201
tok25,2023-07-21,58.718,598245
tok25,2023-07-22,59.416,785967
tok25,2023-07-23,61.117,241371
tok25,2023-07-24,62.099,669496
tok25,2023-07-25,61.448,665673
tok25,2023-07-26,60.962,703144
tok25,2023-07-27,62.542,448882
tok25,2023-07-28,64.345,279635
tok25,2023-07-29,63.709,389176
tok25,2023-07-30,60.282,175386
tok25,2023-07-31,59.981,342808
tok25,2023-08-01,57.586,410318
tok25,2023-08-02,56.991,701173
tok25,2023-08-03,57.677,414956
tok25,2023-08-04,54.739,1164867
tok25,2023-08-05,58.242,288128
tok25,2023-08-06,55.686,355920
tok25,2023-08-07,52.57,235233
tok25,2023-08-08,53.825,552355
tok25,2023-08-09,54.07,320184
tok25,2023-08-10,54.247,234834
tok25,2023-08-11,57.41,466249
tok25,2023-08-12,59.098,433778
tok25,2023-08-13,56.991,302443
tok25,2023-08-14,55.212,289625
tok25,2023-08-15,56.399,779537
tok25,2023-08-16,54.67,260476
tok25,2023-08-17,52.208,131116
tok25,2023-08-18,52.338,207039
tok25,2023-08-19,52.475,346472
tok25,2023-08-20,52.994,307754
tok25,2023-08-21,52.812,457057
tok25,2023-08-22,52.88,247838
tok25,2023-08-23,57.138,606483
tok25,2023-08-24,59.185,617873
tok25,2023-08-25,59.952,414660
tok25,2023-08-26,62.215,311682
tok25,2023-08-27,58.199,468985
tok25,2023-08-28,55.445,561397
tok25,2023-08-29,52.081,178378
tok25,2023-08-30,48.916,584618
tok25,2023-08-31,50.43,386846
tok25,2023-09-01,53.026,810065
tok25,2023-09-02,51.497,304123
tok25,2023-09-03,53.307,422837
tok25,2023-09-04,49.743,282570
tok25,2023-09-05,51.454,349190
tok25,2023-09-06,52.293,534650
tok25,2023-09-07,53.701,483083
tok25,2023-09-08,52.002,775347
tok25,2023-09-09,53.953,153205
tok25,2023-09-10,53.201,239469
tok25,2023-09-11,52.141,790619
tok25,2023-09-12,53.13,248407
tok25,2023-09-13,50.661,421450
tok25,2023-09-14,53.202,550237
tok25,2023-09-15,51.664,182135
tok25,2023-09-16,49.534,350173
tok25,2023-09-17,50.556,561635
tok25,2023-09-18,48.858,519545
tok25,2023-09-19,46.431,398382
tok25,2023-09-20,50.922,219295
tok25,2023-09-21,52.476,426228
tok25,2023-09-22,51.274,350601
tok25,2023-09-23,52.436,182807
tok25,2023-09-24,53.311,472294
tok25,2023-09-25,50.147,689076
tok25,2023-09-26,50.38,107085
tok25,2023-09-27,49.62,405006
tok25,2023-09-28,46.566,408249
tok25,2023-09-29,44.498,1307860
tok25,2023-09-30,45.869,362842
tok25,2023-10-01,46.12,464367
tok25,2023-10-02,42.706,211108
tok25,2023-10-03,41.772,440710
tok25,2023-10-04,42.498,770794
tok25,2023-10-05,43.997,260639
tok25,2023-10-06,46.724,504822
tok25,2023-10-07,44.958,413086
tok25,2023-10-08,46.551,733959
tok25,2023-10-09,47.224,424807
tok25,2023-10-10,46.77,267531
tok25,2023-10-11,46.924,259610
tok25,2023-10-12,50.704,840303
tok25,2023-10-13,48.683,332186
tok25,2023-10-14,50.718,793852
tok25,2023-10-15,51.914,303218
tok25,2023-10-16,50.693,554870
tok25,2023-10-17,48.631,548673
tok25,2023-10-18,48.396,1024171
tok25,2023-10-19,53.457,422707
tok25,2023-10-20,53.409,304563
tok25,2023-10-21,56.302,638893
tok25,2023-10-22,56.759,447039
tok25,2023-10-23,57.842,244854
tok25,2023-10-24,65.868,241222
tok25,2023-10-25,69.361,285216
tok25,2023-10-26,66.905,281033
tok25,2023-10-27,66.085,312379
tok25,2023-10-28,69.822,521485
tok25,2023-10-29,68.422,382088
tok25,2023-10-30,69.319,825011
tok25,2023-10-31,64.121,379530
tok25,2023-11-01,62.415,716079
tok25,2023-11-02,58.722,366530
tok25,2023-11-03,62.919,265473
tok25,2023-11-04,65.034,326937
tok25,2023-11-05,67.282,373562
tok25,2023-11-06,63.913,436653
tok25,2023-11-07,62.784,1281992
tok25,2023-11-08,64.631,362331
tok25,2023-11-09,65.341,457756
tok25,2023-11-10,63.191,409116
tok25,2023-11-11,61.731,210953
tok25,2023-11-12,57.773,765938
tok25,2023-11-13,57.795,430533
tok25,2023-11-14,58.042,1283789
tok25,2023-11-15,58.367,201087
tok25,2023-11-16,56.758,471430
tok25,2023-11-17,55.125,287903
tok25,2023-11-18,59.088,327803
tok25,2023-11-19,63.052,332866
tok25,2023-11-20,58.201,666601
tok25,2023-11-21,55.54,629341
tok25,2023-11-22,54.033,134079
tok25,2023-11-23,55.834,257907
tok25,2023-11-24,52.254,548475
tok25,2023-11-25,49.841,519610
tok25,2023-11-26,51.068,265488
tok25,2023-11-27,52.762,775076
tok25,2023-11-28,53.066,452552
tok25,2023-11-29,52.344,610659
tok25,2023-11-30,50.365,915691
tok25,2023-12-01,51.935,800322
tok25,2023-12-02,50.61,304916
tok25,2023-12-03,50.443,319031
tok25,2023-12-04,47.299,470644
tok25,2023-12-05,48.467,520096
tok25,2023-12-06,50.14,1011750
tok25,2023-12-07,48.759,424283
tok25,2023-12-08,48.764,683171
tok25,2023-12-09,46.453,489329
tok25,2023-12-10,45.219,425257
tok25,2023-12-11,47.623,264223
tok25,2023-12-12,45.968,967081
tok25,2023-12-13,43.168,398486
tok25,2023-12-14,45.047,577848
tok25,2023-12-15,42.345,781596
tok25,2023-12-16,43.929,431208
tok25,2023-12-17,44.08,351898
tok25,2023-12-18,43.757,245848
tok25,2023-12-19,43.442,449595
tok25,2023-12-20,44.876,410340
tok25,2023-12-21,47.305,1908646
tok25,2023-12-22,45.824,248080
tok25,2023-12-23,40.572,701685
tok25,2023-12-24,39.212,430046
tok25,2023-12-25,40.879,796577
tok25,2023-12-26,42.045,442334
tok25,2023-12-27,43.303,339095
tok25,2023-12-28,43.76,490705
tok25,2023-12-29,42.919,387960
tok25,2023-12-30,41.538,216684
tok25,2023-12-31,39.882,311945
tok26,2022-01-01,73.799,745374
tok26,2022-01-02,72.852,622929
tok26,2022-01-03,73.651,409420
tok26,2022-01-04,76.211,388651
tok26,2022-01-05,72.579,950510
tok26,2022-01-06,71.931,374132
tok26,2022-01-07,68.152,646794
tok26,2022-01-08,72.574,539010
tok26,2022-01-09,74.739,248664
tok26,2022-01-10,71.603,773867
tok26,2022-01-11,66.144,531189
tok26,2022-01-12,68.266,348393
tok26,2022-01-13,69.495,462416
tok26,2022-01-14,73.952,417655
tok26,2022-01-15,77.045,320037
tok26,2022-01-16,72.675,957346
tok26,2022-01-17,73.188,355156
tok26,2022-01-18,77.334,349637
tok26,2022-01-19,78.237,543131
tok26,2022-01-20,80.725,507349
tok26,2022-01-21,78.426,422724
tok26,2022-01-22,77.247,530114
tok26,2022-01-23,75.564,227792
tok26,2022-01-24,79.507,281992
tok26,2022-01-25,80.594,831523
tok26,2022-01-26,77.637,382106
tok26,2022-01-27,77.497,512949
tok26,2022-01-28,77.488,683057
tok26,2022-01-29,77.926,523003
tok26,2022-01-30,81.228,599661
tok26,2022-01-31,81.283,296510
tok26,2022-02-01,80.883,326201
tok26,2022-02-02,78.498,314334
tok26,2022-02-03,76.374,274462
tok26,2022-02-04,75.515,230924
tok26,2022-02-05,81.503,879489
tok26,2022-02-06,80.219,461948
tok26,2022-02-07,75.631,318407
tok26,2022-02-08,76.749,622018
tok26,2022-02-09,75.125,430230
tok26,2022-02-10,77.898,371966
tok26,2022-02-11,77.012,249181
tok26,2022-02-12,75.56,232418
tok26,2022-02-13,73.156,231597
tok26,2022-02-14,70.944,1212291
tok26,2022-02-15,72.121,183578
tok26,2022-02-16,68.231,683094
tok26,2022-02-17,72.054,580783
tok26,2022-02-18,67.907,481407
tok26,2022-02-19,62.857,693750
tok26,2022-02-20,62.722,1554357
tok26,2022-02-21,62.401,504969
tok26,2022-02-22,57.281,734169
tok26,2022-02-23,53.506,1591849
tok26,2022-02-24,50.861,580843
tok26,2022-02-25,51.387,475534
tok26,2022-02-26,53.905,325707
tok26,2022-02-27,54.772,847187
tok26,2022-02-28,51.366,687881
tok26,2022-03-01,51.894,384264
tok26,2022-03-02,52.092,420545
tok26,2022-03-03,49.595,348809
tok26,2022-03-04,51.217,885208
tok26,2022-03-05,52.182,139815
tok26,2022-03-06,48.375,642513
tok26,2022-03-07,46.048,208104
tok26,2022-03-08,43.597,265510
tok26,2022-03-09,45.125,584016
tok26,2022-03-10,43.548,238832
tok26,2022-03-11,45.464,431818
tok26,2022-03-12,43.609,350899
tok26,2022-03-13,44.4,142748
tok26,2022-03-14,42.931,374791
tok26,2022-03-15,39.621,305464
tok26,2022-03-16,39.195,802778
tok26,2022-03-17,41.279,247073
tok26,2022-03-18,41.47,575535
tok26,2022-03-19,41.231,385416
tok26,2022-03-20,43.068,1209391
tok26,2022-03-21,44.415,482301
tok26,2022-03-22,42.92,171495
tok26,2022-03-23,44.998,759715
tok26,2022-03-24,48.724,250005
tok26,2022-03-25,50.634,946880
tok26,2022-03-26,52.549,265136
tok26,2022-03-27,53.726,293962
tok26,2022-03-28,54.148,348889
tok26,2022-03-29,52.702,220990
tok26,2022-03-30,53.236,685270
tok26,2022-03-31,55.908,448882
tok26,2022-04-01,50.969,395012
tok26,2022-04-02,49.054,382142
tok26,2022-04-03,49.247,508440
tok26,2022-04-04,50.484,1730311
tok26,2022-04-05,48.641,341476
tok26,2022-04-06,45.574,842042
tok26,2022-04-07,45.809,413101
tok26,2022-04-08,48.318,412182
tok26,2022-04-09,47.593,422090
tok26,2022-04-10,46.056,339627
tok26,2022-04-11,44.625,476434
tok26,2022-04-12,43.723,547609
tok26,2022-04-13,45.102,249252
tok26,2022-04-14,43.849,228219
tok26,2022-04-15,42.16,505020
tok26,2022-04-16,43.203,163571
tok26,2022-04-17,44.049,230806
tok26,2022-04-18,43.609,511932
tok26,2022-04-19,38.738,264051
tok26,2022-04-20,36.454,925557
tok26,2022-04-21,33.726,804511
tok26,2022-04-22,32.084,537334
tok26,2022-04-23,32.637,264102
tok26,2022-04-24,30.365,728369
tok26,2022-04-25,30.5,642408
tok26,2022-04-26,32.935,236021
tok26,2022-04-27,33.59,246223
tok26,2022-04-28,34.245,419764
tok26,2022-04-29,34.396,536175
tok26,2022-04-30,36.692,388465
tok26,2022-05-01,38.689,419253
tok26,2022-05-02,38.58,1384126
tok26,2022-05-03,41.819,1659180
tok26,2022-05-04,41.162,764170
tok26,2022-05-05,42.748,557458
tok26,2022-05-06,41.858,311208
tok26,2022-05-07,42.443,437401
tok26,2022-05-08,43.259,410347
tok26,2022-05-09,41.456,493409
tok26,2022-05-10,41.887,198496
tok26,2022-05-11,41.266,697423
tok26,2022-05-12,39.072,549791
tok26,2022-05-13,38.87,513458
tok26,2022-05-14,36.909,436884
tok26,2022-05-15,39.195,195009
tok26,2022-05-16,39.205,294329
tok26,2022-05-17,38.093,507398
tok26,2022-05-18,36.346,759432
tok26,2022-05-19,35.738,575831
tok26,2022-05-20,34.996,319479
tok26,2022-05-21,35.034,487162
tok26,2022-05-22,34.167,605012
tok26,2022-05-23,32.401,661605
tok26,2022-05-24,32.015,317279
tok26,2022-05-25,32.295,340690
tok26,2022-05-26,32.864,364813
tok26,2022-05-27,35.277,596770
tok26,2022-05-28,34.757,299864
tok26,2022-05-29,34.902,534568
tok26,2022-05-30,34.317,341637
tok26,2022-05-31,33.124,355253
tok26,2022-06-01,32.699,485719
tok26,2022-06-02,33.309,617976
tok26,2022-06-03,33.717,545114
tok26,2022-06-04,36.452,209323
tok26,2022-06-05,34.565,485896
tok26,2022-06-06,36.191,250098
tok26,2022-06-07,34.803,1276206
tok26,2022-06-08,35.911,303546
tok26,2022-06-09,34.364,573460
tok26,2022-06-10,33.735,441561
tok26,2022-06-11,33.08,410656
tok26,2022-06-12,31.626,528537
tok26,2022-06-13,32.424,702573
tok26,2022-06-14,33.21,212302
tok26,2022-06-15,30.563,330364
tok26,2022-06-16,27.091,579891
tok26,2022-06-17,27.487,226398
tok26,2022-06-18,28.119,504645
tok26,2022-06-19,29.438,373986
tok26,2022-06-20,28.474,254170
tok26,2022-06-21,29.196,856933
tok26,2022-06-22,30.127,497357
tok26,2022-06-23,32.194,404386
tok26,2022-06-24,31.953,329046
tok26,2022-06-25,32.789,469749
tok26,2022-06-26,31.556,283544
tok26,2022-06-27,31.37,358337
tok26,2022-06-28,31.467,1372518
tok26,2022-06-29,30.813,216464
tok26,2022-06-30,28.682,348272
tok26,2022-07-01,29.473,415923
tok26,2022-07-02,30.398,310077
tok26,2022-07-03,30.012,460858
tok26,2022-07-04,28.45,295080
tok26,2022-07-05,27.617,361377
tok26,2022-07-06,26.38,416504
tok26,2022-07-07,25.715,304528
tok26,2022-07-08,25.153,635664
tok26,2022-07-09,23.716,300905
tok26,2022-07-10,25.109,972816
tok26,2022-07-11,24.327,692201
tok26,2022-07-12,24.758,624468
tok26,2022-07-13,24.571,904297
tok26,2022-07-14,25.412,667989
tok26,2022-07-15,26.222,218067
tok26,2022-07-16,26.772,218554
tok26,2022-07-17,27.308,329349
tok26,2022-07-18,27.131,371413
tok26,2022-07-19,25.785,723346
tok26,2022-07-20,26.079,266655
tok26,2022-07-21,27.017,430256
tok26,2022-07-22,26.602,898015
tok26,2022-07-23,24.993,268297
tok26,2022-07-24,24.295,327387
tok26,2022-07-25,22.721,907537
tok26,2022-07-26,21.939,381299
tok26,2022-07-27,22.088,472439
tok26,2022-07-28,22.47,360656
tok26,2022-07-29,23.435,346037
tok26,2022-07-30,23.674,337588
tok26,2022-07-31,24.471,345353
tok26,2022-08-01,23.829,596679
tok26,2022-08-02,24.403,498440
tok26,2022-08-03,25.38,732868
tok26,2022-08-04,25.529,949274
tok26,2022-08-05,25.721,162173
tok26,2022-08-06,27.369,1070916
tok26,2022-08-07,29.515,592198
tok26,2022-08-08,29.833,208789
tok26,2022-08-09,31.557,895008
tok26,2022-08-10,29.508,481280
tok26,2022-08-11,30.223,423823
tok26,2022-08-12,31.176,491553
tok26,2022-08-13,34.468,471923
tok26,2022-08-14,34.506,231470
tok26,2022-08-15,35.944,398355
tok26,2022-08-16,36.616,307819
tok26,2022-08-17,38.817,682858
tok26,2022-08-18,36.767,553246
tok26,2022-08-19,37.492,500992
tok26,2022-08-20,35.491,292957
tok26,2022-08-21,34.872,336806
tok26,2022-08-22,35.103,759361
tok26,2022-08-23,34.478,559557
tok26,2022-08-24,36.884,600897
tok26,2022-08-25,36.948,296579
tok26,2022-08-26,38.493,261740
tok26,2022-08-27,35.826,753378
tok26,2022-08-28,35.515,548096
tok26,2022-08-29,37.931,274890
tok26,2022-08-30,38.241,429750
tok26,2022-08-31,38.208,730264
tok26,2022-09-01,36.846,351524
tok26,2022-09-02,39.507,1180873
tok26,2022-09-03,39.131,583074
tok26,2022-09-04,41.176,592748
tok26,2022-09-05,42.727,503550
tok26,2022-09-06,42.986,429043
tok26,2022-09-07,43.491,564283
tok26,2022-09-08,45.185,498649
tok26,2022-09-09,44.837,213833
tok26,2022-09-10,41.651,558464
tok26,2022-09-11,39.282,289305
tok26,2022-09-12,38.639,1588743
tok26,2022-09-13,38.148,787173
tok26,2022-09-14,35.733,402055
tok26,2022-09-15,34.369,505034
tok26,2022-09-16,34.071,441122
tok26,2022-09-17,32.352,249254
tok26,2022-09-18,32.399,214145
tok26,2022-09-19,32.968,707629
tok26,2022-09-20,32.042,381380
tok26,2022-09-21,31.446,561951
tok26,2022-09-22,33.012,264221
tok26,2022-09-23,33.154,316317
tok26,2022-09-24,33.816,265454
tok26,2022-09-25,35.006,486840
tok26,2022-09-26,35.436,259798
tok26,2022-09-27,34.061,651142
tok26,2022-09-28,33.997,382323
tok26,2022-09-29,35.734,384680
tok26,2022-09-30,37.774,421317
tok26,2022-10-01,38.103,262447
tok26,2022-10-02,37.107,518124
tok26,2022-10-03,37.357,483178
tok26,2022-10-04,37.386,433283
tok26,2022-10-05,37.893,958110
tok26,2022-10-06,36.675,319031
tok26,2022-10-07,36.387,594904
tok26,2022-10-08,38.385,686844
tok26,2022-10-09,39.814,629313
tok26,2022-10-10,38.632,275165
tok26,2022-10-11,36.945,151718
tok26,2022-10-12,40.43,363205
tok26,2022-10-13,38.88,413998
tok26,2022-10-14,38.898,601666
tok26,2022-10-15,39.504,774153
tok26,2022-10-16,38.501,558976
tok26,2022-10-17,37.511,506477
tok26,2022-10-18,37.855,295227
tok26,2022-10-19,41.373,202126
tok26,2022-10-20,41.671,565309
tok26,2022-10-21,43.577,219178
tok26,2022-10-22,42.241,877008
tok26,2022-10-23,42.315,306194
tok26,2022-10-24,42.229,468796
tok26,2022-10-25,43.651,407225
tok26,2022-10-26,42.109,1083830
tok26,2022-10-27,42.009,366032
tok26,2022-10-28,42.224,1209910
tok26,2022-10-29,40.343,963948
tok26,2022-10-30,40.701,623616
tok26,2022-10-31,39.905,344365
tok26,2022-11-01,39.669,305429
tok26,2022-11-02,38.102,810886
tok26,2022-11-03,38.967,543474
tok26,2022-11-04,40.623,273677
tok26,2022-11-05,43.283,280805
tok26,2022-11-06,41.98,499651
tok26,2022-11-07,42.73,348910
tok26,2022-11-08,38.712,367975
tok26,2022-11-09,40.962,322420
tok26,2022-11-10,42.573,283407
tok26,2022-11-11,40.525,287150
tok26,2022-11-12,41.673,710116
tok26,2022-11-13,43.402,838786
tok26,2022-11-14,45.777,529553
tok26,2022-11-15,39.975,860367
tok26,2022-11-16,37.199,549155
tok26,2022-11-17,37.425,472299
tok26,2022-11-18,38.133,604899
tok26,2022-11-19,38.231,360458
tok26,2022-11-20,38.865,716552
tok26,2022-11-21,37.342,289911
tok26,2022-11-22,37.161,205922
tok26,2022-11-23,37.423,197662
tok26,2022-11-24,38.106,279400
tok26,2022-11-25,39.873,420719
tok26,2022-11-26,40.727,365110
tok26,2022-11-27,40.017,391362
tok26,2022-11-28,37.011,461261
tok26,2022-11-29,37.182,972204
tok26,2022-11-30,37.655,641826
tok26,2022-12-01,37.616,1166495
tok26,2022-12-02,39.02,285824
tok26,2022-12-03,39.121,1120144
tok26,2022-12-04,40.438,839725
tok26,2022-12-05,37.601,537163
tok26,2022-12-06,38.072,462175
tok26,2022-12-07,37.681,643565
tok26,2022-12-08,38.839,341362
tok26,2022-12-09,39.07,268123
tok26,2022-12-10,40.564,328925
tok26,2022-12-11,42.817,564453
tok26,2022-12-12,44.665,672585
tok26,2022-12-13,48.2,748845
tok26,2022-12-14,47.479,292813
tok26,2022-12-15,46.225,407640
tok26,2022-12-16,45.927,603021
tok26,2022-12-17,44.649,540520
tok26,2022-12-18,46.293,547007
tok26,2022-12-19,50.303,417122
tok26,2022-12-20,49.787,322300
tok26,2022-12-21,51.773,391126
tok26,2022-12-22,50.304,1096197
tok26,2022-12-23,49.502,320160
tok26,2022-12-24,54.529,379284
tok26,2022-12-25,53.609,441469
tok26,2022-12-26,55.073,516065
tok26,2022-12-27,54.972,263429
tok26,2022-12-28,54.969,418212
tok26,2022-12-29,56.811,942177
tok26,2022-12-30,52.754,379507
tok26,2022-12-31,51.64,304984
tok26,2023-01-01,46.786,696040
tok26,2023-01-02,46.809,771214
tok26,2023-01-03,50.56,1212672
tok26,2023-01-04,54.055,369565
tok26,2023-01-05,51.253,556939
tok26,2023-01-06,54.292,442788
tok26,2023-01-07,55.702,656032
tok26,2023-01-08,56.376,466513
tok26,2023-01-09,57.629,649333
tok26,2023-01-10,55.859,665090
tok26,2023-01-11,55.913,497985
tok26,2023-01-12,56.19,361260
tok26,2023-01-13,59.315,385146
tok26,2023-01-14,58.327,383330
tok26,2023-01-15,56.095,635703
tok26,2023-01-16,57.498,330573
tok26,2023-01-17,56.196,528954
tok26,2023-01-18,54.46,358859
tok26,2023-01-19,56.828,336288
tok26,2023-01-20,56.58,836372
tok26,2023-01-21,58.808,483248
tok26,2023-01-22,61.479,199604
tok26,2023-01-23,64.118,871709
tok26,2023-01-24,63.662,570356
tok26,2023-01-25,62.471,841218
tok26,2023-01-26,60.618,136246
tok26,2023-01-27,60.467,787330
tok26,2023-01-28,60.675,341720
tok26,2023-01-29,61.864,571164
tok26,2023-01-30,62.084,407180
tok26,2023-01-31,62.039,481190
tok26,2023-02-01,59.396,849135
tok26,2023-02-02,56.802,394053
tok26,2023-02-03,53.007,609667
tok26,2023-02-04,54.367,662365
tok26,2023-02-05,55.426,358227
tok26,2023-02-06,57.14,608310
tok26,2023-02-07,55.767,402671
tok26,2023-02-08,52.658,1140413
tok26,2023-02-09,52.163,550692
tok26,2023-02-10,51.581,466125
tok26,2023-02-11,52.808,358465
tok26,2023-02-12,53.894,824167
tok26,2023-02-13,52.626,340634
tok26,2023-02-14,51.795,562963
tok26,2023-02-15,48.879,593902
tok26,2023-02-16,50.244,530764
tok26,2023-02-17,50.362,360745
tok26,2023-02-18,50.127,127366
tok26,2023-02-19,50.604,504248
tok26,2023-02-20,49.774,204482
tok26,2023-02-21,48.731,373318
tok26,2023-02-22,45.712,383193
tok26,2023-02-23,43.694,288301
tok26,2023-02-24,41.087,108817
tok26,2023-02-25,42.456,247936
tok26,2023-02-26,42.25,474402
tok26,2023-02-27,43.328,217650
tok26,2023-02-28,38.692,191080
tok26,2023-03-01,39.608,719081
tok26,2023-03-02,36.063,270303
tok26,2023-03-03,35.296,375970
tok26,2023-03-04,36.57,892106
tok26,2023-03-05,40.435,492886
tok26,2023-03-06,41.064,594085
tok26,2023-03-07,43.834,496842
tok26,2023-03-08,43.363,787026
tok26,2023-03-09,42.5,365482
tok26,2023-03-10,40.217,523185
tok26,2023-03-11,40.258,1026811
tok26,2023-03-12,38.758,413717
tok26,2023-03-13,39.554,468673
tok26,2023-03-14,39.586,347391
tok26,2023-03-15,37.478,366590
tok26,2023-03-16,34.081,578946
tok26,2023-03-17,36.462,1075621
tok26,2023-03-18,35.916,316546
tok26,2023-03-19,35.12,354345
tok26,2023-03-20,37.036,443591
tok26,2023-03-21,36.219,593982
tok26,2023-03-22,38.003,1018225
tok26,2023-03-23,38.863,306798
tok26,2023-03-24,38.213,332215
tok26,2023-03-25,40.398,601978
tok26,2023-03-26,40.335,410132
tok26,2023-03-27,43.885,635412
tok26,2023-03-28,43.265,380327
tok26,2023-03-29,42.237,392622
tok26,2023-03-30,42.084,194620
tok26,2023-03-31,42.302,437510
tok26,2023-04-01,43.663,188578
tok26,2023-04-02,45.278,718080
tok26,2023-04-03,48.617,956394
tok26,2023-04-04,48.534,164912
tok26,2023-04-05,48.669,433119
tok26,2023-04-06,52.835,1073710
tok26,2023-04-07,55.05,158715
tok26,2023-04-08,58.045,633010
tok26,2023-04-09,59.082,695665
tok26,2023-04-10,63.135,189367
tok26,2023-04-11,60.063,497809
tok26,2023-04-12,55.845,215191
tok26,2023-04-13,50.314,401643
tok26,2023-04-14,50.781,141343
tok26,2023-04-15,48.387,459322
tok26,2023-04-16,49.962,579648
tok26,2023-04-17,51.561,457213
tok26,2023-04-18,49.573,791048
tok26,2023-04-19,49.439,315010
tok26,2023-04-20,45.627,1199692
tok26,2023-04-21,46.308,981983
tok26,2023-04-22,44.498,667828
tok26,2023-04-23,40.69,796096
tok26,2023-04-24,39.062,907404
tok26,2023-04-25,41.745,240735
tok26,2023-04-26,43.411,615907
tok26,2023-04-27,41.201,499386
tok26,2023-04-28,39.196,697043
tok26,2023-04-29,41.838,290731
tok26,2023-04-30,39.947,409626
tok26,2023-05-01,37.614,418401
tok26,2023-05-02,37.851,277402
tok26,2023-05-03,37.875,294658
tok26,2023-05-04,36.084,420644
tok26,2023-05-05,36.867,556296
tok26,2023-05-06,36.083,755425
tok26,2023-05-07,34.436,739575
tok26,2023-05-08,34.656,641573
tok26,2023-05-09,34.851,316079
tok26,2023-05-10,35.173,532433
tok26,2023-05-11,33.483,272605
tok26,2023-05-12,33.045,255377
tok26,2023-05-13,32.754,1021226
tok26,2023-05-14,31.055,711370
tok26,2023-05-15,29.814,156110
tok26,2023-05-16,30.541,361777
tok26,2023-05-17,30.533,192694
tok26,2023-05-18,28.67,359036
tok26,2023-05-19,29.11,339251
tok26,2023-05-20,29.646,224041
tok26,2023-05-21,29.456,427460
tok26,2023-05-22,30.257,319824
tok26,2023-05-23,30.782,202120
tok26,2023-05-24,31.817,455957
tok26,2023-05-25,34.534,1005696
tok26,2023-05-26,34.46,1486789
tok26,2023-05-27,31.021,380696
tok26,2023-05-28,32.885,503611
tok26,2023-05-29,31.193,653845
tok26,2023-05-30,32.177,209008
tok26,2023-05-31,31.176,172030
tok26,2023-06-01,29.476,877201
tok26,2023-06-02,29.804,814145
tok26,2023-06-03,29.196,263336
tok26,2023-06-04,29.256,511651
tok26,2023-06-05,31.579,574239
tok26,2023-06-06,31.301,141455
tok26,2023-06-07,30.399,704169
tok26,2023-06-08,30.448,146531
tok26,2023-06-09,31.236,688623
tok26,2023-06-10,32.523,476596
tok26,2023-06-11,32.137,563063
tok26,2023-06-12,33.759,1379061
tok26,2023-06-13,33.326,663848
tok26,2023-06-14,33.309,449783
tok26,2023-06-15,32.869,427527
tok26,2023-06-16,31.486,469653
tok26,2023-06-17,32.0,184671
tok26,2023-06-18,32.811,492956
tok26,2023-06-19,35.304,841172
tok26,2023-06-20,34.359,473287
tok26,2023-06-21,31.29,428179
tok26,2023-06-22,30.223,115759
tok26,2023-06-23,31.079,480001
tok26,2023-06-24,30.504,483755
tok26,2023-06-25,34.074,547949
tok26,2023-06-26,32.219,816607
tok26,2023-06-27,31.623,775803
tok26,2023-06-28,33.459,703610
tok26,2023-06-29,34.685,536756
tok26,2023-06-30,35.163,288251
tok26,2023-07-01,34.458,432080
tok26,2023-07-02,33.745,387808
tok26,2023-07-03,34.499,196632
tok26,2023-07-04,33.197,674119
tok26,2023-07-05,30.959,209568
tok26,2023-07-06,31.99,795214
tok26,2023-07-07,30.982,295189
tok26,2023-07-08,29.414,325303
tok26,2023-07-09,30.421,361799
tok26,2023-07-10,28.559,494001
tok26,2023-07-11,29.397,504770
tok26,2023-07-12,29.295,531460
tok26,2023-07-13,29.685,134282
tok26,2023-07-14,31.414,397458
tok26,2023-07-15,30.987,311884
tok26,2023-07-16,32.142,792537
tok26,2023-07-17,30.568,265418
tok26,2023-07-18,30.625,704433
tok26,2023-07-19,30.251,356528
tok26,2023-07-20,31.366,661555
tok26,2023-07-21,31.309,278197
tok26,2023-07-22,30.47,931478
tok26,2023-07-23,26.133,532140
tok26,2023-07-24,25.479,240231
tok26,2023-07-25,26.015,248535
tok26,2023-07-26,24.822,863319
tok26,2023-07-27,23.442,424624
tok26,2023-07-28,24.627,195245
tok26,2023-07-29,24.751,2924480
tok26,2023-07-30,23.526,119904
tok26,2023-07-31,24.001,442709
tok26,2023-08-01,24.788,578049
tok26,2023-08-02,25.412,428992
tok26,2023-08-03,26.131,600871
tok26,2023-08-04,26.124,544463
tok26,2023-08-05,26.227,343175
tok26,2023-08-06,27.643,432735
tok26,2023-08-07,27.818,545938
tok26,2023-08-08,26.744,104187
tok26,2023-08-09,26.488,485368
tok26,2023-08-10,28.758,295180
tok26,2023-08-11,30.062,306876
tok26,2023-08-12,31.05,473764
tok26,2023-08-13,32.379,307767
tok26,2023-08-14,30.865,531013
tok26,2023-08-15,31.381,842754
tok26,2023-08-16,31.862,607370
tok26,2023-08-17,31.458,228067
tok26,2023-08-18,33.834,417453
tok26,2023-08-19,34.758,468142
tok26,2023-08-20,31.661,169002
tok26,2023-08-21,31.159,363529
tok26,2023-08-22,30.239,663108
tok26,2023-08-23,30.529,702396
tok26,2023-08-24,30.117,309751
tok26,2023-08-25,29.989,380866
tok26,2023-08-26,29.699,840342
tok26,2023-08-27,31.159,537438
tok26,2023-08-28,32.06,299208
tok26,2023-08-29,32.853,264526
tok26,2023-08-30,32.188,362586
tok26,2023-08-31,31.996,993949
tok26,2023-09-01,32.23,323490
tok26,2023-09-02,32.377,377113
tok26,2023-09-03,33.67,366921
tok26,2023-09-04,34.013,809855
tok26,2023-09-05,35.704,424817
tok26,2023-09-06,35.866,1359284
tok26,2023-09-07,36.812,541408
tok26,2023-09-08,38.118,229578
tok26,2023-09-09,35.14,471928
tok26,2023-09-10,35.891,326031
tok26,2023-09-11,37.499,719958
tok26,2023-09-12,36.266,643651
tok26,2023-09-13,37.695,451510
tok26,2023-09-14,36.749,203298
tok26,2023-09-15,35.209,543219
tok26,2023-09-16,36.898,239860
tok26,2023-09-17,38.87,150571
tok26,2023-09-18,40.893,646538
tok26,2023-09-19,45.401,704506
tok26,2023-09-20,42.042,294722
tok26,2023-09-21,42.42,460676
tok26,2023-09-22,43.831,742201
tok26,2023-09-23,43.802,704770
tok26,2023-09-24,43.784,273057
tok26,2023-09-25,44.79,310803
tok26,2023-09-26,45.156,272024
tok26,2023-09-27,43.482,497158
tok26,2023-09-28,44.381,493677
tok26,2023-09-29,48.501,328173
tok26,2023-09-30,46.999,615614
tok26,2023-10-01,46.278,616732
tok26,2023-10-02,46.135,216126
tok26,2023-10-03,48.451,1032824
tok26,2023-10-04,48.097,259330
tok26,2023-10-05,48.244,297710
tok26,2023-10-06,46.067,163273
tok26,2023-10-07,46.185,580444
tok26,2023-10-08,44.164,518715
tok26,2023-10-09,42.961,422571
tok26,2023-10-10,43.615,443744
tok26,2023-10-11,42.854,197808
tok26,2023-10-12,42.103,439586
tok26,2023-10-13,43.352,1444425
tok26,2023-10-14,45.699,169020
tok26,2023-10-15,43.31,1003829
tok26,2023-10-16,42.761,598019
tok26,2023-10-17,40.851,302736
tok26,2023-10-18,39.998,603095
tok26,2023-10-19,43.434,210100
tok26,2023-10-20,43.427,489270
tok26,2023-10-21,45.239,743746
tok26,2023-10-22,48.075,755862
tok26,2023-10-23,46.02,143933
tok26,2023-10-24,47.058,686461
tok26,2023-10-25,44.966,602278
tok26,2023-10-26,47.306,335872
tok26,2023-10-27,45.067,228763
tok26,2023-10-28,44.709,301773
tok26,2023-10-29,45.932,285870
tok26,2023-10-30,43.076,232568
tok26,2023-10-31,46.503,1146808
tok26,2023-11-01,44.412,377285
tok26,2023-11-02,44.052,639041
tok26,2023-11-03,46.172,361408
tok26,2023-11-04,46.827,764607
tok26,2023-11-05,45.306,409987
tok26,2023-11-06,48.686,245284
tok26,2023-11-07,49.077,1259194
tok26,2023-11-08,51.285,331287
tok26,2023-11-09,51.415,340348
tok26,2023-11-10,49.325,743452
tok26,2023-11-11,49.01,249617
tok26,2023-11-12,47.577,505188
tok26,2023-11-13,47.603,167935
tok26,2023-11-14,48.634,245830
tok26,2023-11-15,46.493,415990
tok26,2023-11-16,44.441,860699
tok26,2023-11-17,46.827,224135
tok26,2023-11-18,51.286,1034542
tok26,2023-11-19,48.774,515373
tok26,2023-11-20,49.672,428980
tok26,2023-11-21,50.461,386265
tok26,2023-11-22,51.582,233226
tok26,2023-11-23,47.933,310593
tok26,2023-11-24,49.857,927883
tok26,2023-11-25,49.542,448423
tok26,2023-11-26,50.139,474042
tok26,2023-11-27,47.795,833317
tok26,2023-11-28,50.981,959153
tok26,2023-11-29,53.338,660081
tok26,2023-11-30,52.566,387322
tok26,2023-12-01,52.451,351085
tok26,2023-12-02,51.066,760832
tok26,2023-12-03,53.443,565301
tok26,2023-12-04,51.482,506298
tok26,2023-12-05,51.052,306419
tok26,2023-12-06,54.961,371221
tok26,2023-12-07,55.986,504411
tok26,2023-12-08,55.384,216611
tok26,2023-12-09,50.877,863489
tok26,2023-12-10,49.968,436651
tok26,2023-12-11,50.262,274244
tok26,2023-12-12,49.622,1160620
tok26,2023-12-13,47.512,1276280
tok26,2023-12-14,49.09,436424
tok26,2023-12-15,48.689,418239
tok26,2023-12-16,49.543,257656
tok26,2023-12-17,48.128,280864
tok26,2023-12-18,45.478,208824
tok26,2023-12-19,44.059,133608
tok26,2023-12-20,41.567,635335
tok26,2023-12-21,39.974,677805
tok26,2023-12-22,41.552,1386614
tok26,2023-12-23,40.299,875046
tok26,2023-12-24,41.515,446822
tok26,2023-12-25,41.381,526805
tok26,2023-12-26,44.542,502399
tok26,2023-12-27,43.427,419260
tok26,2023-12-28,44.441,303146
tok26,2023-12-29,45.888,965988
tok26,2023-12-30,45.355,500425
tok26,2023-12-31,48.534,1319177
tok27,2022-03-01,36.373,622477
tok27,2022-03-02,37.01,338118
tok27,2022-03-03,35.697,340066
tok27,2022-03-04,36.171,510159
tok27,2022-03-05,35.747,308869
tok27,2022-03-06,36.319,314988
tok27,2022-03-07,35.534,303191
tok27,2022-03-08,35.176,392159
tok27,2022-03-09,34.803,1553549
tok27,2022-03-10,35.251,181317
tok27,2022-03-11,37.058,550756
tok27,2022-03-12,36.537,282480
tok27,2022-03-13,37.43,325013
tok27,2022-03-14,35.629,708985
tok27,2022-03-15,35.147,551274
tok27,2022-03-16,34.375,356666
tok27,2022-03-17,37.473,204454
tok27,2022-03-18,36.151,368153
tok27,2022-03-19,33.066,855247
tok27,2022-03-20,33.042,195198
tok27,2022-03-21,32.599,1275760
tok27,2022-03-22,34.812,567461
tok27,2022-03-23,33.502,456239
tok27,2022-03-24,32.045,460062
tok27,2022-03-25,32.037,1059004
tok27,2022-03-26,31.337,694402
tok27,2022-03-27,31.048,655313
tok27,2022-03-28,32.49,354024
tok27,2022-03-29,31.206,550829
tok27,2022-03-30,31.383,524343
tok27,2022-03-31,30.265,291596
tok27,2022-04-01,29.623,510306
tok27,2022-04-02,30.805,265788
tok27,2022-04-03,29.803,1002250
tok27,2022-04-04,29.48,1056895
tok27,2022-04-05,30.907,397052
tok27,2022-04-06,32.774,187024
tok27,2022-04-07,32.769,209787
tok27,2022-04-08,35.107,574130
tok27,2022-04-09,34.383,684272
tok27,2022-04-10,33.119,959852
tok27,2022-04-11,35.044,167833
tok27,2022-04-12,35.738,624739
tok27,2022-04-13,36.959,769634
tok27,2022-04-14,37.427,359136
tok27,2022-04-15,34.994,548932
tok27,2022-04-16,35.044,208819
tok27,2022-04-17,32.708,456487
tok27,2022-04-18,33.59,523845
tok27,2022-04-19,35.058,420655
tok27,2022-04-20,35.4,182110
tok27,2022-04-21,34.97,375409
tok27,2022-04-22,35.936,891680
tok27,2022-04-23,33.0,484700
tok27,2022-04-24,33.454,620702
tok27,2022-04-25,32.813,418954
tok27,2022-04-26,33.137,384688
tok27,2022-04-27,31.907,637110
tok27,2022-04-28,32.993,690466
tok27,2022-04-29,30.527,899166
tok27,2022-04-30,28.692,306375
tok27,2022-05-01,28.953,422191
tok27,2022-05-02,27.566,766811
tok27,2022-05-03,24.454,372041
tok27,2022-05-04,25.618,981145
tok27,2022-05-05,27.183,513363
tok27,2022-05-06,26.657,589116
tok27,2022-05-07,25.034,187637
tok27,2022-05-08,23.89,370251
tok27,2022-05-09,24.068,458593
tok27,2022-05-10,22.546,503299
tok27,2022-05-11,22.32,186911
tok27,2022-05-12,21.584,456892
tok27,2022-05-13,21.413,860959
tok27,2022-05-14,22.107,207354
tok27,2022-05-15,23.058,192356
tok27,2022-05-16,22.957,706128
tok27,2022-05-17,24.055,342501
tok27,2022-05-18,22.831,273856
tok27,2022-05-19,23.545,653427
tok27,2022-05-20,24.7,685177
tok27,2022-05-21,24.839,757535
tok27,2022-05-22,22.658,745464
tok27,2022-05-23,22.899,449026
tok27,2022-05-24,25.149,358999
tok27,2022-05-25,24.565,623427
tok27,2022-05-26,25.925,682289
tok27,2022-05-27,27.216,757229
tok27,2022-05-28,26.746,967481
tok27,2022-05-29,26.712,396181
tok27,2022-05-30,25.466,544723
tok27,2022-05-31,24.922,200721
tok27,2022-06-01,24.703,1060591
tok27,2022-06-02,24.562,467385
tok27,2022-06-03,23.542,1118851
tok27,2022-06-04,23.492,555780
tok27,2022-06-05,23.785,288339
tok27,2022-06-06,22.694,708995
tok27,2022-06-07,23.048,378082
tok27,2022-06-08,22.508,973591
tok27,2022-06-09,22.73,203185
tok27,2022-06-10,22.938,427432
tok27,2022-06-11,24.079,563449
tok27,2022-06-12,24.567,246450
tok27,2022-06-13,24.663,224470
tok27,2022-06-14,24.393,389987
tok27,2022-06-15,24.943,537060
tok27,2022-06-16,26.0,558264
tok27,2022-06-17,24.894,397082
tok27,2022-06-18,24.948,496490
tok27,2022-06-19,23.919,234625
tok27,2022-06-20,23.454,321681
tok27,2022-06-21,21.817,1231891
tok27,2022-06-22,20.34,456667
tok27,2022-06-23,19.707,326527
tok27,2022-06-24,19.515,539143
tok27,2022-06-25,18.94,779062
tok27,2022-06-26,18.853,803492
tok27,2022-06-27,19.083,227304
tok27,2022-06-28,19.534,280624
tok27,2022-06-29,19.162,199464
tok27,2022-06-30,19.809,888305
tok27,2022-07-01,19.002,858411
tok27,2022-07-02,18.89,834589
tok27,2022-07-03,18.704,797416
tok27,2022-07-04,19.536,429128
tok27,2022-07-05,18.696,211810
tok27,2022-07-06,18.828,372917
tok27,2022-07-07,19.479,595742
tok27,2022-07-08,19.844,325945
tok27,2022-07-09,19.068,531018
tok27,2022-07-10,19.167,500687
tok27,2022-07-11,17.899,233884
tok27,2022-07-12,16.848,275881
tok27,2022-07-13,16.254,505296
tok27,2022-07-14,15.76,417213
tok27,2022-07-15,16.391,144631
tok27,2022-07-16,16.955,617317
tok27,2022-07-17,17.747,1033086
tok27,2022-07-18,16.81,454565
tok27,2022-07-19,16.119,228367
tok27,2022-07-20,16.682,495751
tok27,2022-07-21,17.524,488476
tok27,2022-07-22,18.161,232710
tok27,2022-07-23,17.004,1068079
tok27,2022-07-24,17.699,702810
tok27,2022-07-25,17.079,405862
tok27,2022-07-26,16.451,198100
tok27,2022-07-27,16.213,469864
tok27,2022-07-28,16.472,903449
tok27,2022-07-29,15.37,948447
tok27,2022-07-30,14.338,387557
tok27,2022-07-31,14.078,267213
tok27,2022-08-01,14.173,665734
tok27,2022-08-02,14.577,528586
tok27,2022-08-03,13.434,372156
tok27,2022-08-04,13.461,393682
tok27,2022-08-05,13.302,419444
tok27,2022-08-06,13.442,473457
tok27,2022-08-07,12.919,991879
tok27,2022-08-08,13.219,835923
tok27,2022-08-09,13.426,820592
tok27,2022-08-10,13.31,413269
tok27,2022-08-11,13.387,386603
tok27,2022-08-12,14.185,432581
tok27,2022-08-13,13.383,702122
tok27,2022-08-14,14.385,542158
tok27,2022-08-15,14.568,643853
tok27,2022-08-16,14.143,604691
tok27,2022-08-17,13.958,654918
tok27,2022-08-18,13.886,548207
tok27,2022-08-19,14.713,737897
tok27,2022-08-20,14.245,321376
tok27,2022-08-21,13.928,324673
tok27,2022-08-22,14.372,579180
tok27,2022-08-23,15.44,372276
tok27,2022-08-24,14.704,646358
tok27,2022-08-25,15.091,513848
tok27,2022-08-26,14.391,416592
tok27,2022-08-27,14.791,323409
tok27,2022-08-28,14.584,120747
tok27,2022-08-29,14.429,547167
tok27,2022-08-30,14.027,210932
tok27,2022-08-31,13.205,1156608
tok27,2022-09-01,13.028,497355
tok27,2022-09-02,12.414,367576
tok27,2022-09-03,12.251,325467
tok27,2022-09-04,12.214,565198
tok27,2022-09-05,12.567,593047
tok27,2022-09-06,12.92,870136
tok27,2022-09-07,12.937,504155
tok27,2022-09-08,12.917,165054
tok27,2022-09-09,13.21,324050
tok27,2022-09-10,13.273,778609
tok27,2022-09-11,12.717,342056
tok27,2022-09-12,12.91,288337
tok27,2022-09-13,12.553,1086716
tok27,2022-09-14,11.938,753261
tok27,2022-09-15,12.253,463107
tok27,2022-09-16,13.451,402691
tok27,2022-09-17,13.165,689183
tok27,2022-09-18,12.916,234890
tok27,2022-09-19,13.462,491146
tok27,2022-09-20,14.496,1345338
tok27,2022-09-21,13.845,368328
tok27,2022-09-22,13.081,1052616
tok27,2022-09-23,13.145,247318
tok27,2022-09-24,13.002,591556
tok27,2022-09-25,13.506,166783
tok27,2022-09-26,13.75,313606
tok27,2022-09-27,13.18,255231
tok27,2022-09-28,12.308,984730
tok27,2022-09-29,12.988,485200
tok27,2022-09-30,13.337,1091000
tok27,2022-10-01,13.921,584679
tok27,2022-10-02,14.066,623104
tok27,2022-10-03,14.44,847530
tok27,2022-10-04,14.06,193653
tok27,2022-10-05,13.282,555379
tok27,2022-10-06,13.696,523575
tok27,2022-10-07,13.097,280635
tok27,2022-10-08,13.261,296727
tok27,2022-10-09,12.768,212027
tok27,2022-10-10,12.336,237961
tok27,2022-10-11,12.948,679492
tok27,2022-10-12,12.445,1124509
tok27,2022-10-13,12.982,274929
tok27,2022-10-14,13.808,381614
tok27,2022-10-15,14.331,217763
tok27,2022-10-16,14.502,202352
tok27,2022-10-17,14.271,428544
tok27,2022-10-18,14.351,237369
tok27,2022-10-19,13.882,735051
tok27,2022-10-20,13.787,311470
tok27,2022-10-21,12.962,472421
tok27,2022-10-22,14.27,585926
tok27,2022-10-23,14.226,383216
tok27,2022-10-24,14.607,357261
tok27,2022-10-25,14.164,573723
tok27,2022-10-26,14.486,713126
tok27,2022-10-27,15.077,400519
tok27,2022-10-28,15.653,416481
tok27,2022-10-29,15.943,215158
tok27,2022-10-30,16.43,351824
tok27,2022-10-31,15.904,522526
tok27,2022-11-01,14.958,269815
tok27,2022-11-02,15.259,327485
tok27,2022-11-03,15.841,540950
tok27,2022-11-04,15.197,519210
tok27,2022-11-05,14.259,289775
tok27,2022-11-06,15.169,760426
tok27,2022-11-07,15.362,650089
tok27,2022-11-08,14.948,530146
tok27,2022-11-09,15.742,218802
tok27,2022-11-10,15.823,131047
tok27,2022-11-11,15.131,347018
tok27,2022-11-12,15.389,335063
tok27,2022-11-13,15.895,224258
tok27,2022-11-14,15.6,299167
tok27,2022-11-15,15.186,517133
tok27,2022-11-16,15.356,1088618
tok27,2022-11-17,15.127,440995
tok27,2022-11-18,14.53,324045
tok27,2022-11-19,15.435,983860
tok27,2022-11-20,16.359,221967
tok27,2022-11-21,16.751,1194489
tok27,2022-11-22,16.402,576756
tok27,2022-11-23,17.029,493137
tok27,2022-11-24,16.618,448622
tok27,2022-11-25,16.116,1265569
tok27,2022-11-26,16.111,649566
tok27,2022-11-27,15.504,301274
tok27,2022-11-28,14.805,527329
tok27,2022-11-29,15.516,317009
tok27,2022-11-30,15.868,447736
tok27,2022-12-01,15.911,752659
tok27,2022-12-02,16.479,525136
tok27,2022-12-03,17.907,95172
tok27,2022-12-04,16.706,255257
tok27,2022-12-05,16.08,325868
tok27,2022-12-06,16.459,880231
tok27,2022-12-07,16.27,262309
tok27,2022-12-08,16.629,576072
tok27,2022-12-09,15.166,620680
tok27,2022-12-10,14.528,476112
tok27,2022-12-11,13.764,734484
tok27,2022-12-12,14.177,167062
tok27,2022-12-13,14.419,534207
tok27,2022-12-14,15.556,688486
tok27,2022-12-15,16.432,524099
tok27,2022-12-16,16.559,346928
tok27,2022-12-17,16.842,184723
tok27,2022-12-18,17.302,198076
tok27,2022-12-19,16.541,236128
tok27,2022-12-20,17.044,514619
tok27,2022-12-21,16.777,698783
tok27,2022-12-22,16.088,262388
tok27,2022-12-23,14.818,770709
tok27,2022-12-24,14.476,391485
tok27,2022-12-25,13.904,441538
tok27,2022-12-26,15.269,752893
tok27,2022-12-27,14.73,348527
tok27,2022-12-28,15.031,161397
tok27,2022-12-29,15.436,717025
tok27,2022-12-30,16.036,625995
tok27,2022-12-31,15.57,1310856
tok27,2023-01-01,14.742,1102773
tok27,2023-01-02,14.615,363021
tok27,2023-01-03,14.028,491978
tok27,2023-01-04,14.282,381162
tok27,2023-01-05,15.17,224675
tok27,2023-01-06,15.169,161412
tok27,2023-01-07,14.733,984613
tok27,2023-01-08,14.33,284948
tok27,2023-01-09,14.887,674512
tok27,2023-01-10,14.631,306324
tok27,2023-01-11,14.855,323495
tok27,2023-01-12,14.902,168372
tok27,2023-01-13,14.298,543490
tok27,2023-01-14,13.904,705979
tok27,2023-01-15,14.006,1767124
tok27,2023-01-16,14.257,663278
tok27,2023-01-17,14.507,502483
tok27,2023-01-18,13.5,382460
tok27,2023-01-19,13.677,287324
tok27,2023-01-20,13.361,362619
tok27,2023-01-21,12.965,437570
tok27,2023-01-22,13.028,391210
tok27,2023-01-23,12.959,172192
tok27,2023-01-24,11.934,239730
tok27,2023-01-25,11.885,567547
tok27,2023-01-26,12.499,629139
tok27,2023-01-27,11.672,295924
tok27,2023-01-28,10.742,509124
tok27,2023-01-29,10.754,380804
tok27,2023-01-30,10.767,494710
tok27,2023-01-31,10.217,522399
tok27,2023-02-01,9.636,708974
tok27,2023-02-02,9.608,347026
tok27,2023-02-03,10.011,330740
tok27,2023-02-04,10.903,181877
tok27,2023-02-05,11.112,537288
tok27,2023-02-06,11.749,288657
tok27,2023-02-07,12.087,483083
tok27,2023-02-08,11.221,220543
tok27,2023-02-09,11.527,553057
tok27,2023-02-10,11.75,532823
tok27,2023-02-11,11.277,880484
tok27,2023-02-12,10.6,940162
tok27,2023-02-13,10.837,356021
tok27,2023-02-14,11.155,193961
tok27,2023-02-15,11.838,670328
tok27,2023-02-16,11.893,568241
tok27,2023-02-17,12.416,422391
tok27,2023-02-18,13.547,686452
tok27,2023-02-19,14.41,601452
tok27,2023-02-20,13.803,454944
tok27,2023-02-21,13.953,279919
tok27,2023-02-22,13.467,1970355
tok27,2023-02-23,13.547,566759
tok27,2023-02-24,13.735,538399
tok27,2023-02-25,14.33,531213
tok27,2023-02-26,13.783,677922
tok27,2023-02-27,13.595,322145
tok27,2023-02-28,13.511,453406
tok27,2023-03-01,14.142,288392
tok27,2023-03-02,13.653,790236
tok27,2023-03-03,14.472,292923
tok27,2023-03-04,15.034,583669
tok27,2023-03-05,14.909,267017
tok27,2023-03-06,14.834,314895
tok27,2023-03-07,14.633,696192
tok27,2023-03-08,14.928,404490
tok27,2023-03-09,15.02,595338
tok27,2023-03-10,14.757,397165
tok27,2023-03-11,14.39,804401
tok27,2023-03-12,14.525,396199
tok27,2023-03-13,14.838,536424
tok27,2023-03-14,15.079,645530
tok27,2023-03-15,15.292,395734
tok27,2023-03-16,14.89,1251881
tok27,2023-03-17,15.2,851377
tok27,2023-03-18,15.951,403408
tok27,2023-03-19,16.271,395761
tok27,2023-03-20,16.352,559205
tok27,2023-03-21,15.415,625382
tok27,2023-03-22,14.161,843446
tok27,2023-03-23,13.468,834342
tok27,2023-03-24,13.119,305821
tok27,2023-03-25,13.125,583777
tok27,2023-03-26,13.59,423113
tok27,2023-03-27,13.852,300277
tok27,2023-03-28,13.838,118420
tok27,2023-03-29,13.086,625475
tok27,2023-03-30,12.953,170249
tok27,2023-03-31,13.215,293287
tok27,2023-04-01,13.517,189872
tok27,2023-04-02,13.881,304856
tok27,2023-04-03,14.612,571481
tok27,2023-04-04,14.57,434137
tok27,2023-04-05,14.846,350695
tok27,2023-04-06,14.584,844978
tok27,2023-04-07,14.345,278980
tok27,2023-04-08,13.804,527651
tok27,2023-04-09,13.787,591998
tok27,2023-04-10,13.77,504790
tok27,2023-04-11,13.217,567640
tok27,2023-04-12,13.834,596623
tok27,2023-04-13,12.918,359408
tok27,2023-04-14,13.329,363742
tok27,2023-04-15,12.943,682844
tok27,2023-04-16,12.214,735195
tok27,2023-04-17,11.824,422752
tok27,2023-04-18,11.592,202191
tok27,2023-04-19,11.293,741336
tok27,2023-04-20,11.149,160865
tok27,2023-04-21,12.683,373330
tok27,2023-04-22,11.819,1103462
tok27,2023-04-23,12.332,605823
tok27,2023-04-24,12.378,553921
tok27,2023-04-25,12.586,531266
tok27,2023-04-26,12.698,333351
tok27,2023-04-27,13.661,411950
tok27,2023-04-28,13.666,1126822
tok27,2023-04-29,13.76,469125
tok27,2023-04-30,12.772,606765
tok27,2023-05-01,12.674,495415
tok27,2023-05-02,11.973,1049855
tok27,2023-05-03,12.718,971639
tok27,2023-05-04,12.679,664022
tok27,2023-05-05,13.063,400843
tok27,2023-05-06,12.557,638273
tok27,2023-05-07,12.588,420264
tok27,2023-05-08,12.36,458888
tok27,2023-05-09,11.533,1043493
tok27,2023-05-10,11.116,446389
tok27,2023-05-11,11.321,367029
tok27,2023-05-12,11.507,881119
tok27,2023-05-13,11.146,791465
tok27,2023-05-14,11.183,751289
tok27,2023-05-15,11.75,340249
tok27,2023-05-16,11.877,316782
tok27,2023-05-17,11.898,318215
tok27,2023-05-18,11.428,490181
tok27,2023-05-19,10.755,593588
tok27,2023-05-20,9.851,742740
tok27,2023-05-21,9.217,1462711
tok27,2023-05-22,9.219,594527
tok27,2023-05-23,9.133,526348
tok27,2023-05-24,9.447,558582
tok27,2023-05-25,9.315,645710
tok27,2023-05-26,9.189,1039186
tok27,2023-05-27,9.474,622217
tok27,2023-05-28,9.205,489658
tok27,2023-05-29,9.073,355140
tok27,2023-05-30,8.689,881958
tok27,2023-05-31,8.736,208197
tok27,2023-06-01,8.955,593623
tok27,2023-06-02,8.937,445390
tok27,2023-06-03,8.474,378825
tok27,2023-06-04,7.803,395069
tok27,2023-06-05,7.572,700496
tok27,2023-06-06,7.641,441577
tok27,2023-06-07,7.672,333262
tok27,2023-06-08,7.361,549567
tok27,2023-06-09,7.681,157140
tok27,2023-06-10,7.534,214745
tok27,2023-06-11,7.577,1626698
tok27,2023-06-12,7.112,557951
tok27,2023-06-13,7.883,524765
tok27,2023-06-14,7.836,587469
tok27,2023-06-15,8.377,427556
tok27,2023-06-16,7.89,543918
tok27,2023-06-17,7.756,315076
tok27,2023-06-18,8.143,909049
tok27,2023-06-19,8.212,1409529
tok27,2023-06-20,8.193,930199
tok27,2023-06-21,8.422,300899
tok27,2023-06-22,8.521,256068
tok27,2023-06-23,8.821,525957
tok27,2023-06-24,8.596,358034
tok27,2023-06-25,8.882,303147
tok27,2023-06-26,8.633,554458
tok27,2023-06-27,8.879,272057
tok27,2023-06-28,9.347,340362
tok27,2023-06-29,9.038,458369
tok27,2023-06-30,9.389,489887
tok27,2023-07-01,9.393,286564
tok27,2023-07-02,9.565,513079
tok27,2023-07-03,9.666,1028637
tok27,2023-07-04,9.926,547137
tok27,2023-07-05,10.08,358087
tok27,2023-07-06,9.791,364063
tok27,2023-07-07,9.581,260961
tok27,2023-07-08,9.536,513535
tok27,2023-07-09,9.714,560315
tok27,2023-07-10,10.065,736182
tok27,2023-07-11,9.204,338728
tok27,2023-07-12,9.604,325089
tok27,2023-07-13,9.729,304812
tok27,2023-07-14,9.438,761798
tok27,2023-07-15,9.237,650229
tok27,2023-07-16,9.388,429105
tok27,2023-07-17,9.587,628211
tok27,2023-07-18,9.889,377024
tok27,2023-07-19,10.515,705731
tok27,2023-07-20,10.354,269472
tok27,2023-07-21,10.201,542414
tok27,2023-07-22,10.471,419758
tok27,2023-07-23,10.173,547420
tok27,2023-07-24,10.458,547558
tok27,2023-07-25,9.419,892928
tok27,2023-07-26,9.33,172634
tok27,2023-07-27,9.421,988329
tok27,2023-07-28,9.654,300136
tok27,2023-07-29,9.428,623291
tok27,2023-07-30,9.423,568177
tok27,2023-07-31,9.338,436438
tok27,2023-08-01,8.827,713408
tok27,2023-08-02,8.533,498509
tok27,2023-08-03,8.684,762762
tok27,2023-08-04,8.561,197593
tok27,2023-08-05,8.146,437952
tok27,2023-08-06,7.247,275185
tok27,2023-08-07,7.513,1109147
tok27,2023-08-08,7.421,305759
tok27,2023-08-09,8.071,363911
tok27,2023-08-10,7.796,253475
tok27,2023-08-11,7.745,575450
tok27,2023-08-12,7.378,193191
tok27,2023-08-13,7.383,377827
tok27,2023-08-14,7.296,454620
tok27,2023-08-15,6.904,1066832
tok27,2023-08-16,6.831,785634
tok27,2023-08-17,6.85,468250
tok27,2023-08-18,6.542,110533
tok27,2023-08-19,6.97,557809
tok27,2023-08-20,6.584,568763
tok27,2023-08-21,6.487,429140
tok27,2023-08-22,6.214,329870
tok27,2023-08-23,6.228,334157
tok27,2023-08-24,6.127,187719
tok27,2023-08-25,6.021,325229
tok27,2023-08-26,6.129,366942
tok27,2023-08-27,6.162,114752
tok27,2023-08-28,6.606,733705
tok27,2023-08-29,6.367,1024688
tok27,2023-08-30,6.288,702581
tok27,2023-08-31,6.688,96388
tok27,2023-09-01,6.563,496792
tok27,2023-09-02,6.337,307840
tok27,2023-09-03,6.07,668235
tok27,2023-09-04,6.254,402242
tok27,2023-09-05,6.12,347633
tok27,2023-09-06,6.303,367741
tok27,2023-09-07,6.787,639305
tok27,2023-09-08,6.879,433486
tok27,2023-09-09,6.854,1328212
tok27,2023-09-10,6.788,661606
tok27,2023-09-11,6.438,536771
tok27,2023-09-12,6.505,167030
tok27,2023-09-13,6.572,650137
tok27,2023-09-14,6.287,341853
tok27,2023-09-15,6.321,342656
tok27,2023-09-16,6.267,654334
tok27,2023-09-17,6.597,495699
tok27,2023-09-18,6.058,393786
tok27,2023-09-19,6.327,207112
tok27,2023-09-20,6.315,170084
tok27,2023-09-21,6.427,864877
tok27,2023-09-22,6.393,571899
tok27,2023-09-23,6.441,707394
tok27,2023-09-24,6.615,327714
tok27,2023-09-25,6.7,1043647
tok27,2023-09-26,6.491,381813
tok27,2023-09-27,6.598,745899
tok27,2023-09-28,6.893,453407
tok27,2023-09-29,6.922,476802
tok27,2023-09-30,7.665,298951
tok27,2023-10-01,7.246,147746
tok27,2023-10-02,7.609,500544
tok27,2023-10-03,7.161,228848
tok27,2023-10-04,7.07,366601
tok27,2023-10-05,6.707,613818
tok27,2023-10-06,6.264,490972
tok27,2023-10-07,6.179,393210
tok27,2023-10-08,6.442,346947
tok27,2023-10-09,6.398,302434
tok27,2023-10-10,6.665,236321
tok27,2023-10-11,6.926,541505
tok27,2023-10-12,6.834,221377
tok27,2023-10-13,6.957,348246
tok27,2023-10-14,7.011,452024
tok27,2023-10-15,7.114,198500
tok27,2023-10-16,6.958,495094
tok27,2023-10-17,7.3,796114
tok27,2023-10-18,7.739,523236
tok27,2023-10-19,7.467,792130
tok27,2023-10-20,8.079,506121
tok27,2023-10-21,7.787,280131
tok27,2023-10-22,7.528,396125
tok27,2023-10-23,7.89,274190
tok27,2023-10-24,7.989,844192
tok27,2023-10-25,8.173,432381
tok27,2023-10-26,7.974,527919
tok27,2023-10-27,8.012,448059
tok27,2023-10-28,7.691,528315
tok27,2023-10-29,7.77,1043724
tok27,2023-10-30,7.965,337330
tok27,2023-10-31,8.483,297546
tok27,2023-11-01,8.033,313042
tok27,2023-11-02,8.274,530435
tok27,2023-11-03,8.216,300141
tok27,2023-11-04,8.128,302874
tok27,2023-11-05,8.6,347454
tok27,2023-11-06,9.598,229298
tok27,2023-11-07,9.77,344362
tok27,2023-11-08,9.681,497222
tok27,2023-11-09,9.671,435316
tok27,2023-11-10,9.687,231392
tok27,2023-11-11,9.613,300890
tok27,2023-11-12,9.268,399040
tok27,2023-11-13,9.206,346793
tok27,2023-11-14,10.185,1085704
tok27,2023-11-15,10.059,285097
tok27,2023-11-16,10.406,421028
tok27,2023-11-17,10.844,870618
tok27,2023-11-18,11.29,374724
tok27,2023-11-19,11.652,218063
tok27,2023-11-20,11.749,342700
tok27,2023-11-21,11.585,295638
tok27,2023-11-22,11.819,460797
tok27,2023-11-23,12.903,452859
tok27,2023-11-24,12.385,636764
tok27,2023-11-25,12.271,484085
tok27,2023-11-26,12.561,402100
tok27,2023-11-27,12.932,271132
tok27,2023-11-28,13.006,490905
tok27,2023-11-29,13.627,636107
tok27,2023-11-30,13.585,631548
tok27,2023-12-01,12.927,278205
tok27,2023-12-02,12.778,768031
tok27,2023-12-03,11.933,833156
tok27,2023-12-04,12.085,205023
tok27,2023-12-05,11.392,145161
tok27,2023-12-06,11.507,265416
tok27,2023-12-07,12.103,360569
tok27,2023-12-08,12.394,650084
tok27,2023-12-09,11.513,365473
tok27,2023-12-10,11.883,535241
tok27,2023-12-11,11.943,668643
tok27,2023-12-12,12.612,459360
tok27,2023-12-13,13.319,331805
tok27,2023-12-14,13.344,858955
tok27,2023-12-15,13.639,785566
tok27,2023-12-16,13.187,337628
tok27,2023-12-17,14.127,144704
tok27,2023-12-18,13.59,385154
tok27,2023-12-19,13.086,149152
tok27,2023-12-20,12.726,345105
tok27,2023-12-21,12.617,532167
tok27,2023-12-22,12.124,415503
tok27,2023-12-23,12.289,404694
tok27,2023-12-24,11.913,374272
tok27,2023-12-25,11.692,633649
tok27,2023-12-26,12.109,364116
tok27,2023-12-27,12.077,137595
tok27,2023-12-28,11.617,471341
tok27,2023-12-29,10.848,501431
tok27,2023-12-30,10.868,447428
tok27,2023-12-31,11.495,246735
tok28,2021-01-01,98.751,337599
tok28,2021-01-02,101.169,360276
tok28,2021-01-03,104.434,570418
tok28,2021-01-04,106.412,642810
tok28,2021-01-05,107.952,197704
tok28,2021-01-06,113.622,458814
tok28,2021-01-07,111.474,751684
tok28,2021-01-08,112.041,317010
tok28,2021-01-09,111.74,362391
tok28,2021-01-10,117.218,596512
tok28,2021-01-11,112.411,909702
tok28,2021-01-12,113.656,419775
tok28,2021-01-13,109.836,519570
tok28,2021-01-14,114.539,209543
tok28,2021-01-15,104.834,313709
tok28,2021-01-16,110.468,298132
tok28,2021-01-17,102.406,244107
tok28,2021-01-18,102.748,491928
tok28,2021-01-19,100.168,681278
tok28,2021-01-20,96.423,263089
tok28,2021-01-21,93.797,871800
tok28,2021-01-22,97.891,578556
tok28,2021-01-23,96.584,306238
tok28,2021-01-24,88.423,276061
tok28,2021-01-25,84.802,561184
tok28,2021-01-26,79.034,342026
tok28,2021-01-27,84.53,239250
tok28,2021-01-28,86.41,196295
tok28,2021-01-29,87.648,756327
tok28,2021-01-30,92.781,471793
tok28,2021-01-31,89.817,254021
tok28,2021-02-01,88.188,484466
tok28,2021-02-02,88.111,424852
tok28,2021-02-03,86.707,641209
tok28,2021-02-04,85.922,2301379
tok28,2021-02-05,84.227,928346
tok28,2021-02-06,83.126,247812
tok28,2021-02-07,80.664,189920
tok28,2021-02-08,81.833,408553
tok28,2021-02-09,79.513,513387
tok28,2021-02-10,76.352,1282485
tok28,2021-02-11,76.13,660525
tok28,2021-02-12,72.233,173415
tok28,2021-02-13,76.095,605237
tok28,2021-02-14,80.57,480306
tok28,2021-02-15,85.252,229526
tok28,2021-02-16,85.614,264771
tok28,2021-02-17,86.236,263333
tok28,2021-02-18,86.413,414973
tok28,2021-02-19,84.08,494444
tok28,2021-02-20,82.621,563077
tok28,2021-02-21,81.079,552182
tok28,2021-02-22,85.158,357614
tok28,2021-02-23,86.804,382692
tok28,2021-02-24,86.901,613308
tok28,2021-02-25,83.09,246675
tok28,2021-02-26,88.037,543865
tok28,2021-02-27,80.903,414074
tok28,2021-02-28,90.479,981504
tok28,2021-03-01,97.103,298714
tok28,2021-03-02,95.783,362106
tok28,2021-03-03,92.22,348538
tok28,2021-03-04,85.998,249408
tok28,2021-03-05,85.384,322972
tok28,2021-03-06,87.603,234313
tok28,2021-03-07,86.272,685180
tok28,2021-03-08,89.393,366386
tok28,2021-03-09,87.311,755678
tok28,2021-03-10,82.518,683675
tok28,2021-03-11,82.816,541654
tok28,2021-03-12,79.622,171748
tok28,2021-03-13,80.715,978944
tok28,2021-03-14,80.579,669243
tok28,2021-03-15,78.839,229600
tok28,2021-03-16,78.902,270621
tok28,2021-03-17,76.252,316113
tok28,2021-03-18,76.78,223686
tok28,2021-03-19,77.006,285954
tok28,2021-03-20,75.079,547955
tok28,2021-03-21,74.325,903813
tok28,2021-03-22,78.384,507860
tok28,2021-03-23,73.794,341408
tok28,2021-03-24,67.975,654190
tok28,2021-03-25,71.073,586490
tok28,2021-03-26,70.024,396381
tok28,2021-03-27,67.048,670145
tok28,2021-03-28,64.126,446406
tok28,2021-03-29,64.768,722698
tok28,2021-03-30,65.644,267804
tok28,2021-03-31,67.66,382684
tok28,2021-04-01,65.541,342217
tok28,2021-04-02,64.073,575025
tok28,2021-04-03,60.268,472115
tok28,2021-04-04,62.932,1036723
tok28,2021-04-05,58.158,877185
tok28,2021-04-06,54.387,225618
tok28,2021-04-07,54.183,381566
tok28,2021-04-08,53.858,825334
tok28,2021-04-09,50.382,323953
tok28,2021-04-10,46.976,347870
tok28,2021-04-11,45.861,249042
tok28,2021-04-12,46.221,401295
tok28,2021-04-13,44.103,478078
tok28,2021-04-14,43.013,279450
tok28,2021-04-15,43.069,582991
tok28,2021-04-16,42.595,340079
tok28,2021-04-17,44.702,286223
tok28,2021-04-18,43.318,718463
tok28,2021-04-19,41.746,466995
tok28,2021-04-20,42.069,677988
tok28,2021-04-21,42.61,229146
tok28,2021-04-22,43.176,411498
tok28,2021-04-23,41.589,545169
tok28,2021-04-24,40.892,481022
tok28,2021-04-25,39.864,504170
tok28,2021-04-26,40.015,253782
tok28,2021-04-27,38.974,645850
tok28,2021-04-28,39.499,1083067
tok28,2021-04-29,38.551,1043288
tok28,2021-04-30,37.48,577064
tok28,2021-05-01,37.216,406892
tok28,2021-05-02,37.904,207369
tok28,2021-05-03,36.569,156815
tok28,2021-05-04,34.998,389598
tok28,2021-05-05,35.645,313875
tok28,2021-05-06,34.024,226847
tok28,2021-05-07,34.963,350513
tok28,2021-05-08,34.718,355194
tok28,2021-05-09,36.601,351348
tok28,2021-05-10,37.506,1162408
tok28,2021-05-11,38.162,595416
tok28,2021-05-12,39.616,371425
tok28,2021-05-13,38.421,404383
tok28,2021-05-14,40.08,467432
tok28,2021-05-15,40.714,353645
tok28,2021-05-16,43.193,259834
tok28,2021-05-17,43.728,467329
tok28,2021-05-18,42.123,194451
tok28,2021-05-19,41.684,874433
tok28,2021-05-20,41.977,253491
tok28,2021-05-21,42.568,232566
tok28,2021-05-22,43.972,220207
tok28,2021-05-23,45.184,474559
tok28,2021-05-24,42.571,594969
tok28,2021-05-25,44.358,1006986
tok28,2021-05-26,44.654,381799
tok28,2021-05-27,48.759,1267770
tok28,2021-05-28,51.345,414141
tok28,2021-05-29,48.94,212873
tok28,2021-05-30,49.325,313947
tok28,2021-05-31,48.603,716393
tok28,2021-06-01,49.275,593866
tok28,2021-06-02,46.85,702397
tok28,2021-06-03,47.531,595836
tok28,2021-06-04,45.245,423754
tok28,2021-06-05,42.602,334596
tok28,2021-06-06,40.509,415461
tok28,2021-06-07,42.111,415627
tok28,2021-06-08,39.22,414213
tok28,2021-06-09,39.334,282884
tok28,2021-06-10,40.075,603450
tok28,2021-06-11,40.449,255175
tok28,2021-06-12,40.092,412423
tok28,2021-06-13,38.422,224535
tok28,2021-06-14,40.005,345996
tok28,2021-06-15,41.935,464278
tok28,2021-06-16,41.394,387919
tok28,2021-06-17,40.148,567105
tok28,2021-06-18,42.212,577409
tok28,2021-06-19,43.075,526155
tok28,2021-06-20,42.671,569404
tok28,2021-06-21,41.673,267527
tok28,2021-06-22,41.688,841511
tok28,2021-06-23,42.42,488844
tok28,2021-06-24,44.43,1203667
tok28,2021-06-25,48.39,579612
tok28,2021-06-26,48.931,471501
tok28,2021-06-27,50.143,332235
tok28,2021-06-28,50.667,177381
tok28,2021-06-29,52.232,512855
tok28,2021-06-30,49.739,262695
tok28,2021-07-01,48.32,480375
tok28,2021-07-02,48.574,279987
tok28,2021-07-03,44.524,942365
tok28,2021-07-04,44.16,391551
tok28,2021-07-05,42.03,855689
tok28,2021-07-06,41.16,857484
tok28,2021-07-07,41.902,512147
tok28,2021-07-08,42.91,165545
tok28,2021-07-09,42.582,449403
tok28,2021-07-10,43.489,362781
tok28,2021-07-11,44.997,440481
tok28,2021-07-12,43.152,430891
tok28,2021-07-13,42.569,187913
tok28,2021-07-14,41.711,281972
tok28,2021-07-15,41.857,307514
tok28,2021-07-16,45.763,401510
tok28,2021-07-17,45.896,196879
tok28,2021-07-18,45.243,358661
tok28,2021-07-19,46.596,780698
tok28,2021-07-20,45.641,470503
tok28,2021-07-21,46.572,460035
tok28,2021-07-22,45.041,1443279
tok28,2021-07-23,46.177,602918
tok28,2021-07-24,46.792,265227
tok28,2021-07-25,46.899,202166
tok28,2021-07-26,46.242,358716
tok28,2021-07-27,45.823,406624
tok28,2021-07-28,47.098,185648
tok28,2021-07-29,46.235,375025
tok28,2021-07-30,45.217,532769
tok28,2021-07-31,44.757,486187
tok28,2021-08-01,44.655,273655
tok28,2021-08-02,43.317,423236
tok28,2021-08-03,43.956,482476
tok28,2021-08-04,44.486,166015
tok28,2021-08-05,44.767,678169
tok28,2021-08-06,44.633,355866
tok28,2021-08-07,43.417,201507
tok28,2021-08-08,42.953,333657
tok28,2021-08-09,44.485,156031
tok28,2021-08-10,43.475,251323
tok28,2021-08-11,37.877,385322
tok28,2021-08-12,38.098,770513
tok28,2021-08-13,39.847,223191
tok28,2021-08-14,41.446,635010
tok28,2021-08-15,39.609,580295
tok28,2021-08-16,40.711,574305
tok28,2021-08-17,40.558,546275
tok28,2021-08-18,40.652,219454
tok28,2021-08-19,40.717,262635
tok28,2021-08-20,40.089,320274
tok28,2021-08-21,41.087,256384
tok28,2021-08-22,43.898,237274
tok28,2021-08-23,43.771,503135
tok28,2021-08-24,45.645,349315
tok28,2021-08-25,47.816,516190
tok28,2021-08-26,46.968,498088
tok28,2021-08-27,43.989,621973
tok28,2021-08-28,44.564,418065
tok28,2021-08-29,47.335,361783
tok28,2021-08-30,48.71,185524
tok28,2021-08-31,46.162,729462
tok28,2021-09-01,46.691,430421
tok28,2021-09-02,50.568,618493
tok28,2021-09-03,50.115,852947
tok28,2021-09-04,48.137,332983
tok28,2021-09-05,47.968,464410
tok28,2021-09-06,48.225,154686
tok28,2021-09-07,49.569,414603
tok28,2021-09-08,49.629,478855
tok28,2021-09-09,50.297,592565
tok28,2021-09-10,48.243,398072
tok28,2021-09-11,49.797,918969
tok28,2021-09-12,48.177,343382
tok28,2021-09-13,46.138,381643
tok28,2021-09-14,47.523,828082
tok28,2021-09-15,47.76,623464
tok28,2021-09-16,48.897,307733
tok28,2021-09-17,49.852,1160406
tok28,2021-09-18,49.338,187225
tok28,2021-09-19,51.265,483752
tok28,2021-09-20,55.072,471129
tok28,2021-09-21,55.883,164055
tok28,2021-09-22,59.713,575228
tok28,2021-09-23,61.454,201607
tok28,2021-09-24,61.02,617444
tok28,2021-09-25,62.423,666176
tok28,2021-09-26,62.118,680585
tok28,2021-09-27,57.526,415385
tok28,2021-09-28,56.908,102760
tok28,2021-09-29,57.413,1499074
tok28,2021-09-30,58.016,888088
tok28,2021-10-01,63.067,231881
tok28,2021-10-02,65.7,589865
tok28,2021-10-03,67.798,422514
tok28,2021-10-04,68.68,364057
tok28,2021-10-05,70.279,202257
tok28,2021-10-06,67.886,310402
tok28,2021-10-07,69.313,261064
tok28,2021-10-08,66.403,433063
tok28,2021-10-09,68.699,707464
tok28,2021-10-10,66.763,368791
tok28,2021-10-11,67.169,592989
tok28,2021-10-12,69.252,541888
tok28,2021-10-13,65.814,813932
tok28,2021-10-14,67.633,1563894
tok28,2021-10-15,67.327,289466
tok28,2021-10-16,67.336,836075
tok28,2021-10-17,66.098,431032
tok28,2021-10-18,67.506,293623
tok28,2021-10-19,69.674,269849
tok28,2021-10-20,73.909,303967
tok28,2021-10-21,74.526,470738
tok28,2021-10-22,78.93,589822
tok28,2021-10-23,79.408,303232
tok28,2021-10-24,79.695,611300
tok28,2021-10-25,75.385,665877
tok28,2021-10-26,78.914,135185
tok28,2021-10-27,79.579,403650
tok28,2021-10-28,86.639,412842
tok28,2021-10-29,85.391,560972
tok28,2021-10-30,85.953,190478
tok28,2021-10-31,87.44,799397
tok28,2021-11-01,95.531,497817
tok28,2021-11-02,101.094,428067
tok28,2021-11-03,94.123,560027
tok28,2021-11-04,96.441,311677
tok28,2021-11-05,97.834,370548
tok28,2021-11-06,98.146,612115
tok28,2021-11-07,97.657,868037
tok28,2021-11-08,95.433,240493
tok28,2021-11-09,94.998,779379
tok28,2021-11-10,96.964,405652
tok28,2021-11-11,99.605,302163
tok28,2021-11-12,101.827,724077
tok28,2021-11-13,104.725,437220
tok28,2021-11-14,106.089,227139
tok28,2021-11-15,108.087,730674
tok28,2021-11-16,100.603,553625
tok28,2021-11-17,99.768,234572
tok28,2021-11-18,97.077,215715
tok28,2021-11-19,94.287,287312
tok28,2021-11-20,96.618,486287
tok28,2021-11-21,92.611,171565
tok28,2021-11-22,94.233,648806
tok28,2021-11-23,96.486,696763
tok28,2021-11-24,99.636,223989
tok28,2021-11-25,98.275,465339
tok28,2021-11-26,102.681,413275
tok28,2021-11-27,102.824,258496
tok28,2021-11-28,101.753,481234
tok28,2021-11-29,101.795,237271
tok28,2021-11-30,97.987,580960
tok28,2021-12-01,96.253,719181
tok28,2021-12-02,96.655,683476
tok28,2021-12-03,93.872,795333
tok28,2021-12-04,93.82,585732
tok28,2021-12-05,99.539,595818
tok28,2021-12-06,100.999,543064
tok28,2021-12-07,92.639,915601
tok28,2021-12-08,89.632,294293
tok28,2021-12-09,91.81,224949
tok28,2021-12-10,96.931,1009112
tok28,2021-12-11,98.759,411418
tok28,2021-12-12,100.793,262662
tok28,2021-12-13,99.999,368164
tok28,2021-12-14,96.099,476405
tok28,2021-12-15,105.447,341966
tok28,2021-12-16,101.961,330798
tok28,2021-12-17,108.617,906765
tok28,2021-12-18,106.54,430818
tok28,2021-12-19,107.983,517455
tok28,2021-12-20,106.804,506344
tok28,2021-12-21,113.264,408618
tok28,2021-12-22,114.01,940998
tok28,2021-12-23,111.451,317528
tok28,2021-12-24,114.517,445355
tok28,2021-12-25,119.199,450192
tok28,2021-12-26,123.451,628951
tok28,2021-12-27,115.444,439980
tok28,2021-12-28,116.578,819942
tok28,2021-12-29,106.551,455917
tok28,2021-12-30,106.984,256587
tok28,2021-12-31,106.238,252989
tok28,2022-01-01,116.348,564618
tok28,2022-01-02,114.949,266776
tok28,2022-01-03,116.81,434068
tok28,2022-01-04,116.566,432936
tok28,2022-01-05,112.93,380995
tok28,2022-01-06,115.883,409161
tok28,2022-01-07,121.596,988095
tok28,2022-01-08,113.651,968160
tok28,2022-01-09,104.767,279290
tok28,2022-01-10,104.627,322501
tok28,2022-01-11,102.525,595835
tok28,2022-01-12,100.142,406465
tok28,2022-01-13,99.128,312581
tok28,2022-01-14,100.049,500673
tok28,2022-01-15,104.152,496848
tok28,2022-01-16,95.622,694393
tok28,2022-01-17,105.89,229802
tok28,2022-01-18,105.314,624084
tok28,2022-01-19,93.114,330619
tok28,2022-01-20,87.846,223124
tok28,2022-01-21,90.28,235920
tok28,2022-01-22,87.078,334574
tok28,2022-01-23,84.212,880417
tok28,2022-01-24,85.431,968355
tok28,2022-01-25,86.265,586795
tok28,2022-01-26,87.978,246762
tok28,2022-01-27,91.877,283686
tok28,2022-01-28,89.521,519118
tok28,2022-01-29,85.943,307880
tok28,2022-01-30,91.42,265779
tok28,2022-01-31,94.648,370525
tok28,2022-02-01,96.654,250869
tok28,2022-02-02,96.992,407134
tok28,2022-02-03,98.044,560939
tok28,2022-02-04,93.329,386701
tok28,2022-02-05,97.356,468027
tok28,2022-02-06,94.752,273431
tok28,2022-02-07,94.346,254141
tok28,2022-02-08,98.618,186619
tok28,2022-02-09,94.664,726133
tok28,2022-02-10,100.998,422620
tok28,2022-02-11,98.876,562671
tok28,2022-02-12,101.675,534973
tok28,2022-02-13,98.769,691856
tok28,2022-02-14,96.476,1453179
tok28,2022-02-15,91.3,935744
tok28,2022-02-16,90.128,425526
tok28,2022-02-17,91.808,342016
tok28,2022-02-18,94.217,915068
tok28,2022-02-19,97.313,498142
tok28,2022-02-20,100.523,766143
tok28,2022-02-21,98.075,343297
tok28,2022-02-22,94.894,399948
tok28,2022-02-23,92.15,485243
tok28,2022-02-24,90.34,381523
tok28,2022-02-25,93.46,305854
tok28,2022-02-26,96.399,328832
tok28,2022-02-27,89.769,702207
tok28,2022-02-28,95.426,545044
tok28,2022-03-01,92.057,519546
tok28,2022-03-02,90.707,315645
tok28,2022-03-03,87.396,592906
tok28,2022-03-04,88.73,695263
tok28,2022-03-05,87.628,574060
tok28,2022-03-06,84.481,466480
tok28,2022-03-07,86.473,564218
tok28,2022-03-08,78.678,732448
tok28,2022-03-09,80.248,591691
tok28,2022-03-10,79.308,1029660
tok28,2022-03-11,79.015,340140
tok28,2022-03-12,84.489,358762
tok28,2022-03-13,87.068,814063
tok28,2022-03-14,93.746,542873
tok28,2022-03-15,92.182,764732
tok28,2022-03-16,96.96,150142
tok28,2022-03-17,98.329,948580
tok28,2022-03-18,95.675,364771
tok28,2022-03-19,97.02,425687
tok28,2022-03-20,96.065,652791
tok28,2022-03-21,95.149,459851
tok28,2022-03-22,92.931,458670
tok28,2022-03-23,91.247,729276
tok28,2022-03-24,95.823,112511
tok28,2022-03-25,89.815,403947
tok28,2022-03-26,84.41,415024
tok28,2022-03-27,79.786,711743
tok28,2022-03-28,77.036,414531
tok28,2022-03-29,77.525,1095456
tok28,2022-03-30,75.776,857952
tok28,2022-03-31,80.329,579976
tok28,2022-04-01,78.259,434045
tok28,2022-04-02,79.207,586611
tok28,2022-04-03,80.884,581790
tok28,2022-04-04,88.095,253173
tok28,2022-04-05,85.014,216758
tok28,2022-04-06,91.6,293832
tok28,2022-04-07,96.334,194233
tok28,2022-04-08,95.337,412449
tok28,2022-04-09,100.497,552307
tok28,2022-04-10,93.077,912627
tok28,2022-04-11,97.819,783849
tok28,2022-04-12,100.283,297823
tok28,2022-04-13,95.113,496405
tok28,2022-04-14,94.877,459890
tok28,2022-04-15,98.722,555682
tok28,2022-04-16,93.772,529648
tok28,2022-04-17,93.147,492176
tok28,2022-04-18,91.455,321761
tok28,2022-04-19,89.157,658689
tok28,2022-04-20,86.967,951075
tok28,2022-04-21,89.854,979826
tok28,2022-04-22,91.983,285728
tok28,2022-04-23,91.048,694551
tok28,2022-04-24,95.514,1076366
tok28,2022-04-25,101.316,640200
tok28,2022-04-26,97.052,801679
tok28,2022-04-27,93.518,199853
tok28,2022-04-28,87.568,397002
tok28,2022-04-29,82.422,686239
tok28,2022-04-30,83.967,308117
tok28,2022-05-01,87.93,318872
tok28,2022-05-02,87.957,262931
tok28,2022-05-03,90.86,482178
tok28,2022-05-04,92.555,649047
tok28,2022-05-05,89.729,813672
tok28,2022-05-06,91.779,1326287
tok28,2022-05-07,94.293,597454
tok28,2022-05-08,93.479,871314
tok28,2022-05-09,90.926,191183
tok28,2022-05-10,87.008,203750
tok28,2022-05-11,85.052,827297
tok28,2022-05-12,77.737,294892
tok28,2022-05-13,78.142,352090
tok28,2022-05-14,74.0,168316
tok28,2022-05-15,72.251,752447
tok29,2021-01-01,101.483,517355
tok29,2021-01-02,97.652,331793
tok29,2021-01-03,96.904,415100
tok29,2021-01-04,103.9,2125103
tok29,2021-01-05,98.49,252027
tok29,2021-01-06,100.286,443168
tok29,2021-01-07,98.608,378629
tok29,2021-01-08,101.867,521405
tok29,2021-01-09,101.427,956003
tok29,2021-01-10,101.461,298888
tok29,2021-01-11,111.981,414206
tok29,2021-01-12,105.641,991461
tok29,2021-01-13,108.733,492221
tok29,2021-01-14,117.935,386359
tok29,2021-01-15,118.483,647017
tok29,2021-01-16,114.554,457808
tok29,2021-01-17,114.778,495472
tok29,2021-01-18,114.252,534771
tok29,2021-01-19,118.838,253257
tok29,2021-01-20,117.174,239186
tok29,2021-01-21,107.535,236689
tok29,2021-01-22,111.619,828755
tok29,2021-01-23,113.378,498273
tok29,2021-01-24,114.841,514170
tok29,2021-01-25,112.989,147288
tok29,2021-01-26,118.58,578267
tok29,2021-01-27,116.129,351434
tok29,2021-01-28,124.686,256643
tok29,2021-01-29,119.778,541005
tok29,2021-01-30,120.681,233910
tok29,2021-01-31,123.699,652436
tok29,2021-02-01,123.378,337161
tok29,2021-02-02,122.273,113334
tok29,2021-02-03,124.888,444550
tok29,2021-02-04,117.214,1389423
tok29,2021-02-05,115.133,623505
tok29,2021-02-06,111.439,716831
tok29,2021-02-07,102.163,721894
tok29,2021-02-08,97.088,339367
tok29,2021-02-09,96.567,566462
tok29,2021-02-10,96.921,146592
tok29,2021-02-11,94.146,198587
tok29,2021-02-12,85.478,433195
tok29,2021-02-13,87.802,288185
tok29,2021-02-14,93.522,327067
tok29,2021-02-15,89.737,202250
tok29,2021-02-16,86.267,350951
tok29,2021-02-17,81.652,659958
tok29,2021-02-18,80.302,574577
tok29,2021-02-19,76.712,358719
tok29,2021-02-20,73.724,719472
tok29,2021-02-21,77.186,264445
tok29,2021-02-22,74.978,129957
tok29,2021-02-23,74.604,1657193
tok29,2021-02-24,76.159,471893
tok29,2021-02-25,83.77,235263
tok29,2021-02-26,81.357,225081
tok29,2021-02-27,83.535,408175
tok29,2021-02-28,80.962,518135
tok29,2021-03-01,81.088,700190
tok29,2021-03-02,80.569,503679
tok29,2021-03-03,84.303,601175
tok29,2021-03-04,83.742,793410
tok29,2021-03-05,85.224,400404
tok29,2021-03-06,84.831,271600
tok29,2021-03-07,87.27,391595
tok29,2021-03-08,82.878,481146
tok29,2021-03-09,82.773,494986
tok29,2021-03-10,85.808,613770
tok29,2021-03-11,99.176,285852
tok29,2021-03-12,95.619,208052
tok29,2021-03-13,92.832,514441
tok29,2021-03-14,88.558,471229
tok29,2021-03-15,89.736,875000
tok29,2021-03-16,90.611,553312
tok29,2021-03-17,93.235,411656
tok29,2021-03-18,94.325,212951
tok29,2021-03-19,87.192,1248118
tok29,2021-03-20,87.954,297839
tok29,2021-03-21,89.339,443633
tok29,2021-03-22,88.933,580138
tok29,2021-03-23,87.734,599913
tok29,2021-03-24,80.209,657377
tok29,2021-03-25,76.886,221159
tok29,2021-03-26,71.508,378960
tok29,2021-03-27,73.952,444470
tok29,2021-03-28,74.661,274872
tok29,2021-03-29,81.756,169055
tok29,2021-03-30,81.185,790589
tok29,2021-03-31,78.036,356430
tok29,2021-04-01,76.078,214584
tok29,2021-04-02,80.565,1274345
tok29,2021-04-03,79.337,396787
tok29,2021-04-04,86.591,725452
tok29,2021-04-05,89.212,393414
tok29,2021-04-06,94.565,629952
tok29,2021-04-07,90.466,649607
tok29,2021-04-08,87.865,376030
tok29,2021-04-09,90.895,880306
tok29,2021-04-10,92.174,403809
tok29,2021-04-11,88.211,676818
tok29,2021-04-12,81.696,338506
tok29,2021-04-13,84.993,281212
tok29,2021-04-14,84.974,394009
tok29,2021-04-15,88.392,264482
tok29,2021-04-16,93.08,176803
tok29,2021-04-17,97.979,847132
tok29,2021-04-18,94.301,756226
tok29,2021-04-19,94.322,815352
tok29,2021-04-20,96.512,875134
tok29,2021-04-21,97.766,921958
tok29,2021-04-22,94.937,1339735
tok29,2021-04-23,95.031,367634
tok29,2021-04-24,94.8,1959289
tok29,2021-04-25,93.796,620751
tok29,2021-04-26,98.354,786603
tok29,2021-04-27,104.141,627571
tok29,2021-04-28,99.936,571267
tok29,2021-04-29,98.651,549047
tok29,2021-04-30,94.534,726290
tok29,2021-05-01,93.569,369654
tok29,2021-05-02,94.716,630395
tok29,2021-05-03,95.344,836352
tok29,2021-05-04,96.343,232403
tok29,2021-05-05,98.056,605684
tok29,2021-05-06,98.252,226852
tok29,2021-05-07,101.605,614347
tok29,2021-05-08,101.118,874474
tok29,2021-05-09,106.506,154360
tok29,2021-05-10,109.59,413466
tok29,2021-05-11,118.905,377327
tok29,2021-05-12,118.217,439104
tok29,2021-05-13,120.224,126687
tok29,2021-05-14,115.0,348210
tok29,2021-05-15,122.16,575377
tok29,2021-05-16,123.374,880457
tok29,2021-05-17,124.678,261236
tok29,2021-05-18,125.698,219301
tok29,2021-05-19,129.584,468160
tok29,2021-05-20,126.854,198601
tok29,2021-05-21,124.864,366309
tok29,2021-05-22,122.659,272552
tok29,2021-05-23,123.611,535530
tok29,2021-05-24,122.941,365690
tok29,2021-05-25,118.259,453745
tok29,2021-05-26,119.772,566133
tok29,2021-05-27,125.318,380823
tok29,2021-05-28,130.633,268562
tok29,2021-05-29,131.277,422996
tok29,2021-05-30,139.373,291248
tok29,2021-05-31,144.652,312506
tok29,2021-06-01,144.891,462220
tok29,2021-06-02,144.518,375723
tok29,2021-06-03,142.902,272663
tok29,2021-06-04,141.832,486917
tok29,2021-06-05,144.419,252754
tok29,2021-06-06,130.193,458996
tok29,2021-06-07,132.868,518072
tok29,2021-06-08,133.093,963184
tok29,2021-06-09,127.792,1100681
tok29,2021-06-10,129.33,362447
tok29,2021-06-11,132.28,612691
tok29,2021-06-12,126.382,435508
tok29,2021-06-13,122.354,716809
tok29,2021-06-14,125.745,209086
tok29,2021-06-15,127.385,189190
tok29,2021-06-16,127.182,547914
tok29,2021-06-17,127.46,578532
tok29,2021-06-18,119.829,625756
tok29,2021-06-19,119.827,1646157
tok29,2021-06-20,123.91,587059
tok29,2021-06-21,131.396,976181
tok29,2021-06-22,131.878,401205
tok29,2021-06-23,122.877,353062
tok29,2021-06-24,117.653,339655
tok29,2021-06-25,115.579,380214
tok29,2021-06-26,121.094,776902
tok29,2021-06-27,120.793,405472
tok29,2021-06-28,117.357,419248
tok29,2021-06-29,111.097,298026
tok29,2021-06-30,102.046,537060
tok29,2021-07-01,105.243,663755
tok29,2021-07-02,101.687,232535
tok29,2021-07-03,101.823,734398
tok29,2021-07-04,99.246,146357
tok29,2021-07-05,104.109,207059
tok29,2021-07-06,104.035,676962
tok29,2021-07-07,110.171,423517
tok29,2021-07-08,101.638,378070
tok29,2021-07-09,102.098,690921
tok29,2021-07-10,99.107,323280
tok29,2021-07-11,96.585,236349
tok29,2021-07-12,94.653,289914
tok29,2021-07-13,90.179,591050
tok29,2021-07-14,89.034,258713
tok29,2021-07-15,84.574,508017
tok29,2021-07-16,87.059,362797
tok29,2021-07-17,87.04,547103
tok29,2021-07-18,84.66,1225446
tok29,2021-07-19,89.056,280545
tok29,2021-07-20,81.937,525223
tok29,2021-07-21,84.141,191791
tok29,2021-07-22,87.351,437012
tok29,2021-07-23,84.34,437464
tok29,2021-07-24,81.704,252694
tok29,2021-07-25,82.907,558242
tok29,2021-07-26,84.322,614056
tok29,2021-07-27,82.041,531605
tok29,2021-07-28,85.442,271683
tok29,2021-07-29,86.462,620907
tok29,2021-07-30,83.282,411783
tok29,2021-07-31,86.468,349072
tok29,2021-08-01,86.377,481818
tok29,2021-08-02,82.19,547593
tok29,2021-08-03,83.52,312396
tok29,2021-08-04,79.651,292199
tok29,2021-08-05,78.828,471635
tok29,2021-08-06,82.316,424674
tok29,2021-08-07,81.204,397364
tok29,2021-08-08,80.771,618232
tok29,2021-08-09,82.081,742922
tok29,2021-08-10,81.574,405084
tok29,2021-08-11,80.002,740967
tok29,2021-08-12,77.94,220816
tok29,2021-08-13,80.793,550481
tok29,2021-08-14,79.164,402206
tok29,2021-08-15,77.82,483730
tok29,2021-08-16,78.282,709336
tok29,2021-08-17,77.489,744796
tok29,2021-08-18,71.907,545287
tok29,2021-08-19,68.514,115924
tok29,2021-08-20,69.048,229964
tok29,2021-08-21,72.049,751002
tok29,2021-08-22,71.251,368098
tok29,2021-08-23,71.766,149666
tok29,2021-08-24,74.423,415184
tok29,2021-08-25,79.412,422404
tok29,2021-08-26,78.713,561345
tok29,2021-08-27,78.47,996439
tok29,2021-08-28,76.794,538488
tok29,2021-08-29,77.415,243112
tok29,2021-08-30,83.178,356229
tok29,2021-08-31,80.426,159238
tok29,2021-09-01,83.984,1084462
tok29,2021-09-02,87.467,252249
tok29,2021-09-03,89.565,358565
tok29,2021-09-04,86.89,264497
tok29,2021-09-05,86.573,1496895
tok29,2021-09-06,86.448,283425
tok29,2021-09-07,83.313,361832
tok29,2021-09-08,77.791,220447
tok29,2021-09-09,78.708,494258
tok29,2021-09-10,74.61,496240
tok29,2021-09-11,74.868,603981
tok29,2021-09-12,73.998,847006
tok29,2021-09-13,68.659,1246644
tok29,2021-09-14,66.583,449443
tok29,2021-09-15,67.622,243467
tok29,2021-09-16,65.721,875152
tok29,2021-09-17,66.015,724258
tok29,2021-09-18,61.714,249328
tok29,2021-09-19,64.584,137569
tok29,2021-09-20,66.652,431416
tok29,2021-09-21,73.338,415530
tok29,2021-09-22,72.823,735418
tok29,2021-09-23,72.003,263571
tok29,2021-09-24,78.816,410154
tok29,2021-09-25,83.908,732988
tok29,2021-09-26,88.463,276427
tok29,2021-09-27,90.94,1445429
tok29,2021-09-28,94.053,419447
tok29,2021-09-29,97.162,221549
tok29,2021-09-30,99.202,801879
tok29,2021-10-01,102.49,503488
tok29,2021-10-02,99.953,214864
tok29,2021-10-03,98.573,514739
tok29,2021-10-04,101.109,567540
tok29,2021-10-05,102.664,413304
tok29,2021-10-06,101.78,359977
tok29,2021-10-07,96.047,189553
tok29,2021-10-08,94.091,417594
tok29,2021-10-09,91.991,201204
tok29,2021-10-10,93.585,331685
tok29,2021-10-11,93.673,403364
tok29,2021-10-12,101.309,1132714
tok29,2021-10-13,99.684,402049
tok29,2021-10-14,98.402,872280
tok29,2021-10-15,99.569,312869
tok29,2021-10-16,92.611,479704
tok29,2021-10-17,90.47,284164
tok29,2021-10-18,91.102,849454
tok29,2021-10-19,90.74,248699
tok29,2021-10-20,89.845,562413
tok29,2021-10-21,93.042,283427
tok29,2021-10-22,91.191,431105
tok29,2021-10-23,91.809,247597
tok29,2021-10-24,89.326,664064
tok29,2021-10-25,87.42,521882
tok29,2021-10-26,87.849,345275
tok29,2021-10-27,91.244,809105
tok29,2021-10-28,92.338,512138
tok29,2021-10-29,90.229,272703
tok29,2021-10-30,89.479,294520
tok29,2021-10-31,92.038,298718
tok29,2021-11-01,90.943,229826
tok29,2021-11-02,96.665,604048
tok29,2021-11-03,99.681,437599
tok29,2021-11-04,94.33,173808
tok29,2021-11-05,100.842,1056679
tok29,2021-11-06,103.262,324415
tok29,2021-11-07,104.252,235783
tok29,2021-11-08,97.208,324766
tok29,2021-11-09,106.613,235953
tok29,2021-11-10,105.776,499670
tok29,2021-11-11,98.448,475059
tok29,2021-11-12,95.829,120122
tok29,2021-11-13,94.147,272205
tok29,2021-11-14,94.189,412948
tok29,2021-11-15,93.452,340164
tok29,2021-11-16,92.398,306022
tok29,2021-11-17,93.498,357799
tok29,2021-11-18,93.896,381744
tok29,2021-11-19,90.4,546685
tok29,2021-11-20,90.473,267194
tok29,2021-11-21,90.211,356326
tok29,2021-11-22,96.215,474675
tok29,2021-11-23,96.647,486872
tok29,2021-11-24,94.207,685760
tok29,2021-11-25,91.433,585346
tok29,2021-11-26,91.659,352896
tok29,2021-11-27,90.298,655306
tok29,2021-11-28,90.665,396041
tok29,2021-11-29,97.661,312719
tok29,2021-11-30,96.474,220717
tok29,2021-12-01,97.546,593366
tok29,2021-12-02,95.614,452351
tok29,2021-12-03,96.655,143319
tok29,2021-12-04,91.633,493807
tok29,2021-12-05,100.156,516936
tok29,2021-12-06,102.498,251013
tok29,2021-12-07,106.855,448239
tok29,2021-12-08,100.563,888989
tok29,2021-12-09,94.582,300156
tok29,2021-12-10,99.29,154881
tok29,2021-12-11,97.028,834047
tok29,2021-12-12,95.438,640774
tok29,2021-12-13,97.239,307101
tok29,2021-12-14,102.414,1213000
tok29,2021-12-15,109.558,260603
tok29,2021-12-16,113.231,333839
tok29,2021-12-17,109.665,181395
tok29,2021-12-18,110.716,621945
tok29,2021-12-19,116.52,398445
tok29,2021-12-20,120.531,453594
tok29,2021-12-21,121.564,396015
tok29,2021-12-22,124.593,257161
tok29,2021-12-23,123.111,367294
tok29,2021-12-24,119.696,458442
tok29,2021-12-25,125.48,329377
tok29,2021-12-26,134.103,595573
tok29,2021-12-27,124.578,371359
tok29,2021-12-28,125.949,307926
tok29,2021-12-29,123.71,517809
tok29,2021-12-30,118.655,292920
tok29,2021-12-31,113.718,283360
tok29,2022-01-01,117.957,389118
tok29,2022-01-02,121.392,331530
tok29,2022-01-03,115.552,726877
tok29,2022-01-04,128.41,813343
tok29,2022-01-05,134.996,168503
tok29,2022-01-06,145.18,362131
tok29,2022-01-07,144.765,161802
tok29,2022-01-08,146.106,325806
tok29,2022-01-09,149.318,654710
tok29,2022-01-10,160.376,755984
tok29,2022-01-11,161.554,305592
tok29,2022-01-12,159.667,503827
tok29,2022-01-13,158.104,276633
tok29,2022-01-14,152.387,317365
tok29,2022-01-15,158.61,499001
tok29,2022-01-16,162.798,768153
tok29,2022-01-17,161.886,532037
tok29,2022-01-18,159.941,707440
tok29,2022-01-19,157.423,415000
tok29,2022-01-20,148.721,492806
tok29,2022-01-21,145.62,121810
tok29,2022-01-22,148.844,507579
tok29,2022-01-23,147.433,261361
tok29,2022-01-24,154.782,188394
tok29,2022-01-25,149.135,323604
tok29,2022-01-26,154.048,241167
tok29,2022-01-27,155.651,640384
tok29,2022-01-28,149.766,465568
tok29,2022-01-29,140.818,379830
tok29,2022-01-30,147.585,909506
tok29,2022-01-31,148.647,306358
tok29,2022-02-01,149.442,360402
tok29,2022-02-02,160.462,839575
tok29,2022-02-03,168.526,419672
tok29,2022-02-04,174.836,538470
tok29,2022-02-05,173.19,1605153
tok29,2022-02-06,167.079,79242
tok29,2022-02-07,169.667,673436
tok29,2022-02-08,179.289,533190
tok29,2022-02-09,188.172,525986
tok29,2022-02-10,191.271,470373
tok29,2022-02-11,185.299,673169
tok29,2022-02-12,173.838,481058
tok29,2022-02-13,166.614,675533
tok29,2022-02-14,179.045,313211
tok29,2022-02-15,185.637,479152
tok29,2022-02-16,187.34,936725
tok29,2022-02-17,186.591,889801
tok29,2022-02-18,188.404,663937
tok29,2022-02-19,194.602,707969
tok29,2022-02-20,182.461,251906
tok29,2022-02-21,190.56,873046
tok29,2022-02-22,189.207,450746
tok29,2022-02-23,194.271,1463895
tok29,2022-02-24,199.097,258033
tok29,2022-02-25,189.904,725358
tok29,2022-02-26,189.968,541151
tok29,2022-02-27,184.87,176957
tok29,2022-02-28,185.54,495284
tok29,2022-03-01,193.807,427015
tok29,2022-03-02,191.242,204424
tok29,2022-03-03,196.026,427573
tok29,2022-03-04,200.236,477114
tok29,2022-03-05,197.646,205108
tok29,2022-03-06,191.088,498933
tok29,2022-03-07,191.878,743184
tok29,2022-03-08,192.523,312274
tok29,2022-03-09,190.064,525112
tok29,2022-03-10,192.606,250669
tok29,2022-03-11,200.127,664003
tok29,2022-03-12,214.731,475747
tok29,2022-03-13,210.156,211631
tok29,2022-03-14,225.431,376141
tok29,2022-03-15,235.261,275073
tok29,2022-03-16,221.688,687837
tok29,2022-03-17,233.193,721435
tok29,2022-03-18,224.566,395216
tok29,2022-03-19,219.559,455597
tok29,2022-03-20,234.242,841996
tok29,2022-03-21,226.93,225306
tok29,2022-03-22,233.986,965772
tok29,2022-03-23,241.075,306049
tok29,2022-03-24,248.34,816832
tok29,2022-03-25,259.195,789802
tok29,2022-03-26,277.501,552689
tok29,2022-03-27,285.52,555098
tok29,2022-03-28,276.868,872263
tok29,2022-03-29,267.079,233019
tok29,2022-03-30,264.032,201076
tok29,2022-03-31,265.049,706123
tok29,2022-04-01,251.518,241783
tok29,2022-04-02,268.663,601517
tok29,2022-04-03,268.211,708515
tok29,2022-04-04,255.939,664789
tok29,2022-04-05,256.518,505379
tok29,2022-04-06,251.34,630362
tok29,2022-04-07,245.385,698316
tok29,2022-04-08,249.395,900107
tok29,2022-04-09,252.469,478215
tok29,2022-04-10,243.744,536970
tok29,2022-04-11,253.014,581920
tok29,2022-04-12,254.995,652451
tok29,2022-04-13,255.794,248456
tok29,2022-04-14,255.658,264798
tok29,2022-04-15,256.062,323034
tok29,2022-04-16,254.482,720260
tok29,2022-04-17,267.115,419860
tok29,2022-04-18,266.979,984366
tok29,2022-04-19,279.198,834541
tok29,2022-04-20,280.136,884789
tok29,2022-04-21,265.105,355015
tok29,2022-04-22,264.486,2130149
tok29,2022-04-23,247.834,882720
tok29,2022-04-24,248.342,511093
tok29,2022-04-25,232.256,471899
tok29,2022-04-26,221.32,560713
tok29,2022-04-27,235.922,888258
tok29,2022-04-28,248.414,268583
tok29,2022-04-29,247.605,355520
tok29,2022-04-30,265.792,974013
tok29,2022-05-01,255.259,869851
tok29,2022-05-02,270.313,1017389
tok29,2022-05-03,293.06,763354
tok29,2022-05-04,298.479,100226
tok29,2022-05-05,284.573,258050
tok29,2022-05-06,256.66,489879
tok29,2022-05-07,267.363,257352
tok29,2022-05-08,261.885,447026
tok29,2022-05-09,286.691,712532
tok29,2022-05-10,283.285,1108732
tok29,2022-05-11,281.575,332551
tok29,2022-05-12,288.741,286171
tok29,2022-05-13,288.681,340158
tok29,2022-05-14,280.882,827250
tok29,2022-05-15,289.947,467191
tok29,2022-05-16,297.349,486779
tok29,2022-05-17,285.794,168414
tok29,2022-05-18,278.143,1385835
tok29,2022-05-19,281.312,1004094
tok29,2022-05-20,297.466,369875
tok29,2022-05-21,296.208,275297
tok29,2022-05-22,310.297,1966427
tok29,2022-05-23,323.221,574683
tok29,2022-05-24,334.587,262334
tok29,2022-05-25,355.906,432452
tok29,2022-05-26,378.504,223872
tok29,2022-05-27,373.354,471164
tok29,2022-05-28,369.228,601638
tok29,2022-05-29,383.02,342051
tok29,2022-05-30,391.462,480319
tok29,2022-05-31,390.395,500315
tok29,2022-06-01,386.925,757452
tok29,2022-06-02,401.159,433299
tok29,2022-06-03,427.689,152786
tok29,2022-06-04,427.334,744639
tok29,2022-06-05,421.448,824160
tok29,2022-06-06,409.315,959541
tok29,2022-06-07,404.971,244196
tok29,2022-06-08,392.829,674467
tok29,2022-06-09,394.509,922131
tok29,2022-06-10,386.589,613016
tok29,2022-06-11,384.914,202585
tok29,2022-06-12,413.78,761616
tok29,2022-06-13,409.763,422697
tok29,2022-06-14,378.391,1458691
tok29,2022-06-15,350.518,427025
tok29,2022-06-16,360.212,713561
tok29,2022-06-17,356.07,496287
tok29,2022-06-18,364.499,228628
tok29,2022-06-19,389.023,479676
tok29,2022-06-20,391.761,846766
tok29,2022-06-21,381.348,266964
tok29,2022-06-22,391.524,755787
tok29,2022-06-23,383.94,272811
tok29,2022-06-24,367.152,475253
tok29,2022-06-25,393.179,477006
tok29,2022-06-26,387.906,236670
tok29,2022-06-27,407.425,804111
tok29,2022-06-28,391.302,702026
tok29,2022-06-29,392.453,739129
tok29,2022-06-30,366.53,289698
tok29,2022-07-01,371.585,967207
tok29,2022-07-02,370.768,1545736
tok29,2022-07-03,338.994,377952
tok29,2022-07-04,331.323,402106
tok29,2022-07-05,326.035,292926
tok29,2022-07-06,333.5,793738
tok29,2022-07-07,351.426,604832
tok29,2022-07-08,346.588,375500
tok29,2022-07-09,321.783,456141
tok29,2022-07-10,326.825,484057
tok29,2022-07-11,323.322,509889
tok29,2022-07-12,332.313,445281
tok29,2022-07-13,326.204,524882
tok29,2022-07-14,305.332,701140
tok29,2022-07-15,310.516,915095
tok29,2022-07-16,310.059,700677
tok29,2022-07-17,302.355,133542
tok29,2022-07-18,290.944,992641
tok29,2022-07-19,284.433,823096
tok29,2022-07-20,283.283,453738
tok29,2022-07-21,291.443,428164
tok29,2022-07-22,273.719,451290
tok29,2022-07-23,269.229,289855
tok29,2022-07-24,289.312,343916
tok29,2022-07-25,296.246,1065007
tok29,2022-07-26,311.854,524021
tok29,2022-07-27,302.402,722165
tok29,2022-07-28,289.91,573736
tok29,2022-07-29,279.839,1164891
tok29,2022-07-30,278.604,446404
tok29,2022-07-31,286.76,361094
tok29,2022-08-01,289.827,411065
tok29,2022-08-02,297.379,427577
tok29,2022-08-03,303.203,199969
tok29,2022-08-04,304.701,423798
tok29,2022-08-05,309.333,330764
tok29,2022-08-06,307.042,904472
tok29,2022-08-07,304.915,469875
tok29,2022-08-08,291.936,325131
tok29,2022-08-09,294.946,354574
tok29,2022-08-10,309.775,251494
tok29,2022-08-11,298.553,652827
tok29,2022-08-12,296.597,530606
tok29,2022-08-13,301.935,556338
tok29,2022-08-14,306.348,1026686
tok29,2022-08-15,284.306,330021
tok29,2022-08-16,276.252,340742
tok29,2022-08-17,273.005,308290
tok29,2022-08-18,265.784,326485
tok29,2022-08-19,277.201,831436
tok29,2022-08-20,276.091,492848
tok30,2021-01-01,103.389,246973
tok30,2021-01-02,105.573,363162
tok30,2021-01-03,113.521,316674
tok30,2021-01-04,107.609,513130
tok30,2021-01-05,108.845,583617
tok30,2021-01-06,112.822,550350
tok30,2021-01-07,113.483,424517
tok30,2021-01-08,112.849,498271
tok30,2021-01-09,115.153,349049
tok30,2021-01-10,110.404,256397
tok30,2021-01-11,112.549,355736
tok30,2021-01-12,104.303,470889
tok30,2021-01-13,95.172,372205
tok30,2021-01-14,90.402,399108
tok30,2021-01-15,91.815,252064
tok30,2021-01-16,86.782,217310
tok30,2021-01-17,84.023,264937
tok30,2021-01-18,91.178,348315
tok30,2021-01-19,93.016,657720
tok30,2021-01-20,95.236,335890
tok30,2021-01-21,90.471,261321
tok30,2021-01-22,88.246,149939
tok30,2021-01-23,92.319,364975
tok30,2021-01-24,93.548,411630
tok30,2021-01-25,96.605,184145
tok30,2021-01-26,103.877,726496
tok30,2021-01-27,110.506,628029
tok30,2021-01-28,103.051,483549
tok30,2021-01-29,107.873,651586
tok30,2021-01-30,109.915,448694
tok30,2021-01-31,115.549,368419
tok30,2021-02-01,108.716,642684
tok30,2021-02-02,107.379,694805
tok30,2021-02-03,101.62,812185
tok30,2021-02-04,98.776,223655
tok30,2021-02-05,98.397,336806
tok30,2021-02-06,95.963,298742
tok30,2021-02-07,97.235,486099
tok30,2021-02-08,93.41,914004
tok30,2021-02-09,86.973,570204
tok30,2021-02-10,94.573,513820
tok30,2021-02-11,95.483,347227
tok30,2021-02-12,90.193,218478
tok30,2021-02-13,91.635,355720
tok30,2021-02-14,90.412,586260
tok30,2021-02-15,90.848,314737
tok30,2021-02-16,92.346,183519
tok30,2021-02-17,90.11,598837
tok30,2021-02-18,87.997,529607
tok30,2021-02-19,84.232,432493
tok30,2021-02-20,83.139,586288
tok30,2021-02-21,84.95,697903
tok30,2021-02-22,83.38,530753
tok30,2021-02-23,82.878,535488
tok30,2021-02-24,82.783,356834
tok30,2021-02-25,83.67,520278
tok30,2021-02-26,82.99,357700
tok30,2021-02-27,92.259,358627
tok30,2021-02-28,87.33,805793
tok30,2021-03-01,85.781,382761
tok30,2021-03-02,80.064,318793
tok30,2021-03-03,80.107,443355
tok30,2021-03-04,83.429,493598
tok30,2021-03-05,77.692,648526
tok30,2021-03-06,77.873,356948
tok30,2021-03-07,76.784,181605
tok30,2021-03-08,71.255,675692
tok30,2021-03-09,72.839,764762
tok30,2021-03-10,73.964,962797
tok30,2021-03-11,77.643,285598
tok30,2021-03-12,79.286,163283
tok30,2021-03-13,79.881,345574
tok30,2021-03-14,76.156,294468
tok30,2021-03-15,75.856,261002
tok30,2021-03-16,76.439,646278
tok30,2021-03-17,79.347,171074
tok30,2021-03-18,78.976,238231
tok30,2021-03-19,76.532,197154
tok30,2021-03-20,76.732,918222
tok30,2021-03-21,75.356,664788
tok30,2021-03-22,76.622,286867
tok30,2021-03-23,75.702,543992
tok30,2021-03-24,76.567,680914
tok30,2021-03-25,76.089,590735
tok30,2021-03-26,77.835,360877
tok30,2021-03-27,82.663,416516
tok30,2021-03-28,84.33,167799
tok30,2021-03-29,89.253,607633
tok30,2021-03-30,90.807,595548
tok30,2021-03-31,88.673,480571
tok30,2021-04-01,84.025,234136
tok30,2021-04-02,80.591,457352
tok30,2021-04-03,76.85,599265
tok30,2021-04-04,85.291,527753
tok30,2021-04-05,84.13,1097102
tok30,2021-04-06,77.722,710823
tok30,2021-04-07,73.295,397719
tok30,2021-04-08,71.719,272022
tok30,2021-04-09,69.939,350352
tok30,2021-04-10,74.14,362681
tok30,2021-04-11,77.709,207511
tok30,2021-04-12,77.22,677547
tok30,2021-04-13,76.874,376272
tok30,2021-04-14,74.157,749049
tok30,2021-04-15,72.824,630715
tok30,2021-04-16,70.989,621554
tok30,2021-04-17,68.233,1006407
tok30,2021-04-18,67.169,249713
tok30,2021-04-19,68.887,1024328
tok30,2021-04-20,71.061,720123
tok30,2021-04-21,68.578,894871
tok30,2021-04-22,66.507,514105
tok30,2021-04-23,66.863,689096
tok30,2021-04-24,66.085,210430
tok30,2021-04-25,69.258,192853
tok30,2021-04-26,68.202,587624
tok30,2021-04-27,71.345,303498
tok30,2021-04-28,75.807,534373
tok30,2021-04-29,76.709,327930
tok30,2021-04-30,74.398,577728
tok30,2021-05-01,71.742,464231
tok30,2021-05-02,74.647,500695
tok30,2021-05-03,71.43,635204
tok30,2021-05-04,69.227,611343
tok30,2021-05-05,68.325,614578
tok30,2021-05-06,68.693,355833
tok30,2021-05-07,65.672,209068
tok30,2021-05-08,65.412,282678
tok30,2021-05-09,62.217,384290
tok30,2021-05-10,61.995,305618
tok30,2021-05-11,60.951,517610
tok30,2021-05-12,61.542,161142
tok30,2021-05-13,59.973,943208
tok30,2021-05-14,60.016,720719
tok30,2021-05-15,64.923,490988
tok30,2021-05-16,64.983,611730
tok30,2021-05-17,67.587,499502
tok30,2021-05-18,67.159,238300
tok30,2021-05-19,68.586,861714
tok30,2021-05-20,65.328,582115
tok30,2021-05-21,60.518,728825
tok30,2021-05-22,59.94,778447
tok30,2021-05-23,61.356,277707
tok30,2021-05-24,55.991,775212
tok30,2021-05-25,55.478,387930
tok30,2021-05-26,54.24,964929
tok30,2021-05-27,54.124,280536
tok30,2021-05-28,52.61,402531
tok30,2021-05-29,53.275,355901
tok30,2021-05-30,52.255,665688
tok30,2021-05-31,54.34,236838
tok30,2021-06-01,54.1,496718
tok30,2021-06-02,55.74,781168
tok30,2021-06-03,53.746,1815264
tok30,2021-06-04,54.15,236641
tok30,2021-06-05,54.814,360612
tok30,2021-06-06,53.185,217378
tok30,2021-06-07,52.036,410775
tok30,2021-06-08,51.656,370540
tok30,2021-06-09,51.773,231501
tok30,2021-06-10,49.453,335876
tok30,2021-06-11,48.761,239955
tok30,2021-06-12,51.371,290771
tok30,2021-06-13,47.708,325456
tok30,2021-06-14,48.434,337313
tok30,2021-06-15,46.31,603511
tok30,2021-06-16,44.042,377741
tok30,2021-06-17,44.974,556094
tok30,2021-06-18,44.178,367207
tok30,2021-06-19,45.379,519863
tok30,2021-06-20,46.969,457769
tok30,2021-06-21,49.447,95736
tok30,2021-06-22,46.198,578924
tok30,2021-06-23,49.642,1155078
tok30,2021-06-24,51.164,325096
tok30,2021-06-25,53.964,393671
tok30,2021-06-26,53.92,778525
tok30,2021-06-27,49.725,856338
tok30,2021-06-28,49.644,492669
tok30,2021-06-29,49.175,67087
tok30,2021-06-30,51.495,236360
tok30,2021-07-01,51.767,136094
tok30,2021-07-02,48.228,484463
tok30,2021-07-03,46.606,495871
tok30,2021-07-04,45.965,263802
tok30,2021-07-05,43.285,429019
tok30,2021-07-06,41.493,563072
tok30,2021-07-07,38.986,399503
tok30,2021-07-08,36.939,274112
tok30,2021-07-09,35.523,390970
tok30,2021-07-10,37.334,470470
tok30,2021-07-11,35.393,822896
tok30,2021-07-12,36.738,300480
tok30,2021-07-13,35.741,476737
tok30,2021-07-14,36.717,398077
tok30,2021-07-15,33.017,435614
tok30,2021-07-16,33.531,367195
tok30,2021-07-17,32.073,972626
tok30,2021-07-18,31.612,1874070
tok30,2021-07-19,30.181,313025
tok30,2021-07-20,29.735,276770
tok30,2021-07-21,28.199,389832
tok30,2021-07-22,25.269,965446
tok30,2021-07-23,25.175,507877
tok30,2021-07-24,22.678,129300
tok30,2021-07-25,20.633,262357
tok30,2021-07-26,21.543,891075
tok30,2021-07-27,19.926,393017
tok30,2021-07-28,20.671,227955
tok30,2021-07-29,19.617,925439
tok30,2021-07-30,19.491,294025
tok30,2021-07-31,18.771,484221
tok30,2021-08-01,19.43,821354
tok30,2021-08-02,18.72,156322
tok30,2021-08-03,17.27,338228
tok30,2021-08-04,17.786,927376
tok30,2021-08-05,16.546,249438
tok30,2021-08-06,16.029,288801
tok30,2021-08-07,15.964,487123
tok30,2021-08-08,14.908,329690
tok30,2021-08-09,14.603,604527
tok30,2021-08-10,15.257,369398
tok30,2021-08-11,16.228,661659
tok30,2021-08-12,16.724,423372
tok30,2021-08-13,16.595,267323
tok30,2021-08-14,17.926,1139658
tok30,2021-08-15,18.595,373617
tok30,2021-08-16,18.571,1019350
tok30,2021-08-17,17.965,245253
tok30,2021-08-18,17.6,692480
tok30,2021-08-19,16.704,296548
tok30,2021-08-20,16.435,275520
tok30,2021-08-21,15.935,381903
tok30,2021-08-22,15.457,244500
tok30,2021-08-23,14.527,349865
tok30,2021-08-24,13.958,502754
tok30,2021-08-25,13.547,269554
tok30,2021-08-26,13.963,512345
tok30,2021-08-27,13.892,131236
tok30,2021-08-28,14.27,517877
tok30,2021-08-29,14.571,463558
tok30,2021-08-30,14.556,203435
tok30,2021-08-31,14.007,395430
tok30,2021-09-01,13.4,299031
tok30,2021-09-02,13.141,452199
tok30,2021-09-03,13.294,1989115
tok30,2021-09-04,13.904,181479
tok30,2021-09-05,14.251,1118492
tok30,2021-09-06,14.349,272328
tok30,2021-09-07,14.263,225212
tok30,2021-09-08,14.015,295374
tok30,2021-09-09,14.414,286729
tok30,2021-09-10,14.705,226611
tok30,2021-09-11,14.297,313899
tok30,2021-09-12,14.247,417106
tok30,2021-09-13,14.517,420124
tok30,2021-09-14,15.697,568694
tok30,2021-09-15,15.481,624428
tok30,2021-09-16,16.529,343771
tok30,2021-09-17,16.953,467339
tok30,2021-09-18,16.878,552935
tok30,2021-09-19,16.476,168276
tok30,2021-09-20,16.287,181363
tok30,2021-09-21,15.637,675068
tok30,2021-09-22,14.891,186602
tok30,2021-09-23,14.53,528913
tok30,2021-09-24,14.04,238914
tok30,2021-09-25,15.951,917987
tok30,2021-09-26,14.781,305725
tok30,2021-09-27,13.883,474858
tok30,2021-09-28,13.327,384618
tok30,2021-09-29,13.732,373969
tok30,2021-09-30,14.274,383993
tok30,2021-10-01,14.292,1128604
tok30,2021-10-02,14.617,176014
tok30,2021-10-03,15.26,248674
tok30,2021-10-04,15.195,930311
tok30,2021-10-05,15.707,1026657
tok30,2021-10-06,15.983,269840
tok30,2021-10-07,15.858,233973
tok30,2021-10-08,15.012,234448
tok30,2021-10-09,14.91,595265
tok30,2021-10-10,14.489,250340
tok30,2021-10-11,14.628,448406
tok30,2021-10-12,14.379,435500
tok30,2021-10-13,15.052,325764
tok30,2021-10-14,15.255,613954
tok30,2021-10-15,16.125,231344
tok30,2021-10-16,15.868,286457
tok30,2021-10-17,15.523,517860
tok30,2021-10-18,15.408,388521
tok30,2021-10-19,14.07,601135
tok30,2021-10-20,12.99,227875
tok30,2021-10-21,12.868,748255
tok30,2021-10-22,13.061,281696
tok30,2021-10-23,13.422,593109
tok30,2021-10-24,13.689,315729
tok30,2021-10-25,14.205,597214
tok30,2021-10-26,14.523,795076
tok30,2021-10-27,14.827,678080
tok30,2021-10-28,14.897,723410
tok30,2021-10-29,14.424,740123
tok30,2021-10-30,14.865,664923
tok30,2021-10-31,14.672,396581
tok30,2021-11-01,14.639,377986
tok30,2021-11-02,14.772,405145
tok30,2021-11-03,14.905,251823
tok30,2021-11-04,14.83,590890
tok30,2021-11-05,15.0,393654
tok30,2021-11-06,14.578,636931
tok30,2021-11-07,14.207,256689
tok30,2021-11-08,14.834,749971
tok30,2021-11-09,14.802,577744
tok30,2021-11-10,14.459,383201
tok30,2021-11-11,15.478,196466
tok30,2021-11-12,14.563,1024070
tok30,2021-11-13,14.147,258481
tok30,2021-11-14,15.865,397842
tok30,2021-11-15,16.02,427869
tok30,2021-11-16,16.436,352855
tok30,2021-11-17,16.923,727331
tok30,2021-11-18,16.517,287320
tok30,2021-11-19,16.417,472090
tok30,2021-11-20,15.507,704052
tok30,2021-11-21,15.976,572092
tok30,2021-11-22,15.795,337025
tok30,2021-11-23,15.057,658333
tok30,2021-11-24,14.234,568215
tok30,2021-11-25,13.947,483137
tok30,2021-11-26,14.447,449541
tok30,2021-11-27,14.335,614427
tok30,2021-11-28,14.147,738423
tok30,2021-11-29,14.08,711550
tok30,2021-11-30,15.374,1352602
tok30,2021-12-01,14.622,391167
tok30,2021-12-02,14.392,456789
tok30,2021-12-03,13.668,597978
tok30,2021-12-04,13.577,784043
tok30,2021-12-05,13.494,698913
tok30,2021-12-06,13.248,192117
tok30,2021-12-07,13.512,343536
tok30,2021-12-08,14.62,636031
tok30,2021-12-09,15.604,1173340
tok30,2021-12-10,14.953,336410
tok30,2021-12-11,15.834,1872373
tok30,2021-12-12,15.851,534857
tok30,2021-12-13,15.875,408610
tok30,2021-12-14,16.473,493437
tok30,2021-12-15,16.512,464542
tok30,2021-12-16,16.49,238452
tok30,2021-12-17,16.04,889415
tok30,2021-12-18,15.205,181581
tok30,2021-12-19,14.738,256217
tok30,2021-12-20,14.76,461929
tok30,2021-12-21,14.613,407306
tok30,2021-12-22,14.044,194522
tok30,2021-12-23,13.259,162372
tok30,2021-12-24,13.911,231368
tok30,2021-12-25,13.704,451470
tok30,2021-12-26,14.211,373469
tok30,2021-12-27,14.31,635974
tok30,2021-12-28,14.304,309676
tok30,2021-12-29,14.967,920688
tok30,2021-12-30,15.012,305482
tok30,2021-12-31,16.594,565323
tok30,2022-01-01,16.618,702195
tok30,2022-01-02,16.444,559735
tok30,2022-01-03,15.851,920184
tok30,2022-01-04,16.639,242028
tok30,2022-01-05,17.267,692094
tok30,2022-01-06,19.298,476019
tok30,2022-01-07,19.287,452651
tok30,2022-01-08,18.323,439840
tok30,2022-01-09,17.47,358569
tok30,2022-01-10,18.761,433380
tok30,2022-01-11,18.888,1722739
tok30,2022-01-12,19.008,525349
tok30,2022-01-13,19.973,821744
tok30,2022-01-14,19.622,294250
tok30,2022-01-15,19.308,716060
tok30,2022-01-16,19.313,567490
tok30,2022-01-17,19.637,284334
tok30,2022-01-18,19.281,405365
tok30,2022-01-19,19.849,417339
tok30,2022-01-20,20.348,445866
tok30,2022-01-21,21.189,237911
tok30,2022-01-22,22.009,249774
tok30,2022-01-23,20.237,468159
tok30,2022-01-24,21.008,239026
tok30,2022-01-25,21.466,361648
tok30,2022-01-26,21.949,359802
tok30,2022-01-27,22.71,642476
tok30,2022-01-28,23.444,470358
tok30,2022-01-29,22.173,201405
tok30,2022-01-30,23.035,521729
tok30,2022-01-31,22.482,250622
tok30,2022-02-01,22.829,175806
tok30,2022-02-02,23.07,434456
tok30,2022-02-03,24.737,207975
tok30,2022-02-04,25.34,195930
tok30,2022-02-05,26.116,606331
tok30,2022-02-06,26.021,205108
tok30,2022-02-07,26.232,447899
tok30,2022-02-08,27.396,527154
tok30,2022-02-09,26.353,323578
tok30,2022-02-10,28.008,346214
tok30,2022-02-11,28.622,1049520
tok30,2022-02-12,30.048,301083
tok30,2022-02-13,29.558,718711
tok30,2022-02-14,28.24,753009
tok30,2022-02-15,28.044,643954
tok30,2022-02-16,28.48,506540
tok30,2022-02-17,28.898,301562
tok30,2022-02-18,26.734,278993
tok30,2022-02-19,28.38,871184
tok30,2022-02-20,27.954,122795
tok30,2022-02-21,28.569,227866
tok30,2022-02-22,28.228,107615
tok30,2022-02-23,27.335,266902
tok30,2022-02-24,27.697,506850
tok30,2022-02-25,30.303,228495
tok30,2022-02-26,31.079,676744
tok30,2022-02-27,31.128,327163
tok30,2022-02-28,28.153,436794
tok30,2022-03-01,27.664,617958
tok30,2022-03-02,28.483,756162
tok30,2022-03-03,26.238,360282
tok30,2022-03-04,27.144,429526
tok30,2022-03-05,25.409,462757
tok30,2022-03-06,27.497,1219646
tok30,2022-03-07,25.075,395098
tok30,2022-03-08,23.938,380206
tok30,2022-03-09,25.258,254190
tok30,2022-03-10,24.146,387318
tok30,2022-03-11,23.486,409612
tok30,2022-03-12,23.487,782273
tok30,2022-03-13,24.36,605016
tok30,2022-03-14,25.528,377098
tok30,2022-03-15,24.862,203449
tok30,2022-03-16,24.391,969599
tok30,2022-03-17,23.905,663979
tok30,2022-03-18,24.249,485324
tok30,2022-03-19,24.864,473531
tok30,2022-03-20,24.509,313060
tok30,2022-03-21,22.498,597398
tok30,2022-03-22,23.776,497963
tok30,2022-03-23,24.571,474806
tok30,2022-03-24,23.801,444852
tok30,2022-03-25,23.789,354969
tok30,2022-03-26,22.835,1307568
tok30,2022-03-27,23.205,1047749
tok30,2022-03-28,23.642,1007882
tok30,2022-03-29,25.419,279688
tok30,2022-03-30,25.123,368062
tok30,2022-03-31,25.095,370327
tok30,2022-04-01,24.006,451610
tok30,2022-04-02,23.905,346198
tok30,2022-04-03,24.121,921131
tok30,2022-04-04,26.395,333123
tok30,2022-04-05,26.252,383722
tok30,2022-04-06,25.69,225743
tok30,2022-04-07,25.958,466501
tok30,2022-04-08,27.1,686886
tok30,2022-04-09,26.807,613410
tok30,2022-04-10,27.241,313476
tok30,2022-04-11,28.787,546784
tok30,2022-04-12,28.457,600772
tok30,2022-04-13,28.185,330804
tok30,2022-04-14,29.62,268749
tok30,2022-04-15,29.882,990426
tok30,2022-04-16,28.302,411642
tok30,2022-04-17,25.59,384588
tok30,2022-04-18,25.978,492860
tok30,2022-04-19,24.41,500269
tok30,2022-04-20,26.122,242202
tok30,2022-04-21,26.628,775838
tok30,2022-04-22,26.456,262155
tok30,2022-04-23,28.478,978044
tok30,2022-04-24,29.482,1080061
tok30,2022-04-25,30.704,433598
tok30,2022-04-26,29.37,2162267
tok30,2022-04-27,29.475,286826
tok30,2022-04-28,31.373,303646
tok30,2022-04-29,29.777,486132
tok30,2022-04-30,29.09,263230
tok30,2022-05-01,30.182,617745
tok30,2022-05-02,29.815,261616
tok30,2022-05-03,31.264,245863
tok30,2022-05-04,30.95,466046
tok30,2022-05-05,33.193,357418
tok30,2022-05-06,33.645,369212
tok30,2022-05-07,32.661,667391
tok30,2022-05-08,33.547,555488
tok30,2022-05-09,33.79,974381
tok30,2022-05-10,34.313,1118537
tok30,2022-05-11,35.623,748090
tok30,2022-05-12,36.055,470313
tok30,2022-05-13,36.628,351285
tok30,2022-05-14,37.521,403543
tok30,2022-05-15,37.935,490655
tok30,2022-05-16,38.04,244195
tok30,2022-05-17,35.739,651930
tok30,2022-05-18,36.048,388470
tok30,2022-05-19,36.033,455050
tok30,2022-05-20,37.439,261976
tok30,2022-05-21,37.852,383176
tok30,2022-05-22,38.368,131256
tok30,2022-05-23,36.093,389326
tok30,2022-05-24,36.836,599128
tok30,2022-05-25,36.25,598323
tok30,2022-05-26,34.774,653754
tok30,2022-05-27,35.81,362855
tok30,2022-05-28,35.65,418200
tok30,2022-05-29,34.496,231928
tok30,2022-05-30,35.202,188894
tok30,2022-05-31,34.739,345813
tok30,2022-06-01,34.844,237922
tok30,2022-06-02,35.525,231495
tok30,2022-06-03,37.798,345164
tok30,2022-06-04,36.166,834149
tok30,2022-06-05,34.58,143792
tok30,2022-06-06,33.58,373281
tok30,2022-06-07,33.82,268982
tok30,2022-06-08,34.391,474871
tok30,2022-06-09,33.568,345611
tok30,2022-06-10,30.792,383743
tok30,2022-06-11,29.869,192072
tok30,2022-06-12,29.227,678136
tok30,2022-06-13,29.637,89959
tok30,2022-06-14,28.993,269069
tok30,2022-06-15,29.472,585903
tok30,2022-06-16,29.458,364197
tok30,2022-06-17,30.222,1092251
tok30,2022-06-18,29.547,502941
tok30,2022-06-19,29.947,304350
tok30,2022-06-20,30.053,174845
tok30,2022-06-21,31.54,554010
tok30,2022-06-22,31.681,430502
tok30,2022-06-23,31.04,418242
tok30,2022-06-24,30.9,1134035
tok30,2022-06-25,33.3,133441
tok30,2022-06-26,32.428,282728
tok30,2022-06-27,32.978,262104
tok30,2022-06-28,34.31,816818
tok30,2022-06-29,34.653,364432
tok30,2022-06-30,36.768,418717
tok30,2022-07-01,36.118,274306
tok30,2022-07-02,37.247,488996
tok30,2022-07-03,38.561,254683
tok30,2022-07-04,38.1,545153
tok30,2022-07-05,38.69,684867
tok30,2022-07-06,37.528,422521
tok30,2022-07-07,36.9,387069
tok30,2022-07-08,38.076,585738
tok30,2022-07-09,37.41,472101
tok30,2022-07-10,41.08,348543
tok30,2022-07-11,41.029,532539
tok30,2022-07-12,41.828,368707
tok30,2022-07-13,41.102,486396
tok30,2022-07-14,40.16,791959
tok30,2022-07-15,41.03,590659
tok30,2022-07-16,39.623,421027
tok30,2022-07-17,39.256,888979
tok30,2022-07-18,43.474,1055378
tok30,2022-07-19,42.137,1108671
tok30,2022-07-20,43.607,953718
tok30,2022-07-21,44.577,541402
tok30,2022-07-22,43.943,558360
tok30,2022-07-23,45.095,490132
tok30,2022-07-24,43.031,268521
tok30,2022-07-25,41.968,1149199
tok30,2022-07-26,43.017,512409
tok30,2022-07-27,44.19,460370
tok30,2022-07-28,44.25,423246
tok30,2022-07-29,43.085,735588
tok30,2022-07-30,43.587,284058
tok30,2022-07-31,42.683,380124
tok30,2022-08-01,40.325,487094
tok30,2022-08-02,37.564,807282
tok30,2022-08-03,37.407,486956
tok30,2022-08-04,38.341,389046
tok30,2022-08-05,38.778,629060
tok30,2022-08-06,40.295,534757
tok30,2022-08-07,42.939,1228857
tok30,2022-08-08,41.789,533688
tok30,2022-08-09,43.479,733952
tok30,2022-08-10,44.273,239943
tok30,2022-08-11,45.665,784557
tok30,2022-08-12,44.512,302837
tok30,2022-08-13,45.021,703780
tok30,2022-08-14,46.541,231339
tok30,2022-08-15,45.009,461200
tok30,2022-08-16,46.615,381650
tok30,2022-08-17,47.315,627277
tok30,2022-08-18,44.413,795251
tok30,2022-08-19,44.975,542302
tok30,2022-08-20,45.321,867092
tok30,2022-08-21,42.234,234569
tok30,2022-08-22,44.64,400356
tok30,2022-08-23,48.352,565338
tok30,2022-08-24,49.351,744761
tok30,2022-08-25,53.467,284583
tok30,2022-08-26,50.447,603141
tok30,2022-08-27,54.218,276170
tok30,2022-08-28,51.988,522100
tok30,2022-08-29,53.474,556371
tok30,2022-08-30,51.921,429105
tok30,2022-08-31,46.953,250419
tok30,2022-09-01,49.245,983875
tok30,2022-09-02,46.919,642052
tok30,2022-09-03,44.128,552167
tok30,2022-09-04,43.832,506749
tok30,2022-09-05,41.686,378098
tok30,2022-09-06,40.448,1320554
tok30,2022-09-07,40.715,328479
tok30,2022-09-08,39.648,817681
tok30,2022-09-09,42.234,349640
tok30,2022-09-10,41.262,485791
tok30,2022-09-11,41.816,628088
tok30,2022-09-12,41.426,139052
tok30,2022-09-13,42.298,175505
tok30,2022-09-14,42.398,545049
tok30,2022-09-15,42.123,268407
tok30,2022-09-16,44.56,155360
tok30,2022-09-17,43.636,1114690
tok30,2022-09-18,47.654,618304
tok30,2022-09-19,46.957,514511
tok30,2022-09-20,45.972,796308
tok30,2022-09-21,46.208,362530
tok30,2022-09-22,46.776,265971
tok30,2022-09-23,43.945,333184
tok30,2022-09-24,46.072,2074626
tok30,2022-09-25,45.875,494221
tok30,2022-09-26,44.633,287460
tok30,2022-09-27,47.598,508395
tok30,2022-09-28,45.652,588870
tok30,2022-09-29,46.826,477213
tok30,2022-09-30,46.88,395539
tok30,2022-10-01,48.376,521764
tok30,2022-10-02,51.121,1009332
tok30,2022-10-03,54.672,615663
tok30,2022-10-04,57.803,839422
tok30,2022-10-05,59.859,262226
tok30,2022-10-06,56.761,472858
tok30,2022-10-07,57.273,417257
tok30,2022-10-08,55.685,214605
tok30,2022-10-09,51.336,362484
tok30,2022-10-10,51.69,367373
tok30,2022-10-11,53.149,762616
tok30,2022-10-12,56.951,1069172
tok30,2022-10-13,58.741,348166
tok30,2022-10-14,58.707,263395
tok30,2022-10-15,54.511,719136
tok30,2022-10-16,54.741,288986
tok30,2022-10-17,57.626,433521
tok30,2022-10-18,58.225,368815
tok30,2022-10-19,58.736,426841
tok30,2022-10-20,58.088,271874
tok30,2022-10-21,60.09,608128
tok30,2022-10-22,59.592,358551
tok30,2022-10-23,58.051,356361
tok30,2022-10-24,59.793,456473
tok30,2022-10-25,60.951,1485499
tok30,2022-10-26,59.614,453659
tok30,2022-10-27,60.307,130198
tok30,2022-10-28,57.181,243478
tok30,2022-10-29,58.224,112632
tok30,2022-10-30,59.427,332054
tok30,2022-10-31,57.735,370391
tok30,2022-11-01,53.839,268964
tok30,2022-11-02,51.202,479085
tok30,2022-11-03,49.693,558740
tok30,2022-11-04,50.64,279493
tok30,2022-11-05,49.512,309405
tok30,2022-11-06,45.769,422607
tok30,2022-11-07,43.662,349558
tok30,2022-11-08,43.061,941353
tok30,2022-11-09,44.028,486262
tok30,2022-11-10,43.294,423410
