entity,available_at,feature,value
tok01,2021-01-03T12:00:00Z,flow,0.3456
tok01,2021-01-03T12:00:00Z,social,-0.4225
tok01,2021-01-10T12:00:00Z,flow,2.1178
tok01,2021-01-10T12:00:00Z,social,-0.2441
tok01,2021-01-17T12:00:00Z,flow,0.0541
tok01,2021-01-17T12:00:00Z,social,-0.8348
tok01,2021-01-24T12:00:00Z,flow,0.8762
tok01,2021-01-24T12:00:00Z,social,-2.4452
tok01,2021-01-31T12:00:00Z,flow,1.5239
tok01,2021-01-31T12:00:00Z,social,0.6928
tok01,2021-02-07T12:00:00Z,flow,0.8333
tok01,2021-02-07T12:00:00Z,social,-0.63
tok01,2021-02-14T12:00:00Z,flow,0.493
tok01,2021-02-14T12:00:00Z,social,1.9557
tok01,2021-02-21T12:00:00Z,flow,0.5015
tok01,2021-02-21T12:00:00Z,social,0.0272
tok01,2021-02-28T12:00:00Z,flow,0.0957
tok01,2021-02-28T12:00:00Z,social,0.1141
tok01,2021-03-07T12:00:00Z,flow,-0.6259
tok01,2021-03-07T12:00:00Z,social,-1.5814
tok01,2021-03-14T12:00:00Z,flow,-0.5928
tok01,2021-03-14T12:00:00Z,social,-0.6642
tok01,2021-03-21T12:00:00Z,flow,1.1379
tok01,2021-03-21T12:00:00Z,social,-2.2366
tok01,2021-03-28T12:00:00Z,flow,0.6744
tok01,2021-03-28T12:00:00Z,social,-1.019
tok01,2021-04-04T12:00:00Z,flow,0.682
tok01,2021-04-04T12:00:00Z,social,0.2268
tok01,2021-04-11T12:00:00Z,flow,-0.1394
tok01,2021-04-11T12:00:00Z,social,-0.6147
tok01,2021-04-18T12:00:00Z,flow,0.9129
tok01,2021-04-18T12:00:00Z,social,-1.3328
tok01,2021-04-25T12:00:00Z,flow,-0.239
tok01,2021-04-25T12:00:00Z,social,-0.1709
tok01,2021-05-02T12:00:00Z,flow,-1.3076
tok01,2021-05-02T12:00:00Z,social,-0.4699
tok01,2021-05-09T12:00:00Z,flow,0.0202
tok01,2021-05-09T12:00:00Z,social,2.4032
tok01,2021-05-16T12:00:00Z,flow,0.3985
tok01,2021-05-16T12:00:00Z,social,0.6762
tok01,2021-05-23T12:00:00Z,flow,-0.8547
tok01,2021-05-23T12:00:00Z,social,-0.991
tok01,2021-05-30T12:00:00Z,flow,-0.3291
tok01,2021-05-30T12:00:00Z,social,0.8616
tok01,2021-06-06T12:00:00Z,flow,-0.2406
tok01,2021-06-06T12:00:00Z,social,0.9753
tok01,2021-06-13T12:00:00Z,flow,-1.0668
tok01,2021-06-13T12:00:00Z,social,-0.918
tok01,2021-06-20T12:00:00Z,flow,0.9504
tok01,2021-06-20T12:00:00Z,social,-2.1612
tok01,2021-06-27T12:00:00Z,flow,-1.1915
tok01,2021-06-27T12:00:00Z,social,1.3423
tok01,2021-07-04T12:00:00Z,flow,-0.2688
tok01,2021-07-04T12:00:00Z,social,0.1787
tok01,2021-07-11T12:00:00Z,flow,-1.2773
tok01,2021-07-11T12:00:00Z,social,1.6617
tok01,2021-07-18T12:00:00Z,flow,-1.237
tok01,2021-07-18T12:00:00Z,social,2.0482
tok01,2021-07-25T12:00:00Z,flow,1.3666
tok01,2021-07-25T12:00:00Z,social,1.4962
tok01,2021-08-01T12:00:00Z,flow,-1.143
tok01,2021-08-01T12:00:00Z,social,0.1026
tok01,2021-08-08T12:00:00Z,flow,-0.2662
tok01,2021-08-08T12:00:00Z,social,0.6503
tok01,2021-08-15T12:00:00Z,flow,-0.4926
tok01,2021-08-15T12:00:00Z,social,0.7876
tok01,2021-08-22T12:00:00Z,flow,0.9518
tok01,2021-08-22T12:00:00Z,social,0.1709
tok01,2021-08-29T12:00:00Z,flow,2.5288
tok01,2021-08-29T12:00:00Z,social,0.3415
tok01,2021-09-05T12:00:00Z,flow,-1.2368
tok01,2021-09-05T12:00:00Z,social,-0.6495
tok01,2021-09-12T12:00:00Z,flow,-0.2886
tok01,2021-09-12T12:00:00Z,social,-1.5124
tok01,2021-09-19T12:00:00Z,flow,2.0548
tok01,2021-09-19T12:00:00Z,social,0.8897
tok01,2021-09-26T12:00:00Z,flow,-0.1652
tok01,2021-09-26T12:00:00Z,social,0.0544
tok01,2021-10-03T12:00:00Z,flow,-1.663
tok01,2021-10-03T12:00:00Z,social,0.2816
tok01,2021-10-10T12:00:00Z,flow,-0.335
tok01,2021-10-10T12:00:00Z,social,0.4406
tok01,2021-10-17T12:00:00Z,flow,1.6763
tok01,2021-10-17T12:00:00Z,social,1.1693
tok01,2021-10-24T12:00:00Z,flow,0.7534
tok01,2021-10-24T12:00:00Z,social,-0.1889
tok01,2021-10-31T12:00:00Z,flow,0.1829
tok01,2021-10-31T12:00:00Z,social,-0.8693
tok01,2021-11-07T12:00:00Z,flow,0.4239
tok01,2021-11-07T12:00:00Z,social,-0.5374
tok01,2021-11-14T12:00:00Z,flow,-1.541
tok01,2021-11-14T12:00:00Z,social,-1.4781
tok01,2021-11-21T12:00:00Z,flow,1.2223
tok01,2021-11-21T12:00:00Z,social,-2.0542
tok01,2021-11-28T12:00:00Z,flow,-1.8889
tok01,2021-11-28T12:00:00Z,social,1.4553
tok01,2021-12-05T12:00:00Z,flow,-0.259
tok01,2021-12-05T12:00:00Z,social,1.5116
tok01,2021-12-12T12:00:00Z,flow,0.1644
tok01,2021-12-12T12:00:00Z,social,0.8902
tok01,2021-12-19T12:00:00Z,flow,0.3885
tok01,2021-12-19T12:00:00Z,social,1.0478
tok01,2021-12-26T12:00:00Z,flow,0.329
tok01,2021-12-26T12:00:00Z,social,0.7626
tok01,2022-01-02T12:00:00Z,flow,1.4682
tok01,2022-01-02T12:00:00Z,social,-0.8828
tok01,2022-01-09T12:00:00Z,flow,-0.2534
tok01,2022-01-09T12:00:00Z,social,1.1792
tok01,2022-01-16T12:00:00Z,flow,-0.6894
tok01,2022-01-16T12:00:00Z,social,-0.9357
tok01,2022-01-23T12:00:00Z,flow,0.3034
tok01,2022-01-23T12:00:00Z,social,-0.9373
tok01,2022-01-30T12:00:00Z,flow,1.1281
tok01,2022-01-30T12:00:00Z,social,0.7991
tok01,2022-02-06T12:00:00Z,flow,-0.1168
tok01,2022-02-06T12:00:00Z,social,-0.7105
tok01,2022-02-13T12:00:00Z,flow,-0.1802
tok01,2022-02-13T12:00:00Z,social,1.7893
tok01,2022-02-20T12:00:00Z,flow,-0.3008
tok01,2022-02-20T12:00:00Z,social,0.305
tok01,2022-02-27T12:00:00Z,flow,0.1184
tok01,2022-02-27T12:00:00Z,social,-0.6696
tok01,2022-03-06T12:00:00Z,flow,0.7527
tok01,2022-03-06T12:00:00Z,social,-1.3421
tok01,2022-03-13T12:00:00Z,flow,0.5776
tok01,2022-03-13T12:00:00Z,social,0.03
tok01,2022-03-20T12:00:00Z,flow,-1.4936
tok01,2022-03-20T12:00:00Z,social,-0.8517
tok01,2022-03-27T12:00:00Z,flow,0.4352
tok01,2022-03-27T12:00:00Z,social,0.3185
tok01,2022-04-03T12:00:00Z,flow,0.3176
tok01,2022-04-03T12:00:00Z,social,2.5366
tok01,2022-04-10T12:00:00Z,flow,0.4263
tok01,2022-04-10T12:00:00Z,social,-0.8038
tok01,2022-04-17T12:00:00Z,flow,-1.5202
tok01,2022-04-17T12:00:00Z,social,-0.0442
tok01,2022-04-24T12:00:00Z,flow,-0.2999
tok01,2022-04-24T12:00:00Z,social,-0.3403
tok01,2022-05-01T12:00:00Z,flow,-0.5668
tok01,2022-05-01T12:00:00Z,social,-0.3773
tok01,2022-05-08T12:00:00Z,flow,1.1741
tok01,2022-05-08T12:00:00Z,social,0.1532
tok01,2022-05-15T12:00:00Z,flow,-1.3647
tok01,2022-05-15T12:00:00Z,social,0.9894
tok01,2022-05-22T12:00:00Z,flow,-0.5105
tok01,2022-05-22T12:00:00Z,social,-1.7494
tok01,2022-05-29T12:00:00Z,flow,-1.5242
tok01,2022-05-29T12:00:00Z,social,0.6064
tok01,2022-06-05T12:00:00Z,flow,0.5789
tok01,2022-06-05T12:00:00Z,social,-1.2515
tok01,2022-06-12T12:00:00Z,flow,-0.0844
tok01,2022-06-12T12:00:00Z,social,0.455
tok01,2022-06-19T12:00:00Z,flow,-2.2829
tok01,2022-06-19T12:00:00Z,social,-3.506
tok01,2022-06-26T12:00:00Z,flow,-0.8864
tok01,2022-06-26T12:00:00Z,social,-0.7425
tok01,2022-07-03T12:00:00Z,flow,-0.1439
tok01,2022-07-03T12:00:00Z,social,0.0496
tok01,2022-07-10T12:00:00Z,flow,-1.2103
tok01,2022-07-10T12:00:00Z,social,-0.6177
tok01,2022-07-17T12:00:00Z,flow,-0.1616
tok01,2022-07-17T12:00:00Z,social,-2.097
tok01,2022-07-24T12:00:00Z,flow,-0.3619
tok01,2022-07-24T12:00:00Z,social,-0.0803
tok01,2022-07-31T12:00:00Z,flow,-0.9712
tok01,2022-07-31T12:00:00Z,social,0.7868
tok01,2022-08-07T12:00:00Z,flow,1.0808
tok01,2022-08-07T12:00:00Z,social,-1.6013
tok01,2022-08-14T12:00:00Z,flow,-0.2243
tok01,2022-08-14T12:00:00Z,social,-0.0108
tok01,2022-08-21T12:00:00Z,flow,1.3436
tok01,2022-08-21T12:00:00Z,social,-0.8664
tok01,2022-08-28T12:00:00Z,flow,0.0198
tok01,2022-08-28T12:00:00Z,social,-0.9813
tok01,2022-09-04T12:00:00Z,flow,0.6802
tok01,2022-09-04T12:00:00Z,social,-0.1
tok01,2022-09-11T12:00:00Z,flow,0.2464
tok01,2022-09-11T12:00:00Z,social,0.3182
tok01,2022-09-18T12:00:00Z,flow,0.4123
tok01,2022-09-18T12:00:00Z,social,-0.9654
tok01,2022-09-25T12:00:00Z,flow,0.3625
tok01,2022-09-25T12:00:00Z,social,-0.0204
tok01,2022-10-02T12:00:00Z,flow,0.6399
tok01,2022-10-02T12:00:00Z,social,-0.6742
tok01,2022-10-09T12:00:00Z,flow,-1.8219
tok01,2022-10-09T12:00:00Z,social,-0.0005
tok01,2022-10-16T12:00:00Z,flow,-0.2161
tok01,2022-10-16T12:00:00Z,social,1.0777
tok01,2022-10-23T12:00:00Z,flow,-0.9408
tok01,2022-10-23T12:00:00Z,social,-1.6872
tok01,2022-10-30T12:00:00Z,flow,0.6887
tok01,2022-10-30T12:00:00Z,social,0.4231
tok01,2022-11-06T12:00:00Z,flow,0.1316
tok01,2022-11-06T12:00:00Z,social,-2.1041
tok01,2022-11-13T12:00:00Z,flow,-0.4766
tok01,2022-11-13T12:00:00Z,social,-1.0232
tok01,2022-11-20T12:00:00Z,flow,0.4971
tok01,2022-11-20T12:00:00Z,social,1.2165
tok01,2022-11-27T12:00:00Z,flow,-0.4643
tok01,2022-11-27T12:00:00Z,social,0.3355
tok01,2022-12-04T12:00:00Z,flow,0.5169
tok01,2022-12-04T12:00:00Z,social,-1.0852
tok01,2022-12-11T12:00:00Z,flow,0.5164
tok01,2022-12-11T12:00:00Z,social,2.3559
tok01,2022-12-18T12:00:00Z,flow,0.4385
tok01,2022-12-18T12:00:00Z,social,-0.733
tok01,2022-12-25T12:00:00Z,flow,0.5527
tok01,2022-12-25T12:00:00Z,social,-0.1914
tok01,2023-01-01T12:00:00Z,flow,-0.934
tok01,2023-01-01T12:00:00Z,social,0.2301
tok01,2023-01-08T12:00:00Z,flow,0.7006
tok01,2023-01-08T12:00:00Z,social,0.0156
tok01,2023-01-15T12:00:00Z,flow,-1.2048
tok01,2023-01-15T12:00:00Z,social,1.176
tok01,2023-01-22T12:00:00Z,flow,1.0527
tok01,2023-01-22T12:00:00Z,social,1.0981
tok01,2023-01-29T12:00:00Z,flow,0.9445
tok01,2023-01-29T12:00:00Z,social,0.5386
tok01,2023-02-05T12:00:00Z,flow,-2.0652
tok01,2023-02-05T12:00:00Z,social,-0.0401
tok01,2023-02-12T12:00:00Z,flow,1.6725
tok01,2023-02-12T12:00:00Z,social,-0.0635
tok01,2023-02-19T12:00:00Z,flow,-0.3365
tok01,2023-02-19T12:00:00Z,social,-2.5856
tok01,2023-02-26T12:00:00Z,flow,2.1101
tok01,2023-02-26T12:00:00Z,social,-0.7994
tok01,2023-03-05T12:00:00Z,flow,-0.8418
tok01,2023-03-05T12:00:00Z,social,0.2295
tok01,2023-03-12T12:00:00Z,flow,0.9064
tok01,2023-03-12T12:00:00Z,social,-0.9045
tok01,2023-03-19T12:00:00Z,flow,-0.6159
tok01,2023-03-19T12:00:00Z,social,-0.33
tok01,2023-03-26T12:00:00Z,flow,1.5393
tok01,2023-03-26T12:00:00Z,social,0.298
tok01,2023-04-02T12:00:00Z,flow,1.73
tok01,2023-04-02T12:00:00Z,social,0.1263
tok01,2023-04-09T12:00:00Z,flow,-1.4695
tok01,2023-04-09T12:00:00Z,social,-1.2879
tok01,2023-04-16T12:00:00Z,flow,-0.3642
tok01,2023-04-16T12:00:00Z,social,0.7163
tok01,2023-04-23T12:00:00Z,flow,-0.699
tok01,2023-04-23T12:00:00Z,social,-0.6753
tok01,2023-04-30T12:00:00Z,flow,1.1262
tok01,2023-04-30T12:00:00Z,social,-0.4318
tok01,2023-05-07T12:00:00Z,flow,0.9691
tok01,2023-05-07T12:00:00Z,social,-0.5143
tok01,2023-05-14T12:00:00Z,flow,-1.4551
tok01,2023-05-14T12:00:00Z,social,-1.2305
tok01,2023-05-21T12:00:00Z,flow,-0.1408
tok01,2023-05-21T12:00:00Z,social,1.0283
tok01,2023-05-28T12:00:00Z,flow,-0.0276
tok01,2023-05-28T12:00:00Z,social,-0.2508
tok01,2023-06-04T12:00:00Z,flow,-0.3402
tok01,2023-06-04T12:00:00Z,social,0.404
tok01,2023-06-11T12:00:00Z,flow,-1.6339
tok01,2023-06-11T12:00:00Z,social,-1.0808
tok01,2023-06-18T12:00:00Z,flow,0.4795
tok01,2023-06-18T12:00:00Z,social,3.0746
tok01,2023-06-25T12:00:00Z,flow,-0.4685
tok01,2023-06-25T12:00:00Z,social,-0.33
tok01,2023-07-02T12:00:00Z,flow,0.1811
tok01,2023-07-02T12:00:00Z,social,-0.2117
tok01,2023-07-09T12:00:00Z,flow,0.8314
tok01,2023-07-09T12:00:00Z,social,-1.5649
tok01,2023-07-16T12:00:00Z,flow,-0.8631
tok01,2023-07-16T12:00:00Z,social,-1.6002
tok01,2023-07-23T12:00:00Z,flow,1.7245
tok01,2023-07-23T12:00:00Z,social,-0.0078
tok01,2023-07-30T12:00:00Z,flow,-0.1565
tok01,2023-07-30T12:00:00Z,social,-0.884
tok01,2023-08-06T12:00:00Z,flow,0.1299
tok01,2023-08-06T12:00:00Z,social,0.6881
tok01,2023-08-13T12:00:00Z,flow,1.0489
tok01,2023-08-13T12:00:00Z,social,1.2403
tok01,2023-08-20T12:00:00Z,flow,0.0295
tok01,2023-08-20T12:00:00Z,social,-1.1436
tok01,2023-08-27T12:00:00Z,flow,-0.742
tok01,2023-08-27T12:00:00Z,social,-1.6021
tok01,2023-09-03T12:00:00Z,flow,0.1301
tok01,2023-09-03T12:00:00Z,social,1.7415
tok01,2023-09-10T12:00:00Z,flow,-0.3424
tok01,2023-09-10T12:00:00Z,social,-0.3383
tok01,2023-09-17T12:00:00Z,flow,0.3284
tok01,2023-09-17T12:00:00Z,social,0.4259
tok01,2023-09-24T12:00:00Z,flow,-0.6461
tok01,2023-09-24T12:00:00Z,social,1.2815
tok01,2023-10-01T12:00:00Z,flow,0.2431
tok01,2023-10-01T12:00:00Z,social,-0.5608
tok01,2023-10-08T12:00:00Z,flow,-0.339
tok01,2023-10-08T12:00:00Z,social,-1.0122
tok01,2023-10-15T12:00:00Z,flow,0.1991
tok01,2023-10-15T12:00:00Z,social,-0.0353
tok01,2023-10-22T12:00:00Z,flow,0.8475
tok01,2023-10-22T12:00:00Z,social,0.0237
tok01,2023-10-29T12:00:00Z,flow,0.0282
tok01,2023-10-29T12:00:00Z,social,0.117
tok01,2023-11-05T12:00:00Z,flow,-0.5637
tok01,2023-11-05T12:00:00Z,social,-2.2716
tok01,2023-11-12T12:00:00Z,flow,1.0108
tok01,2023-11-12T12:00:00Z,social,0.9132
tok01,2023-11-19T12:00:00Z,flow,0.5984
tok01,2023-11-19T12:00:00Z,social,0.0584
tok01,2023-11-26T12:00:00Z,flow,-1.4826
tok01,2023-11-26T12:00:00Z,social,-0.3393
tok01,2023-12-03T12:00:00Z,flow,-1.2515
tok01,2023-12-03T12:00:00Z,social,-0.6125
tok01,2023-12-10T12:00:00Z,flow,-1.4314
tok01,2023-12-10T12:00:00Z,social,-0.1274
tok01,2023-12-17T12:00:00Z,flow,-0.6644
tok01,2023-12-17T12:00:00Z,social,0.9865
tok01,2023-12-24T12:00:00Z,flow,-0.0364
tok01,2023-12-24T12:00:00Z,social,-1.2441
tok01,2023-12-31T12:00:00Z,flow,-0.8678
tok01,2023-12-31T12:00:00Z,social,-0.2207
tok02,2021-01-03T12:00:00Z,flow,0.8216
tok02,2021-01-03T12:00:00Z,social,0.964
tok02,2021-01-10T12:00:00Z,flow,-1.112
tok02,2021-01-10T12:00:00Z,social,-0.4701
tok02,2021-01-17T12:00:00Z,flow,0.2728
tok02,2021-01-17T12:00:00Z,social,0.1099
tok02,2021-01-24T12:00:00Z,flow,0.2565
tok02,2021-01-24T12:00:00Z,social,-0.2966
tok02,2021-01-31T12:00:00Z,flow,-1.5247
tok02,2021-01-31T12:00:00Z,social,-0.4845
tok02,2021-02-07T12:00:00Z,flow,-0.5904
tok02,2021-02-07T12:00:00Z,social,-0.4724
tok02,2021-02-14T12:00:00Z,flow,0.1612
tok02,2021-02-14T12:00:00Z,social,0.8624
tok02,2021-02-21T12:00:00Z,flow,-0.6476
tok02,2021-02-21T12:00:00Z,social,-1.1397
tok02,2021-02-28T12:00:00Z,flow,-0.1785
tok02,2021-02-28T12:00:00Z,social,-1.1787
tok02,2021-03-07T12:00:00Z,flow,0.3332
tok02,2021-03-07T12:00:00Z,social,-1.2386
tok02,2021-03-14T12:00:00Z,flow,-0.1578
tok02,2021-03-14T12:00:00Z,social,1.2928
tok02,2021-03-21T12:00:00Z,flow,0.016
tok02,2021-03-21T12:00:00Z,social,-1.513
tok02,2021-03-28T12:00:00Z,flow,1.0056
tok02,2021-03-28T12:00:00Z,social,0.3078
tok02,2021-04-04T12:00:00Z,flow,0.7706
tok02,2021-04-04T12:00:00Z,social,0.6034
tok02,2021-04-11T12:00:00Z,flow,0.0574
tok02,2021-04-11T12:00:00Z,social,1.047
tok02,2021-04-18T12:00:00Z,flow,-0.2804
tok02,2021-04-18T12:00:00Z,social,1.5872
tok02,2021-04-25T12:00:00Z,flow,0.5109
tok02,2021-04-25T12:00:00Z,social,-0.5085
tok02,2021-05-02T12:00:00Z,flow,-0.6121
tok02,2021-05-02T12:00:00Z,social,-0.3945
tok02,2021-05-09T12:00:00Z,flow,0.9836
tok02,2021-05-09T12:00:00Z,social,1.8947
tok02,2021-05-16T12:00:00Z,flow,1.8823
tok02,2021-05-16T12:00:00Z,social,-0.3575
tok02,2021-05-23T12:00:00Z,flow,0.7051
tok02,2021-05-23T12:00:00Z,social,-1.1434
tok02,2021-05-30T12:00:00Z,flow,1.6902
tok02,2021-05-30T12:00:00Z,social,-0.5432
tok02,2021-06-06T12:00:00Z,flow,-2.1213
tok02,2021-06-06T12:00:00Z,social,0.9924
tok02,2021-06-13T12:00:00Z,flow,1.0332
tok02,2021-06-13T12:00:00Z,social,-0.6741
tok02,2021-06-20T12:00:00Z,flow,1.7328
tok02,2021-06-20T12:00:00Z,social,-2.9801
tok02,2021-06-27T12:00:00Z,flow,0.4468
tok02,2021-06-27T12:00:00Z,social,-0.0005
tok02,2021-07-04T12:00:00Z,flow,1.4845
tok02,2021-07-04T12:00:00Z,social,0.0621
tok02,2021-07-11T12:00:00Z,flow,-0.0382
tok02,2021-07-11T12:00:00Z,social,0.2828
tok02,2021-07-18T12:00:00Z,flow,1.2921
tok02,2021-07-18T12:00:00Z,social,0.0173
tok02,2021-07-25T12:00:00Z,flow,-1.2989
tok02,2021-07-25T12:00:00Z,social,1.312
tok02,2021-08-01T12:00:00Z,flow,0.5996
tok02,2021-08-01T12:00:00Z,social,-0.5301
tok02,2021-08-08T12:00:00Z,flow,0.0569
tok02,2021-08-08T12:00:00Z,social,0.1726
tok02,2021-08-15T12:00:00Z,flow,-0.8005
tok02,2021-08-15T12:00:00Z,social,-0.4207
tok02,2021-08-22T12:00:00Z,flow,0.5775
tok02,2021-08-22T12:00:00Z,social,-2.5866
tok02,2021-08-29T12:00:00Z,flow,-0.1096
tok02,2021-08-29T12:00:00Z,social,0.5051
tok02,2021-09-05T12:00:00Z,flow,-0.9898
tok02,2021-09-05T12:00:00Z,social,0.4959
tok02,2021-09-12T12:00:00Z,flow,-1.137
tok02,2021-09-12T12:00:00Z,social,1.2884
tok02,2021-09-19T12:00:00Z,flow,0.8958
tok02,2021-09-19T12:00:00Z,social,-0.0094
tok02,2021-09-26T12:00:00Z,flow,-0.9743
tok02,2021-09-26T12:00:00Z,social,-0.2218
tok02,2021-10-03T12:00:00Z,flow,1.5094
tok02,2021-10-03T12:00:00Z,social,-0.0931
tok02,2021-10-10T12:00:00Z,flow,-0.6676
tok02,2021-10-10T12:00:00Z,social,-1.1654
tok02,2021-10-17T12:00:00Z,flow,-1.1736
tok02,2021-10-17T12:00:00Z,social,0.3007
tok02,2021-10-24T12:00:00Z,flow,-0.1119
tok02,2021-10-24T12:00:00Z,social,-1.214
tok02,2021-10-31T12:00:00Z,flow,-0.9653
tok02,2021-10-31T12:00:00Z,social,1.6476
tok02,2021-11-07T12:00:00Z,flow,0.3102
tok02,2021-11-07T12:00:00Z,social,-0.2158
tok02,2021-11-14T12:00:00Z,flow,-0.4193
tok02,2021-11-14T12:00:00Z,social,0.2268
tok02,2021-11-21T12:00:00Z,flow,-0.2097
tok02,2021-11-21T12:00:00Z,social,-0.088
tok02,2021-11-28T12:00:00Z,flow,1.2974
tok02,2021-11-28T12:00:00Z,social,0.0043
tok02,2021-12-05T12:00:00Z,flow,-1.7916
tok02,2021-12-05T12:00:00Z,social,-0.2696
tok02,2021-12-12T12:00:00Z,flow,1.6207
tok02,2021-12-12T12:00:00Z,social,0.9379
tok02,2021-12-19T12:00:00Z,flow,1.2668
tok02,2021-12-19T12:00:00Z,social,0.1537
tok02,2021-12-26T12:00:00Z,flow,-1.1831
tok02,2021-12-26T12:00:00Z,social,-0.1812
tok02,2022-01-02T12:00:00Z,flow,-0.5388
tok02,2022-01-02T12:00:00Z,social,-0.5621
tok02,2022-01-09T12:00:00Z,flow,-0.4173
tok02,2022-01-09T12:00:00Z,social,-0.1178
tok02,2022-01-16T12:00:00Z,flow,-0.0117
tok02,2022-01-16T12:00:00Z,social,-1.3021
tok02,2022-01-23T12:00:00Z,flow,1.6742
tok02,2022-01-23T12:00:00Z,social,-0.2525
tok02,2022-01-30T12:00:00Z,flow,0.5698
tok02,2022-01-30T12:00:00Z,social,2.7885
tok02,2022-02-06T12:00:00Z,flow,-1.3021
tok02,2022-02-06T12:00:00Z,social,0.1211
tok02,2022-02-13T12:00:00Z,flow,0.7852
tok02,2022-02-13T12:00:00Z,social,1.278
tok02,2022-02-20T12:00:00Z,flow,2.1038
tok02,2022-02-20T12:00:00Z,social,0.7261
tok02,2022-02-27T12:00:00Z,flow,0.0376
tok02,2022-02-27T12:00:00Z,social,-0.5234
tok02,2022-03-06T12:00:00Z,flow,-1.2253
tok02,2022-03-06T12:00:00Z,social,-0.7127
tok02,2022-03-13T12:00:00Z,flow,-1.0541
tok02,2022-03-13T12:00:00Z,social,-0.421
tok02,2022-03-20T12:00:00Z,flow,-0.1498
tok02,2022-03-20T12:00:00Z,social,1.7138
tok02,2022-03-27T12:00:00Z,flow,-0.3536
tok02,2022-03-27T12:00:00Z,social,0.5517
tok02,2022-04-03T12:00:00Z,flow,0.2465
tok02,2022-04-03T12:00:00Z,social,-1.4279
tok02,2022-04-10T12:00:00Z,flow,-0.0962
tok02,2022-04-10T12:00:00Z,social,-1.4252
tok02,2022-04-17T12:00:00Z,flow,-0.108
tok02,2022-04-17T12:00:00Z,social,0.5598
tok02,2022-04-24T12:00:00Z,flow,-0.2818
tok02,2022-04-24T12:00:00Z,social,-1.2732
tok02,2022-05-01T12:00:00Z,flow,-0.415
tok02,2022-05-01T12:00:00Z,social,-0.9459
tok02,2022-05-08T12:00:00Z,flow,0.8228
tok02,2022-05-08T12:00:00Z,social,0.1124
tok02,2022-05-15T12:00:00Z,flow,0.2211
tok02,2022-05-15T12:00:00Z,social,-0.5775
tok02,2022-05-22T12:00:00Z,flow,0.4073
tok02,2022-05-22T12:00:00Z,social,0.1341
tok02,2022-05-29T12:00:00Z,flow,0.1932
tok02,2022-05-29T12:00:00Z,social,-0.7616
tok02,2022-06-05T12:00:00Z,flow,0.261
tok02,2022-06-05T12:00:00Z,social,-0.4353
tok02,2022-06-12T12:00:00Z,flow,0.4509
tok02,2022-06-12T12:00:00Z,social,-2.2269
tok02,2022-06-19T12:00:00Z,flow,1.2971
tok02,2022-06-19T12:00:00Z,social,0.3057
tok02,2022-06-26T12:00:00Z,flow,0.0734
tok02,2022-06-26T12:00:00Z,social,-0.4413
tok02,2022-07-03T12:00:00Z,flow,-0.4299
tok02,2022-07-03T12:00:00Z,social,0.2449
tok02,2022-07-10T12:00:00Z,flow,-0.4741
tok02,2022-07-10T12:00:00Z,social,-0.2281
tok02,2022-07-17T12:00:00Z,flow,1.2181
tok02,2022-07-17T12:00:00Z,social,-0.3351
tok02,2022-07-24T12:00:00Z,flow,0.7866
tok02,2022-07-24T12:00:00Z,social,-0.5526
tok02,2022-07-31T12:00:00Z,flow,-1.937
tok02,2022-07-31T12:00:00Z,social,0.7222
tok02,2022-08-07T12:00:00Z,flow,0.0724
tok02,2022-08-07T12:00:00Z,social,-0.174
tok02,2022-08-14T12:00:00Z,flow,0.7445
tok02,2022-08-14T12:00:00Z,social,-0.8433
tok02,2022-08-21T12:00:00Z,flow,0.2014
tok02,2022-08-21T12:00:00Z,social,-1.0203
tok02,2022-08-28T12:00:00Z,flow,-0.4254
tok02,2022-08-28T12:00:00Z,social,1.1279
tok02,2022-09-04T12:00:00Z,flow,0.955
tok02,2022-09-04T12:00:00Z,social,-0.0836
tok02,2022-09-11T12:00:00Z,flow,0.1245
tok02,2022-09-11T12:00:00Z,social,-1.4384
tok02,2022-09-18T12:00:00Z,flow,-1.4599
tok02,2022-09-18T12:00:00Z,social,0.7056
tok02,2022-09-25T12:00:00Z,flow,0.3499
tok02,2022-09-25T12:00:00Z,social,0.4799
tok02,2022-10-02T12:00:00Z,flow,0.3063
tok02,2022-10-02T12:00:00Z,social,-0.8305
tok02,2022-10-09T12:00:00Z,flow,-1.6355
tok02,2022-10-09T12:00:00Z,social,0.58
tok02,2022-10-16T12:00:00Z,flow,-1.1756
tok02,2022-10-16T12:00:00Z,social,1.4438
tok02,2022-10-23T12:00:00Z,flow,0.1621
tok02,2022-10-23T12:00:00Z,social,1.6048
tok02,2022-10-30T12:00:00Z,flow,-0.9532
tok02,2022-10-30T12:00:00Z,social,-0.4366
tok02,2022-11-06T12:00:00Z,flow,-0.7136
tok02,2022-11-06T12:00:00Z,social,0.5308
tok02,2022-11-13T12:00:00Z,flow,0.3064
tok02,2022-11-13T12:00:00Z,social,0.1957
tok02,2022-11-20T12:00:00Z,flow,-0.7977
tok02,2022-11-20T12:00:00Z,social,0.1994
tok02,2022-11-27T12:00:00Z,flow,1.0491
tok02,2022-11-27T12:00:00Z,social,-0.183
tok02,2022-12-04T12:00:00Z,flow,0.4188
tok02,2022-12-04T12:00:00Z,social,0.8635
tok02,2022-12-11T12:00:00Z,flow,-1.4186
tok02,2022-12-11T12:00:00Z,social,-0.6648
tok02,2022-12-18T12:00:00Z,flow,1.9462
tok02,2022-12-18T12:00:00Z,social,-0.3252
tok02,2022-12-25T12:00:00Z,flow,-0.832
tok02,2022-12-25T12:00:00Z,social,0.668
tok02,2023-01-01T12:00:00Z,flow,0.4096
tok02,2023-01-01T12:00:00Z,social,1.2968
tok02,2023-01-08T12:00:00Z,flow,0.1266
tok02,2023-01-08T12:00:00Z,social,0.7032
tok02,2023-01-15T12:00:00Z,flow,-0.0033
tok02,2023-01-15T12:00:00Z,social,-0.64
tok02,2023-01-22T12:00:00Z,flow,0.8291
tok02,2023-01-22T12:00:00Z,social,-0.9024
tok02,2023-01-29T12:00:00Z,flow,-1.1702
tok02,2023-01-29T12:00:00Z,social,0.9854
tok02,2023-02-05T12:00:00Z,flow,-0.8782
tok02,2023-02-05T12:00:00Z,social,-1.2712
tok02,2023-02-12T12:00:00Z,flow,-1.153
tok02,2023-02-12T12:00:00Z,social,0.6801
tok02,2023-02-19T12:00:00Z,flow,-0.9169
tok02,2023-02-19T12:00:00Z,social,-1.0409
tok02,2023-02-26T12:00:00Z,flow,1.1544
tok02,2023-02-26T12:00:00Z,social,0.6938
tok02,2023-03-05T12:00:00Z,flow,-0.9757
tok02,2023-03-05T12:00:00Z,social,0.682
tok02,2023-03-12T12:00:00Z,flow,-0.4313
tok02,2023-03-12T12:00:00Z,social,1.8881
tok02,2023-03-19T12:00:00Z,flow,2.4333
tok02,2023-03-19T12:00:00Z,social,-1.4764
tok02,2023-03-26T12:00:00Z,flow,0.0562
tok02,2023-03-26T12:00:00Z,social,0.3957
tok02,2023-04-02T12:00:00Z,flow,-0.5936
tok02,2023-04-02T12:00:00Z,social,-0.4368
tok02,2023-04-09T12:00:00Z,flow,-0.9527
tok02,2023-04-09T12:00:00Z,social,-1.1839
tok02,2023-04-16T12:00:00Z,flow,-1.533
tok02,2023-04-16T12:00:00Z,social,0.3023
tok02,2023-04-23T12:00:00Z,flow,0.0785
tok02,2023-04-23T12:00:00Z,social,0.7426
tok02,2023-04-30T12:00:00Z,flow,-0.1456
tok02,2023-04-30T12:00:00Z,social,-1.2376
tok02,2023-05-07T12:00:00Z,flow,-1.3983
tok02,2023-05-07T12:00:00Z,social,0.5605
tok02,2023-05-14T12:00:00Z,flow,0.9771
tok02,2023-05-14T12:00:00Z,social,1.8717
tok02,2023-05-21T12:00:00Z,flow,-0.7985
tok02,2023-05-21T12:00:00Z,social,0.3809
tok02,2023-05-28T12:00:00Z,flow,-0.5017
tok02,2023-05-28T12:00:00Z,social,0.73
tok02,2023-06-04T12:00:00Z,flow,1.423
tok02,2023-06-04T12:00:00Z,social,0.5138
tok02,2023-06-11T12:00:00Z,flow,-0.4497
tok02,2023-06-11T12:00:00Z,social,1.503
tok02,2023-06-18T12:00:00Z,flow,1.4463
tok02,2023-06-18T12:00:00Z,social,0.6424
tok02,2023-06-25T12:00:00Z,flow,-1.3762
tok02,2023-06-25T12:00:00Z,social,-0.5847
tok02,2023-07-02T12:00:00Z,flow,0.8799
tok02,2023-07-02T12:00:00Z,social,2.4107
tok02,2023-07-09T12:00:00Z,flow,-1.2216
tok02,2023-07-09T12:00:00Z,social,1.7259
tok02,2023-07-16T12:00:00Z,flow,0.4182
tok02,2023-07-16T12:00:00Z,social,0.8593
tok02,2023-07-23T12:00:00Z,flow,0.5849
tok02,2023-07-23T12:00:00Z,social,-0.8999
tok02,2023-07-30T12:00:00Z,flow,0.7093
tok02,2023-07-30T12:00:00Z,social,0.7354
tok02,2023-08-06T12:00:00Z,flow,0.4121
tok02,2023-08-06T12:00:00Z,social,-0.562
tok02,2023-08-13T12:00:00Z,flow,-0.2902
tok02,2023-08-13T12:00:00Z,social,-0.6163
tok02,2023-08-20T12:00:00Z,flow,0.0255
tok02,2023-08-20T12:00:00Z,social,1.0851
tok02,2023-08-27T12:00:00Z,flow,0.8285
tok02,2023-08-27T12:00:00Z,social,-1.4307
tok02,2023-09-03T12:00:00Z,flow,-1.4138
tok02,2023-09-03T12:00:00Z,social,0.9132
tok02,2023-09-10T12:00:00Z,flow,0.5418
tok02,2023-09-10T12:00:00Z,social,-0.0477
tok02,2023-09-17T12:00:00Z,flow,1.3775
tok02,2023-09-17T12:00:00Z,social,-0.8398
tok02,2023-09-24T12:00:00Z,flow,-0.4993
tok02,2023-09-24T12:00:00Z,social,-1.0088
tok02,2023-10-01T12:00:00Z,flow,-1.9535
tok02,2023-10-01T12:00:00Z,social,0.0246
tok02,2023-10-08T12:00:00Z,flow,1.8697
tok02,2023-10-08T12:00:00Z,social,-0.4065
tok02,2023-10-15T12:00:00Z,flow,-2.5751
tok02,2023-10-15T12:00:00Z,social,1.5973
tok02,2023-10-22T12:00:00Z,flow,-0.6449
tok02,2023-10-22T12:00:00Z,social,-1.1549
tok02,2023-10-29T12:00:00Z,flow,-0.1761
tok02,2023-10-29T12:00:00Z,social,0.6952
tok02,2023-11-05T12:00:00Z,flow,-1.2421
tok02,2023-11-05T12:00:00Z,social,-0.6361
tok02,2023-11-12T12:00:00Z,flow,1.6956
tok02,2023-11-12T12:00:00Z,social,-0.2726
tok02,2023-11-19T12:00:00Z,flow,-0.343
tok02,2023-11-19T12:00:00Z,social,-0.4791
tok02,2023-11-26T12:00:00Z,flow,-0.9528
tok02,2023-11-26T12:00:00Z,social,-1.3527
tok02,2023-12-03T12:00:00Z,flow,-0.5468
tok02,2023-12-03T12:00:00Z,social,-0.9447
tok02,2023-12-10T12:00:00Z,flow,-0.642
tok02,2023-12-10T12:00:00Z,social,-2.0224
tok02,2023-12-17T12:00:00Z,flow,0.4602
tok02,2023-12-17T12:00:00Z,social,0.2752
tok02,2023-12-24T12:00:00Z,flow,-0.7673
tok02,2023-12-24T12:00:00Z,social,-0.6811
tok02,2023-12-31T12:00:00Z,flow,0.2995
tok02,2023-12-31T12:00:00Z,social,-0.3099
tok03,2021-01-03T12:00:00Z,flow,0.3304
tok03,2021-01-03T12:00:00Z,social,-0.422
tok03,2021-01-10T12:00:00Z,flow,-0.3776
tok03,2021-01-10T12:00:00Z,social,0.4722
tok03,2021-01-17T12:00:00Z,flow,-0.9822
tok03,2021-01-17T12:00:00Z,social,0.2549
tok03,2021-01-24T12:00:00Z,flow,-0.0948
tok03,2021-01-24T12:00:00Z,social,-0.7855
tok03,2021-01-31T12:00:00Z,flow,-2.4662
tok03,2021-01-31T12:00:00Z,social,-0.6135
tok03,2021-02-07T12:00:00Z,flow,-1.0561
tok03,2021-02-07T12:00:00Z,social,0.0398
tok03,2021-02-14T12:00:00Z,flow,-0.9322
tok03,2021-02-14T12:00:00Z,social,2.5436
tok03,2021-02-21T12:00:00Z,flow,-0.2393
tok03,2021-02-21T12:00:00Z,social,0.1838
tok03,2021-02-28T12:00:00Z,flow,0.2026
tok03,2021-02-28T12:00:00Z,social,-0.026
tok03,2021-03-07T12:00:00Z,flow,-2.4576
tok03,2021-03-07T12:00:00Z,social,1.0305
tok03,2021-03-14T12:00:00Z,flow,-0.4813
tok03,2021-03-14T12:00:00Z,social,-1.7399
tok03,2021-03-21T12:00:00Z,flow,0.4736
tok03,2021-03-21T12:00:00Z,social,-0.1608
tok03,2021-03-28T12:00:00Z,flow,-0.736
tok03,2021-03-28T12:00:00Z,social,0.0343
tok03,2021-04-04T12:00:00Z,flow,-0.1116
tok03,2021-04-04T12:00:00Z,social,-0.4147
tok03,2021-04-11T12:00:00Z,flow,-0.2027
tok03,2021-04-11T12:00:00Z,social,0.7953
tok03,2021-04-18T12:00:00Z,flow,0.038
tok03,2021-04-18T12:00:00Z,social,0.1494
tok03,2021-04-25T12:00:00Z,flow,1.0019
tok03,2021-04-25T12:00:00Z,social,1.0998
tok03,2021-05-02T12:00:00Z,flow,1.6731
tok03,2021-05-02T12:00:00Z,social,-0.8281
tok03,2021-05-09T12:00:00Z,flow,-0.9661
tok03,2021-05-09T12:00:00Z,social,-0.2989
tok03,2021-05-16T12:00:00Z,flow,0.6852
tok03,2021-05-16T12:00:00Z,social,3.2089
tok03,2021-05-23T12:00:00Z,flow,1.896
tok03,2021-05-23T12:00:00Z,social,0.7435
tok03,2021-05-30T12:00:00Z,flow,-1.8834
tok03,2021-05-30T12:00:00Z,social,-0.0388
tok03,2021-06-06T12:00:00Z,flow,0.183
tok03,2021-06-06T12:00:00Z,social,-2.202
tok03,2021-06-13T12:00:00Z,flow,0.4651
tok03,2021-06-13T12:00:00Z,social,0.0079
tok03,2021-06-20T12:00:00Z,flow,-0.3883
tok03,2021-06-20T12:00:00Z,social,-0.4903
tok03,2021-06-27T12:00:00Z,flow,1.1987
tok03,2021-06-27T12:00:00Z,social,0.1204
tok03,2021-07-04T12:00:00Z,flow,-0.3007
tok03,2021-07-04T12:00:00Z,social,-2.1154
tok03,2021-07-11T12:00:00Z,flow,-0.4882
tok03,2021-07-11T12:00:00Z,social,-0.2643
tok03,2021-07-18T12:00:00Z,flow,-0.1117
tok03,2021-07-18T12:00:00Z,social,0.5851
tok03,2021-07-25T12:00:00Z,flow,-1.0043
tok03,2021-07-25T12:00:00Z,social,-0.6406
tok03,2021-08-01T12:00:00Z,flow,-0.8764
tok03,2021-08-01T12:00:00Z,social,1.207
tok03,2021-08-08T12:00:00Z,flow,-0.43
tok03,2021-08-08T12:00:00Z,social,-0.1167
tok03,2021-08-15T12:00:00Z,flow,0.5688
tok03,2021-08-15T12:00:00Z,social,1.5491
tok03,2021-08-22T12:00:00Z,flow,-0.3543
tok03,2021-08-22T12:00:00Z,social,-1.2598
tok03,2021-08-29T12:00:00Z,flow,-0.0599
tok03,2021-08-29T12:00:00Z,social,0.8859
tok03,2021-09-05T12:00:00Z,flow,-0.857
tok03,2021-09-05T12:00:00Z,social,0.285
tok03,2021-09-12T12:00:00Z,flow,-0.6196
tok03,2021-09-12T12:00:00Z,social,0.7133
tok03,2021-09-19T12:00:00Z,flow,-0.4059
tok03,2021-09-19T12:00:00Z,social,0.6709
tok03,2021-09-26T12:00:00Z,flow,0.6513
tok03,2021-09-26T12:00:00Z,social,-1.1931
tok03,2021-10-03T12:00:00Z,flow,-1.3644
tok03,2021-10-03T12:00:00Z,social,-0.7256
tok03,2021-10-10T12:00:00Z,flow,0.1383
tok03,2021-10-10T12:00:00Z,social,0.2296
tok03,2021-10-17T12:00:00Z,flow,0.3502
tok03,2021-10-17T12:00:00Z,social,1.4657
tok03,2021-10-24T12:00:00Z,flow,-0.842
tok03,2021-10-24T12:00:00Z,social,-1.0221
tok03,2021-10-31T12:00:00Z,flow,1.7344
tok03,2021-10-31T12:00:00Z,social,-0.2315
tok03,2021-11-07T12:00:00Z,flow,-0.3601
tok03,2021-11-07T12:00:00Z,social,-0.8683
tok03,2021-11-14T12:00:00Z,flow,0.0781
tok03,2021-11-14T12:00:00Z,social,0.0193
tok03,2021-11-21T12:00:00Z,flow,-0.5403
tok03,2021-11-21T12:00:00Z,social,-1.0165
tok03,2021-11-28T12:00:00Z,flow,-0.8392
tok03,2021-11-28T12:00:00Z,social,-0.7231
tok03,2021-12-05T12:00:00Z,flow,0.1087
tok03,2021-12-05T12:00:00Z,social,-0.708
tok03,2021-12-12T12:00:00Z,flow,-1.0831
tok03,2021-12-12T12:00:00Z,social,0.7231
tok03,2021-12-19T12:00:00Z,flow,2.167
tok03,2021-12-19T12:00:00Z,social,0.9427
tok03,2021-12-26T12:00:00Z,flow,-0.648
tok03,2021-12-26T12:00:00Z,social,-0.5368
tok03,2022-01-02T12:00:00Z,flow,-1.3788
tok03,2022-01-02T12:00:00Z,social,-0.6405
tok03,2022-01-09T12:00:00Z,flow,-0.1801
tok03,2022-01-09T12:00:00Z,social,-0.3696
tok03,2022-01-16T12:00:00Z,flow,0.6747
tok03,2022-01-16T12:00:00Z,social,-1.466
tok03,2022-01-23T12:00:00Z,flow,-0.5302
tok03,2022-01-23T12:00:00Z,social,1.1745
tok03,2022-01-30T12:00:00Z,flow,0.7713
tok03,2022-01-30T12:00:00Z,social,0.5589
tok03,2022-02-06T12:00:00Z,flow,-0.4883
tok03,2022-02-06T12:00:00Z,social,-0.3287
tok03,2022-02-13T12:00:00Z,flow,-0.6001
tok03,2022-02-13T12:00:00Z,social,-0.2807
tok03,2022-02-20T12:00:00Z,flow,0.0802
tok03,2022-02-20T12:00:00Z,social,-0.184
tok03,2022-02-27T12:00:00Z,flow,1.3874
tok03,2022-02-27T12:00:00Z,social,-1.0067
tok03,2022-03-06T12:00:00Z,flow,-0.2889
tok03,2022-03-06T12:00:00Z,social,0.5575
tok03,2022-03-13T12:00:00Z,flow,0.8576
tok03,2022-03-13T12:00:00Z,social,-0.3881
tok03,2022-03-20T12:00:00Z,flow,-0.6972
tok03,2022-03-20T12:00:00Z,social,0.3079
tok03,2022-03-27T12:00:00Z,flow,0.6378
tok03,2022-03-27T12:00:00Z,social,-1.1587
tok03,2022-04-03T12:00:00Z,flow,-0.8841
tok03,2022-04-03T12:00:00Z,social,0.271
tok03,2022-04-10T12:00:00Z,flow,-0.3955
tok03,2022-04-10T12:00:00Z,social,1.9317
tok03,2022-04-17T12:00:00Z,flow,1.8672
tok03,2022-04-17T12:00:00Z,social,-0.2019
tok03,2022-04-24T12:00:00Z,flow,-0.3017
tok03,2022-04-24T12:00:00Z,social,0.915
tok03,2022-05-01T12:00:00Z,flow,-1.3744
tok03,2022-05-01T12:00:00Z,social,0.113
tok03,2022-05-08T12:00:00Z,flow,0.1538
tok03,2022-05-08T12:00:00Z,social,-0.5578
tok03,2022-05-15T12:00:00Z,flow,-1.0474
tok03,2022-05-15T12:00:00Z,social,0.2195
tok03,2022-05-22T12:00:00Z,flow,-0.9177
tok03,2022-05-22T12:00:00Z,social,-0.9738
tok03,2022-05-29T12:00:00Z,flow,0.1924
tok03,2022-05-29T12:00:00Z,social,-1.3954
tok03,2022-06-05T12:00:00Z,flow,0.3544
tok03,2022-06-05T12:00:00Z,social,-1.2497
tok03,2022-06-12T12:00:00Z,flow,-0.915
tok03,2022-06-12T12:00:00Z,social,-0.5963
tok03,2022-06-19T12:00:00Z,flow,1.5058
tok03,2022-06-19T12:00:00Z,social,-0.2665
tok03,2022-06-26T12:00:00Z,flow,-0.0671
tok03,2022-06-26T12:00:00Z,social,-0.4574
tok03,2022-07-03T12:00:00Z,flow,-0.148
tok03,2022-07-03T12:00:00Z,social,-0.0208
tok03,2022-07-10T12:00:00Z,flow,0.6786
tok03,2022-07-10T12:00:00Z,social,-0.4533
tok03,2022-07-17T12:00:00Z,flow,0.0576
tok03,2022-07-17T12:00:00Z,social,0.7963
tok03,2022-07-24T12:00:00Z,flow,0.9082
tok03,2022-07-24T12:00:00Z,social,-0.8866
tok03,2022-07-31T12:00:00Z,flow,0.1884
tok03,2022-07-31T12:00:00Z,social,-0.4917
tok03,2022-08-07T12:00:00Z,flow,0.7238
tok03,2022-08-07T12:00:00Z,social,3.409
tok03,2022-08-14T12:00:00Z,flow,1.2342
tok03,2022-08-14T12:00:00Z,social,-0.7031
tok03,2022-08-21T12:00:00Z,flow,0.858
tok03,2022-08-21T12:00:00Z,social,0.5414
tok03,2022-08-28T12:00:00Z,flow,0.7554
tok03,2022-08-28T12:00:00Z,social,-0.3729
tok03,2022-09-04T12:00:00Z,flow,-0.6423
tok03,2022-09-04T12:00:00Z,social,1.0087
tok03,2022-09-11T12:00:00Z,flow,-1.1797
tok03,2022-09-11T12:00:00Z,social,-0.7515
tok03,2022-09-18T12:00:00Z,flow,0.4664
tok03,2022-09-18T12:00:00Z,social,0.0369
tok03,2022-09-25T12:00:00Z,flow,-0.0979
tok03,2022-09-25T12:00:00Z,social,-0.5791
tok03,2022-10-02T12:00:00Z,flow,-1.0966
tok03,2022-10-02T12:00:00Z,social,-0.0981
tok03,2022-10-09T12:00:00Z,flow,0.5348
tok03,2022-10-09T12:00:00Z,social,-1.8134
tok03,2022-10-16T12:00:00Z,flow,-2.3604
tok03,2022-10-16T12:00:00Z,social,0.6585
tok03,2022-10-23T12:00:00Z,flow,0.8277
tok03,2022-10-23T12:00:00Z,social,-0.9399
tok03,2022-10-30T12:00:00Z,flow,0.8312
tok03,2022-10-30T12:00:00Z,social,0.3544
tok03,2022-11-06T12:00:00Z,flow,-0.8339
tok03,2022-11-06T12:00:00Z,social,-0.8201
tok03,2022-11-13T12:00:00Z,flow,0.617
tok03,2022-11-13T12:00:00Z,social,0.4232
tok03,2022-11-20T12:00:00Z,flow,0.5203
tok03,2022-11-20T12:00:00Z,social,-0.9091
tok03,2022-11-27T12:00:00Z,flow,-0.1108
tok03,2022-11-27T12:00:00Z,social,-1.0911
tok03,2022-12-04T12:00:00Z,flow,1.1074
tok03,2022-12-04T12:00:00Z,social,-0.249
tok03,2022-12-11T12:00:00Z,flow,0.6607
tok03,2022-12-11T12:00:00Z,social,1.2919
tok03,2022-12-18T12:00:00Z,flow,-1.794
tok03,2022-12-18T12:00:00Z,social,-0.6364
tok03,2022-12-25T12:00:00Z,flow,-0.6156
tok03,2022-12-25T12:00:00Z,social,-1.0697
tok03,2023-01-01T12:00:00Z,flow,-0.2324
tok03,2023-01-01T12:00:00Z,social,-1.611
tok03,2023-01-08T12:00:00Z,flow,-0.7929
tok03,2023-01-08T12:00:00Z,social,1.2238
tok03,2023-01-15T12:00:00Z,flow,-1.2371
tok03,2023-01-15T12:00:00Z,social,-1.2921
tok03,2023-01-22T12:00:00Z,flow,-0.131
tok03,2023-01-22T12:00:00Z,social,-0.2314
tok03,2023-01-29T12:00:00Z,flow,0.2286
tok03,2023-01-29T12:00:00Z,social,1.9529
tok03,2023-02-05T12:00:00Z,flow,-0.3883
tok03,2023-02-05T12:00:00Z,social,-0.1542
tok03,2023-02-12T12:00:00Z,flow,-1.0594
tok03,2023-02-12T12:00:00Z,social,-0.73
tok03,2023-02-19T12:00:00Z,flow,1.1833
tok03,2023-02-19T12:00:00Z,social,0.6507
tok03,2023-02-26T12:00:00Z,flow,1.0787
tok03,2023-02-26T12:00:00Z,social,0.9329
tok03,2023-03-05T12:00:00Z,flow,0.3684
tok03,2023-03-05T12:00:00Z,social,-0.0812
tok03,2023-03-12T12:00:00Z,flow,-0.7412
tok03,2023-03-12T12:00:00Z,social,-1.2952
tok03,2023-03-19T12:00:00Z,flow,0.3903
tok03,2023-03-19T12:00:00Z,social,0.6478
tok03,2023-03-26T12:00:00Z,flow,0.1464
tok03,2023-03-26T12:00:00Z,social,-0.3731
tok03,2023-04-02T12:00:00Z,flow,-0.2836
tok03,2023-04-02T12:00:00Z,social,2.0451
tok03,2023-04-09T12:00:00Z,flow,-0.2015
tok03,2023-04-09T12:00:00Z,social,-0.6433
tok03,2023-04-16T12:00:00Z,flow,-0.2921
tok03,2023-04-16T12:00:00Z,social,-0.6797
tok03,2023-04-23T12:00:00Z,flow,1.0657
tok03,2023-04-23T12:00:00Z,social,-0.5531
tok03,2023-04-30T12:00:00Z,flow,-0.7453
tok03,2023-04-30T12:00:00Z,social,0.4171
tok03,2023-05-07T12:00:00Z,flow,-0.8103
tok03,2023-05-07T12:00:00Z,social,0.664
tok03,2023-05-14T12:00:00Z,flow,0.6053
tok03,2023-05-14T12:00:00Z,social,0.169
tok03,2023-05-21T12:00:00Z,flow,-0.8802
tok03,2023-05-21T12:00:00Z,social,-0.8177
tok03,2023-05-28T12:00:00Z,flow,0.5813
tok03,2023-05-28T12:00:00Z,social,-0.155
tok03,2023-06-04T12:00:00Z,flow,-1.564
tok03,2023-06-04T12:00:00Z,social,-1.6888
tok03,2023-06-11T12:00:00Z,flow,0.6406
tok03,2023-06-11T12:00:00Z,social,1.365
tok03,2023-06-18T12:00:00Z,flow,0.6052
tok03,2023-06-18T12:00:00Z,social,0.9394
tok03,2023-06-25T12:00:00Z,flow,-0.1764
tok03,2023-06-25T12:00:00Z,social,0.5354
tok03,2023-07-02T12:00:00Z,flow,-0.2574
tok03,2023-07-02T12:00:00Z,social,0.5349
tok03,2023-07-09T12:00:00Z,flow,-2.2023
tok03,2023-07-09T12:00:00Z,social,1.1085
tok03,2023-07-16T12:00:00Z,flow,-0.0963
tok03,2023-07-16T12:00:00Z,social,1.6521
tok03,2023-07-23T12:00:00Z,flow,1.7949
tok03,2023-07-23T12:00:00Z,social,-2.0094
tok03,2023-07-30T12:00:00Z,flow,-0.6838
tok03,2023-07-30T12:00:00Z,social,0.4393
tok03,2023-08-06T12:00:00Z,flow,-0.5553
tok03,2023-08-06T12:00:00Z,social,1.7614
tok03,2023-08-13T12:00:00Z,flow,0.9492
tok03,2023-08-13T12:00:00Z,social,-0.9952
tok03,2023-08-20T12:00:00Z,flow,-0.293
tok03,2023-08-20T12:00:00Z,social,-0.3203
tok03,2023-08-27T12:00:00Z,flow,-1.562
tok03,2023-08-27T12:00:00Z,social,0.1901
tok03,2023-09-03T12:00:00Z,flow,-0.1225
tok03,2023-09-03T12:00:00Z,social,-0.3846
tok03,2023-09-10T12:00:00Z,flow,0.3393
tok03,2023-09-10T12:00:00Z,social,-1.3351
tok03,2023-09-17T12:00:00Z,flow,0.1831
tok03,2023-09-17T12:00:00Z,social,-1.2872
tok03,2023-09-24T12:00:00Z,flow,-0.7507
tok03,2023-09-24T12:00:00Z,social,0.0476
tok03,2023-10-01T12:00:00Z,flow,-0.6629
tok03,2023-10-01T12:00:00Z,social,1.1397
tok03,2023-10-08T12:00:00Z,flow,1.1744
tok03,2023-10-08T12:00:00Z,social,0.1642
tok03,2023-10-15T12:00:00Z,flow,0.9659
tok03,2023-10-15T12:00:00Z,social,0.614
tok03,2023-10-22T12:00:00Z,flow,0.711
tok03,2023-10-22T12:00:00Z,social,-1.7637
tok03,2023-10-29T12:00:00Z,flow,1.5286
tok03,2023-10-29T12:00:00Z,social,0.1601
tok03,2023-11-05T12:00:00Z,flow,-0.9905
tok03,2023-11-05T12:00:00Z,social,-0.5967
tok03,2023-11-12T12:00:00Z,flow,-0.4748
tok03,2023-11-12T12:00:00Z,social,1.5687
tok03,2023-11-19T12:00:00Z,flow,-0.8894
tok03,2023-11-19T12:00:00Z,social,-0.6884
tok03,2023-11-26T12:00:00Z,flow,-1.9018
tok03,2023-11-26T12:00:00Z,social,-0.0096
tok03,2023-12-03T12:00:00Z,flow,-0.8318
tok03,2023-12-03T12:00:00Z,social,0.5456
tok03,2023-12-10T12:00:00Z,flow,1.3236
tok03,2023-12-10T12:00:00Z,social,1.8738
tok03,2023-12-17T12:00:00Z,flow,1.5475
tok03,2023-12-17T12:00:00Z,social,0.262
tok03,2023-12-24T12:00:00Z,flow,0.9063
tok03,2023-12-24T12:00:00Z,social,-1.6281
tok03,2023-12-31T12:00:00Z,flow,-1.2292
tok03,2023-12-31T12:00:00Z,social,-0.1026
tok04,2021-01-03T12:00:00Z,flow,-1.3032
tok04,2021-01-03T12:00:00Z,social,0.4327
tok04,2021-01-10T12:00:00Z,flow,2.0428
tok04,2021-01-10T12:00:00Z,social,-0.0651
tok04,2021-01-17T12:00:00Z,flow,-1.1074
tok04,2021-01-17T12:00:00Z,social,0.1396
tok04,2021-01-24T12:00:00Z,flow,-0.2588
tok04,2021-01-24T12:00:00Z,social,1.0914
tok04,2021-01-31T12:00:00Z,flow,0.6169
tok04,2021-01-31T12:00:00Z,social,-1.5641
tok04,2021-02-07T12:00:00Z,flow,-0.9005
tok04,2021-02-07T12:00:00Z,social,0.2642
tok04,2021-02-14T12:00:00Z,flow,2.8716
tok04,2021-02-14T12:00:00Z,social,-1.4979
tok04,2021-02-21T12:00:00Z,flow,-0.5636
tok04,2021-02-21T12:00:00Z,social,-1.0046
tok04,2021-02-28T12:00:00Z,flow,-1.6057
tok04,2021-02-28T12:00:00Z,social,-0.9728
tok04,2021-03-07T12:00:00Z,flow,3.1
tok04,2021-03-07T12:00:00Z,social,-0.537
tok04,2021-03-14T12:00:00Z,flow,-0.7015
tok04,2021-03-14T12:00:00Z,social,-0.2646
tok04,2021-03-21T12:00:00Z,flow,-1.3352
tok04,2021-03-21T12:00:00Z,social,1.0822
tok04,2021-03-28T12:00:00Z,flow,-0.0512
tok04,2021-03-28T12:00:00Z,social,0.0506
tok04,2021-04-04T12:00:00Z,flow,-0.2577
tok04,2021-04-04T12:00:00Z,social,-0.3941
tok04,2021-04-11T12:00:00Z,flow,0.615
tok04,2021-04-11T12:00:00Z,social,-0.6878
tok04,2021-04-18T12:00:00Z,flow,-0.4825
tok04,2021-04-18T12:00:00Z,social,-0.3363
tok04,2021-04-25T12:00:00Z,flow,0.3949
tok04,2021-04-25T12:00:00Z,social,0.8943
tok04,2021-05-02T12:00:00Z,flow,-1.2908
tok04,2021-05-02T12:00:00Z,social,-0.549
tok04,2021-05-09T12:00:00Z,flow,0.751
tok04,2021-05-09T12:00:00Z,social,2.1053
tok04,2021-05-16T12:00:00Z,flow,0.8795
tok04,2021-05-16T12:00:00Z,social,-1.1805
tok04,2021-05-23T12:00:00Z,flow,0.3865
tok04,2021-05-23T12:00:00Z,social,2.2105
tok04,2021-05-30T12:00:00Z,flow,-0.4516
tok04,2021-05-30T12:00:00Z,social,-0.901
tok04,2021-06-06T12:00:00Z,flow,-0.7475
tok04,2021-06-06T12:00:00Z,social,-0.7236
tok04,2021-06-13T12:00:00Z,flow,0.9788
tok04,2021-06-13T12:00:00Z,social,-0.8743
tok04,2021-06-20T12:00:00Z,flow,1.0434
tok04,2021-06-20T12:00:00Z,social,1.6464
tok04,2021-06-27T12:00:00Z,flow,0.3161
tok04,2021-06-27T12:00:00Z,social,0.8069
tok04,2021-07-04T12:00:00Z,flow,0.7352
tok04,2021-07-04T12:00:00Z,social,1.0061
tok04,2021-07-11T12:00:00Z,flow,0.3076
tok04,2021-07-11T12:00:00Z,social,0.4972
tok04,2021-07-18T12:00:00Z,flow,0.7504
tok04,2021-07-18T12:00:00Z,social,-0.0215
tok04,2021-07-25T12:00:00Z,flow,-1.0242
tok04,2021-07-25T12:00:00Z,social,-2.9143
tok04,2021-08-01T12:00:00Z,flow,0.8228
tok04,2021-08-01T12:00:00Z,social,0.5028
tok04,2021-08-08T12:00:00Z,flow,-0.8447
tok04,2021-08-08T12:00:00Z,social,0.5758
tok04,2021-08-15T12:00:00Z,flow,-0.6356
tok04,2021-08-15T12:00:00Z,social,-0.0231
tok04,2021-08-22T12:00:00Z,flow,-0.2134
tok04,2021-08-22T12:00:00Z,social,-0.1537
tok04,2021-08-29T12:00:00Z,flow,0.4417
tok04,2021-08-29T12:00:00Z,social,0.4847
tok04,2021-09-05T12:00:00Z,flow,0.1635
tok04,2021-09-05T12:00:00Z,social,1.2374
tok04,2021-09-12T12:00:00Z,flow,-0.25
tok04,2021-09-12T12:00:00Z,social,-0.038
tok04,2021-09-19T12:00:00Z,flow,1.2991
tok04,2021-09-19T12:00:00Z,social,0.9731
tok04,2021-09-26T12:00:00Z,flow,0.2643
tok04,2021-09-26T12:00:00Z,social,-1.365
tok04,2021-10-03T12:00:00Z,flow,-0.4734
tok04,2021-10-03T12:00:00Z,social,0.2973
tok04,2021-10-10T12:00:00Z,flow,-1.4155
tok04,2021-10-10T12:00:00Z,social,0.736
tok04,2021-10-17T12:00:00Z,flow,-1.331
tok04,2021-10-17T12:00:00Z,social,-1.389
tok04,2021-10-24T12:00:00Z,flow,-1.1117
tok04,2021-10-24T12:00:00Z,social,0.1882
tok04,2021-10-31T12:00:00Z,flow,0.791
tok04,2021-10-31T12:00:00Z,social,-0.7987
tok04,2021-11-07T12:00:00Z,flow,-2.5699
tok04,2021-11-07T12:00:00Z,social,-0.8264
tok04,2021-11-14T12:00:00Z,flow,0.9015
tok04,2021-11-14T12:00:00Z,social,0.0567
tok04,2021-11-21T12:00:00Z,flow,-0.2777
tok04,2021-11-21T12:00:00Z,social,-0.7578
tok04,2021-11-28T12:00:00Z,flow,-0.243
tok04,2021-11-28T12:00:00Z,social,0.2765
tok04,2021-12-05T12:00:00Z,flow,0.9749
tok04,2021-12-05T12:00:00Z,social,-0.6804
tok04,2021-12-12T12:00:00Z,flow,-0.9132
tok04,2021-12-12T12:00:00Z,social,1.5339
tok04,2021-12-19T12:00:00Z,flow,2.8489
tok04,2021-12-19T12:00:00Z,social,-0.6361
tok04,2021-12-26T12:00:00Z,flow,1.6422
tok04,2021-12-26T12:00:00Z,social,0.456
tok04,2022-01-02T12:00:00Z,flow,-0.3595
tok04,2022-01-02T12:00:00Z,social,-1.5811
tok04,2022-01-09T12:00:00Z,flow,-1.0757
tok04,2022-01-09T12:00:00Z,social,1.6467
tok04,2022-01-16T12:00:00Z,flow,-1.1358
tok04,2022-01-16T12:00:00Z,social,-0.2308
tok04,2022-01-23T12:00:00Z,flow,-1.5994
tok04,2022-01-23T12:00:00Z,social,-0.1473
tok04,2022-01-30T12:00:00Z,flow,0.7177
tok04,2022-01-30T12:00:00Z,social,0.16
tok04,2022-02-06T12:00:00Z,flow,-1.862
tok04,2022-02-06T12:00:00Z,social,-0.4209
tok04,2022-02-13T12:00:00Z,flow,-0.8798
tok04,2022-02-13T12:00:00Z,social,-0.2522
tok04,2022-02-20T12:00:00Z,flow,1.5158
tok04,2022-02-20T12:00:00Z,social,0.7829
tok04,2022-02-27T12:00:00Z,flow,-0.7419
tok04,2022-02-27T12:00:00Z,social,1.7249
tok04,2022-03-06T12:00:00Z,flow,-0.3837
tok04,2022-03-06T12:00:00Z,social,-0.5235
tok04,2022-03-13T12:00:00Z,flow,2.1599
tok04,2022-03-13T12:00:00Z,social,-0.1013
tok04,2022-03-20T12:00:00Z,flow,-0.2288
tok04,2022-03-20T12:00:00Z,social,1.183
tok04,2022-03-27T12:00:00Z,flow,0.8355
tok04,2022-03-27T12:00:00Z,social,1.5772
tok04,2022-04-03T12:00:00Z,flow,0.5543
tok04,2022-04-03T12:00:00Z,social,0.7107
tok04,2022-04-10T12:00:00Z,flow,-1.2469
tok04,2022-04-10T12:00:00Z,social,-0.8019
tok04,2022-04-17T12:00:00Z,flow,1.1083
tok04,2022-04-17T12:00:00Z,social,-0.368
tok04,2022-04-24T12:00:00Z,flow,-0.2518
tok04,2022-04-24T12:00:00Z,social,-0.1774
tok04,2022-05-01T12:00:00Z,flow,0.1997
tok04,2022-05-01T12:00:00Z,social,-0.02
tok04,2022-05-08T12:00:00Z,flow,0.2553
tok04,2022-05-08T12:00:00Z,social,-0.4724
tok04,2022-05-15T12:00:00Z,flow,0.337
tok04,2022-05-15T12:00:00Z,social,-0.5428
tok04,2022-05-22T12:00:00Z,flow,-0.1515
tok04,2022-05-22T12:00:00Z,social,-1.4018
tok04,2022-05-29T12:00:00Z,flow,0.5118
tok04,2022-05-29T12:00:00Z,social,-0.3361
tok04,2022-06-05T12:00:00Z,flow,-0.7261
tok04,2022-06-05T12:00:00Z,social,-0.2994
tok04,2022-06-12T12:00:00Z,flow,-1.0157
tok04,2022-06-12T12:00:00Z,social,0.384
tok04,2022-06-19T12:00:00Z,flow,0.4986
tok04,2022-06-19T12:00:00Z,social,-0.501
tok04,2022-06-26T12:00:00Z,flow,-0.52
tok04,2022-06-26T12:00:00Z,social,-0.0903
tok04,2022-07-03T12:00:00Z,flow,-0.4904
tok04,2022-07-03T12:00:00Z,social,2.256
tok04,2022-07-10T12:00:00Z,flow,-1.2624
tok04,2022-07-10T12:00:00Z,social,-0.8366
tok04,2022-07-17T12:00:00Z,flow,-0.4978
tok04,2022-07-17T12:00:00Z,social,-1.2491
tok04,2022-07-24T12:00:00Z,flow,1.684
tok04,2022-07-24T12:00:00Z,social,-1.5
tok04,2022-07-31T12:00:00Z,flow,1.2992
tok04,2022-07-31T12:00:00Z,social,-0.647
tok04,2022-08-07T12:00:00Z,flow,-0.1842
tok04,2022-08-07T12:00:00Z,social,0.079
tok04,2022-08-14T12:00:00Z,flow,-0.0632
tok04,2022-08-14T12:00:00Z,social,1.2024
tok04,2022-08-21T12:00:00Z,flow,-0.7496
tok04,2022-08-21T12:00:00Z,social,-1.2823
tok04,2022-08-28T12:00:00Z,flow,-0.9658
tok04,2022-08-28T12:00:00Z,social,-1.8577
tok04,2022-09-04T12:00:00Z,flow,0.8287
tok04,2022-09-04T12:00:00Z,social,-0.5643
tok04,2022-09-11T12:00:00Z,flow,-0.5554
tok04,2022-09-11T12:00:00Z,social,0.1029
tok04,2022-09-18T12:00:00Z,flow,-0.9311
tok04,2022-09-18T12:00:00Z,social,-0.2326
tok04,2022-09-25T12:00:00Z,flow,0.4234
tok04,2022-09-25T12:00:00Z,social,1.2509
tok04,2022-10-02T12:00:00Z,flow,1.6042
tok04,2022-10-02T12:00:00Z,social,-0.9381
tok04,2022-10-09T12:00:00Z,flow,1.4282
tok04,2022-10-09T12:00:00Z,social,0.9895
tok04,2022-10-16T12:00:00Z,flow,-0.0626
tok04,2022-10-16T12:00:00Z,social,-0.3384
tok04,2022-10-23T12:00:00Z,flow,0.6081
tok04,2022-10-23T12:00:00Z,social,-1.2633
tok04,2022-10-30T12:00:00Z,flow,0.251
tok04,2022-10-30T12:00:00Z,social,-0.7916
tok04,2022-11-06T12:00:00Z,flow,0.6779
tok04,2022-11-06T12:00:00Z,social,0.3728
tok04,2022-11-13T12:00:00Z,flow,1.4248
tok04,2022-11-13T12:00:00Z,social,0.3003
tok04,2022-11-20T12:00:00Z,flow,-1.4349
tok04,2022-11-20T12:00:00Z,social,0.4112
tok04,2022-11-27T12:00:00Z,flow,-0.5695
tok04,2022-11-27T12:00:00Z,social,-1.8086
tok04,2022-12-04T12:00:00Z,flow,-0.1614
tok04,2022-12-04T12:00:00Z,social,-0.6445
tok04,2022-12-11T12:00:00Z,flow,0.6336
tok04,2022-12-11T12:00:00Z,social,1.0322
tok04,2022-12-18T12:00:00Z,flow,0.5697
tok04,2022-12-18T12:00:00Z,social,1.8692
tok04,2022-12-25T12:00:00Z,flow,1.3372
tok04,2022-12-25T12:00:00Z,social,-1.5077
tok04,2023-01-01T12:00:00Z,flow,0.1912
tok04,2023-01-01T12:00:00Z,social,1.0776
tok04,2023-01-08T12:00:00Z,flow,0.7805
tok04,2023-01-08T12:00:00Z,social,-0.6443
tok04,2023-01-15T12:00:00Z,flow,-0.9886
tok04,2023-01-15T12:00:00Z,social,0.3678
tok04,2023-01-22T12:00:00Z,flow,0.8719
tok04,2023-01-22T12:00:00Z,social,-1.802
tok04,2023-01-29T12:00:00Z,flow,0.7278
tok04,2023-01-29T12:00:00Z,social,-1.4211
tok04,2023-02-05T12:00:00Z,flow,-0.113
tok04,2023-02-05T12:00:00Z,social,0.226
tok04,2023-02-12T12:00:00Z,flow,2.4367
tok04,2023-02-12T12:00:00Z,social,1.0079
tok04,2023-02-19T12:00:00Z,flow,0.7791
tok04,2023-02-19T12:00:00Z,social,-0.8252
tok04,2023-02-26T12:00:00Z,flow,3.3007
tok04,2023-02-26T12:00:00Z,social,-0.4266
tok04,2023-03-05T12:00:00Z,flow,0.1202
tok04,2023-03-05T12:00:00Z,social,-0.581
tok04,2023-03-12T12:00:00Z,flow,-0.0562
tok04,2023-03-12T12:00:00Z,social,-0.3128
tok04,2023-03-19T12:00:00Z,flow,-1.3514
tok04,2023-03-19T12:00:00Z,social,0.14
tok04,2023-03-26T12:00:00Z,flow,-0.6076
tok04,2023-03-26T12:00:00Z,social,-0.7892
tok04,2023-04-02T12:00:00Z,flow,0.1991
tok04,2023-04-02T12:00:00Z,social,1.4055
tok04,2023-04-09T12:00:00Z,flow,-0.8762
tok04,2023-04-09T12:00:00Z,social,1.575
tok04,2023-04-16T12:00:00Z,flow,-0.5803
tok04,2023-04-16T12:00:00Z,social,-0.4533
tok04,2023-04-23T12:00:00Z,flow,-1.541
tok04,2023-04-23T12:00:00Z,social,-2.0278
tok04,2023-04-30T12:00:00Z,flow,-0.0528
tok04,2023-04-30T12:00:00Z,social,-0.474
tok04,2023-05-07T12:00:00Z,flow,0.0855
tok04,2023-05-07T12:00:00Z,social,-0.6943
tok04,2023-05-14T12:00:00Z,flow,-0.0364
tok04,2023-05-14T12:00:00Z,social,0.9895
tok04,2023-05-21T12:00:00Z,flow,-0.4795
tok04,2023-05-21T12:00:00Z,social,-0.6301
tok04,2023-05-28T12:00:00Z,flow,0.1884
tok04,2023-05-28T12:00:00Z,social,0.5417
tok04,2023-06-04T12:00:00Z,flow,-0.8133
tok04,2023-06-04T12:00:00Z,social,0.2314
tok04,2023-06-11T12:00:00Z,flow,-0.1476
tok04,2023-06-11T12:00:00Z,social,0.854
tok04,2023-06-18T12:00:00Z,flow,0.7776
tok04,2023-06-18T12:00:00Z,social,-0.033
tok04,2023-06-25T12:00:00Z,flow,0.1183
tok04,2023-06-25T12:00:00Z,social,0.8928
tok04,2023-07-02T12:00:00Z,flow,-1.2593
tok04,2023-07-02T12:00:00Z,social,-0.4321
tok04,2023-07-09T12:00:00Z,flow,-2.4427
tok04,2023-07-09T12:00:00Z,social,-0.6221
tok04,2023-07-16T12:00:00Z,flow,0.3213
tok04,2023-07-16T12:00:00Z,social,-0.4709
tok04,2023-07-23T12:00:00Z,flow,0.473
tok04,2023-07-23T12:00:00Z,social,-0.8486
tok04,2023-07-30T12:00:00Z,flow,0.8941
tok04,2023-07-30T12:00:00Z,social,1.0899
tok04,2023-08-06T12:00:00Z,flow,-0.4009
tok04,2023-08-06T12:00:00Z,social,0.9163
tok04,2023-08-13T12:00:00Z,flow,0.8111
tok04,2023-08-13T12:00:00Z,social,-1.067
tok04,2023-08-20T12:00:00Z,flow,-0.0379
tok04,2023-08-20T12:00:00Z,social,-0.8146
tok04,2023-08-27T12:00:00Z,flow,0.2131
tok04,2023-08-27T12:00:00Z,social,-0.704
tok04,2023-09-03T12:00:00Z,flow,-2.0283
tok04,2023-09-03T12:00:00Z,social,-0.1913
tok04,2023-09-10T12:00:00Z,flow,-0.6272
tok04,2023-09-10T12:00:00Z,social,-0.4371
tok04,2023-09-17T12:00:00Z,flow,0.8896
tok04,2023-09-17T12:00:00Z,social,0.8486
tok04,2023-09-24T12:00:00Z,flow,0.0137
tok04,2023-09-24T12:00:00Z,social,-1.7317
tok04,2023-10-01T12:00:00Z,flow,-0.8896
tok04,2023-10-01T12:00:00Z,social,-0.4531
tok04,2023-10-08T12:00:00Z,flow,-0.0549
tok04,2023-10-08T12:00:00Z,social,-2.7274
tok04,2023-10-15T12:00:00Z,flow,-0.0011
tok04,2023-10-15T12:00:00Z,social,-2.0979
tok04,2023-10-22T12:00:00Z,flow,1.1667
tok04,2023-10-22T12:00:00Z,social,-0.6493
tok04,2023-10-29T12:00:00Z,flow,0.4561
tok04,2023-10-29T12:00:00Z,social,0.2665
tok04,2023-11-05T12:00:00Z,flow,1.6698
tok04,2023-11-05T12:00:00Z,social,-0.8065
tok04,2023-11-12T12:00:00Z,flow,-0.6147
tok04,2023-11-12T12:00:00Z,social,-1.2609
tok04,2023-11-19T12:00:00Z,flow,-0.0849
tok04,2023-11-19T12:00:00Z,social,-0.3483
tok04,2023-11-26T12:00:00Z,flow,0.7591
tok04,2023-11-26T12:00:00Z,social,0.7896
tok04,2023-12-03T12:00:00Z,flow,0.1298
tok04,2023-12-03T12:00:00Z,social,-1.2819
tok04,2023-12-10T12:00:00Z,flow,-0.9932
tok04,2023-12-10T12:00:00Z,social,0.8678
tok04,2023-12-17T12:00:00Z,flow,0.44
tok04,2023-12-17T12:00:00Z,social,0.5208
tok04,2023-12-24T12:00:00Z,flow,-2.3679
tok04,2023-12-24T12:00:00Z,social,-2.7153
tok04,2023-12-31T12:00:00Z,flow,-1.2512
tok04,2023-12-31T12:00:00Z,social,0.171
tok05,2021-01-03T12:00:00Z,flow,0.9054
tok05,2021-01-03T12:00:00Z,social,-1.9108
tok05,2021-01-10T12:00:00Z,flow,0.6467
tok05,2021-01-10T12:00:00Z,social,-0.0441
tok05,2021-01-17T12:00:00Z,flow,0.1996
tok05,2021-01-17T12:00:00Z,social,1.2814
tok05,2021-01-24T12:00:00Z,flow,1.0557
tok05,2021-01-24T12:00:00Z,social,-0.0557
tok05,2021-01-31T12:00:00Z,flow,2.5479
tok05,2021-01-31T12:00:00Z,social,-1.7169
tok05,2021-02-07T12:00:00Z,flow,-0.3905
tok05,2021-02-07T12:00:00Z,social,-1.5263
tok05,2021-02-14T12:00:00Z,flow,0.8803
tok05,2021-02-14T12:00:00Z,social,1.7168
tok05,2021-02-21T12:00:00Z,flow,-0.1335
tok05,2021-02-21T12:00:00Z,social,0.5952
tok05,2021-02-28T12:00:00Z,flow,1.8122
tok05,2021-02-28T12:00:00Z,social,0.4127
tok05,2021-03-07T12:00:00Z,flow,-0.6987
tok05,2021-03-07T12:00:00Z,social,0.2274
tok05,2021-03-14T12:00:00Z,flow,0.1382
tok05,2021-03-14T12:00:00Z,social,2.1794
tok05,2021-03-21T12:00:00Z,flow,0.6374
tok05,2021-03-21T12:00:00Z,social,-0.9808
tok05,2021-03-28T12:00:00Z,flow,0.039
tok05,2021-03-28T12:00:00Z,social,0.5646
tok05,2021-04-04T12:00:00Z,flow,-0.1938
tok05,2021-04-04T12:00:00Z,social,1.1868
tok05,2021-04-11T12:00:00Z,flow,0.3103
tok05,2021-04-11T12:00:00Z,social,-0.592
tok05,2021-04-18T12:00:00Z,flow,-0.7824
tok05,2021-04-18T12:00:00Z,social,-2.2615
tok05,2021-04-25T12:00:00Z,flow,2.5529
tok05,2021-04-25T12:00:00Z,social,2.04
tok05,2021-05-02T12:00:00Z,flow,-0.8317
tok05,2021-05-02T12:00:00Z,social,0.3095
tok05,2021-05-09T12:00:00Z,flow,-0.0872
tok05,2021-05-09T12:00:00Z,social,-0.9533
tok05,2021-05-16T12:00:00Z,flow,0.0361
tok05,2021-05-16T12:00:00Z,social,-0.2132
tok05,2021-05-23T12:00:00Z,flow,0.3107
tok05,2021-05-23T12:00:00Z,social,0.5121
tok05,2021-05-30T12:00:00Z,flow,0.9508
tok05,2021-05-30T12:00:00Z,social,-0.0888
tok05,2021-06-06T12:00:00Z,flow,-2.0857
tok05,2021-06-06T12:00:00Z,social,1.0683
tok05,2021-06-13T12:00:00Z,flow,-0.3098
tok05,2021-06-13T12:00:00Z,social,1.9407
tok05,2021-06-20T12:00:00Z,flow,-0.7917
tok05,2021-06-20T12:00:00Z,social,0.1308
tok05,2021-06-27T12:00:00Z,flow,-0.6125
tok05,2021-06-27T12:00:00Z,social,-0.8595
tok05,2021-07-04T12:00:00Z,flow,-0.6771
tok05,2021-07-04T12:00:00Z,social,-1.4376
tok05,2021-07-11T12:00:00Z,flow,-0.0394
tok05,2021-07-11T12:00:00Z,social,1.4407
tok05,2021-07-18T12:00:00Z,flow,0.5935
tok05,2021-07-18T12:00:00Z,social,-2.6643
tok05,2021-07-25T12:00:00Z,flow,0.2271
tok05,2021-07-25T12:00:00Z,social,0.3511
tok05,2021-08-01T12:00:00Z,flow,1.1089
tok05,2021-08-01T12:00:00Z,social,0.399
tok05,2021-08-08T12:00:00Z,flow,-0.8024
tok05,2021-08-08T12:00:00Z,social,-0.1379
tok05,2021-08-15T12:00:00Z,flow,0.8393
tok05,2021-08-15T12:00:00Z,social,-0.0995
tok05,2021-08-22T12:00:00Z,flow,-0.3591
tok05,2021-08-22T12:00:00Z,social,-0.5921
tok05,2021-08-29T12:00:00Z,flow,-0.2576
tok05,2021-08-29T12:00:00Z,social,-0.6503
tok05,2021-09-05T12:00:00Z,flow,0.816
tok05,2021-09-05T12:00:00Z,social,0.8066
tok05,2021-09-12T12:00:00Z,flow,1.3691
tok05,2021-09-12T12:00:00Z,social,-2.0381
tok05,2021-09-19T12:00:00Z,flow,-0.2137
tok05,2021-09-19T12:00:00Z,social,0.4675
tok05,2021-09-26T12:00:00Z,flow,0.4453
tok05,2021-09-26T12:00:00Z,social,0.2897
tok05,2021-10-03T12:00:00Z,flow,0.8832
tok05,2021-10-03T12:00:00Z,social,0.0747
tok05,2021-10-10T12:00:00Z,flow,-1.1393
tok05,2021-10-10T12:00:00Z,social,1.065
tok05,2021-10-17T12:00:00Z,flow,-1.6557
tok05,2021-10-17T12:00:00Z,social,1.2409
tok05,2021-10-24T12:00:00Z,flow,0.4863
tok05,2021-10-24T12:00:00Z,social,0.2676
tok05,2021-10-31T12:00:00Z,flow,0.7423
tok05,2021-10-31T12:00:00Z,social,0.4506
tok05,2021-11-07T12:00:00Z,flow,-0.0351
tok05,2021-11-07T12:00:00Z,social,0.0835
tok05,2021-11-14T12:00:00Z,flow,-1.2175
tok05,2021-11-14T12:00:00Z,social,-1.9208
tok05,2021-11-21T12:00:00Z,flow,-1.3395
tok05,2021-11-21T12:00:00Z,social,-0.3673
tok05,2021-11-28T12:00:00Z,flow,-0.024
tok05,2021-11-28T12:00:00Z,social,-0.4676
tok05,2021-12-05T12:00:00Z,flow,0.6482
tok05,2021-12-05T12:00:00Z,social,-0.8228
tok05,2021-12-12T12:00:00Z,flow,-1.0938
tok05,2021-12-12T12:00:00Z,social,-1.2709
tok05,2021-12-19T12:00:00Z,flow,1.3508
tok05,2021-12-19T12:00:00Z,social,-1.1652
tok05,2021-12-26T12:00:00Z,flow,1.1265
tok05,2021-12-26T12:00:00Z,social,-2.0157
tok05,2022-01-02T12:00:00Z,flow,2.7927
tok05,2022-01-02T12:00:00Z,social,-0.009
tok05,2022-01-09T12:00:00Z,flow,-1.3493
tok05,2022-01-09T12:00:00Z,social,-1.0926
tok05,2022-01-16T12:00:00Z,flow,1.2455
tok05,2022-01-16T12:00:00Z,social,-0.794
tok05,2022-01-23T12:00:00Z,flow,-1.2704
tok05,2022-01-23T12:00:00Z,social,1.5529
tok05,2022-01-30T12:00:00Z,flow,2.004
tok05,2022-01-30T12:00:00Z,social,0.6903
tok05,2022-02-06T12:00:00Z,flow,0.2386
tok05,2022-02-06T12:00:00Z,social,0.3229
tok05,2022-02-13T12:00:00Z,flow,1.8378
tok05,2022-02-13T12:00:00Z,social,0.8877
tok05,2022-02-20T12:00:00Z,flow,1.3341
tok05,2022-02-20T12:00:00Z,social,1.0808
tok05,2022-02-27T12:00:00Z,flow,-0.3187
tok05,2022-02-27T12:00:00Z,social,0.5849
tok05,2022-03-06T12:00:00Z,flow,-0.0475
tok05,2022-03-06T12:00:00Z,social,-0.2625
tok05,2022-03-13T12:00:00Z,flow,0.7034
tok05,2022-03-13T12:00:00Z,social,0.2177
tok05,2022-03-20T12:00:00Z,flow,-1.0323
tok05,2022-03-20T12:00:00Z,social,1.5016
tok05,2022-03-27T12:00:00Z,flow,1.3398
tok05,2022-03-27T12:00:00Z,social,-0.6301
tok05,2022-04-03T12:00:00Z,flow,-0.0249
tok05,2022-04-03T12:00:00Z,social,0.1713
tok05,2022-04-10T12:00:00Z,flow,0.9669
tok05,2022-04-10T12:00:00Z,social,-1.0272
tok05,2022-04-17T12:00:00Z,flow,1.3488
tok05,2022-04-17T12:00:00Z,social,-0.4878
tok05,2022-04-24T12:00:00Z,flow,-1.408
tok05,2022-04-24T12:00:00Z,social,-2.1875
tok05,2022-05-01T12:00:00Z,flow,0.2903
tok05,2022-05-01T12:00:00Z,social,-1.1326
tok05,2022-05-08T12:00:00Z,flow,-0.7418
tok05,2022-05-08T12:00:00Z,social,-0.7549
tok05,2022-05-15T12:00:00Z,flow,-0.4102
tok05,2022-05-15T12:00:00Z,social,-0.8723
tok05,2022-05-22T12:00:00Z,flow,0.205
tok05,2022-05-22T12:00:00Z,social,-0.9738
tok05,2022-05-29T12:00:00Z,flow,-0.9699
tok05,2022-05-29T12:00:00Z,social,-0.6757
tok05,2022-06-05T12:00:00Z,flow,0.8
tok05,2022-06-05T12:00:00Z,social,0.7495
tok05,2022-06-12T12:00:00Z,flow,-0.5476
tok05,2022-06-12T12:00:00Z,social,-0.3604
tok05,2022-06-19T12:00:00Z,flow,1.2553
tok05,2022-06-19T12:00:00Z,social,-0.0345
tok05,2022-06-26T12:00:00Z,flow,-0.1245
tok05,2022-06-26T12:00:00Z,social,0.78
tok05,2022-07-03T12:00:00Z,flow,-0.4696
tok05,2022-07-03T12:00:00Z,social,-0.6214
tok05,2022-07-10T12:00:00Z,flow,1.6646
tok05,2022-07-10T12:00:00Z,social,-0.2523
tok05,2022-07-17T12:00:00Z,flow,-1.3598
tok05,2022-07-17T12:00:00Z,social,-1.5221
tok05,2022-07-24T12:00:00Z,flow,-0.1863
tok05,2022-07-24T12:00:00Z,social,-2.4243
tok05,2022-07-31T12:00:00Z,flow,1.1916
tok05,2022-07-31T12:00:00Z,social,1.1288
tok05,2022-08-07T12:00:00Z,flow,-0.773
tok05,2022-08-07T12:00:00Z,social,0.8003
tok05,2022-08-14T12:00:00Z,flow,-0.3613
tok05,2022-08-14T12:00:00Z,social,0.6491
tok05,2022-08-21T12:00:00Z,flow,-0.1416
tok05,2022-08-21T12:00:00Z,social,1.5608
tok05,2022-08-28T12:00:00Z,flow,-1.2187
tok05,2022-08-28T12:00:00Z,social,0.1896
tok05,2022-09-04T12:00:00Z,flow,-1.681
tok05,2022-09-04T12:00:00Z,social,-0.7685
tok05,2022-09-11T12:00:00Z,flow,1.392
tok05,2022-09-11T12:00:00Z,social,-0.3778
tok05,2022-09-18T12:00:00Z,flow,0.1873
tok05,2022-09-18T12:00:00Z,social,-0.6989
tok05,2022-09-25T12:00:00Z,flow,0.5421
tok05,2022-09-25T12:00:00Z,social,0.6598
tok05,2022-10-02T12:00:00Z,flow,0.402
tok05,2022-10-02T12:00:00Z,social,-0.9438
tok05,2022-10-09T12:00:00Z,flow,-0.7058
tok05,2022-10-09T12:00:00Z,social,0.9591
tok05,2022-10-16T12:00:00Z,flow,-0.7108
tok05,2022-10-16T12:00:00Z,social,0.6979
tok05,2022-10-23T12:00:00Z,flow,0.7229
tok05,2022-10-23T12:00:00Z,social,0.7975
tok05,2022-10-30T12:00:00Z,flow,-2.0267
tok05,2022-10-30T12:00:00Z,social,-0.5404
tok05,2022-11-06T12:00:00Z,flow,1.7766
tok05,2022-11-06T12:00:00Z,social,-0.79
tok05,2022-11-13T12:00:00Z,flow,-0.1259
tok05,2022-11-13T12:00:00Z,social,0.3883
tok05,2022-11-20T12:00:00Z,flow,0.2297
tok05,2022-11-20T12:00:00Z,social,0.6958
tok05,2022-11-27T12:00:00Z,flow,-0.0547
tok05,2022-11-27T12:00:00Z,social,0.6578
tok05,2022-12-04T12:00:00Z,flow,-0.9129
tok05,2022-12-04T12:00:00Z,social,0.5199
tok05,2022-12-11T12:00:00Z,flow,1.2334
tok05,2022-12-11T12:00:00Z,social,-1.5718
tok05,2022-12-18T12:00:00Z,flow,0.7634
tok05,2022-12-18T12:00:00Z,social,-2.6747
tok05,2022-12-25T12:00:00Z,flow,0.4696
tok05,2022-12-25T12:00:00Z,social,0.9002
tok05,2023-01-01T12:00:00Z,flow,1.244
tok05,2023-01-01T12:00:00Z,social,0.0229
tok05,2023-01-08T12:00:00Z,flow,0.6319
tok05,2023-01-08T12:00:00Z,social,0.0312
tok05,2023-01-15T12:00:00Z,flow,0.0731
tok05,2023-01-15T12:00:00Z,social,-0.957
tok05,2023-01-22T12:00:00Z,flow,1.8074
tok05,2023-01-22T12:00:00Z,social,1.6329
tok05,2023-01-29T12:00:00Z,flow,-0.2862
tok05,2023-01-29T12:00:00Z,social,-1.2544
tok05,2023-02-05T12:00:00Z,flow,0.1602
tok05,2023-02-05T12:00:00Z,social,-0.8487
tok05,2023-02-12T12:00:00Z,flow,-0.4912
tok05,2023-02-12T12:00:00Z,social,-0.2111
tok05,2023-02-19T12:00:00Z,flow,0.1748
tok05,2023-02-19T12:00:00Z,social,1.4306
tok05,2023-02-26T12:00:00Z,flow,0.2055
tok05,2023-02-26T12:00:00Z,social,0.4841
tok05,2023-03-05T12:00:00Z,flow,-0.0566
tok05,2023-03-05T12:00:00Z,social,1.1622
tok05,2023-03-12T12:00:00Z,flow,-0.5861
tok05,2023-03-12T12:00:00Z,social,-0.491
tok05,2023-03-19T12:00:00Z,flow,0.8892
tok05,2023-03-19T12:00:00Z,social,-0.464
tok05,2023-03-26T12:00:00Z,flow,-0.5383
tok05,2023-03-26T12:00:00Z,social,-0.9015
tok05,2023-04-02T12:00:00Z,flow,-0.9348
tok05,2023-04-02T12:00:00Z,social,0.6972
tok05,2023-04-09T12:00:00Z,flow,1.0086
tok05,2023-04-09T12:00:00Z,social,-1.3874
tok05,2023-04-16T12:00:00Z,flow,-0.7428
tok05,2023-04-16T12:00:00Z,social,0.5766
tok05,2023-04-23T12:00:00Z,flow,-0.3919
tok05,2023-04-23T12:00:00Z,social,-0.6309
tok05,2023-04-30T12:00:00Z,flow,-1.9443
tok05,2023-04-30T12:00:00Z,social,-0.0205
tok05,2023-05-07T12:00:00Z,flow,-1.4682
tok05,2023-05-07T12:00:00Z,social,-0.6236
tok05,2023-05-14T12:00:00Z,flow,0.037
tok05,2023-05-14T12:00:00Z,social,0.5041
tok05,2023-05-21T12:00:00Z,flow,-1.1239
tok05,2023-05-21T12:00:00Z,social,-1.3783
tok05,2023-05-28T12:00:00Z,flow,-0.4427
tok05,2023-05-28T12:00:00Z,social,-0.3261
tok05,2023-06-04T12:00:00Z,flow,-1.0477
tok05,2023-06-04T12:00:00Z,social,-0.2409
tok05,2023-06-11T12:00:00Z,flow,0.311
tok05,2023-06-11T12:00:00Z,social,0.1841
tok05,2023-06-18T12:00:00Z,flow,-0.7425
tok05,2023-06-18T12:00:00Z,social,0.4321
tok05,2023-06-25T12:00:00Z,flow,0.4088
tok05,2023-06-25T12:00:00Z,social,0.3887
tok05,2023-07-02T12:00:00Z,flow,1.5823
tok05,2023-07-02T12:00:00Z,social,-0.4805
tok05,2023-07-09T12:00:00Z,flow,0.2887
tok05,2023-07-09T12:00:00Z,social,-2.3916
tok05,2023-07-16T12:00:00Z,flow,-1.0765
tok05,2023-07-16T12:00:00Z,social,-0.0543
tok05,2023-07-23T12:00:00Z,flow,-0.619
tok05,2023-07-23T12:00:00Z,social,1.2781
tok05,2023-07-30T12:00:00Z,flow,2.1654
tok05,2023-07-30T12:00:00Z,social,-2.7708
tok05,2023-08-06T12:00:00Z,flow,0.6308
tok05,2023-08-06T12:00:00Z,social,-0.0242
tok05,2023-08-13T12:00:00Z,flow,-1.1602
tok05,2023-08-13T12:00:00Z,social,0.3479
tok05,2023-08-20T12:00:00Z,flow,-0.2331
tok05,2023-08-20T12:00:00Z,social,0.0632
tok05,2023-08-27T12:00:00Z,flow,0.8413
tok05,2023-08-27T12:00:00Z,social,-0.6424
tok05,2023-09-03T12:00:00Z,flow,0.7302
tok05,2023-09-03T12:00:00Z,social,-1.3527
tok05,2023-09-10T12:00:00Z,flow,0.4006
tok05,2023-09-10T12:00:00Z,social,2.1086
tok05,2023-09-17T12:00:00Z,flow,0.2745
tok05,2023-09-17T12:00:00Z,social,0.4389
tok05,2023-09-24T12:00:00Z,flow,0.5392
tok05,2023-09-24T12:00:00Z,social,1.5031
tok05,2023-10-01T12:00:00Z,flow,-0.0452
tok05,2023-10-01T12:00:00Z,social,0.9197
tok05,2023-10-08T12:00:00Z,flow,-0.3755
tok05,2023-10-08T12:00:00Z,social,1.3603
tok05,2023-10-15T12:00:00Z,flow,-1.6619
tok05,2023-10-15T12:00:00Z,social,-0.1707
tok05,2023-10-22T12:00:00Z,flow,0.8003
tok05,2023-10-22T12:00:00Z,social,0.398
tok05,2023-10-29T12:00:00Z,flow,-1.3164
tok05,2023-10-29T12:00:00Z,social,0.299
tok05,2023-11-05T12:00:00Z,flow,-0.1904
tok05,2023-11-05T12:00:00Z,social,-0.2583
tok05,2023-11-12T12:00:00Z,flow,0.1809
tok05,2023-11-12T12:00:00Z,social,2.1989
tok05,2023-11-19T12:00:00Z,flow,0.203
tok05,2023-11-19T12:00:00Z,social,0.1315
tok05,2023-11-26T12:00:00Z,flow,-0.1714
tok05,2023-11-26T12:00:00Z,social,-0.2362
tok05,2023-12-03T12:00:00Z,flow,-1.2591
tok05,2023-12-03T12:00:00Z,social,0.5395
tok05,2023-12-10T12:00:00Z,flow,-1.3764
tok05,2023-12-10T12:00:00Z,social,0.0334
tok05,2023-12-17T12:00:00Z,flow,-0.4267
tok05,2023-12-17T12:00:00Z,social,0.6643
tok05,2023-12-24T12:00:00Z,flow,0.4128
tok05,2023-12-24T12:00:00Z,social,-2.7287
tok05,2023-12-31T12:00:00Z,flow,0.3755
tok05,2023-12-31T12:00:00Z,social,-0.3805
tok06,2021-01-03T12:00:00Z,flow,0.4464
tok06,2021-01-03T12:00:00Z,social,-0.9906
tok06,2021-01-10T12:00:00Z,flow,0.6631
tok06,2021-01-10T12:00:00Z,social,2.0052
tok06,2021-01-17T12:00:00Z,flow,-0.4667
tok06,2021-01-17T12:00:00Z,social,-0.6903
tok06,2021-01-24T12:00:00Z,flow,-2.2509
tok06,2021-01-24T12:00:00Z,social,-0.5629
tok06,2021-01-31T12:00:00Z,flow,-1.0009
tok06,2021-01-31T12:00:00Z,social,0.4152
tok06,2021-02-07T12:00:00Z,flow,1.6273
tok06,2021-02-07T12:00:00Z,social,-0.7166
tok06,2021-02-14T12:00:00Z,flow,-1.1393
tok06,2021-02-14T12:00:00Z,social,-0.1053
tok06,2021-02-21T12:00:00Z,flow,-1.1705
tok06,2021-02-21T12:00:00Z,social,-2.7629
tok06,2021-02-28T12:00:00Z,flow,-0.6027
tok06,2021-02-28T12:00:00Z,social,0.1166
tok06,2021-03-07T12:00:00Z,flow,-0.7298
tok06,2021-03-07T12:00:00Z,social,-1.2971
tok06,2021-03-14T12:00:00Z,flow,-0.2909
tok06,2021-03-14T12:00:00Z,social,-0.5011
tok06,2021-03-21T12:00:00Z,flow,-0.0306
tok06,2021-03-21T12:00:00Z,social,-0.6222
tok06,2021-03-28T12:00:00Z,flow,1.1897
tok06,2021-03-28T12:00:00Z,social,-1.1338
tok06,2021-04-04T12:00:00Z,flow,-1.695
tok06,2021-04-04T12:00:00Z,social,0.466
tok06,2021-04-11T12:00:00Z,flow,-0.3495
tok06,2021-04-11T12:00:00Z,social,0.476
tok06,2021-04-18T12:00:00Z,flow,-0.1842
tok06,2021-04-18T12:00:00Z,social,-0.3076
tok06,2021-04-25T12:00:00Z,flow,-0.0914
tok06,2021-04-25T12:00:00Z,social,2.0588
tok06,2021-05-02T12:00:00Z,flow,-0.1622
tok06,2021-05-02T12:00:00Z,social,0.8949
tok06,2021-05-09T12:00:00Z,flow,1.1309
tok06,2021-05-09T12:00:00Z,social,-0.951
tok06,2021-05-16T12:00:00Z,flow,-1.9714
tok06,2021-05-16T12:00:00Z,social,1.5654
tok06,2021-05-23T12:00:00Z,flow,1.8608
tok06,2021-05-23T12:00:00Z,social,-0.9124
tok06,2021-05-30T12:00:00Z,flow,-0.9121
tok06,2021-05-30T12:00:00Z,social,-1.1931
tok06,2021-06-06T12:00:00Z,flow,0.1007
tok06,2021-06-06T12:00:00Z,social,-1.2985
tok06,2021-06-13T12:00:00Z,flow,0.564
tok06,2021-06-13T12:00:00Z,social,0.2392
tok06,2021-06-20T12:00:00Z,flow,-0.8946
tok06,2021-06-20T12:00:00Z,social,0.2005
tok06,2021-06-27T12:00:00Z,flow,-0.3833
tok06,2021-06-27T12:00:00Z,social,-0.0833
tok06,2021-07-04T12:00:00Z,flow,-0.9285
tok06,2021-07-04T12:00:00Z,social,1.1531
tok06,2021-07-11T12:00:00Z,flow,-0.2006
tok06,2021-07-11T12:00:00Z,social,-1.4435
tok06,2021-07-18T12:00:00Z,flow,1.3034
tok06,2021-07-18T12:00:00Z,social,0.6048
tok06,2021-07-25T12:00:00Z,flow,0.0321
tok06,2021-07-25T12:00:00Z,social,-0.9842
tok06,2021-08-01T12:00:00Z,flow,-1.8024
tok06,2021-08-01T12:00:00Z,social,1.9082
tok06,2021-08-08T12:00:00Z,flow,-1.5045
tok06,2021-08-08T12:00:00Z,social,-1.1128
tok06,2021-08-15T12:00:00Z,flow,-1.1863
tok06,2021-08-15T12:00:00Z,social,1.3859
tok06,2021-08-22T12:00:00Z,flow,-0.3388
tok06,2021-08-22T12:00:00Z,social,0.976
tok06,2021-08-29T12:00:00Z,flow,-0.6455
tok06,2021-08-29T12:00:00Z,social,-1.605
tok06,2021-09-05T12:00:00Z,flow,-2.1101
tok06,2021-09-05T12:00:00Z,social,0.4932
tok06,2021-09-12T12:00:00Z,flow,-0.6105
tok06,2021-09-12T12:00:00Z,social,-0.5748
tok06,2021-09-19T12:00:00Z,flow,-0.7914
tok06,2021-09-19T12:00:00Z,social,-0.0149
tok06,2021-09-26T12:00:00Z,flow,-0.3324
tok06,2021-09-26T12:00:00Z,social,-1.9537
tok06,2021-10-03T12:00:00Z,flow,1.116
tok06,2021-10-03T12:00:00Z,social,0.4229
tok06,2021-10-10T12:00:00Z,flow,0.5103
tok06,2021-10-10T12:00:00Z,social,1.153
tok06,2021-10-17T12:00:00Z,flow,0.7435
tok06,2021-10-17T12:00:00Z,social,-0.2041
tok06,2021-10-24T12:00:00Z,flow,0.4682
tok06,2021-10-24T12:00:00Z,social,0.7242
tok06,2021-10-31T12:00:00Z,flow,-1.95
tok06,2021-10-31T12:00:00Z,social,-1.3715
tok06,2021-11-07T12:00:00Z,flow,0.4768
tok06,2021-11-07T12:00:00Z,social,-0.3802
tok06,2021-11-14T12:00:00Z,flow,1.6674
tok06,2021-11-14T12:00:00Z,social,0.1437
tok06,2021-11-21T12:00:00Z,flow,0.3046
tok06,2021-11-21T12:00:00Z,social,-0.4848
tok06,2021-11-28T12:00:00Z,flow,0.097
tok06,2021-11-28T12:00:00Z,social,-0.6791
tok06,2021-12-05T12:00:00Z,flow,-0.6586
tok06,2021-12-05T12:00:00Z,social,-0.0005
tok06,2021-12-12T12:00:00Z,flow,-0.4247
tok06,2021-12-12T12:00:00Z,social,0.2537
tok06,2021-12-19T12:00:00Z,flow,-1.1597
tok06,2021-12-19T12:00:00Z,social,1.4031
tok06,2021-12-26T12:00:00Z,flow,-0.6934
tok06,2021-12-26T12:00:00Z,social,-1.4794
tok06,2022-01-02T12:00:00Z,flow,0.2363
tok06,2022-01-02T12:00:00Z,social,-1.4309
tok06,2022-01-09T12:00:00Z,flow,2.556
tok06,2022-01-09T12:00:00Z,social,-0.9886
tok06,2022-01-16T12:00:00Z,flow,0.9912
tok06,2022-01-16T12:00:00Z,social,-0.3416
tok06,2022-01-23T12:00:00Z,flow,-1.5791
tok06,2022-01-23T12:00:00Z,social,0.2241
tok06,2022-01-30T12:00:00Z,flow,-0.6338
tok06,2022-01-30T12:00:00Z,social,0.0699
tok06,2022-02-06T12:00:00Z,flow,0.7775
tok06,2022-02-06T12:00:00Z,social,0.5292
tok06,2022-02-13T12:00:00Z,flow,-0.8793
tok06,2022-02-13T12:00:00Z,social,0.634
tok06,2022-02-20T12:00:00Z,flow,-0.4611
tok06,2022-02-20T12:00:00Z,social,-1.4266
tok06,2022-02-27T12:00:00Z,flow,-0.1669
tok06,2022-02-27T12:00:00Z,social,1.9656
tok06,2022-03-06T12:00:00Z,flow,0.2542
tok06,2022-03-06T12:00:00Z,social,1.3121
tok06,2022-03-13T12:00:00Z,flow,0.027
tok06,2022-03-13T12:00:00Z,social,1.467
tok06,2022-03-20T12:00:00Z,flow,1.2655
tok06,2022-03-20T12:00:00Z,social,-0.1336
tok06,2022-03-27T12:00:00Z,flow,-0.4513
tok06,2022-03-27T12:00:00Z,social,-0.9768
tok06,2022-04-03T12:00:00Z,flow,0.8437
tok06,2022-04-03T12:00:00Z,social,0.0702
tok06,2022-04-10T12:00:00Z,flow,0.2901
tok06,2022-04-10T12:00:00Z,social,1.0854
tok06,2022-04-17T12:00:00Z,flow,-0.467
tok06,2022-04-17T12:00:00Z,social,-0.1476
tok06,2022-04-24T12:00:00Z,flow,0.5574
tok06,2022-04-24T12:00:00Z,social,-0.7183
tok06,2022-05-01T12:00:00Z,flow,-0.5824
tok06,2022-05-01T12:00:00Z,social,-0.9241
tok06,2022-05-08T12:00:00Z,flow,-1.9372
tok06,2022-05-08T12:00:00Z,social,1.2325
tok06,2022-05-15T12:00:00Z,flow,-0.7503
tok06,2022-05-15T12:00:00Z,social,-0.6275
tok06,2022-05-22T12:00:00Z,flow,0.1494
tok06,2022-05-22T12:00:00Z,social,0.7729
tok06,2022-05-29T12:00:00Z,flow,-1.1402
tok06,2022-05-29T12:00:00Z,social,0.2334
tok06,2022-06-05T12:00:00Z,flow,1.06
tok06,2022-06-05T12:00:00Z,social,-0.4931
tok06,2022-06-12T12:00:00Z,flow,0.5812
tok06,2022-06-12T12:00:00Z,social,1.148
tok06,2022-06-19T12:00:00Z,flow,-0.8025
tok06,2022-06-19T12:00:00Z,social,-0.1146
tok06,2022-06-26T12:00:00Z,flow,-0.3654
tok06,2022-06-26T12:00:00Z,social,0.4944
tok06,2022-07-03T12:00:00Z,flow,-1.6441
tok06,2022-07-03T12:00:00Z,social,0.5409
tok06,2022-07-10T12:00:00Z,flow,-0.5596
tok06,2022-07-10T12:00:00Z,social,-0.1514
tok06,2022-07-17T12:00:00Z,flow,-0.0883
tok06,2022-07-17T12:00:00Z,social,1.5312
tok06,2022-07-24T12:00:00Z,flow,-0.3494
tok06,2022-07-24T12:00:00Z,social,-0.4113
tok06,2022-07-31T12:00:00Z,flow,0.6682
tok06,2022-07-31T12:00:00Z,social,1.402
tok06,2022-08-07T12:00:00Z,flow,-0.7474
tok06,2022-08-07T12:00:00Z,social,0.4498
tok06,2022-08-14T12:00:00Z,flow,1.9344
tok06,2022-08-14T12:00:00Z,social,0.3299
tok06,2022-08-21T12:00:00Z,flow,0.5075
tok06,2022-08-21T12:00:00Z,social,0.2694
tok06,2022-08-28T12:00:00Z,flow,0.5797
tok06,2022-08-28T12:00:00Z,social,-0.4868
tok06,2022-09-04T12:00:00Z,flow,-0.182
tok06,2022-09-04T12:00:00Z,social,-0.0626
tok06,2022-09-11T12:00:00Z,flow,-0.7464
tok06,2022-09-11T12:00:00Z,social,-0.0211
tok06,2022-09-18T12:00:00Z,flow,-0.2737
tok06,2022-09-18T12:00:00Z,social,-0.4719
tok06,2022-09-25T12:00:00Z,flow,-0.5322
tok06,2022-09-25T12:00:00Z,social,0.5422
tok06,2022-10-02T12:00:00Z,flow,-0.0691
tok06,2022-10-02T12:00:00Z,social,0.2745
tok06,2022-10-09T12:00:00Z,flow,-0.861
tok06,2022-10-09T12:00:00Z,social,0.2969
tok06,2022-10-16T12:00:00Z,flow,0.1017
tok06,2022-10-16T12:00:00Z,social,0.7067
tok06,2022-10-23T12:00:00Z,flow,-2.1713
tok06,2022-10-23T12:00:00Z,social,-0.3033
tok06,2022-10-30T12:00:00Z,flow,-1.1613
tok06,2022-10-30T12:00:00Z,social,0.1447
tok06,2022-11-06T12:00:00Z,flow,-0.7893
tok06,2022-11-06T12:00:00Z,social,-1.6339
tok06,2022-11-13T12:00:00Z,flow,-0.5073
tok06,2022-11-13T12:00:00Z,social,-0.8399
tok06,2022-11-20T12:00:00Z,flow,-0.0872
tok06,2022-11-20T12:00:00Z,social,0.9326
tok06,2022-11-27T12:00:00Z,flow,3.171
tok06,2022-11-27T12:00:00Z,social,0.3778
tok06,2022-12-04T12:00:00Z,flow,-0.9843
tok06,2022-12-04T12:00:00Z,social,0.5932
tok06,2022-12-11T12:00:00Z,flow,0.2131
tok06,2022-12-11T12:00:00Z,social,0.3751
tok06,2022-12-18T12:00:00Z,flow,0.1488
tok06,2022-12-18T12:00:00Z,social,-0.7269
tok06,2022-12-25T12:00:00Z,flow,0.5153
tok06,2022-12-25T12:00:00Z,social,1.7283
tok06,2023-01-01T12:00:00Z,flow,-0.2846
tok06,2023-01-01T12:00:00Z,social,-0.1597
tok06,2023-01-08T12:00:00Z,flow,-0.1642
tok06,2023-01-08T12:00:00Z,social,1.2013
tok06,2023-01-15T12:00:00Z,flow,0.4247
tok06,2023-01-15T12:00:00Z,social,1.2726
tok06,2023-01-22T12:00:00Z,flow,0.3062
tok06,2023-01-22T12:00:00Z,social,0.179
tok06,2023-01-29T12:00:00Z,flow,0.4474
tok06,2023-01-29T12:00:00Z,social,-0.8429
tok06,2023-02-05T12:00:00Z,flow,-0.2575
tok06,2023-02-05T12:00:00Z,social,1.8873
tok06,2023-02-12T12:00:00Z,flow,-0.2499
tok06,2023-02-12T12:00:00Z,social,0.4178
tok06,2023-02-19T12:00:00Z,flow,0.5612
tok06,2023-02-19T12:00:00Z,social,-0.3373
tok06,2023-02-26T12:00:00Z,flow,0.5811
tok06,2023-02-26T12:00:00Z,social,1.3939
tok06,2023-03-05T12:00:00Z,flow,0.5156
tok06,2023-03-05T12:00:00Z,social,0.0611
tok06,2023-03-12T12:00:00Z,flow,0.9476
tok06,2023-03-12T12:00:00Z,social,1.7187
tok06,2023-03-19T12:00:00Z,flow,0.4937
tok06,2023-03-19T12:00:00Z,social,-0.1509
tok06,2023-03-26T12:00:00Z,flow,0.2795
tok06,2023-03-26T12:00:00Z,social,0.1735
tok06,2023-04-02T12:00:00Z,flow,-0.8021
tok06,2023-04-02T12:00:00Z,social,-0.899
tok06,2023-04-09T12:00:00Z,flow,-0.4337
tok06,2023-04-09T12:00:00Z,social,-0.0965
tok06,2023-04-16T12:00:00Z,flow,0.1564
tok06,2023-04-16T12:00:00Z,social,0.7347
tok06,2023-04-23T12:00:00Z,flow,-0.3361
tok06,2023-04-23T12:00:00Z,social,0.6855
tok06,2023-04-30T12:00:00Z,flow,-0.7891
tok06,2023-04-30T12:00:00Z,social,1.0293
tok06,2023-05-07T12:00:00Z,flow,1.6427
tok06,2023-05-07T12:00:00Z,social,1.9772
tok06,2023-05-14T12:00:00Z,flow,0.0274
tok06,2023-05-14T12:00:00Z,social,-0.7646
tok06,2023-05-21T12:00:00Z,flow,0.4368
tok06,2023-05-21T12:00:00Z,social,-0.5787
tok06,2023-05-28T12:00:00Z,flow,0.0218
tok06,2023-05-28T12:00:00Z,social,-0.1444
tok06,2023-06-04T12:00:00Z,flow,0.848
tok06,2023-06-04T12:00:00Z,social,-0.9663
tok06,2023-06-11T12:00:00Z,flow,-0.1541
tok06,2023-06-11T12:00:00Z,social,1.9301
tok06,2023-06-18T12:00:00Z,flow,1.4183
tok06,2023-06-18T12:00:00Z,social,-1.0127
tok06,2023-06-25T12:00:00Z,flow,1.5271
tok06,2023-06-25T12:00:00Z,social,0.3568
tok06,2023-07-02T12:00:00Z,flow,-0.2923
tok06,2023-07-02T12:00:00Z,social,-0.6474
tok06,2023-07-09T12:00:00Z,flow,-0.1157
tok06,2023-07-09T12:00:00Z,social,1.4615
tok06,2023-07-16T12:00:00Z,flow,2.0837
tok06,2023-07-16T12:00:00Z,social,1.5508
tok06,2023-07-23T12:00:00Z,flow,-1.2767
tok06,2023-07-23T12:00:00Z,social,-0.5057
tok06,2023-07-30T12:00:00Z,flow,0.4516
tok06,2023-07-30T12:00:00Z,social,-0.0189
tok06,2023-08-06T12:00:00Z,flow,-0.2814
tok06,2023-08-06T12:00:00Z,social,-0.1701
tok06,2023-08-13T12:00:00Z,flow,0.3597
tok06,2023-08-13T12:00:00Z,social,-0.672
tok06,2023-08-20T12:00:00Z,flow,0.428
tok06,2023-08-20T12:00:00Z,social,0.1361
tok06,2023-08-27T12:00:00Z,flow,-0.252
tok06,2023-08-27T12:00:00Z,social,-0.0033
tok06,2023-09-03T12:00:00Z,flow,-0.7883
tok06,2023-09-03T12:00:00Z,social,2.5242
tok06,2023-09-10T12:00:00Z,flow,0.178
tok06,2023-09-10T12:00:00Z,social,-2.5198
tok06,2023-09-17T12:00:00Z,flow,-0.156
tok06,2023-09-17T12:00:00Z,social,-1.3996
tok06,2023-09-24T12:00:00Z,flow,1.0372
tok06,2023-09-24T12:00:00Z,social,-0.036
tok06,2023-10-01T12:00:00Z,flow,-0.6098
tok06,2023-10-01T12:00:00Z,social,-0.3478
tok06,2023-10-08T12:00:00Z,flow,-0.6812
tok06,2023-10-08T12:00:00Z,social,-0.218
tok06,2023-10-15T12:00:00Z,flow,0.5649
tok06,2023-10-15T12:00:00Z,social,0.5359
tok06,2023-10-22T12:00:00Z,flow,-0.0899
tok06,2023-10-22T12:00:00Z,social,0.5153
tok06,2023-10-29T12:00:00Z,flow,-0.0604
tok06,2023-10-29T12:00:00Z,social,1.2217
tok06,2023-11-05T12:00:00Z,flow,-0.784
tok06,2023-11-05T12:00:00Z,social,-0.2775
tok06,2023-11-12T12:00:00Z,flow,1.1114
tok06,2023-11-12T12:00:00Z,social,-0.5755
tok06,2023-11-19T12:00:00Z,flow,0.4792
tok06,2023-11-19T12:00:00Z,social,-0.7794
tok06,2023-11-26T12:00:00Z,flow,-0.1037
tok06,2023-11-26T12:00:00Z,social,-0.1747
tok06,2023-12-03T12:00:00Z,flow,-0.2621
tok06,2023-12-03T12:00:00Z,social,-0.5993
tok06,2023-12-10T12:00:00Z,flow,-1.311
tok06,2023-12-10T12:00:00Z,social,-0.5303
tok06,2023-12-17T12:00:00Z,flow,0.5184
tok06,2023-12-17T12:00:00Z,social,2.4982
tok06,2023-12-24T12:00:00Z,flow,-1.5176
tok06,2023-12-24T12:00:00Z,social,-0.0097
tok06,2023-12-31T12:00:00Z,flow,-1.0125
tok06,2023-12-31T12:00:00Z,social,1.1569
tok07,2021-01-03T12:00:00Z,flow,-0.537
tok07,2021-01-03T12:00:00Z,social,-0.0069
tok07,2021-01-10T12:00:00Z,flow,-0.514
tok07,2021-01-10T12:00:00Z,social,0.0591
tok07,2021-01-17T12:00:00Z,flow,0.2355
tok07,2021-01-17T12:00:00Z,social,-1.2608
tok07,2021-01-24T12:00:00Z,flow,-0.1387
tok07,2021-01-24T12:00:00Z,social,0.8862
tok07,2021-01-31T12:00:00Z,flow,-1.2507
tok07,2021-01-31T12:00:00Z,social,0.1369
tok07,2021-02-07T12:00:00Z,flow,-1.1755
tok07,2021-02-07T12:00:00Z,social,-0.7739
tok07,2021-02-14T12:00:00Z,flow,-0.7796
tok07,2021-02-14T12:00:00Z,social,-0.8587
tok07,2021-02-21T12:00:00Z,flow,-0.438
tok07,2021-02-21T12:00:00Z,social,-2.1194
tok07,2021-02-28T12:00:00Z,flow,-1.5397
tok07,2021-02-28T12:00:00Z,social,-0.3993
tok07,2021-03-07T12:00:00Z,flow,0.8611
tok07,2021-03-07T12:00:00Z,social,1.0349
tok07,2021-03-14T12:00:00Z,flow,1.4389
tok07,2021-03-14T12:00:00Z,social,-1.0627
tok07,2021-03-21T12:00:00Z,flow,0.4847
tok07,2021-03-21T12:00:00Z,social,-0.1347
tok07,2021-03-28T12:00:00Z,flow,0.7106
tok07,2021-03-28T12:00:00Z,social,-0.8547
tok07,2021-04-04T12:00:00Z,flow,0.1887
tok07,2021-04-04T12:00:00Z,social,1.1926
tok07,2021-04-11T12:00:00Z,flow,1.0063
tok07,2021-04-11T12:00:00Z,social,-1.5931
tok07,2021-04-18T12:00:00Z,flow,0.1956
tok07,2021-04-18T12:00:00Z,social,0.6326
tok07,2021-04-25T12:00:00Z,flow,0.9997
tok07,2021-04-25T12:00:00Z,social,-1.5072
tok07,2021-05-02T12:00:00Z,flow,0.809
tok07,2021-05-02T12:00:00Z,social,-0.2869
tok07,2021-05-09T12:00:00Z,flow,0.466
tok07,2021-05-09T12:00:00Z,social,1.4398
tok07,2021-05-16T12:00:00Z,flow,-1.8103
tok07,2021-05-16T12:00:00Z,social,0.8289
tok07,2021-05-23T12:00:00Z,flow,-0.0227
tok07,2021-05-23T12:00:00Z,social,0.3731
tok07,2021-05-30T12:00:00Z,flow,-0.4768
tok07,2021-05-30T12:00:00Z,social,-1.2008
tok07,2021-06-06T12:00:00Z,flow,1.8174
tok07,2021-06-06T12:00:00Z,social,0.2769
tok07,2021-06-13T12:00:00Z,flow,-0.7308
tok07,2021-06-13T12:00:00Z,social,1.1783
tok07,2021-06-20T12:00:00Z,flow,-0.6181
tok07,2021-06-20T12:00:00Z,social,0.0575
tok07,2021-06-27T12:00:00Z,flow,0.1905
tok07,2021-06-27T12:00:00Z,social,0.6825
tok07,2021-07-04T12:00:00Z,flow,-1.5351
tok07,2021-07-04T12:00:00Z,social,0.7597
tok07,2021-07-11T12:00:00Z,flow,-0.9358
tok07,2021-07-11T12:00:00Z,social,1.6661
tok07,2021-07-18T12:00:00Z,flow,1.1518
tok07,2021-07-18T12:00:00Z,social,-0.2509
tok07,2021-07-25T12:00:00Z,flow,0.2476
tok07,2021-07-25T12:00:00Z,social,0.9866
tok07,2021-08-01T12:00:00Z,flow,-0.1491
tok07,2021-08-01T12:00:00Z,social,0.306
tok07,2021-08-08T12:00:00Z,flow,0.0891
tok07,2021-08-08T12:00:00Z,social,0.6796
tok07,2021-08-15T12:00:00Z,flow,0.0156
tok07,2021-08-15T12:00:00Z,social,1.0798
tok07,2021-08-22T12:00:00Z,flow,-2.4185
tok07,2021-08-22T12:00:00Z,social,-1.4242
tok07,2021-08-29T12:00:00Z,flow,0.0718
tok07,2021-08-29T12:00:00Z,social,-0.0657
tok07,2021-09-05T12:00:00Z,flow,-0.5493
tok07,2021-09-05T12:00:00Z,social,-0.5943
tok07,2021-09-12T12:00:00Z,flow,1.7943
tok07,2021-09-12T12:00:00Z,social,0.8912
tok07,2021-09-19T12:00:00Z,flow,0.4487
tok07,2021-09-19T12:00:00Z,social,-0.0965
tok07,2021-09-26T12:00:00Z,flow,0.197
tok07,2021-09-26T12:00:00Z,social,-1.5041
tok07,2021-10-03T12:00:00Z,flow,-0.8454
tok07,2021-10-03T12:00:00Z,social,1.0508
tok07,2021-10-10T12:00:00Z,flow,-0.3032
tok07,2021-10-10T12:00:00Z,social,0.8961
tok07,2021-10-17T12:00:00Z,flow,0.5517
tok07,2021-10-17T12:00:00Z,social,0.9472
tok07,2021-10-24T12:00:00Z,flow,-0.1746
tok07,2021-10-24T12:00:00Z,social,0.4211
tok07,2021-10-31T12:00:00Z,flow,0.8073
tok07,2021-10-31T12:00:00Z,social,2.0513
tok07,2021-11-07T12:00:00Z,flow,0.5262
tok07,2021-11-07T12:00:00Z,social,0.1279
tok07,2021-11-14T12:00:00Z,flow,0.4827
tok07,2021-11-14T12:00:00Z,social,-0.5101
tok07,2021-11-21T12:00:00Z,flow,1.3187
tok07,2021-11-21T12:00:00Z,social,-0.1551
tok07,2021-11-28T12:00:00Z,flow,-0.1701
tok07,2021-11-28T12:00:00Z,social,0.7956
tok07,2021-12-05T12:00:00Z,flow,-0.5873
tok07,2021-12-05T12:00:00Z,social,0.2162
tok07,2021-12-12T12:00:00Z,flow,-1.0111
tok07,2021-12-12T12:00:00Z,social,0.2534
tok07,2021-12-19T12:00:00Z,flow,-0.4042
tok07,2021-12-19T12:00:00Z,social,1.0267
tok07,2021-12-26T12:00:00Z,flow,0.6034
tok07,2021-12-26T12:00:00Z,social,-0.9679
tok07,2022-01-02T12:00:00Z,flow,-1.2142
tok07,2022-01-02T12:00:00Z,social,-1.1838
tok07,2022-01-09T12:00:00Z,flow,0.9459
tok07,2022-01-09T12:00:00Z,social,-0.8459
tok07,2022-01-16T12:00:00Z,flow,0.6611
tok07,2022-01-16T12:00:00Z,social,0.3557
tok07,2022-01-23T12:00:00Z,flow,-0.9547
tok07,2022-01-23T12:00:00Z,social,0.5375
tok07,2022-01-30T12:00:00Z,flow,0.1575
tok07,2022-01-30T12:00:00Z,social,-0.7602
tok07,2022-02-06T12:00:00Z,flow,-1.893
tok07,2022-02-06T12:00:00Z,social,-0.5815
tok07,2022-02-13T12:00:00Z,flow,-0.5856
tok07,2022-02-13T12:00:00Z,social,1.2163
tok07,2022-02-20T12:00:00Z,flow,-0.3261
tok07,2022-02-20T12:00:00Z,social,-1.0219
tok07,2022-02-27T12:00:00Z,flow,-0.0755
tok07,2022-02-27T12:00:00Z,social,-1.7558
tok07,2022-03-06T12:00:00Z,flow,-0.634
tok07,2022-03-06T12:00:00Z,social,1.7029
tok07,2022-03-13T12:00:00Z,flow,0.2307
tok07,2022-03-13T12:00:00Z,social,-2.7148
tok07,2022-03-20T12:00:00Z,flow,1.968
tok07,2022-03-20T12:00:00Z,social,0.9274
tok07,2022-03-27T12:00:00Z,flow,-0.2481
tok07,2022-03-27T12:00:00Z,social,0.0349
tok07,2022-04-03T12:00:00Z,flow,2.0769
tok07,2022-04-03T12:00:00Z,social,-0.3225
tok07,2022-04-10T12:00:00Z,flow,-0.3379
tok07,2022-04-10T12:00:00Z,social,1.1629
tok07,2022-04-17T12:00:00Z,flow,0.7715
tok07,2022-04-17T12:00:00Z,social,-0.5274
tok07,2022-04-24T12:00:00Z,flow,0.0583
tok07,2022-04-24T12:00:00Z,social,1.0358
tok07,2022-05-01T12:00:00Z,flow,-0.1517
tok07,2022-05-01T12:00:00Z,social,0.2074
tok07,2022-05-08T12:00:00Z,flow,-0.2378
tok07,2022-05-08T12:00:00Z,social,-0.0643
tok07,2022-05-15T12:00:00Z,flow,-1.3316
tok07,2022-05-15T12:00:00Z,social,0.4207
tok07,2022-05-22T12:00:00Z,flow,0.3078
tok07,2022-05-22T12:00:00Z,social,-1.5198
tok07,2022-05-29T12:00:00Z,flow,1.5256
tok07,2022-05-29T12:00:00Z,social,1.7173
tok07,2022-06-05T12:00:00Z,flow,2.6999
tok07,2022-06-05T12:00:00Z,social,-0.0653
tok07,2022-06-12T12:00:00Z,flow,-0.1524
tok07,2022-06-12T12:00:00Z,social,-0.2805
tok07,2022-06-19T12:00:00Z,flow,1.1726
tok07,2022-06-19T12:00:00Z,social,0.3625
tok07,2022-06-26T12:00:00Z,flow,-0.6491
tok07,2022-06-26T12:00:00Z,social,-1.4384
tok07,2022-07-03T12:00:00Z,flow,-0.0377
tok07,2022-07-03T12:00:00Z,social,-1.1777
tok07,2022-07-10T12:00:00Z,flow,-0.0643
tok07,2022-07-10T12:00:00Z,social,-2.2486
tok07,2022-07-17T12:00:00Z,flow,-0.5838
tok07,2022-07-17T12:00:00Z,social,0.6326
tok07,2022-07-24T12:00:00Z,flow,0.4212
tok07,2022-07-24T12:00:00Z,social,-0.459
tok07,2022-07-31T12:00:00Z,flow,0.2482
tok07,2022-07-31T12:00:00Z,social,-0.7259
tok07,2022-08-07T12:00:00Z,flow,0.356
tok07,2022-08-07T12:00:00Z,social,-0.1877
tok07,2022-08-14T12:00:00Z,flow,-0.2343
tok07,2022-08-14T12:00:00Z,social,-0.4306
tok07,2022-08-21T12:00:00Z,flow,-0.8107
tok07,2022-08-21T12:00:00Z,social,-1.3144
tok07,2022-08-28T12:00:00Z,flow,-1.0942
tok07,2022-08-28T12:00:00Z,social,1.9017
tok07,2022-09-04T12:00:00Z,flow,0.071
tok07,2022-09-04T12:00:00Z,social,-0.0133
tok07,2022-09-11T12:00:00Z,flow,-0.3041
tok07,2022-09-11T12:00:00Z,social,1.5966
tok07,2022-09-18T12:00:00Z,flow,0.2318
tok07,2022-09-18T12:00:00Z,social,-2.0323
tok07,2022-09-25T12:00:00Z,flow,0.3362
tok07,2022-09-25T12:00:00Z,social,2.071
tok07,2022-10-02T12:00:00Z,flow,-0.542
tok07,2022-10-02T12:00:00Z,social,0.5575
tok07,2022-10-09T12:00:00Z,flow,0.2082
tok07,2022-10-09T12:00:00Z,social,2.0704
tok07,2022-10-16T12:00:00Z,flow,-1.0473
tok07,2022-10-16T12:00:00Z,social,0.1164
tok07,2022-10-23T12:00:00Z,flow,0.4945
tok07,2022-10-23T12:00:00Z,social,-0.3385
tok07,2022-10-30T12:00:00Z,flow,0.2689
tok07,2022-10-30T12:00:00Z,social,-0.0388
tok07,2022-11-06T12:00:00Z,flow,0.7116
tok07,2022-11-06T12:00:00Z,social,0.5074
tok07,2022-11-13T12:00:00Z,flow,2.3172
tok07,2022-11-13T12:00:00Z,social,-0.6274
tok07,2022-11-20T12:00:00Z,flow,2.1866
tok07,2022-11-20T12:00:00Z,social,0.823
tok07,2022-11-27T12:00:00Z,flow,1.5702
tok07,2022-11-27T12:00:00Z,social,-1.5957
tok07,2022-12-04T12:00:00Z,flow,0.8171
tok07,2022-12-04T12:00:00Z,social,0.0901
tok07,2022-12-11T12:00:00Z,flow,0.5095
tok07,2022-12-11T12:00:00Z,social,-0.9702
tok07,2022-12-18T12:00:00Z,flow,-0.2015
tok07,2022-12-18T12:00:00Z,social,-0.1397
tok07,2022-12-25T12:00:00Z,flow,0.9938
tok07,2022-12-25T12:00:00Z,social,1.312
tok07,2023-01-01T12:00:00Z,flow,0.7233
tok07,2023-01-01T12:00:00Z,social,-0.7102
tok07,2023-01-08T12:00:00Z,flow,0.7525
tok07,2023-01-08T12:00:00Z,social,1.1398
tok07,2023-01-15T12:00:00Z,flow,-1.2795
tok07,2023-01-15T12:00:00Z,social,1.2777
tok07,2023-01-22T12:00:00Z,flow,-1.2183
tok07,2023-01-22T12:00:00Z,social,-0.3548
tok07,2023-01-29T12:00:00Z,flow,-0.24
tok07,2023-01-29T12:00:00Z,social,-1.3268
tok07,2023-02-05T12:00:00Z,flow,1.1158
tok07,2023-02-05T12:00:00Z,social,-1.4327
tok07,2023-02-12T12:00:00Z,flow,1.1311
tok07,2023-02-12T12:00:00Z,social,0.5986
tok07,2023-02-19T12:00:00Z,flow,-0.9068
tok07,2023-02-19T12:00:00Z,social,1.6106
tok07,2023-02-26T12:00:00Z,flow,-1.2489
tok07,2023-02-26T12:00:00Z,social,0.3531
tok07,2023-03-05T12:00:00Z,flow,-0.8302
tok07,2023-03-05T12:00:00Z,social,-0.859
tok07,2023-03-12T12:00:00Z,flow,0.3731
tok07,2023-03-12T12:00:00Z,social,-1.0183
tok07,2023-03-19T12:00:00Z,flow,0.5226
tok07,2023-03-19T12:00:00Z,social,-0.2393
tok07,2023-03-26T12:00:00Z,flow,0.9082
tok07,2023-03-26T12:00:00Z,social,1.6917
tok07,2023-04-02T12:00:00Z,flow,-0.0576
tok07,2023-04-02T12:00:00Z,social,-0.3831
tok07,2023-04-09T12:00:00Z,flow,-0.1362
tok07,2023-04-09T12:00:00Z,social,0.1461
tok07,2023-04-16T12:00:00Z,flow,0.1518
tok07,2023-04-16T12:00:00Z,social,-1.282
tok07,2023-04-23T12:00:00Z,flow,2.2519
tok07,2023-04-23T12:00:00Z,social,-0.229
tok07,2023-04-30T12:00:00Z,flow,0.1672
tok07,2023-04-30T12:00:00Z,social,0.7956
tok07,2023-05-07T12:00:00Z,flow,-0.6251
tok07,2023-05-07T12:00:00Z,social,-0.8369
tok07,2023-05-14T12:00:00Z,flow,-0.3693
tok07,2023-05-14T12:00:00Z,social,-0.3113
tok07,2023-05-21T12:00:00Z,flow,1.0402
tok07,2023-05-21T12:00:00Z,social,0.1501
tok07,2023-05-28T12:00:00Z,flow,-0.1029
tok07,2023-05-28T12:00:00Z,social,0.2708
tok07,2023-06-04T12:00:00Z,flow,-0.7138
tok07,2023-06-04T12:00:00Z,social,0.196
tok07,2023-06-11T12:00:00Z,flow,0.0563
tok07,2023-06-11T12:00:00Z,social,-0.3672
tok07,2023-06-18T12:00:00Z,flow,-0.701
tok07,2023-06-18T12:00:00Z,social,0.1288
tok07,2023-06-25T12:00:00Z,flow,1.4183
tok07,2023-06-25T12:00:00Z,social,1.9608
tok07,2023-07-02T12:00:00Z,flow,1.1099
tok07,2023-07-02T12:00:00Z,social,-1.028
tok07,2023-07-09T12:00:00Z,flow,1.3265
tok07,2023-07-09T12:00:00Z,social,-0.6036
tok07,2023-07-16T12:00:00Z,flow,-0.2097
tok07,2023-07-16T12:00:00Z,social,-2.4287
tok07,2023-07-23T12:00:00Z,flow,-0.5473
tok07,2023-07-23T12:00:00Z,social,0.7581
tok07,2023-07-30T12:00:00Z,flow,0.2202
tok07,2023-07-30T12:00:00Z,social,-3.0714
tok07,2023-08-06T12:00:00Z,flow,-0.3116
tok07,2023-08-06T12:00:00Z,social,0.6382
tok07,2023-08-13T12:00:00Z,flow,0.4623
tok07,2023-08-13T12:00:00Z,social,0.7066
tok07,2023-08-20T12:00:00Z,flow,-0.3335
tok07,2023-08-20T12:00:00Z,social,-0.1222
tok07,2023-08-27T12:00:00Z,flow,0.7684
tok07,2023-08-27T12:00:00Z,social,0.6199
tok07,2023-09-03T12:00:00Z,flow,1.6528
tok07,2023-09-03T12:00:00Z,social,-1.2998
tok07,2023-09-10T12:00:00Z,flow,-1.5083
tok07,2023-09-10T12:00:00Z,social,-0.0432
tok07,2023-09-17T12:00:00Z,flow,-0.8285
tok07,2023-09-17T12:00:00Z,social,-0.0789
tok07,2023-09-24T12:00:00Z,flow,-0.0446
tok07,2023-09-24T12:00:00Z,social,0.1059
tok07,2023-10-01T12:00:00Z,flow,0.485
tok07,2023-10-01T12:00:00Z,social,0.9856
tok07,2023-10-08T12:00:00Z,flow,-0.7202
tok07,2023-10-08T12:00:00Z,social,-0.3403
tok07,2023-10-15T12:00:00Z,flow,-0.8889
tok07,2023-10-15T12:00:00Z,social,1.3875
tok07,2023-10-22T12:00:00Z,flow,-0.3887
tok07,2023-10-22T12:00:00Z,social,1.2793
tok07,2023-10-29T12:00:00Z,flow,-0.7727
tok07,2023-10-29T12:00:00Z,social,0.6008
tok07,2023-11-05T12:00:00Z,flow,-0.0371
tok07,2023-11-05T12:00:00Z,social,0.2231
tok07,2023-11-12T12:00:00Z,flow,1.1432
tok07,2023-11-12T12:00:00Z,social,0.76
tok07,2023-11-19T12:00:00Z,flow,0.2012
tok07,2023-11-19T12:00:00Z,social,1.8873
tok07,2023-11-26T12:00:00Z,flow,-0.5743
tok07,2023-11-26T12:00:00Z,social,1.1692
tok07,2023-12-03T12:00:00Z,flow,1.3741
tok07,2023-12-03T12:00:00Z,social,0.6488
tok07,2023-12-10T12:00:00Z,flow,-1.3003
tok07,2023-12-10T12:00:00Z,social,-1.0041
tok07,2023-12-17T12:00:00Z,flow,0.2367
tok07,2023-12-17T12:00:00Z,social,-1.1021
tok07,2023-12-24T12:00:00Z,flow,-0.7302
tok07,2023-12-24T12:00:00Z,social,-0.9488
tok07,2023-12-31T12:00:00Z,flow,-0.2759
tok07,2023-12-31T12:00:00Z,social,1.9641
tok08,2021-01-03T12:00:00Z,flow,0.5811
tok08,2021-01-03T12:00:00Z,social,-0.8932
tok08,2021-01-10T12:00:00Z,flow,-1.6481
tok08,2021-01-10T12:00:00Z,social,-1.1592
tok08,2021-01-17T12:00:00Z,flow,0.7595
tok08,2021-01-17T12:00:00Z,social,-1.1811
tok08,2021-01-24T12:00:00Z,flow,0.033
tok08,2021-01-24T12:00:00Z,social,0.6399
tok08,2021-01-31T12:00:00Z,flow,0.589
tok08,2021-01-31T12:00:00Z,social,0.0371
tok08,2021-02-07T12:00:00Z,flow,0.1601
tok08,2021-02-07T12:00:00Z,social,1.3053
tok08,2021-02-14T12:00:00Z,flow,0.087
tok08,2021-02-14T12:00:00Z,social,0.1235
tok08,2021-02-21T12:00:00Z,flow,-0.2069
tok08,2021-02-21T12:00:00Z,social,-0.1958
tok08,2021-02-28T12:00:00Z,flow,0.6188
tok08,2021-02-28T12:00:00Z,social,-1.7313
tok08,2021-03-07T12:00:00Z,flow,-0.0398
tok08,2021-03-07T12:00:00Z,social,0.2569
tok08,2021-03-14T12:00:00Z,flow,0.0002
tok08,2021-03-14T12:00:00Z,social,-1.1807
tok08,2021-03-21T12:00:00Z,flow,1.6004
tok08,2021-03-21T12:00:00Z,social,0.8822
tok08,2021-03-28T12:00:00Z,flow,-1.2193
tok08,2021-03-28T12:00:00Z,social,0.9658
tok08,2021-04-04T12:00:00Z,flow,0.2346
tok08,2021-04-04T12:00:00Z,social,0.3871
tok08,2021-04-11T12:00:00Z,flow,-0.6115
tok08,2021-04-11T12:00:00Z,social,-0.0401
tok08,2021-04-18T12:00:00Z,flow,1.8359
tok08,2021-04-18T12:00:00Z,social,-1.0741
tok08,2021-04-25T12:00:00Z,flow,1.2667
tok08,2021-04-25T12:00:00Z,social,0.7592
tok08,2021-05-02T12:00:00Z,flow,0.2516
tok08,2021-05-02T12:00:00Z,social,-2.1851
tok08,2021-05-09T12:00:00Z,flow,-1.0899
tok08,2021-05-09T12:00:00Z,social,-1.0486
tok08,2021-05-16T12:00:00Z,flow,-1.2459
tok08,2021-05-16T12:00:00Z,social,0.804
tok08,2021-05-23T12:00:00Z,flow,-0.3091
tok08,2021-05-23T12:00:00Z,social,-0.2721
tok08,2021-05-30T12:00:00Z,flow,-0.3511
tok08,2021-05-30T12:00:00Z,social,-0.04
tok08,2021-06-06T12:00:00Z,flow,0.1089
tok08,2021-06-06T12:00:00Z,social,0.5255
tok08,2021-06-13T12:00:00Z,flow,-1.372
tok08,2021-06-13T12:00:00Z,social,0.298
tok08,2021-06-20T12:00:00Z,flow,-0.982
tok08,2021-06-20T12:00:00Z,social,0.5712
tok08,2021-06-27T12:00:00Z,flow,-1.4604
tok08,2021-06-27T12:00:00Z,social,-1.4523
tok08,2021-07-04T12:00:00Z,flow,1.0023
tok08,2021-07-04T12:00:00Z,social,-1.7769
tok08,2021-07-11T12:00:00Z,flow,-0.0696
tok08,2021-07-11T12:00:00Z,social,-0.8155
tok08,2021-07-18T12:00:00Z,flow,-1.5132
tok08,2021-07-18T12:00:00Z,social,-1.5035
tok08,2021-07-25T12:00:00Z,flow,-0.8327
tok08,2021-07-25T12:00:00Z,social,0.3823
tok08,2021-08-01T12:00:00Z,flow,-1.5868
tok08,2021-08-01T12:00:00Z,social,0.2885
tok08,2021-08-08T12:00:00Z,flow,0.3721
tok08,2021-08-08T12:00:00Z,social,1.7242
tok08,2021-08-15T12:00:00Z,flow,-0.8629
tok08,2021-08-15T12:00:00Z,social,-1.7794
tok08,2021-08-22T12:00:00Z,flow,-0.0762
tok08,2021-08-22T12:00:00Z,social,1.2712
tok08,2021-08-29T12:00:00Z,flow,0.9048
tok08,2021-08-29T12:00:00Z,social,1.0294
tok08,2021-09-05T12:00:00Z,flow,0.894
tok08,2021-09-05T12:00:00Z,social,-0.3092
tok08,2021-09-12T12:00:00Z,flow,-0.9287
tok08,2021-09-12T12:00:00Z,social,0.7372
tok08,2021-09-19T12:00:00Z,flow,0.0945
tok08,2021-09-19T12:00:00Z,social,-0.1958
tok08,2021-09-26T12:00:00Z,flow,0.2543
tok08,2021-09-26T12:00:00Z,social,-1.4821
tok08,2021-10-03T12:00:00Z,flow,-0.032
tok08,2021-10-03T12:00:00Z,social,-0.6027
tok08,2021-10-10T12:00:00Z,flow,-0.4532
tok08,2021-10-10T12:00:00Z,social,-0.2116
tok08,2021-10-17T12:00:00Z,flow,-1.0386
tok08,2021-10-17T12:00:00Z,social,1.9288
tok08,2021-10-24T12:00:00Z,flow,0.8485
tok08,2021-10-24T12:00:00Z,social,-0.8734
tok08,2021-10-31T12:00:00Z,flow,1.494
tok08,2021-10-31T12:00:00Z,social,2.3477
tok08,2021-11-07T12:00:00Z,flow,-0.1535
tok08,2021-11-07T12:00:00Z,social,0.3044
tok08,2021-11-14T12:00:00Z,flow,-0.5258
tok08,2021-11-14T12:00:00Z,social,0.7469
tok08,2021-11-21T12:00:00Z,flow,1.1385
tok08,2021-11-21T12:00:00Z,social,0.9738
tok08,2021-11-28T12:00:00Z,flow,0.2678
tok08,2021-11-28T12:00:00Z,social,0.7257
tok08,2021-12-05T12:00:00Z,flow,-1.1863
tok08,2021-12-05T12:00:00Z,social,1.6007
tok08,2021-12-12T12:00:00Z,flow,0.037
tok08,2021-12-12T12:00:00Z,social,-0.1704
tok08,2021-12-19T12:00:00Z,flow,0.2476
tok08,2021-12-19T12:00:00Z,social,0.7686
tok08,2021-12-26T12:00:00Z,flow,-0.6503
tok08,2021-12-26T12:00:00Z,social,-1.3398
tok08,2022-01-02T12:00:00Z,flow,-0.2529
tok08,2022-01-02T12:00:00Z,social,-0.0201
tok08,2022-01-09T12:00:00Z,flow,-0.7126
tok08,2022-01-09T12:00:00Z,social,-0.5578
tok08,2022-01-16T12:00:00Z,flow,-0.5398
tok08,2022-01-16T12:00:00Z,social,-0.534
tok08,2022-01-23T12:00:00Z,flow,-0.2402
tok08,2022-01-23T12:00:00Z,social,0.1466
tok08,2022-01-30T12:00:00Z,flow,0.7055
tok08,2022-01-30T12:00:00Z,social,-1.7647
tok08,2022-02-06T12:00:00Z,flow,-0.0518
tok08,2022-02-06T12:00:00Z,social,1.544
tok08,2022-02-13T12:00:00Z,flow,-0.7325
tok08,2022-02-13T12:00:00Z,social,0.3953
tok08,2022-02-20T12:00:00Z,flow,1.4895
tok08,2022-02-20T12:00:00Z,social,0.4359
tok08,2022-02-27T12:00:00Z,flow,-0.6817
tok08,2022-02-27T12:00:00Z,social,-1.6268
tok08,2022-03-06T12:00:00Z,flow,-0.1358
tok08,2022-03-06T12:00:00Z,social,2.2486
tok08,2022-03-13T12:00:00Z,flow,-0.886
tok08,2022-03-13T12:00:00Z,social,0.2649
tok08,2022-03-20T12:00:00Z,flow,-1.0467
tok08,2022-03-20T12:00:00Z,social,-1.1463
tok08,2022-03-27T12:00:00Z,flow,0.0299
tok08,2022-03-27T12:00:00Z,social,0.2673
tok08,2022-04-03T12:00:00Z,flow,0.2099
tok08,2022-04-03T12:00:00Z,social,1.157
tok08,2022-04-10T12:00:00Z,flow,-0.6092
tok08,2022-04-10T12:00:00Z,social,-0.1271
tok08,2022-04-17T12:00:00Z,flow,3.0782
tok08,2022-04-17T12:00:00Z,social,0.1264
tok08,2022-04-24T12:00:00Z,flow,0.0695
tok08,2022-04-24T12:00:00Z,social,0.0424
tok08,2022-05-01T12:00:00Z,flow,0.6905
tok08,2022-05-01T12:00:00Z,social,1.7988
tok08,2022-05-08T12:00:00Z,flow,-1.0713
tok08,2022-05-08T12:00:00Z,social,-0.6232
tok08,2022-05-15T12:00:00Z,flow,-0.0925
tok08,2022-05-15T12:00:00Z,social,-1.7423
tok08,2022-05-22T12:00:00Z,flow,-0.9069
tok08,2022-05-22T12:00:00Z,social,-2.7854
tok08,2022-05-29T12:00:00Z,flow,0.1822
tok08,2022-05-29T12:00:00Z,social,0.8259
tok08,2022-06-05T12:00:00Z,flow,0.9152
tok08,2022-06-05T12:00:00Z,social,0.2055
tok08,2022-06-12T12:00:00Z,flow,-1.1455
tok08,2022-06-12T12:00:00Z,social,0.5116
tok08,2022-06-19T12:00:00Z,flow,1.7006
tok08,2022-06-19T12:00:00Z,social,-1.0221
tok08,2022-06-26T12:00:00Z,flow,-0.3343
tok08,2022-06-26T12:00:00Z,social,-0.3456
tok08,2022-07-03T12:00:00Z,flow,0.3083
tok08,2022-07-03T12:00:00Z,social,0.5637
tok08,2022-07-10T12:00:00Z,flow,-1.0251
tok08,2022-07-10T12:00:00Z,social,0.1139
tok08,2022-07-17T12:00:00Z,flow,-1.1027
tok08,2022-07-17T12:00:00Z,social,-0.7386
tok08,2022-07-24T12:00:00Z,flow,0.0976
tok08,2022-07-24T12:00:00Z,social,2.4435
tok08,2022-07-31T12:00:00Z,flow,-0.7661
tok08,2022-07-31T12:00:00Z,social,-1.5359
tok08,2022-08-07T12:00:00Z,flow,0.7882
tok08,2022-08-07T12:00:00Z,social,-0.6505
tok08,2022-08-14T12:00:00Z,flow,-1.2547
tok08,2022-08-14T12:00:00Z,social,1.7146
tok08,2022-08-21T12:00:00Z,flow,-0.5261
tok08,2022-08-21T12:00:00Z,social,-0.5375
tok08,2022-08-28T12:00:00Z,flow,0.4698
tok08,2022-08-28T12:00:00Z,social,0.7042
tok08,2022-09-04T12:00:00Z,flow,0.8166
tok08,2022-09-04T12:00:00Z,social,1.4441
tok08,2022-09-11T12:00:00Z,flow,2.3263
tok08,2022-09-11T12:00:00Z,social,-1.2883
tok08,2022-09-18T12:00:00Z,flow,0.3605
tok08,2022-09-18T12:00:00Z,social,0.6176
tok08,2022-09-25T12:00:00Z,flow,1.9056
tok08,2022-09-25T12:00:00Z,social,-0.6948
tok08,2022-10-02T12:00:00Z,flow,0.4165
tok08,2022-10-02T12:00:00Z,social,-1.1031
tok08,2022-10-09T12:00:00Z,flow,0.4619
tok08,2022-10-09T12:00:00Z,social,0.2162
tok08,2022-10-16T12:00:00Z,flow,0.0026
tok08,2022-10-16T12:00:00Z,social,1.0964
tok08,2022-10-23T12:00:00Z,flow,0.4163
tok08,2022-10-23T12:00:00Z,social,1.0659
tok08,2022-10-30T12:00:00Z,flow,0.4918
tok08,2022-10-30T12:00:00Z,social,0.4361
tok08,2022-11-06T12:00:00Z,flow,-2.8308
tok08,2022-11-06T12:00:00Z,social,-1.3543
tok08,2022-11-13T12:00:00Z,flow,1.4233
tok08,2022-11-13T12:00:00Z,social,-0.1177
tok08,2022-11-20T12:00:00Z,flow,-0.053
tok08,2022-11-20T12:00:00Z,social,-1.9141
tok08,2022-11-27T12:00:00Z,flow,-0.3377
tok08,2022-11-27T12:00:00Z,social,-1.0605
tok08,2022-12-04T12:00:00Z,flow,0.1075
tok08,2022-12-04T12:00:00Z,social,-2.2463
tok08,2022-12-11T12:00:00Z,flow,0.1595
tok08,2022-12-11T12:00:00Z,social,0.1144
tok08,2022-12-18T12:00:00Z,flow,-2.3608
tok08,2022-12-18T12:00:00Z,social,0.7399
tok08,2022-12-25T12:00:00Z,flow,-0.5519
tok08,2022-12-25T12:00:00Z,social,-0.7705
tok08,2023-01-01T12:00:00Z,flow,-2.116
tok08,2023-01-01T12:00:00Z,social,-0.0766
tok08,2023-01-08T12:00:00Z,flow,-1.3289
tok08,2023-01-08T12:00:00Z,social,-0.6433
tok08,2023-01-15T12:00:00Z,flow,1.1497
tok08,2023-01-15T12:00:00Z,social,-0.4194
tok08,2023-01-22T12:00:00Z,flow,0.1933
tok08,2023-01-22T12:00:00Z,social,-0.1304
tok08,2023-01-29T12:00:00Z,flow,0.3563
tok08,2023-01-29T12:00:00Z,social,1.0607
tok08,2023-02-05T12:00:00Z,flow,-1.2177
tok08,2023-02-05T12:00:00Z,social,1.1627
tok08,2023-02-12T12:00:00Z,flow,-0.5204
tok08,2023-02-12T12:00:00Z,social,0.5026
tok08,2023-02-19T12:00:00Z,flow,0.8744
tok08,2023-02-19T12:00:00Z,social,-1.1618
tok08,2023-02-26T12:00:00Z,flow,-2.2132
tok08,2023-02-26T12:00:00Z,social,0.0624
tok08,2023-03-05T12:00:00Z,flow,0.0162
tok08,2023-03-05T12:00:00Z,social,-0.9285
tok08,2023-03-12T12:00:00Z,flow,1.3934
tok08,2023-03-12T12:00:00Z,social,0.3701
tok08,2023-03-19T12:00:00Z,flow,-0.141
tok08,2023-03-19T12:00:00Z,social,0.6535
tok08,2023-03-26T12:00:00Z,flow,0.4214
tok08,2023-03-26T12:00:00Z,social,-0.3776
tok08,2023-04-02T12:00:00Z,flow,-0.9076
tok08,2023-04-02T12:00:00Z,social,0.5573
tok08,2023-04-09T12:00:00Z,flow,-1.8027
tok08,2023-04-09T12:00:00Z,social,-1.0692
tok08,2023-04-16T12:00:00Z,flow,0.381
tok08,2023-04-16T12:00:00Z,social,-0.5045
tok08,2023-04-23T12:00:00Z,flow,-0.227
tok08,2023-04-23T12:00:00Z,social,-0.6337
tok08,2023-04-30T12:00:00Z,flow,1.3394
tok08,2023-04-30T12:00:00Z,social,0.2909
tok08,2023-05-07T12:00:00Z,flow,-0.4308
tok08,2023-05-07T12:00:00Z,social,1.5012
tok08,2023-05-14T12:00:00Z,flow,0.157
tok08,2023-05-14T12:00:00Z,social,0.4442
tok08,2023-05-21T12:00:00Z,flow,-0.5304
tok08,2023-05-21T12:00:00Z,social,0.8321
tok08,2023-05-28T12:00:00Z,flow,-0.3612
tok08,2023-05-28T12:00:00Z,social,-0.1717
tok08,2023-06-04T12:00:00Z,flow,-1.8545
tok08,2023-06-04T12:00:00Z,social,-1.1402
tok08,2023-06-11T12:00:00Z,flow,0.6264
tok08,2023-06-11T12:00:00Z,social,0.2503
tok08,2023-06-18T12:00:00Z,flow,0.0769
tok08,2023-06-18T12:00:00Z,social,-1.1566
tok08,2023-06-25T12:00:00Z,flow,-1.1042
tok08,2023-06-25T12:00:00Z,social,0.5781
tok08,2023-07-02T12:00:00Z,flow,-0.3722
tok08,2023-07-02T12:00:00Z,social,-0.2518
tok08,2023-07-09T12:00:00Z,flow,0.4497
tok08,2023-07-09T12:00:00Z,social,0.1525
tok08,2023-07-16T12:00:00Z,flow,0.5187
tok08,2023-07-16T12:00:00Z,social,1.2341
tok08,2023-07-23T12:00:00Z,flow,1.4239
tok08,2023-07-23T12:00:00Z,social,0.2366
tok08,2023-07-30T12:00:00Z,flow,-0.4647
tok08,2023-07-30T12:00:00Z,social,0.1894
tok08,2023-08-06T12:00:00Z,flow,-0.0409
tok08,2023-08-06T12:00:00Z,social,2.361
tok08,2023-08-13T12:00:00Z,flow,-0.0678
tok08,2023-08-13T12:00:00Z,social,-1.4573
tok08,2023-08-20T12:00:00Z,flow,-0.5213
tok08,2023-08-20T12:00:00Z,social,1.5828
tok08,2023-08-27T12:00:00Z,flow,-0.6931
tok08,2023-08-27T12:00:00Z,social,1.3305
tok08,2023-09-03T12:00:00Z,flow,-0.7227
tok08,2023-09-03T12:00:00Z,social,1.3738
tok08,2023-09-10T12:00:00Z,flow,0.031
tok08,2023-09-10T12:00:00Z,social,-0.6051
tok08,2023-09-17T12:00:00Z,flow,-0.6098
tok08,2023-09-17T12:00:00Z,social,1.2064
tok08,2023-09-24T12:00:00Z,flow,-1.008
tok08,2023-09-24T12:00:00Z,social,3.4798
tok08,2023-10-01T12:00:00Z,flow,-0.4956
tok08,2023-10-01T12:00:00Z,social,-0.6886
tok08,2023-10-08T12:00:00Z,flow,0.3159
tok08,2023-10-08T12:00:00Z,social,-1.1461
tok08,2023-10-15T12:00:00Z,flow,-0.466
tok08,2023-10-15T12:00:00Z,social,-0.2145
tok08,2023-10-22T12:00:00Z,flow,2.3724
tok08,2023-10-22T12:00:00Z,social,0.5253
tok08,2023-10-29T12:00:00Z,flow,0.2645
tok08,2023-10-29T12:00:00Z,social,1.0006
tok08,2023-11-05T12:00:00Z,flow,-0.0488
tok08,2023-11-05T12:00:00Z,social,0.3669
tok08,2023-11-12T12:00:00Z,flow,-1.9688
tok08,2023-11-12T12:00:00Z,social,-0.5524
tok08,2023-11-19T12:00:00Z,flow,-0.2799
tok08,2023-11-19T12:00:00Z,social,-0.1955
tok08,2023-11-26T12:00:00Z,flow,0.9517
tok08,2023-11-26T12:00:00Z,social,-0.4713
tok08,2023-12-03T12:00:00Z,flow,1.4008
tok08,2023-12-03T12:00:00Z,social,-0.4915
tok08,2023-12-10T12:00:00Z,flow,0.7207
tok08,2023-12-10T12:00:00Z,social,-1.1766
tok08,2023-12-17T12:00:00Z,flow,0.8151
tok08,2023-12-17T12:00:00Z,social,-0.9784
tok08,2023-12-24T12:00:00Z,flow,-0.0774
tok08,2023-12-24T12:00:00Z,social,-1.7515
tok08,2023-12-31T12:00:00Z,flow,-0.2546
tok08,2023-12-31T12:00:00Z,social,-0.9893
tok09,2021-01-03T12:00:00Z,flow,0.3646
tok09,2021-01-03T12:00:00Z,social,0.0391
tok09,2021-01-10T12:00:00Z,flow,0.1675
tok09,2021-01-10T12:00:00Z,social,-0.9221
tok09,2021-01-17T12:00:00Z,flow,-1.6488
tok09,2021-01-17T12:00:00Z,social,0.3954
tok09,2021-01-24T12:00:00Z,flow,-1.4253
tok09,2021-01-24T12:00:00Z,social,1.0168
tok09,2021-01-31T12:00:00Z,flow,-0.8407
tok09,2021-01-31T12:00:00Z,social,0.6912
tok09,2021-02-07T12:00:00Z,flow,-2.1378
tok09,2021-02-07T12:00:00Z,social,-0.5513
tok09,2021-02-14T12:00:00Z,flow,-1.5547
tok09,2021-02-14T12:00:00Z,social,0.1145
tok09,2021-02-21T12:00:00Z,flow,-0.3337
tok09,2021-02-21T12:00:00Z,social,0.0364
tok09,2021-02-28T12:00:00Z,flow,-0.3548
tok09,2021-02-28T12:00:00Z,social,0.976
tok09,2021-03-07T12:00:00Z,flow,-1.7794
tok09,2021-03-07T12:00:00Z,social,1.2824
tok09,2021-03-14T12:00:00Z,flow,0.3239
tok09,2021-03-14T12:00:00Z,social,2.0809
tok09,2021-03-21T12:00:00Z,flow,-2.2809
tok09,2021-03-21T12:00:00Z,social,1.5829
tok09,2021-03-28T12:00:00Z,flow,0.4576
tok09,2021-03-28T12:00:00Z,social,0.2784
tok09,2021-04-04T12:00:00Z,flow,-0.8655
tok09,2021-04-04T12:00:00Z,social,0.3701
tok09,2021-04-11T12:00:00Z,flow,0.2869
tok09,2021-04-11T12:00:00Z,social,-1.3091
tok09,2021-04-18T12:00:00Z,flow,0.052
tok09,2021-04-18T12:00:00Z,social,-1.5486
tok09,2021-04-25T12:00:00Z,flow,-0.1338
tok09,2021-04-25T12:00:00Z,social,2.1131
tok09,2021-05-02T12:00:00Z,flow,0.742
tok09,2021-05-02T12:00:00Z,social,0.6
tok09,2021-05-09T12:00:00Z,flow,0.128
tok09,2021-05-09T12:00:00Z,social,-0.5602
tok09,2021-05-16T12:00:00Z,flow,-0.1268
tok09,2021-05-16T12:00:00Z,social,1.2863
tok09,2021-05-23T12:00:00Z,flow,-1.4132
tok09,2021-05-23T12:00:00Z,social,-0.64
tok09,2021-05-30T12:00:00Z,flow,0.6608
tok09,2021-05-30T12:00:00Z,social,-1.0554
tok09,2021-06-06T12:00:00Z,flow,1.1618
tok09,2021-06-06T12:00:00Z,social,1.2451
tok09,2021-06-13T12:00:00Z,flow,-1.6948
tok09,2021-06-13T12:00:00Z,social,0.212
tok09,2021-06-20T12:00:00Z,flow,0.9803
tok09,2021-06-20T12:00:00Z,social,-0.0564
tok09,2021-06-27T12:00:00Z,flow,0.1346
tok09,2021-06-27T12:00:00Z,social,-0.9472
tok09,2021-07-04T12:00:00Z,flow,-0.097
tok09,2021-07-04T12:00:00Z,social,0.093
tok09,2021-07-11T12:00:00Z,flow,-0.6683
tok09,2021-07-11T12:00:00Z,social,-0.8076
tok09,2021-07-18T12:00:00Z,flow,0.0048
tok09,2021-07-18T12:00:00Z,social,0.6959
tok09,2021-07-25T12:00:00Z,flow,0.4071
tok09,2021-07-25T12:00:00Z,social,-0.3686
tok09,2021-08-01T12:00:00Z,flow,-0.0749
tok09,2021-08-01T12:00:00Z,social,-1.2943
tok09,2021-08-08T12:00:00Z,flow,0.7273
tok09,2021-08-08T12:00:00Z,social,0.4587
tok09,2021-08-15T12:00:00Z,flow,-0.2545
tok09,2021-08-15T12:00:00Z,social,0.0754
tok09,2021-08-22T12:00:00Z,flow,-0.3971
tok09,2021-08-22T12:00:00Z,social,0.8707
tok09,2021-08-29T12:00:00Z,flow,0.6518
tok09,2021-08-29T12:00:00Z,social,-0.035
tok09,2021-09-05T12:00:00Z,flow,0.1962
tok09,2021-09-05T12:00:00Z,social,0.9606
tok09,2021-09-12T12:00:00Z,flow,-0.3576
tok09,2021-09-12T12:00:00Z,social,-0.8079
tok09,2021-09-19T12:00:00Z,flow,0.9537
tok09,2021-09-19T12:00:00Z,social,0.3211
tok09,2021-09-26T12:00:00Z,flow,1.7747
tok09,2021-09-26T12:00:00Z,social,-0.0338
tok09,2021-10-03T12:00:00Z,flow,-0.2586
tok09,2021-10-03T12:00:00Z,social,0.1334
tok09,2021-10-10T12:00:00Z,flow,0.3176
tok09,2021-10-10T12:00:00Z,social,0.4764
tok09,2021-10-17T12:00:00Z,flow,1.6437
tok09,2021-10-17T12:00:00Z,social,0.911
tok09,2021-10-24T12:00:00Z,flow,-0.6045
tok09,2021-10-24T12:00:00Z,social,-1.044
tok09,2021-10-31T12:00:00Z,flow,1.2163
tok09,2021-10-31T12:00:00Z,social,1.1837
tok09,2021-11-07T12:00:00Z,flow,0.4533
tok09,2021-11-07T12:00:00Z,social,0.0663
tok09,2021-11-14T12:00:00Z,flow,1.2173
tok09,2021-11-14T12:00:00Z,social,-1.0388
tok09,2021-11-21T12:00:00Z,flow,-1.5658
tok09,2021-11-21T12:00:00Z,social,1.0121
tok09,2021-11-28T12:00:00Z,flow,0.3874
tok09,2021-11-28T12:00:00Z,social,-1.5413
tok09,2021-12-05T12:00:00Z,flow,0.6298
tok09,2021-12-05T12:00:00Z,social,-1.2626
tok09,2021-12-12T12:00:00Z,flow,-0.6507
tok09,2021-12-12T12:00:00Z,social,0.049
tok09,2021-12-19T12:00:00Z,flow,2.0681
tok09,2021-12-19T12:00:00Z,social,-0.2831
tok09,2021-12-26T12:00:00Z,flow,1.6276
tok09,2021-12-26T12:00:00Z,social,0.0401
tok09,2022-01-02T12:00:00Z,flow,-0.9941
tok09,2022-01-02T12:00:00Z,social,0.2727
tok09,2022-01-09T12:00:00Z,flow,-0.059
tok09,2022-01-09T12:00:00Z,social,3.2483
tok09,2022-01-16T12:00:00Z,flow,0.9163
tok09,2022-01-16T12:00:00Z,social,-1.4605
tok09,2022-01-23T12:00:00Z,flow,1.1501
tok09,2022-01-23T12:00:00Z,social,-0.8598
tok09,2022-01-30T12:00:00Z,flow,1.2473
tok09,2022-01-30T12:00:00Z,social,0.5167
tok09,2022-02-06T12:00:00Z,flow,0.2924
tok09,2022-02-06T12:00:00Z,social,-1.3714
tok09,2022-02-13T12:00:00Z,flow,-0.3046
tok09,2022-02-13T12:00:00Z,social,-0.4362
tok09,2022-02-20T12:00:00Z,flow,0.0071
tok09,2022-02-20T12:00:00Z,social,-1.2049
tok09,2022-02-27T12:00:00Z,flow,-0.5606
tok09,2022-02-27T12:00:00Z,social,0.2529
tok09,2022-03-06T12:00:00Z,flow,0.6513
tok09,2022-03-06T12:00:00Z,social,1.1918
tok09,2022-03-13T12:00:00Z,flow,0.2534
tok09,2022-03-13T12:00:00Z,social,0.8953
tok09,2022-03-20T12:00:00Z,flow,0.7133
tok09,2022-03-20T12:00:00Z,social,-0.0217
tok09,2022-03-27T12:00:00Z,flow,-1.3734
tok09,2022-03-27T12:00:00Z,social,-0.1992
tok09,2022-04-03T12:00:00Z,flow,0.7863
tok09,2022-04-03T12:00:00Z,social,-1.7152
tok09,2022-04-10T12:00:00Z,flow,0.1372
tok09,2022-04-10T12:00:00Z,social,1.3344
tok09,2022-04-17T12:00:00Z,flow,-0.0034
tok09,2022-04-17T12:00:00Z,social,-1.4002
tok09,2022-04-24T12:00:00Z,flow,1.1015
tok09,2022-04-24T12:00:00Z,social,-0.6369
tok09,2022-05-01T12:00:00Z,flow,1.0762
tok09,2022-05-01T12:00:00Z,social,-2.4357
tok09,2022-05-08T12:00:00Z,flow,2.5886
tok09,2022-05-08T12:00:00Z,social,-0.5697
tok09,2022-05-15T12:00:00Z,flow,-0.7272
tok09,2022-05-15T12:00:00Z,social,0.2659
tok09,2022-05-22T12:00:00Z,flow,-1.8533
tok09,2022-05-22T12:00:00Z,social,2.1119
tok09,2022-05-29T12:00:00Z,flow,1.746
tok09,2022-05-29T12:00:00Z,social,0.3646
tok09,2022-06-05T12:00:00Z,flow,-2.4547
tok09,2022-06-05T12:00:00Z,social,1.6669
tok09,2022-06-12T12:00:00Z,flow,0.09
tok09,2022-06-12T12:00:00Z,social,0.4623
tok09,2022-06-19T12:00:00Z,flow,0.6402
tok09,2022-06-19T12:00:00Z,social,-0.6128
tok09,2022-06-26T12:00:00Z,flow,0.235
tok09,2022-06-26T12:00:00Z,social,-1.0128
tok09,2022-07-03T12:00:00Z,flow,-0.5964
tok09,2022-07-03T12:00:00Z,social,1.6798
tok09,2022-07-10T12:00:00Z,flow,0.3658
tok09,2022-07-10T12:00:00Z,social,-0.2103
tok09,2022-07-17T12:00:00Z,flow,-0.1204
tok09,2022-07-17T12:00:00Z,social,-0.0768
tok09,2022-07-24T12:00:00Z,flow,0.302
tok09,2022-07-24T12:00:00Z,social,-0.6312
tok09,2022-07-31T12:00:00Z,flow,1.2184
tok09,2022-07-31T12:00:00Z,social,0.9328
tok09,2022-08-07T12:00:00Z,flow,0.5041
tok09,2022-08-07T12:00:00Z,social,0.3696
tok09,2022-08-14T12:00:00Z,flow,0.2121
tok09,2022-08-14T12:00:00Z,social,1.843
tok09,2022-08-21T12:00:00Z,flow,0.0802
tok09,2022-08-21T12:00:00Z,social,-1.0535
tok09,2022-08-28T12:00:00Z,flow,0.1148
tok09,2022-08-28T12:00:00Z,social,-1.009
tok09,2022-09-04T12:00:00Z,flow,0.4322
tok09,2022-09-04T12:00:00Z,social,-0.5536
tok09,2022-09-11T12:00:00Z,flow,0.3696
tok09,2022-09-11T12:00:00Z,social,-1.2547
tok09,2022-09-18T12:00:00Z,flow,-0.0552
tok09,2022-09-18T12:00:00Z,social,-0.4664
tok09,2022-09-25T12:00:00Z,flow,-1.0709
tok09,2022-09-25T12:00:00Z,social,-0.0505
tok09,2022-10-02T12:00:00Z,flow,-0.3878
tok09,2022-10-02T12:00:00Z,social,-1.8307
tok09,2022-10-09T12:00:00Z,flow,0.5596
tok09,2022-10-09T12:00:00Z,social,0.164
tok09,2022-10-16T12:00:00Z,flow,-0.0611
tok09,2022-10-16T12:00:00Z,social,0.4176
tok09,2022-10-23T12:00:00Z,flow,0.6795
tok09,2022-10-23T12:00:00Z,social,1.9306
tok09,2022-10-30T12:00:00Z,flow,-0.2719
tok09,2022-10-30T12:00:00Z,social,0.0895
tok09,2022-11-06T12:00:00Z,flow,-1.3275
tok09,2022-11-06T12:00:00Z,social,-2.4426
tok09,2022-11-13T12:00:00Z,flow,0.3614
tok09,2022-11-13T12:00:00Z,social,0.165
tok09,2022-11-20T12:00:00Z,flow,-0.3293
tok09,2022-11-20T12:00:00Z,social,-1.1211
tok09,2022-11-27T12:00:00Z,flow,0.2346
tok09,2022-11-27T12:00:00Z,social,-0.9642
tok09,2022-12-04T12:00:00Z,flow,0.3462
tok09,2022-12-04T12:00:00Z,social,1.9871
tok09,2022-12-11T12:00:00Z,flow,0.9166
tok09,2022-12-11T12:00:00Z,social,-0.2161
tok09,2022-12-18T12:00:00Z,flow,1.1943
tok09,2022-12-18T12:00:00Z,social,0.2472
tok09,2022-12-25T12:00:00Z,flow,-0.3912
tok09,2022-12-25T12:00:00Z,social,-0.3743
tok09,2023-01-01T12:00:00Z,flow,1.0592
tok09,2023-01-01T12:00:00Z,social,0.3858
tok09,2023-01-08T12:00:00Z,flow,-0.5835
tok09,2023-01-08T12:00:00Z,social,-0.9531
tok09,2023-01-15T12:00:00Z,flow,-0.9246
tok09,2023-01-15T12:00:00Z,social,-0.4388
tok09,2023-01-22T12:00:00Z,flow,-0.1972
tok09,2023-01-22T12:00:00Z,social,0.76
tok09,2023-01-29T12:00:00Z,flow,-1.5436
tok09,2023-01-29T12:00:00Z,social,-1.2219
tok09,2023-02-05T12:00:00Z,flow,-0.3156
tok09,2023-02-05T12:00:00Z,social,-0.1686
tok09,2023-02-12T12:00:00Z,flow,0.0269
tok09,2023-02-12T12:00:00Z,social,-0.7971
tok09,2023-02-19T12:00:00Z,flow,-0.8506
tok09,2023-02-19T12:00:00Z,social,-0.0576
tok09,2023-02-26T12:00:00Z,flow,0.2985
tok09,2023-02-26T12:00:00Z,social,-0.1795
tok09,2023-03-05T12:00:00Z,flow,0.2013
tok09,2023-03-05T12:00:00Z,social,-0.2232
tok09,2023-03-12T12:00:00Z,flow,2.6133
tok09,2023-03-12T12:00:00Z,social,1.0915
tok09,2023-03-19T12:00:00Z,flow,-0.1791
tok09,2023-03-19T12:00:00Z,social,-1.171
tok09,2023-03-26T12:00:00Z,flow,-2.0585
tok09,2023-03-26T12:00:00Z,social,0.3878
tok09,2023-04-02T12:00:00Z,flow,0.0787
tok09,2023-04-02T12:00:00Z,social,-0.5281
tok09,2023-04-09T12:00:00Z,flow,0.3753
tok09,2023-04-09T12:00:00Z,social,-0.3081
tok09,2023-04-16T12:00:00Z,flow,-0.2782
tok09,2023-04-16T12:00:00Z,social,0.8135
tok09,2023-04-23T12:00:00Z,flow,-0.5646
tok09,2023-04-23T12:00:00Z,social,-1.0651
tok09,2023-04-30T12:00:00Z,flow,-0.1019
tok09,2023-04-30T12:00:00Z,social,0.8193
tok09,2023-05-07T12:00:00Z,flow,0.3237
tok09,2023-05-07T12:00:00Z,social,0.1888
tok09,2023-05-14T12:00:00Z,flow,0.3669
tok09,2023-05-14T12:00:00Z,social,0.4077
tok09,2023-05-21T12:00:00Z,flow,-0.7184
tok09,2023-05-21T12:00:00Z,social,-1.206
tok09,2023-05-28T12:00:00Z,flow,0.8817
tok09,2023-05-28T12:00:00Z,social,-1.3568
tok09,2023-06-04T12:00:00Z,flow,-2.0744
tok09,2023-06-04T12:00:00Z,social,1.4655
tok09,2023-06-11T12:00:00Z,flow,0.7279
tok09,2023-06-11T12:00:00Z,social,-0.9437
tok09,2023-06-18T12:00:00Z,flow,1.0872
tok09,2023-06-18T12:00:00Z,social,0.6268
tok09,2023-06-25T12:00:00Z,flow,-0.75
tok09,2023-06-25T12:00:00Z,social,-0.9712
tok09,2023-07-02T12:00:00Z,flow,0.584
tok09,2023-07-02T12:00:00Z,social,0.757
tok09,2023-07-09T12:00:00Z,flow,1.5369
tok09,2023-07-09T12:00:00Z,social,0.7038
tok09,2023-07-16T12:00:00Z,flow,-0.6059
tok09,2023-07-16T12:00:00Z,social,-0.6582
tok09,2023-07-23T12:00:00Z,flow,-0.8277
tok09,2023-07-23T12:00:00Z,social,-0.0481
tok09,2023-07-30T12:00:00Z,flow,1.5095
tok09,2023-07-30T12:00:00Z,social,-0.1124
tok09,2023-08-06T12:00:00Z,flow,1.2255
tok09,2023-08-06T12:00:00Z,social,0.3954
tok09,2023-08-13T12:00:00Z,flow,-1.7898
tok09,2023-08-13T12:00:00Z,social,1.1862
tok09,2023-08-20T12:00:00Z,flow,-0.3
tok09,2023-08-20T12:00:00Z,social,0.9665
tok09,2023-08-27T12:00:00Z,flow,0.4142
tok09,2023-08-27T12:00:00Z,social,1.9499
tok09,2023-09-03T12:00:00Z,flow,0.0562
tok09,2023-09-03T12:00:00Z,social,-0.7872
tok09,2023-09-10T12:00:00Z,flow,1.2521
tok09,2023-09-10T12:00:00Z,social,-0.5099
tok09,2023-09-17T12:00:00Z,flow,0.1571
tok09,2023-09-17T12:00:00Z,social,-0.4508
tok09,2023-09-24T12:00:00Z,flow,-0.4209
tok09,2023-09-24T12:00:00Z,social,1.0549
tok09,2023-10-01T12:00:00Z,flow,-0.25
tok09,2023-10-01T12:00:00Z,social,-0.0288
tok09,2023-10-08T12:00:00Z,flow,-1.4325
tok09,2023-10-08T12:00:00Z,social,-0.2656
tok09,2023-10-15T12:00:00Z,flow,-1.7861
tok09,2023-10-15T12:00:00Z,social,0.4493
tok09,2023-10-22T12:00:00Z,flow,0.2708
tok09,2023-10-22T12:00:00Z,social,1.8983
tok09,2023-10-29T12:00:00Z,flow,-0.4715
tok09,2023-10-29T12:00:00Z,social,0.1754
tok09,2023-11-05T12:00:00Z,flow,1.0063
tok09,2023-11-05T12:00:00Z,social,-1.8143
tok09,2023-11-12T12:00:00Z,flow,1.437
tok09,2023-11-12T12:00:00Z,social,-0.577
tok09,2023-11-19T12:00:00Z,flow,0.0495
tok09,2023-11-19T12:00:00Z,social,-0.1938
tok09,2023-11-26T12:00:00Z,flow,-0.8463
tok09,2023-11-26T12:00:00Z,social,1.1016
tok09,2023-12-03T12:00:00Z,flow,1.8904
tok09,2023-12-03T12:00:00Z,social,1.6418
tok09,2023-12-10T12:00:00Z,flow,-0.7675
tok09,2023-12-10T12:00:00Z,social,-1.2422
tok09,2023-12-17T12:00:00Z,flow,-0.5516
tok09,2023-12-17T12:00:00Z,social,-0.9708
tok09,2023-12-24T12:00:00Z,flow,1.6062
tok09,2023-12-24T12:00:00Z,social,0.6144
tok09,2023-12-31T12:00:00Z,flow,-0.1641
tok09,2023-12-31T12:00:00Z,social,-0.487
tok10,2021-01-03T12:00:00Z,flow,0.2941
tok10,2021-01-03T12:00:00Z,social,-0.0487
tok10,2021-01-10T12:00:00Z,flow,0.109
tok10,2021-01-10T12:00:00Z,social,-0.7629
tok10,2021-01-17T12:00:00Z,flow,0.2544
tok10,2021-01-17T12:00:00Z,social,-0.5396
tok10,2021-01-24T12:00:00Z,flow,0.3328
tok10,2021-01-24T12:00:00Z,social,1.0836
tok10,2021-01-31T12:00:00Z,flow,-0.506
tok10,2021-01-31T12:00:00Z,social,-0.4602
tok10,2021-02-07T12:00:00Z,flow,-0.0016
tok10,2021-02-07T12:00:00Z,social,-0.8245
tok10,2021-02-14T12:00:00Z,flow,0.1686
tok10,2021-02-14T12:00:00Z,social,-0.3176
tok10,2021-02-21T12:00:00Z,flow,0.0567
tok10,2021-02-21T12:00:00Z,social,1.7849
tok10,2021-02-28T12:00:00Z,flow,0.3249
tok10,2021-02-28T12:00:00Z,social,-1.0039
tok10,2021-03-07T12:00:00Z,flow,0.6269
tok10,2021-03-07T12:00:00Z,social,-1.0778
tok10,2021-03-14T12:00:00Z,flow,0.952
tok10,2021-03-14T12:00:00Z,social,1.0999
tok10,2021-03-21T12:00:00Z,flow,0.2609
tok10,2021-03-21T12:00:00Z,social,0.1913
tok10,2021-03-28T12:00:00Z,flow,0.7451
tok10,2021-03-28T12:00:00Z,social,-0.2869
tok10,2021-04-04T12:00:00Z,flow,0.7424
tok10,2021-04-04T12:00:00Z,social,0.813
tok10,2021-04-11T12:00:00Z,flow,0.4222
tok10,2021-04-11T12:00:00Z,social,-0.0098
tok10,2021-04-18T12:00:00Z,flow,1.3574
tok10,2021-04-18T12:00:00Z,social,-1.3296
tok10,2021-04-25T12:00:00Z,flow,-0.8205
tok10,2021-04-25T12:00:00Z,social,0.3197
tok10,2021-05-02T12:00:00Z,flow,-1.0673
tok10,2021-05-02T12:00:00Z,social,0.3006
tok10,2021-05-09T12:00:00Z,flow,1.2182
tok10,2021-05-09T12:00:00Z,social,1.6117
tok10,2021-05-16T12:00:00Z,flow,0.31
tok10,2021-05-16T12:00:00Z,social,-0.1723
tok10,2021-05-23T12:00:00Z,flow,-0.513
tok10,2021-05-23T12:00:00Z,social,0.2427
tok10,2021-05-30T12:00:00Z,flow,0.1375
tok10,2021-05-30T12:00:00Z,social,0.7357
tok10,2021-06-06T12:00:00Z,flow,-0.0715
tok10,2021-06-06T12:00:00Z,social,-0.1551
tok10,2021-06-13T12:00:00Z,flow,-0.5517
tok10,2021-06-13T12:00:00Z,social,0.7032
tok10,2021-06-20T12:00:00Z,flow,0.9232
tok10,2021-06-20T12:00:00Z,social,-0.8411
tok10,2021-06-27T12:00:00Z,flow,0.1835
tok10,2021-06-27T12:00:00Z,social,-0.4563
tok10,2021-07-04T12:00:00Z,flow,1.5823
tok10,2021-07-04T12:00:00Z,social,1.3499
tok10,2021-07-11T12:00:00Z,flow,-0.2004
tok10,2021-07-11T12:00:00Z,social,2.5717
tok10,2021-07-18T12:00:00Z,flow,-2.1724
tok10,2021-07-18T12:00:00Z,social,-0.0493
tok10,2021-07-25T12:00:00Z,flow,1.3851
tok10,2021-07-25T12:00:00Z,social,-0.9442
tok10,2021-08-01T12:00:00Z,flow,0.8992
tok10,2021-08-01T12:00:00Z,social,-1.7298
tok10,2021-08-08T12:00:00Z,flow,-1.8276
tok10,2021-08-08T12:00:00Z,social,1.144
tok10,2021-08-15T12:00:00Z,flow,-0.3914
tok10,2021-08-15T12:00:00Z,social,0.8463
tok10,2021-08-22T12:00:00Z,flow,0.275
tok10,2021-08-22T12:00:00Z,social,0.2821
tok10,2021-08-29T12:00:00Z,flow,0.9281
tok10,2021-08-29T12:00:00Z,social,-1.1565
tok10,2021-09-05T12:00:00Z,flow,0.5018
tok10,2021-09-05T12:00:00Z,social,0.2371
tok10,2021-09-12T12:00:00Z,flow,0.8435
tok10,2021-09-12T12:00:00Z,social,-1.2041
tok10,2021-09-19T12:00:00Z,flow,-0.5497
tok10,2021-09-19T12:00:00Z,social,-0.406
tok10,2021-09-26T12:00:00Z,flow,-0.684
tok10,2021-09-26T12:00:00Z,social,-1.347
tok10,2021-10-03T12:00:00Z,flow,1.1816
tok10,2021-10-03T12:00:00Z,social,-0.5344
tok10,2021-10-10T12:00:00Z,flow,-0.5849
tok10,2021-10-10T12:00:00Z,social,0.6588
tok10,2021-10-17T12:00:00Z,flow,-0.9776
tok10,2021-10-17T12:00:00Z,social,0.3923
tok10,2021-10-24T12:00:00Z,flow,1.1102
tok10,2021-10-24T12:00:00Z,social,0.9965
tok10,2021-10-31T12:00:00Z,flow,0.7891
tok10,2021-10-31T12:00:00Z,social,-0.9027
tok10,2021-11-07T12:00:00Z,flow,1.0283
tok10,2021-11-07T12:00:00Z,social,0.1858
tok10,2021-11-14T12:00:00Z,flow,0.1027
tok10,2021-11-14T12:00:00Z,social,1.7168
tok10,2021-11-21T12:00:00Z,flow,1.3635
tok10,2021-11-21T12:00:00Z,social,1.6394
tok10,2021-11-28T12:00:00Z,flow,0.8539
tok10,2021-11-28T12:00:00Z,social,-0.4314
tok10,2021-12-05T12:00:00Z,flow,1.4417
tok10,2021-12-05T12:00:00Z,social,0.5761
tok10,2021-12-12T12:00:00Z,flow,-1.4491
tok10,2021-12-12T12:00:00Z,social,0.4224
tok10,2021-12-19T12:00:00Z,flow,0.6766
tok10,2021-12-19T12:00:00Z,social,1.0541
tok10,2021-12-26T12:00:00Z,flow,-0.5857
tok10,2021-12-26T12:00:00Z,social,-1.1066
tok10,2022-01-02T12:00:00Z,flow,-0.3993
tok10,2022-01-02T12:00:00Z,social,-0.809
tok10,2022-01-09T12:00:00Z,flow,0.6767
tok10,2022-01-09T12:00:00Z,social,-0.4263
tok10,2022-01-16T12:00:00Z,flow,0.8572
tok10,2022-01-16T12:00:00Z,social,-0.9366
tok10,2022-01-23T12:00:00Z,flow,0.6999
tok10,2022-01-23T12:00:00Z,social,1.0941
tok10,2022-01-30T12:00:00Z,flow,-2.4276
tok10,2022-01-30T12:00:00Z,social,-1.4367
tok10,2022-02-06T12:00:00Z,flow,1.2493
tok10,2022-02-06T12:00:00Z,social,0.7987
tok10,2022-02-13T12:00:00Z,flow,-0.916
tok10,2022-02-13T12:00:00Z,social,0.5494
tok10,2022-02-20T12:00:00Z,flow,-0.8607
tok10,2022-02-20T12:00:00Z,social,1.0442
tok10,2022-02-27T12:00:00Z,flow,1.0851
tok10,2022-02-27T12:00:00Z,social,-0.2236
tok10,2022-03-06T12:00:00Z,flow,-0.0124
tok10,2022-03-06T12:00:00Z,social,0.7587
tok10,2022-03-13T12:00:00Z,flow,-1.031
tok10,2022-03-13T12:00:00Z,social,-1.7327
tok10,2022-03-20T12:00:00Z,flow,0.6625
tok10,2022-03-20T12:00:00Z,social,0.8087
tok10,2022-03-27T12:00:00Z,flow,0.6336
tok10,2022-03-27T12:00:00Z,social,1.4565
tok10,2022-04-03T12:00:00Z,flow,-0.999
tok10,2022-04-03T12:00:00Z,social,-1.0685
tok10,2022-04-10T12:00:00Z,flow,-0.0697
tok10,2022-04-10T12:00:00Z,social,-0.4777
tok10,2022-04-17T12:00:00Z,flow,0.4468
tok10,2022-04-17T12:00:00Z,social,-0.3872
tok10,2022-04-24T12:00:00Z,flow,1.1287
tok10,2022-04-24T12:00:00Z,social,0.2516
tok10,2022-05-01T12:00:00Z,flow,-0.7446
tok10,2022-05-01T12:00:00Z,social,-2.3634
tok10,2022-05-08T12:00:00Z,flow,1.5604
tok10,2022-05-08T12:00:00Z,social,-0.8807
tok10,2022-05-15T12:00:00Z,flow,-0.6115
tok10,2022-05-15T12:00:00Z,social,-0.7569
tok10,2022-05-22T12:00:00Z,flow,-0.3629
tok10,2022-05-22T12:00:00Z,social,-0.4475
tok10,2022-05-29T12:00:00Z,flow,0.4394
tok10,2022-05-29T12:00:00Z,social,0.3949
tok10,2022-06-05T12:00:00Z,flow,-1.2071
tok10,2022-06-05T12:00:00Z,social,0.8193
tok10,2022-06-12T12:00:00Z,flow,0.4199
tok10,2022-06-12T12:00:00Z,social,-0.4748
tok10,2022-06-19T12:00:00Z,flow,0.2811
tok10,2022-06-19T12:00:00Z,social,0.3551
tok10,2022-06-26T12:00:00Z,flow,2.0632
tok10,2022-06-26T12:00:00Z,social,0.2806
tok10,2022-07-03T12:00:00Z,flow,-0.6569
tok10,2022-07-03T12:00:00Z,social,-0.1017
tok10,2022-07-10T12:00:00Z,flow,-0.7338
tok10,2022-07-10T12:00:00Z,social,0.0478
tok10,2022-07-17T12:00:00Z,flow,1.057
tok10,2022-07-17T12:00:00Z,social,1.8975
tok10,2022-07-24T12:00:00Z,flow,1.2966
tok10,2022-07-24T12:00:00Z,social,-1.1433
tok10,2022-07-31T12:00:00Z,flow,0.6233
tok10,2022-07-31T12:00:00Z,social,-1.3685
tok10,2022-08-07T12:00:00Z,flow,0.6608
tok10,2022-08-07T12:00:00Z,social,0.5234
tok10,2022-08-14T12:00:00Z,flow,2.3627
tok10,2022-08-14T12:00:00Z,social,0.2256
tok10,2022-08-21T12:00:00Z,flow,1.2441
tok10,2022-08-21T12:00:00Z,social,1.0023
tok10,2022-08-28T12:00:00Z,flow,-0.5939
tok10,2022-08-28T12:00:00Z,social,0.0959
tok10,2022-09-04T12:00:00Z,flow,0.2554
tok10,2022-09-04T12:00:00Z,social,-0.6144
tok10,2022-09-11T12:00:00Z,flow,-0.4813
tok10,2022-09-11T12:00:00Z,social,1.2826
tok10,2022-09-18T12:00:00Z,flow,-0.0543
tok10,2022-09-18T12:00:00Z,social,1.2259
tok10,2022-09-25T12:00:00Z,flow,-0.3024
tok10,2022-09-25T12:00:00Z,social,0.7128
tok10,2022-10-02T12:00:00Z,flow,1.1324
tok10,2022-10-02T12:00:00Z,social,-1.0221
tok10,2022-10-09T12:00:00Z,flow,-0.438
tok10,2022-10-09T12:00:00Z,social,-0.9419
tok10,2022-10-16T12:00:00Z,flow,0.0112
tok10,2022-10-16T12:00:00Z,social,-1.2247
tok10,2022-10-23T12:00:00Z,flow,-0.6755
tok10,2022-10-23T12:00:00Z,social,0.3233
tok10,2022-10-30T12:00:00Z,flow,-0.9742
tok10,2022-10-30T12:00:00Z,social,0.9505
tok10,2022-11-06T12:00:00Z,flow,0.7111
tok10,2022-11-06T12:00:00Z,social,-0.2486
tok10,2022-11-13T12:00:00Z,flow,-0.8565
tok10,2022-11-13T12:00:00Z,social,-0.1447
tok10,2022-11-20T12:00:00Z,flow,-0.5271
tok10,2022-11-20T12:00:00Z,social,-0.1107
tok10,2022-11-27T12:00:00Z,flow,1.1276
tok10,2022-11-27T12:00:00Z,social,-0.609
tok10,2022-12-04T12:00:00Z,flow,-0.8127
tok10,2022-12-04T12:00:00Z,social,-0.1784
tok10,2022-12-11T12:00:00Z,flow,-0.4208
tok10,2022-12-11T12:00:00Z,social,0.9158
tok10,2022-12-18T12:00:00Z,flow,-0.33
tok10,2022-12-18T12:00:00Z,social,-1.8476
tok10,2022-12-25T12:00:00Z,flow,-2.0593
tok10,2022-12-25T12:00:00Z,social,-0.5276
tok10,2023-01-01T12:00:00Z,flow,0.1358
tok10,2023-01-01T12:00:00Z,social,-0.7286
tok10,2023-01-08T12:00:00Z,flow,-0.9363
tok10,2023-01-08T12:00:00Z,social,-0.388
tok10,2023-01-15T12:00:00Z,flow,0.9636
tok10,2023-01-15T12:00:00Z,social,0.6185
tok10,2023-01-22T12:00:00Z,flow,2.5931
tok10,2023-01-22T12:00:00Z,social,-0.3365
tok10,2023-01-29T12:00:00Z,flow,0.44
tok10,2023-01-29T12:00:00Z,social,-0.6989
tok10,2023-02-05T12:00:00Z,flow,-0.7116
tok10,2023-02-05T12:00:00Z,social,0.3078
tok10,2023-02-12T12:00:00Z,flow,0.2381
tok10,2023-02-12T12:00:00Z,social,-0.5685
tok10,2023-02-19T12:00:00Z,flow,1.561
tok10,2023-02-19T12:00:00Z,social,0.7461
tok10,2023-02-26T12:00:00Z,flow,0.4398
tok10,2023-02-26T12:00:00Z,social,-0.9472
tok10,2023-03-05T12:00:00Z,flow,1.1802
tok10,2023-03-05T12:00:00Z,social,1.1251
tok10,2023-03-12T12:00:00Z,flow,-0.8743
tok10,2023-03-12T12:00:00Z,social,0.3115
tok10,2023-03-19T12:00:00Z,flow,0.2074
tok10,2023-03-19T12:00:00Z,social,-1.024
tok10,2023-03-26T12:00:00Z,flow,0.4876
tok10,2023-03-26T12:00:00Z,social,-0.1139
tok10,2023-04-02T12:00:00Z,flow,1.2576
tok10,2023-04-02T12:00:00Z,social,-0.6479
tok10,2023-04-09T12:00:00Z,flow,-0.7311
tok10,2023-04-09T12:00:00Z,social,1.5
tok10,2023-04-16T12:00:00Z,flow,-0.8562
tok10,2023-04-16T12:00:00Z,social,-0.6269
tok10,2023-04-23T12:00:00Z,flow,0.718
tok10,2023-04-23T12:00:00Z,social,1.1314
tok10,2023-04-30T12:00:00Z,flow,0.3773
tok10,2023-04-30T12:00:00Z,social,0.7011
tok10,2023-05-07T12:00:00Z,flow,1.5087
tok10,2023-05-07T12:00:00Z,social,-0.6347
tok10,2023-05-14T12:00:00Z,flow,-0.0688
tok10,2023-05-14T12:00:00Z,social,1.9767
tok10,2023-05-21T12:00:00Z,flow,1.306
tok10,2023-05-21T12:00:00Z,social,1.3588
tok10,2023-05-28T12:00:00Z,flow,1.7189
tok10,2023-05-28T12:00:00Z,social,0.1114
tok10,2023-06-04T12:00:00Z,flow,0.2859
tok10,2023-06-04T12:00:00Z,social,-1.2959
tok10,2023-06-11T12:00:00Z,flow,-1.9811
tok10,2023-06-11T12:00:00Z,social,0.2016
tok10,2023-06-18T12:00:00Z,flow,-0.3394
tok10,2023-06-18T12:00:00Z,social,-1.2138
tok10,2023-06-25T12:00:00Z,flow,1.6892
tok10,2023-06-25T12:00:00Z,social,-0.4344
tok10,2023-07-02T12:00:00Z,flow,-0.1625
tok10,2023-07-02T12:00:00Z,social,0.9685
tok10,2023-07-09T12:00:00Z,flow,0.8542
tok10,2023-07-09T12:00:00Z,social,1.1549
tok10,2023-07-16T12:00:00Z,flow,0.1469
tok10,2023-07-16T12:00:00Z,social,0.4161
tok10,2023-07-23T12:00:00Z,flow,-1.7561
tok10,2023-07-23T12:00:00Z,social,-0.3772
tok10,2023-07-30T12:00:00Z,flow,1.147
tok10,2023-07-30T12:00:00Z,social,-0.9101
tok10,2023-08-06T12:00:00Z,flow,-0.2718
tok10,2023-08-06T12:00:00Z,social,-1.0003
tok10,2023-08-13T12:00:00Z,flow,0.2725
tok10,2023-08-13T12:00:00Z,social,-0.2406
tok10,2023-08-20T12:00:00Z,flow,-0.6123
tok10,2023-08-20T12:00:00Z,social,0.1816
tok10,2023-08-27T12:00:00Z,flow,-0.3338
tok10,2023-08-27T12:00:00Z,social,1.4618
tok10,2023-09-03T12:00:00Z,flow,-1.3558
tok10,2023-09-03T12:00:00Z,social,0.3971
tok10,2023-09-10T12:00:00Z,flow,-0.8208
tok10,2023-09-10T12:00:00Z,social,1.3203
tok10,2023-09-17T12:00:00Z,flow,0.5312
tok10,2023-09-17T12:00:00Z,social,1.7022
tok10,2023-09-24T12:00:00Z,flow,-0.4536
tok10,2023-09-24T12:00:00Z,social,0.5868
tok10,2023-10-01T12:00:00Z,flow,1.2664
tok10,2023-10-01T12:00:00Z,social,0.8917
tok10,2023-10-08T12:00:00Z,flow,0.9716
tok10,2023-10-08T12:00:00Z,social,-1.5343
tok10,2023-10-15T12:00:00Z,flow,-0.7489
tok10,2023-10-15T12:00:00Z,social,-1.8009
tok10,2023-10-22T12:00:00Z,flow,0.5461
tok10,2023-10-22T12:00:00Z,social,-0.7398
tok10,2023-10-29T12:00:00Z,flow,-0.3405
tok10,2023-10-29T12:00:00Z,social,-0.2472
tok10,2023-11-05T12:00:00Z,flow,0.7203
tok10,2023-11-05T12:00:00Z,social,0.8929
tok10,2023-11-12T12:00:00Z,flow,-0.4449
tok10,2023-11-12T12:00:00Z,social,0.0596
tok10,2023-11-19T12:00:00Z,flow,-0.4626
tok10,2023-11-19T12:00:00Z,social,1.574
tok10,2023-11-26T12:00:00Z,flow,1.6847
tok10,2023-11-26T12:00:00Z,social,0.2988
tok10,2023-12-03T12:00:00Z,flow,0.4152
tok10,2023-12-03T12:00:00Z,social,-0.3371
tok10,2023-12-10T12:00:00Z,flow,-0.6245
tok10,2023-12-10T12:00:00Z,social,0.6571
tok10,2023-12-17T12:00:00Z,flow,0.1378
tok10,2023-12-17T12:00:00Z,social,-1.8988
tok10,2023-12-24T12:00:00Z,flow,-0.9157
tok10,2023-12-24T12:00:00Z,social,0.5911
tok10,2023-12-31T12:00:00Z,flow,0.3796
tok10,2023-12-31T12:00:00Z,social,0.6986
tok11,2021-01-03T12:00:00Z,flow,0.0284
tok11,2021-01-03T12:00:00Z,social,0.1911
tok11,2021-01-10T12:00:00Z,flow,-1.2274
tok11,2021-01-10T12:00:00Z,social,-1.6161
tok11,2021-01-17T12:00:00Z,flow,1.2246
tok11,2021-01-17T12:00:00Z,social,-1.6498
tok11,2021-01-24T12:00:00Z,flow,-0.6513
tok11,2021-01-24T12:00:00Z,social,0.7697
tok11,2021-01-31T12:00:00Z,flow,-0.3481
tok11,2021-01-31T12:00:00Z,social,0.0179
tok11,2021-02-07T12:00:00Z,flow,0.8996
tok11,2021-02-07T12:00:00Z,social,0.8081
tok11,2021-02-14T12:00:00Z,flow,-0.4591
tok11,2021-02-14T12:00:00Z,social,-1.4541
tok11,2021-02-21T12:00:00Z,flow,-0.2931
tok11,2021-02-21T12:00:00Z,social,-0.8879
tok11,2021-02-28T12:00:00Z,flow,-0.3396
tok11,2021-02-28T12:00:00Z,social,-0.6288
tok11,2021-03-07T12:00:00Z,flow,0.8554
tok11,2021-03-07T12:00:00Z,social,-0.6818
tok11,2021-03-14T12:00:00Z,flow,-0.3008
tok11,2021-03-14T12:00:00Z,social,-0.7038
tok11,2021-03-21T12:00:00Z,flow,-1.0991
tok11,2021-03-21T12:00:00Z,social,-0.0822
tok11,2021-03-28T12:00:00Z,flow,2.1238
tok11,2021-03-28T12:00:00Z,social,-0.1314
tok11,2021-04-04T12:00:00Z,flow,-1.373
tok11,2021-04-04T12:00:00Z,social,0.6998
tok11,2021-04-11T12:00:00Z,flow,1.4788
tok11,2021-04-11T12:00:00Z,social,0.4126
tok11,2021-04-18T12:00:00Z,flow,1.7675
tok11,2021-04-18T12:00:00Z,social,0.1474
tok11,2021-04-25T12:00:00Z,flow,-1.1826
tok11,2021-04-25T12:00:00Z,social,0.1688
tok11,2021-05-02T12:00:00Z,flow,0.9448
tok11,2021-05-02T12:00:00Z,social,-0.6147
tok11,2021-05-09T12:00:00Z,flow,-1.1292
tok11,2021-05-09T12:00:00Z,social,-0.4119
tok11,2021-05-16T12:00:00Z,flow,0.6894
tok11,2021-05-16T12:00:00Z,social,0.1279
tok11,2021-05-23T12:00:00Z,flow,2.1787
tok11,2021-05-23T12:00:00Z,social,0.5662
tok11,2021-05-30T12:00:00Z,flow,0.4021
tok11,2021-05-30T12:00:00Z,social,0.9451
tok11,2021-06-06T12:00:00Z,flow,-2.1576
tok11,2021-06-06T12:00:00Z,social,0.8482
tok11,2021-06-13T12:00:00Z,flow,-0.5489
tok11,2021-06-13T12:00:00Z,social,-0.375
tok11,2021-06-20T12:00:00Z,flow,1.2723
tok11,2021-06-20T12:00:00Z,social,-0.6042
tok11,2021-06-27T12:00:00Z,flow,-0.5602
tok11,2021-06-27T12:00:00Z,social,-0.0365
tok11,2021-07-04T12:00:00Z,flow,-1.2198
tok11,2021-07-04T12:00:00Z,social,1.3761
tok11,2021-07-11T12:00:00Z,flow,-0.1175
tok11,2021-07-11T12:00:00Z,social,1.0917
tok11,2021-07-18T12:00:00Z,flow,-0.4838
tok11,2021-07-18T12:00:00Z,social,2.9503
tok11,2021-07-25T12:00:00Z,flow,-1.3536
tok11,2021-07-25T12:00:00Z,social,-0.8459
tok11,2021-08-01T12:00:00Z,flow,-1.3768
tok11,2021-08-01T12:00:00Z,social,-0.4957
tok11,2021-08-08T12:00:00Z,flow,0.7839
tok11,2021-08-08T12:00:00Z,social,1.2889
tok11,2021-08-15T12:00:00Z,flow,-1.148
tok11,2021-08-15T12:00:00Z,social,0.623
tok11,2021-08-22T12:00:00Z,flow,0.1948
tok11,2021-08-22T12:00:00Z,social,-0.4264
tok11,2021-08-29T12:00:00Z,flow,-0.5778
tok11,2021-08-29T12:00:00Z,social,-1.6121
tok11,2021-09-05T12:00:00Z,flow,-1.5047
tok11,2021-09-05T12:00:00Z,social,1.3854
tok11,2021-09-12T12:00:00Z,flow,-0.2402
tok11,2021-09-12T12:00:00Z,social,0.1129
tok11,2021-09-19T12:00:00Z,flow,0.3815
tok11,2021-09-19T12:00:00Z,social,0.6248
tok11,2021-09-26T12:00:00Z,flow,-0.0105
tok11,2021-09-26T12:00:00Z,social,-0.1683
tok11,2021-10-03T12:00:00Z,flow,2.5046
tok11,2021-10-03T12:00:00Z,social,-0.9142
tok11,2021-10-10T12:00:00Z,flow,-0.6863
tok11,2021-10-10T12:00:00Z,social,0.0843
tok11,2021-10-17T12:00:00Z,flow,-1.1677
tok11,2021-10-17T12:00:00Z,social,1.547
tok11,2021-10-24T12:00:00Z,flow,0.04
tok11,2021-10-24T12:00:00Z,social,-2.1732
tok11,2021-10-31T12:00:00Z,flow,-0.001
tok11,2021-10-31T12:00:00Z,social,0.4673
tok11,2021-11-07T12:00:00Z,flow,-0.4703
tok11,2021-11-07T12:00:00Z,social,-0.5122
tok11,2021-11-14T12:00:00Z,flow,1.1583
tok11,2021-11-14T12:00:00Z,social,-0.0134
tok11,2021-11-21T12:00:00Z,flow,-0.7642
tok11,2021-11-21T12:00:00Z,social,-0.7345
tok11,2021-11-28T12:00:00Z,flow,-0.4272
tok11,2021-11-28T12:00:00Z,social,-0.9326
tok11,2021-12-05T12:00:00Z,flow,-0.526
tok11,2021-12-05T12:00:00Z,social,-1.3788
tok11,2021-12-12T12:00:00Z,flow,-1.5502
tok11,2021-12-12T12:00:00Z,social,-0.2777
tok11,2021-12-19T12:00:00Z,flow,1.2034
tok11,2021-12-19T12:00:00Z,social,0.651
tok11,2021-12-26T12:00:00Z,flow,0.0817
tok11,2021-12-26T12:00:00Z,social,0.6811
tok11,2022-01-02T12:00:00Z,flow,0.0951
tok11,2022-01-02T12:00:00Z,social,0.1294
tok11,2022-01-09T12:00:00Z,flow,-0.3437
tok11,2022-01-09T12:00:00Z,social,-0.9798
tok11,2022-01-16T12:00:00Z,flow,-1.201
tok11,2022-01-16T12:00:00Z,social,0.8443
tok11,2022-01-23T12:00:00Z,flow,0.4638
tok11,2022-01-23T12:00:00Z,social,1.4392
tok11,2022-01-30T12:00:00Z,flow,-0.5223
tok11,2022-01-30T12:00:00Z,social,1.2084
tok11,2022-02-06T12:00:00Z,flow,1.3786
tok11,2022-02-06T12:00:00Z,social,0.2013
tok11,2022-02-13T12:00:00Z,flow,-0.045
tok11,2022-02-13T12:00:00Z,social,1.7141
tok11,2022-02-20T12:00:00Z,flow,1.2137
tok11,2022-02-20T12:00:00Z,social,-0.6312
tok11,2022-02-27T12:00:00Z,flow,-0.5693
tok11,2022-02-27T12:00:00Z,social,-0.5044
tok11,2022-03-06T12:00:00Z,flow,-0.2092
tok11,2022-03-06T12:00:00Z,social,0.6213
tok11,2022-03-13T12:00:00Z,flow,0.1118
tok11,2022-03-13T12:00:00Z,social,0.636
tok11,2022-03-20T12:00:00Z,flow,-1.0101
tok11,2022-03-20T12:00:00Z,social,1.3941
tok11,2022-03-27T12:00:00Z,flow,0.1687
tok11,2022-03-27T12:00:00Z,social,-0.5548
tok11,2022-04-03T12:00:00Z,flow,0.1411
tok11,2022-04-03T12:00:00Z,social,-1.3315
tok11,2022-04-10T12:00:00Z,flow,1.6641
tok11,2022-04-10T12:00:00Z,social,-0.3287
tok11,2022-04-17T12:00:00Z,flow,-0.2816
tok11,2022-04-17T12:00:00Z,social,0.6635
tok11,2022-04-24T12:00:00Z,flow,1.3675
tok11,2022-04-24T12:00:00Z,social,-0.6351
tok11,2022-05-01T12:00:00Z,flow,0.3536
tok11,2022-05-01T12:00:00Z,social,-0.6714
tok11,2022-05-08T12:00:00Z,flow,1.1722
tok11,2022-05-08T12:00:00Z,social,0.2768
tok11,2022-05-15T12:00:00Z,flow,-0.6359
tok11,2022-05-15T12:00:00Z,social,-0.2455
tok11,2022-05-22T12:00:00Z,flow,-0.8924
tok11,2022-05-22T12:00:00Z,social,-0.4507
tok11,2022-05-29T12:00:00Z,flow,-1.4617
tok11,2022-05-29T12:00:00Z,social,-1.5078
tok11,2022-06-05T12:00:00Z,flow,0.3301
tok11,2022-06-05T12:00:00Z,social,-1.6082
tok11,2022-06-12T12:00:00Z,flow,0.1603
tok11,2022-06-12T12:00:00Z,social,-0.5399
tok11,2022-06-19T12:00:00Z,flow,1.2833
tok11,2022-06-19T12:00:00Z,social,-0.5304
tok11,2022-06-26T12:00:00Z,flow,-0.817
tok11,2022-06-26T12:00:00Z,social,-0.5164
tok11,2022-07-03T12:00:00Z,flow,-0.6446
tok11,2022-07-03T12:00:00Z,social,-0.8016
tok11,2022-07-10T12:00:00Z,flow,-0.2425
tok11,2022-07-10T12:00:00Z,social,-1.9807
tok11,2022-07-17T12:00:00Z,flow,0.0928
tok11,2022-07-17T12:00:00Z,social,-1.174
tok11,2022-07-24T12:00:00Z,flow,-0.4293
tok11,2022-07-24T12:00:00Z,social,1.8597
tok11,2022-07-31T12:00:00Z,flow,-0.8443
tok11,2022-07-31T12:00:00Z,social,0.0255
tok11,2022-08-07T12:00:00Z,flow,1.2199
tok11,2022-08-07T12:00:00Z,social,0.6908
tok11,2022-08-14T12:00:00Z,flow,0.71
tok11,2022-08-14T12:00:00Z,social,-0.7783
tok11,2022-08-21T12:00:00Z,flow,0.8919
tok11,2022-08-21T12:00:00Z,social,0.621
tok11,2022-08-28T12:00:00Z,flow,-0.2551
tok11,2022-08-28T12:00:00Z,social,-1.4306
tok11,2022-09-04T12:00:00Z,flow,0.5878
tok11,2022-09-04T12:00:00Z,social,0.5772
tok11,2022-09-11T12:00:00Z,flow,-1.9241
tok11,2022-09-11T12:00:00Z,social,0.1852
tok11,2022-09-18T12:00:00Z,flow,-1.4868
tok11,2022-09-18T12:00:00Z,social,-0.7881
tok11,2022-09-25T12:00:00Z,flow,-0.7669
tok11,2022-09-25T12:00:00Z,social,1.0371
tok11,2022-10-02T12:00:00Z,flow,0.3126
tok11,2022-10-02T12:00:00Z,social,0.6904
tok11,2022-10-09T12:00:00Z,flow,-1.9349
tok11,2022-10-09T12:00:00Z,social,-0.642
tok11,2022-10-16T12:00:00Z,flow,0.2833
tok11,2022-10-16T12:00:00Z,social,-0.2786
tok11,2022-10-23T12:00:00Z,flow,0.5085
tok11,2022-10-23T12:00:00Z,social,-1.1356
tok11,2022-10-30T12:00:00Z,flow,0.2577
tok11,2022-10-30T12:00:00Z,social,1.6209
tok11,2022-11-06T12:00:00Z,flow,1.6134
tok11,2022-11-06T12:00:00Z,social,1.3049
tok11,2022-11-13T12:00:00Z,flow,0.534
tok11,2022-11-13T12:00:00Z,social,-0.9717
tok11,2022-11-20T12:00:00Z,flow,-1.1632
tok11,2022-11-20T12:00:00Z,social,0.1451
tok11,2022-11-27T12:00:00Z,flow,0.587
tok11,2022-11-27T12:00:00Z,social,-0.2423
tok11,2022-12-04T12:00:00Z,flow,0.1412
tok11,2022-12-04T12:00:00Z,social,-1.5625
tok11,2022-12-11T12:00:00Z,flow,0.5362
tok11,2022-12-11T12:00:00Z,social,-0.831
tok11,2022-12-18T12:00:00Z,flow,-0.2118
tok11,2022-12-18T12:00:00Z,social,-1.1148
tok11,2022-12-25T12:00:00Z,flow,0.7327
tok11,2022-12-25T12:00:00Z,social,0.4607
tok11,2023-01-01T12:00:00Z,flow,-0.2375
tok11,2023-01-01T12:00:00Z,social,-1.0137
tok11,2023-01-08T12:00:00Z,flow,0.1287
tok11,2023-01-08T12:00:00Z,social,0.3368
tok11,2023-01-15T12:00:00Z,flow,-0.0471
tok11,2023-01-15T12:00:00Z,social,-1.6752
tok11,2023-01-22T12:00:00Z,flow,0.756
tok11,2023-01-22T12:00:00Z,social,0.2553
tok11,2023-01-29T12:00:00Z,flow,-0.5036
tok11,2023-01-29T12:00:00Z,social,0.9371
tok11,2023-02-05T12:00:00Z,flow,0.7407
tok11,2023-02-05T12:00:00Z,social,-0.9972
tok11,2023-02-12T12:00:00Z,flow,1.4023
tok11,2023-02-12T12:00:00Z,social,-0.6024
tok11,2023-02-19T12:00:00Z,flow,-0.6679
tok11,2023-02-19T12:00:00Z,social,-0.9044
tok11,2023-02-26T12:00:00Z,flow,0.7164
tok11,2023-02-26T12:00:00Z,social,1.0366
tok11,2023-03-05T12:00:00Z,flow,-1.8994
tok11,2023-03-05T12:00:00Z,social,1.2028
tok11,2023-03-12T12:00:00Z,flow,-0.6094
tok11,2023-03-12T12:00:00Z,social,-0.4394
tok11,2023-03-19T12:00:00Z,flow,-0.2206
tok11,2023-03-19T12:00:00Z,social,1.1847
tok11,2023-03-26T12:00:00Z,flow,-0.0094
tok11,2023-03-26T12:00:00Z,social,-0.2852
tok11,2023-04-02T12:00:00Z,flow,-1.0438
tok11,2023-04-02T12:00:00Z,social,0.4359
tok11,2023-04-09T12:00:00Z,flow,1.4938
tok11,2023-04-09T12:00:00Z,social,1.1461
tok11,2023-04-16T12:00:00Z,flow,-0.2192
tok11,2023-04-16T12:00:00Z,social,0.1129
tok11,2023-04-23T12:00:00Z,flow,-1.1377
tok11,2023-04-23T12:00:00Z,social,-0.5746
tok11,2023-04-30T12:00:00Z,flow,-0.3126
tok11,2023-04-30T12:00:00Z,social,-0.0113
tok11,2023-05-07T12:00:00Z,flow,-0.0432
tok11,2023-05-07T12:00:00Z,social,-0.244
tok11,2023-05-14T12:00:00Z,flow,-0.5945
tok11,2023-05-14T12:00:00Z,social,-0.9257
tok11,2023-05-21T12:00:00Z,flow,-0.2336
tok11,2023-05-21T12:00:00Z,social,-0.1987
tok11,2023-05-28T12:00:00Z,flow,-0.5295
tok11,2023-05-28T12:00:00Z,social,-0.9809
tok11,2023-06-04T12:00:00Z,flow,-1.6563
tok11,2023-06-04T12:00:00Z,social,-1.2077
tok11,2023-06-11T12:00:00Z,flow,-0.247
tok11,2023-06-11T12:00:00Z,social,1.191
tok11,2023-06-18T12:00:00Z,flow,0.1194
tok11,2023-06-18T12:00:00Z,social,1.0468
tok11,2023-06-25T12:00:00Z,flow,-0.0553
tok11,2023-06-25T12:00:00Z,social,1.7256
tok11,2023-07-02T12:00:00Z,flow,-0.35
tok11,2023-07-02T12:00:00Z,social,0.8243
tok11,2023-07-09T12:00:00Z,flow,-0.9692
tok11,2023-07-09T12:00:00Z,social,-0.1896
tok11,2023-07-16T12:00:00Z,flow,-2.3012
tok11,2023-07-16T12:00:00Z,social,1.244
tok11,2023-07-23T12:00:00Z,flow,0.307
tok11,2023-07-23T12:00:00Z,social,-0.2589
tok11,2023-07-30T12:00:00Z,flow,-1.5055
tok11,2023-07-30T12:00:00Z,social,0.3442
tok11,2023-08-06T12:00:00Z,flow,0.3771
tok11,2023-08-06T12:00:00Z,social,-0.0009
tok11,2023-08-13T12:00:00Z,flow,-0.3284
tok11,2023-08-13T12:00:00Z,social,1.8112
tok11,2023-08-20T12:00:00Z,flow,-0.0806
tok11,2023-08-20T12:00:00Z,social,0.5895
tok11,2023-08-27T12:00:00Z,flow,2.1589
tok11,2023-08-27T12:00:00Z,social,0.9828
tok11,2023-09-03T12:00:00Z,flow,-0.1266
tok11,2023-09-03T12:00:00Z,social,0.1092
tok11,2023-09-10T12:00:00Z,flow,1.1631
tok11,2023-09-10T12:00:00Z,social,-0.7515
tok11,2023-09-17T12:00:00Z,flow,-2.0324
tok11,2023-09-17T12:00:00Z,social,-1.4067
tok11,2023-09-24T12:00:00Z,flow,-0.3303
tok11,2023-09-24T12:00:00Z,social,0.0007
tok11,2023-10-01T12:00:00Z,flow,-0.2145
tok11,2023-10-01T12:00:00Z,social,-0.0273
tok11,2023-10-08T12:00:00Z,flow,0.6988
tok11,2023-10-08T12:00:00Z,social,-1.1639
tok11,2023-10-15T12:00:00Z,flow,0.1595
tok11,2023-10-15T12:00:00Z,social,0.1298
tok11,2023-10-22T12:00:00Z,flow,-1.4025
tok11,2023-10-22T12:00:00Z,social,-0.729
tok11,2023-10-29T12:00:00Z,flow,0.9574
tok11,2023-10-29T12:00:00Z,social,-0.0222
tok11,2023-11-05T12:00:00Z,flow,0.3772
tok11,2023-11-05T12:00:00Z,social,0.4187
tok11,2023-11-12T12:00:00Z,flow,0.4911
tok11,2023-11-12T12:00:00Z,social,0.7776
tok11,2023-11-19T12:00:00Z,flow,-0.9896
tok11,2023-11-19T12:00:00Z,social,1.5542
tok11,2023-11-26T12:00:00Z,flow,1.085
tok11,2023-11-26T12:00:00Z,social,-0.6918
tok11,2023-12-03T12:00:00Z,flow,-0.4071
tok11,2023-12-03T12:00:00Z,social,-0.151
tok11,2023-12-10T12:00:00Z,flow,1.143
tok11,2023-12-10T12:00:00Z,social,-1.6204
tok11,2023-12-17T12:00:00Z,flow,1.6474
tok11,2023-12-17T12:00:00Z,social,-1.0579
tok11,2023-12-24T12:00:00Z,flow,-1.4526
tok11,2023-12-24T12:00:00Z,social,1.246
tok11,2023-12-31T12:00:00Z,flow,-0.4358
tok11,2023-12-31T12:00:00Z,social,0.2989
tok12,2021-01-03T12:00:00Z,flow,0.5467
tok12,2021-01-03T12:00:00Z,social,-0.3291
tok12,2021-01-10T12:00:00Z,flow,-0.6832
tok12,2021-01-10T12:00:00Z,social,1.0867
tok12,2021-01-17T12:00:00Z,flow,-0.2975
tok12,2021-01-17T12:00:00Z,social,0.9251
tok12,2021-01-24T12:00:00Z,flow,0.8624
tok12,2021-01-24T12:00:00Z,social,-0.5722
tok12,2021-01-31T12:00:00Z,flow,0.532
tok12,2021-01-31T12:00:00Z,social,-0.8691
tok12,2021-02-07T12:00:00Z,flow,-0.2367
tok12,2021-02-07T12:00:00Z,social,-0.4485
tok12,2021-02-14T12:00:00Z,flow,1.2263
tok12,2021-02-14T12:00:00Z,social,-0.353
tok12,2021-02-21T12:00:00Z,flow,0.7532
tok12,2021-02-21T12:00:00Z,social,0.5576
tok12,2021-02-28T12:00:00Z,flow,-0.0597
tok12,2021-02-28T12:00:00Z,social,-0.236
tok12,2021-03-07T12:00:00Z,flow,-0.4499
tok12,2021-03-07T12:00:00Z,social,-1.357
tok12,2021-03-14T12:00:00Z,flow,1.4367
tok12,2021-03-14T12:00:00Z,social,-0.6032
tok12,2021-03-21T12:00:00Z,flow,0.5922
tok12,2021-03-21T12:00:00Z,social,-0.8894
tok12,2021-03-28T12:00:00Z,flow,-1.6791
tok12,2021-03-28T12:00:00Z,social,0.6128
tok12,2021-04-04T12:00:00Z,flow,-0.5518
tok12,2021-04-04T12:00:00Z,social,1.6981
tok12,2021-04-11T12:00:00Z,flow,-0.5054
tok12,2021-04-11T12:00:00Z,social,0.6788
tok12,2021-04-18T12:00:00Z,flow,0.0788
tok12,2021-04-18T12:00:00Z,social,0.0121
tok12,2021-04-25T12:00:00Z,flow,0.1623
tok12,2021-04-25T12:00:00Z,social,-1.1454
tok12,2021-05-02T12:00:00Z,flow,0.569
tok12,2021-05-02T12:00:00Z,social,-1.297
tok12,2021-05-09T12:00:00Z,flow,-0.5591
tok12,2021-05-09T12:00:00Z,social,1.3746
tok12,2021-05-16T12:00:00Z,flow,-0.3405
tok12,2021-05-16T12:00:00Z,social,1.1639
tok12,2021-05-23T12:00:00Z,flow,-1.4217
tok12,2021-05-23T12:00:00Z,social,0.8422
tok12,2021-05-30T12:00:00Z,flow,0.5953
tok12,2021-05-30T12:00:00Z,social,0.5533
tok12,2021-06-06T12:00:00Z,flow,0.4905
tok12,2021-06-06T12:00:00Z,social,-0.0407
tok12,2021-06-13T12:00:00Z,flow,-0.6294
tok12,2021-06-13T12:00:00Z,social,-1.8459
tok12,2021-06-20T12:00:00Z,flow,-0.0253
tok12,2021-06-20T12:00:00Z,social,0.6742
tok12,2021-06-27T12:00:00Z,flow,-0.434
tok12,2021-06-27T12:00:00Z,social,0.7629
tok12,2021-07-04T12:00:00Z,flow,-0.2651
tok12,2021-07-04T12:00:00Z,social,0.1709
tok12,2021-07-11T12:00:00Z,flow,0.6003
tok12,2021-07-11T12:00:00Z,social,-0.546
tok12,2021-07-18T12:00:00Z,flow,0.6784
tok12,2021-07-18T12:00:00Z,social,-2.221
tok12,2021-07-25T12:00:00Z,flow,-0.2138
tok12,2021-07-25T12:00:00Z,social,1.4731
tok12,2021-08-01T12:00:00Z,flow,1.7892
tok12,2021-08-01T12:00:00Z,social,0.1194
tok12,2021-08-08T12:00:00Z,flow,-0.0391
tok12,2021-08-08T12:00:00Z,social,0.1109
tok12,2021-08-15T12:00:00Z,flow,0.6363
tok12,2021-08-15T12:00:00Z,social,-1.591
tok12,2021-08-22T12:00:00Z,flow,0.8387
tok12,2021-08-22T12:00:00Z,social,-1.1034
tok12,2021-08-29T12:00:00Z,flow,-0.7883
tok12,2021-08-29T12:00:00Z,social,-2.5674
tok12,2021-09-05T12:00:00Z,flow,0.9487
tok12,2021-09-05T12:00:00Z,social,-0.5572
tok12,2021-09-12T12:00:00Z,flow,-0.8303
tok12,2021-09-12T12:00:00Z,social,-1.0723
tok12,2021-09-19T12:00:00Z,flow,0.6345
tok12,2021-09-19T12:00:00Z,social,-0.385
tok12,2021-09-26T12:00:00Z,flow,0.3639
tok12,2021-09-26T12:00:00Z,social,2.505
tok12,2021-10-03T12:00:00Z,flow,-1.8299
tok12,2021-10-03T12:00:00Z,social,-0.5943
tok12,2021-10-10T12:00:00Z,flow,-0.4598
tok12,2021-10-10T12:00:00Z,social,0.295
tok12,2021-10-17T12:00:00Z,flow,0.6526
tok12,2021-10-17T12:00:00Z,social,-0.497
tok12,2021-10-24T12:00:00Z,flow,-0.0363
tok12,2021-10-24T12:00:00Z,social,0.1307
tok12,2021-10-31T12:00:00Z,flow,-0.3418
tok12,2021-10-31T12:00:00Z,social,0.2987
tok12,2021-11-07T12:00:00Z,flow,1.4663
tok12,2021-11-07T12:00:00Z,social,-0.1419
tok12,2021-11-14T12:00:00Z,flow,2.3231
tok12,2021-11-14T12:00:00Z,social,-0.4552
tok12,2021-11-21T12:00:00Z,flow,-1.913
tok12,2021-11-21T12:00:00Z,social,-0.1878
tok12,2021-11-28T12:00:00Z,flow,-0.7487
tok12,2021-11-28T12:00:00Z,social,0.727
tok12,2021-12-05T12:00:00Z,flow,-1.6978
tok12,2021-12-05T12:00:00Z,social,-0.2874
tok12,2021-12-12T12:00:00Z,flow,1.2117
tok12,2021-12-12T12:00:00Z,social,2.0635
tok12,2021-12-19T12:00:00Z,flow,-0.174
tok12,2021-12-19T12:00:00Z,social,2.6329
tok12,2021-12-26T12:00:00Z,flow,1.3848
tok12,2021-12-26T12:00:00Z,social,-0.0806
tok12,2022-01-02T12:00:00Z,flow,-2.5616
tok12,2022-01-02T12:00:00Z,social,1.1657
tok12,2022-01-09T12:00:00Z,flow,0.6165
tok12,2022-01-09T12:00:00Z,social,0.1924
tok12,2022-01-16T12:00:00Z,flow,2.0902
tok12,2022-01-16T12:00:00Z,social,-1.0892
tok12,2022-01-23T12:00:00Z,flow,-0.4237
tok12,2022-01-23T12:00:00Z,social,0.3313
tok12,2022-01-30T12:00:00Z,flow,-0.2085
tok12,2022-01-30T12:00:00Z,social,-0.5219
tok12,2022-02-06T12:00:00Z,flow,0.8013
tok12,2022-02-06T12:00:00Z,social,-1.0805
tok12,2022-02-13T12:00:00Z,flow,-0.7049
tok12,2022-02-13T12:00:00Z,social,0.2356
tok12,2022-02-20T12:00:00Z,flow,2.5848
tok12,2022-02-20T12:00:00Z,social,-0.6628
tok12,2022-02-27T12:00:00Z,flow,0.9872
tok12,2022-02-27T12:00:00Z,social,-0.6464
tok12,2022-03-06T12:00:00Z,flow,-0.2438
tok12,2022-03-06T12:00:00Z,social,-0.973
tok12,2022-03-13T12:00:00Z,flow,-0.3203
tok12,2022-03-13T12:00:00Z,social,0.9711
tok12,2022-03-20T12:00:00Z,flow,0.1653
tok12,2022-03-20T12:00:00Z,social,0.0282
tok12,2022-03-27T12:00:00Z,flow,-1.3013
tok12,2022-03-27T12:00:00Z,social,-0.4827
tok12,2022-04-03T12:00:00Z,flow,1.5754
tok12,2022-04-03T12:00:00Z,social,-0.641
tok12,2022-04-10T12:00:00Z,flow,0.7952
tok12,2022-04-10T12:00:00Z,social,-1.3096
tok12,2022-04-17T12:00:00Z,flow,0.0208
tok12,2022-04-17T12:00:00Z,social,-0.6979
tok12,2022-04-24T12:00:00Z,flow,1.8788
tok12,2022-04-24T12:00:00Z,social,-0.3221
tok12,2022-05-01T12:00:00Z,flow,1.0508
tok12,2022-05-01T12:00:00Z,social,-0.4019
tok12,2022-05-08T12:00:00Z,flow,-0.5492
tok12,2022-05-08T12:00:00Z,social,0.2025
tok12,2022-05-15T12:00:00Z,flow,0.1877
tok12,2022-05-15T12:00:00Z,social,1.24
tok12,2022-05-22T12:00:00Z,flow,-0.7002
tok12,2022-05-22T12:00:00Z,social,-1.1441
tok12,2022-05-29T12:00:00Z,flow,0.8054
tok12,2022-05-29T12:00:00Z,social,0.7256
tok12,2022-06-05T12:00:00Z,flow,0.0651
tok12,2022-06-05T12:00:00Z,social,1.3418
tok12,2022-06-12T12:00:00Z,flow,-0.669
tok12,2022-06-12T12:00:00Z,social,-0.3769
tok12,2022-06-19T12:00:00Z,flow,1.1319
tok12,2022-06-19T12:00:00Z,social,-0.4368
tok12,2022-06-26T12:00:00Z,flow,0.5219
tok12,2022-06-26T12:00:00Z,social,1.0248
tok12,2022-07-03T12:00:00Z,flow,1.679
tok12,2022-07-03T12:00:00Z,social,-1.6359
tok12,2022-07-10T12:00:00Z,flow,-1.1387
tok12,2022-07-10T12:00:00Z,social,1.9257
tok12,2022-07-17T12:00:00Z,flow,-1.0491
tok12,2022-07-17T12:00:00Z,social,0.9644
tok12,2022-07-24T12:00:00Z,flow,0.2165
tok12,2022-07-24T12:00:00Z,social,-0.7401
tok12,2022-07-31T12:00:00Z,flow,-1.2796
tok12,2022-07-31T12:00:00Z,social,-2.0034
tok12,2022-08-07T12:00:00Z,flow,0.3056
tok12,2022-08-07T12:00:00Z,social,0.9398
tok12,2022-08-14T12:00:00Z,flow,1.044
tok12,2022-08-14T12:00:00Z,social,-1.031
tok12,2022-08-21T12:00:00Z,flow,1.0342
tok12,2022-08-21T12:00:00Z,social,0.101
tok12,2022-08-28T12:00:00Z,flow,-0.0114
tok12,2022-08-28T12:00:00Z,social,-1.5574
tok12,2022-09-04T12:00:00Z,flow,-0.622
tok12,2022-09-04T12:00:00Z,social,0.5163
tok12,2022-09-11T12:00:00Z,flow,0.3274
tok12,2022-09-11T12:00:00Z,social,-0.7313
tok12,2022-09-18T12:00:00Z,flow,-1.8979
tok12,2022-09-18T12:00:00Z,social,-0.8226
tok12,2022-09-25T12:00:00Z,flow,1.985
tok12,2022-09-25T12:00:00Z,social,0.0891
tok12,2022-10-02T12:00:00Z,flow,0.6136
tok12,2022-10-02T12:00:00Z,social,-0.3157
tok12,2022-10-09T12:00:00Z,flow,1.4503
tok12,2022-10-09T12:00:00Z,social,0.4752
tok12,2022-10-16T12:00:00Z,flow,0.2894
tok12,2022-10-16T12:00:00Z,social,0.0733
tok12,2022-10-23T12:00:00Z,flow,0.9958
tok12,2022-10-23T12:00:00Z,social,-1.1528
tok12,2022-10-30T12:00:00Z,flow,-1.7952
tok12,2022-10-30T12:00:00Z,social,0.6239
tok12,2022-11-06T12:00:00Z,flow,0.1068
tok12,2022-11-06T12:00:00Z,social,1.763
tok12,2022-11-13T12:00:00Z,flow,1.1574
tok12,2022-11-13T12:00:00Z,social,-0.3637
tok12,2022-11-20T12:00:00Z,flow,0.7875
tok12,2022-11-20T12:00:00Z,social,-1.2846
tok12,2022-11-27T12:00:00Z,flow,0.0911
tok12,2022-11-27T12:00:00Z,social,1.3297
tok12,2022-12-04T12:00:00Z,flow,0.2191
tok12,2022-12-04T12:00:00Z,social,0.4404
tok12,2022-12-11T12:00:00Z,flow,-0.5779
tok12,2022-12-11T12:00:00Z,social,0.4822
tok12,2022-12-18T12:00:00Z,flow,1.2219
tok12,2022-12-18T12:00:00Z,social,0.3741
tok12,2022-12-25T12:00:00Z,flow,-0.2079
tok12,2022-12-25T12:00:00Z,social,0.7093
tok12,2023-01-01T12:00:00Z,flow,-0.498
tok12,2023-01-01T12:00:00Z,social,0.3655
tok12,2023-01-08T12:00:00Z,flow,1.6825
tok12,2023-01-08T12:00:00Z,social,-2.4471
tok12,2023-01-15T12:00:00Z,flow,0.911
tok12,2023-01-15T12:00:00Z,social,1.007
tok12,2023-01-22T12:00:00Z,flow,-1.1063
tok12,2023-01-22T12:00:00Z,social,-1.4596
tok12,2023-01-29T12:00:00Z,flow,-0.7571
tok12,2023-01-29T12:00:00Z,social,-0.8717
tok12,2023-02-05T12:00:00Z,flow,0.1433
tok12,2023-02-05T12:00:00Z,social,0.5964
tok12,2023-02-12T12:00:00Z,flow,-1.6211
tok12,2023-02-12T12:00:00Z,social,0.23
tok12,2023-02-19T12:00:00Z,flow,-0.5548
tok12,2023-02-19T12:00:00Z,social,3.4398
tok12,2023-02-26T12:00:00Z,flow,0.315
tok12,2023-02-26T12:00:00Z,social,-0.1462
tok12,2023-03-05T12:00:00Z,flow,-0.3571
tok12,2023-03-05T12:00:00Z,social,0.686
tok12,2023-03-12T12:00:00Z,flow,0.4751
tok12,2023-03-12T12:00:00Z,social,0.3096
tok12,2023-03-19T12:00:00Z,flow,-1.4314
tok12,2023-03-19T12:00:00Z,social,0.5123
tok12,2023-03-26T12:00:00Z,flow,-0.6104
tok12,2023-03-26T12:00:00Z,social,0.7552
tok12,2023-04-02T12:00:00Z,flow,-1.618
tok12,2023-04-02T12:00:00Z,social,0.2914
tok12,2023-04-09T12:00:00Z,flow,-1.7539
tok12,2023-04-09T12:00:00Z,social,-1.4342
tok12,2023-04-16T12:00:00Z,flow,-0.333
tok12,2023-04-16T12:00:00Z,social,-0.8546
tok12,2023-04-23T12:00:00Z,flow,0.5134
tok12,2023-04-23T12:00:00Z,social,0.5821
tok12,2023-04-30T12:00:00Z,flow,0.8441
tok12,2023-04-30T12:00:00Z,social,0.6247
tok12,2023-05-07T12:00:00Z,flow,-0.7685
tok12,2023-05-07T12:00:00Z,social,-0.3547
tok12,2023-05-14T12:00:00Z,flow,-0.4066
tok12,2023-05-14T12:00:00Z,social,-1.3595
tok12,2023-05-21T12:00:00Z,flow,1.4654
tok12,2023-05-21T12:00:00Z,social,-1.877
tok12,2023-05-28T12:00:00Z,flow,-0.1364
tok12,2023-05-28T12:00:00Z,social,-0.3903
tok12,2023-06-04T12:00:00Z,flow,1.0742
tok12,2023-06-04T12:00:00Z,social,-0.4557
tok12,2023-06-11T12:00:00Z,flow,-2.9364
tok12,2023-06-11T12:00:00Z,social,-0.4096
tok12,2023-06-18T12:00:00Z,flow,0.0083
tok12,2023-06-18T12:00:00Z,social,0.03
tok12,2023-06-25T12:00:00Z,flow,-0.3865
tok12,2023-06-25T12:00:00Z,social,0.9223
tok12,2023-07-02T12:00:00Z,flow,-0.1529
tok12,2023-07-02T12:00:00Z,social,-1.9482
tok12,2023-07-09T12:00:00Z,flow,-0.2089
tok12,2023-07-09T12:00:00Z,social,0.6937
tok12,2023-07-16T12:00:00Z,flow,-1.3082
tok12,2023-07-16T12:00:00Z,social,0.8305
tok12,2023-07-23T12:00:00Z,flow,1.3982
tok12,2023-07-23T12:00:00Z,social,-0.4762
tok12,2023-07-30T12:00:00Z,flow,0.9857
tok12,2023-07-30T12:00:00Z,social,0.1294
tok12,2023-08-06T12:00:00Z,flow,0.2283
tok12,2023-08-06T12:00:00Z,social,3.3504
tok12,2023-08-13T12:00:00Z,flow,1.187
tok12,2023-08-13T12:00:00Z,social,0.3931
tok12,2023-08-20T12:00:00Z,flow,0.5392
tok12,2023-08-20T12:00:00Z,social,-0.384
tok12,2023-08-27T12:00:00Z,flow,-0.2839
tok12,2023-08-27T12:00:00Z,social,-0.827
tok12,2023-09-03T12:00:00Z,flow,0.0459
tok12,2023-09-03T12:00:00Z,social,-0.8728
tok12,2023-09-10T12:00:00Z,flow,0.7716
tok12,2023-09-10T12:00:00Z,social,-1.5567
tok12,2023-09-17T12:00:00Z,flow,-0.3143
tok12,2023-09-17T12:00:00Z,social,1.3219
tok12,2023-09-24T12:00:00Z,flow,0.6434
tok12,2023-09-24T12:00:00Z,social,-0.2048
tok12,2023-10-01T12:00:00Z,flow,-0.4724
tok12,2023-10-01T12:00:00Z,social,-2.5081
tok12,2023-10-08T12:00:00Z,flow,-0.1335
tok12,2023-10-08T12:00:00Z,social,-0.8097
tok12,2023-10-15T12:00:00Z,flow,-0.0845
tok12,2023-10-15T12:00:00Z,social,-0.281
tok12,2023-10-22T12:00:00Z,flow,0.6828
tok12,2023-10-22T12:00:00Z,social,0.806
tok12,2023-10-29T12:00:00Z,flow,-1.6949
tok12,2023-10-29T12:00:00Z,social,1.057
tok12,2023-11-05T12:00:00Z,flow,0.483
tok12,2023-11-05T12:00:00Z,social,1.2473
tok12,2023-11-12T12:00:00Z,flow,-1.3237
tok12,2023-11-12T12:00:00Z,social,-0.5128
tok12,2023-11-19T12:00:00Z,flow,-0.8675
tok12,2023-11-19T12:00:00Z,social,1.3198
tok12,2023-11-26T12:00:00Z,flow,-0.6991
tok12,2023-11-26T12:00:00Z,social,-0.9157
tok12,2023-12-03T12:00:00Z,flow,0.3287
tok12,2023-12-03T12:00:00Z,social,-0.5853
tok12,2023-12-10T12:00:00Z,flow,0.9359
tok12,2023-12-10T12:00:00Z,social,0.5871
tok12,2023-12-17T12:00:00Z,flow,0.0191
tok12,2023-12-17T12:00:00Z,social,-1.2648
tok12,2023-12-24T12:00:00Z,flow,0.9724
tok12,2023-12-24T12:00:00Z,social,-0.1051
tok12,2023-12-31T12:00:00Z,flow,-0.7787
tok12,2023-12-31T12:00:00Z,social,-0.5761
tok13,2021-01-03T12:00:00Z,flow,-0.7365
tok13,2021-01-03T12:00:00Z,social,0.6418
tok13,2021-01-10T12:00:00Z,flow,-0.072
tok13,2021-01-10T12:00:00Z,social,1.861
tok13,2021-01-17T12:00:00Z,flow,-0.8108
tok13,2021-01-17T12:00:00Z,social,1.4003
tok13,2021-01-24T12:00:00Z,flow,-0.1256
tok13,2021-01-24T12:00:00Z,social,0.2983
tok13,2021-01-31T12:00:00Z,flow,-0.4053
tok13,2021-01-31T12:00:00Z,social,-0.8628
tok13,2021-02-07T12:00:00Z,flow,-0.6294
tok13,2021-02-07T12:00:00Z,social,0.9233
tok13,2021-02-14T12:00:00Z,flow,0.9622
tok13,2021-02-14T12:00:00Z,social,-1.2872
tok13,2021-02-21T12:00:00Z,flow,-0.3232
tok13,2021-02-21T12:00:00Z,social,-1.8836
tok13,2021-02-28T12:00:00Z,flow,0.2458
tok13,2021-02-28T12:00:00Z,social,0.26
tok13,2021-03-07T12:00:00Z,flow,-0.2816
tok13,2021-03-07T12:00:00Z,social,-1.3759
tok13,2021-03-14T12:00:00Z,flow,-0.6327
tok13,2021-03-14T12:00:00Z,social,-2.6356
tok13,2021-03-21T12:00:00Z,flow,-1.3133
tok13,2021-03-21T12:00:00Z,social,0.3039
tok13,2021-03-28T12:00:00Z,flow,-0.5364
tok13,2021-03-28T12:00:00Z,social,0.2722
tok13,2021-04-04T12:00:00Z,flow,-0.4752
tok13,2021-04-04T12:00:00Z,social,0.581
tok13,2021-04-11T12:00:00Z,flow,1.7431
tok13,2021-04-11T12:00:00Z,social,0.3858
tok13,2021-04-18T12:00:00Z,flow,1.6078
tok13,2021-04-18T12:00:00Z,social,1.5717
tok13,2021-04-25T12:00:00Z,flow,1.1103
tok13,2021-04-25T12:00:00Z,social,1.1534
tok13,2021-05-02T12:00:00Z,flow,-1.5946
tok13,2021-05-02T12:00:00Z,social,-1.3408
tok13,2021-05-09T12:00:00Z,flow,-0.7687
tok13,2021-05-09T12:00:00Z,social,0.72
tok13,2021-05-16T12:00:00Z,flow,0.9569
tok13,2021-05-16T12:00:00Z,social,1.664
tok13,2021-05-23T12:00:00Z,flow,0.0112
tok13,2021-05-23T12:00:00Z,social,-1.0094
tok13,2021-05-30T12:00:00Z,flow,0.0299
tok13,2021-05-30T12:00:00Z,social,0.7271
tok13,2021-06-06T12:00:00Z,flow,-0.4183
tok13,2021-06-06T12:00:00Z,social,1.5609
tok13,2021-06-13T12:00:00Z,flow,-3.5488
tok13,2021-06-13T12:00:00Z,social,0.4096
tok13,2021-06-20T12:00:00Z,flow,0.2744
tok13,2021-06-20T12:00:00Z,social,-0.4084
tok13,2021-06-27T12:00:00Z,flow,0.1538
tok13,2021-06-27T12:00:00Z,social,-1.2929
tok13,2021-07-04T12:00:00Z,flow,0.0362
tok13,2021-07-04T12:00:00Z,social,-0.7847
tok13,2021-07-11T12:00:00Z,flow,-0.6363
tok13,2021-07-11T12:00:00Z,social,0.8581
tok13,2021-07-18T12:00:00Z,flow,0.8783
tok13,2021-07-18T12:00:00Z,social,-0.803
tok13,2021-07-25T12:00:00Z,flow,0.231
tok13,2021-07-25T12:00:00Z,social,0.9691
tok13,2021-08-01T12:00:00Z,flow,-0.3246
tok13,2021-08-01T12:00:00Z,social,-1.0753
tok13,2021-08-08T12:00:00Z,flow,-1.4506
tok13,2021-08-08T12:00:00Z,social,0.0039
tok13,2021-08-15T12:00:00Z,flow,-1.2642
tok13,2021-08-15T12:00:00Z,social,-0.6247
tok13,2021-08-22T12:00:00Z,flow,-0.0276
tok13,2021-08-22T12:00:00Z,social,-1.1525
tok13,2021-08-29T12:00:00Z,flow,1.9912
tok13,2021-08-29T12:00:00Z,social,0.2525
tok13,2021-09-05T12:00:00Z,flow,-1.5689
tok13,2021-09-05T12:00:00Z,social,1.0237
tok13,2021-09-12T12:00:00Z,flow,-0.1318
tok13,2021-09-12T12:00:00Z,social,-1.5314
tok13,2021-09-19T12:00:00Z,flow,0.278
tok13,2021-09-19T12:00:00Z,social,1.0584
tok13,2021-09-26T12:00:00Z,flow,-1.7248
tok13,2021-09-26T12:00:00Z,social,0.0266
tok13,2021-10-03T12:00:00Z,flow,0.9164
tok13,2021-10-03T12:00:00Z,social,0.1459
tok13,2021-10-10T12:00:00Z,flow,0.6026
tok13,2021-10-10T12:00:00Z,social,-1.038
tok13,2021-10-17T12:00:00Z,flow,0.2209
tok13,2021-10-17T12:00:00Z,social,1.0034
tok13,2021-10-24T12:00:00Z,flow,-0.0003
tok13,2021-10-24T12:00:00Z,social,0.648
tok13,2021-10-31T12:00:00Z,flow,0.6016
tok13,2021-10-31T12:00:00Z,social,-0.4944
tok13,2021-11-07T12:00:00Z,flow,-1.9552
tok13,2021-11-07T12:00:00Z,social,0.6985
tok13,2021-11-14T12:00:00Z,flow,0.7685
tok13,2021-11-14T12:00:00Z,social,0.3323
tok13,2021-11-21T12:00:00Z,flow,-1.2295
tok13,2021-11-21T12:00:00Z,social,-0.3722
tok13,2021-11-28T12:00:00Z,flow,-1.0636
tok13,2021-11-28T12:00:00Z,social,0.4566
tok13,2021-12-05T12:00:00Z,flow,0.2
tok13,2021-12-05T12:00:00Z,social,1.1062
tok13,2021-12-12T12:00:00Z,flow,-0.0689
tok13,2021-12-12T12:00:00Z,social,2.0284
tok13,2021-12-19T12:00:00Z,flow,0.5903
tok13,2021-12-19T12:00:00Z,social,-2.5726
tok13,2021-12-26T12:00:00Z,flow,-0.8279
tok13,2021-12-26T12:00:00Z,social,-1.6129
tok13,2022-01-02T12:00:00Z,flow,0.3604
tok13,2022-01-02T12:00:00Z,social,1.42
tok13,2022-01-09T12:00:00Z,flow,-0.6153
tok13,2022-01-09T12:00:00Z,social,0.7696
tok13,2022-01-16T12:00:00Z,flow,-0.3005
tok13,2022-01-16T12:00:00Z,social,-1.1416
tok13,2022-01-23T12:00:00Z,flow,-0.7219
tok13,2022-01-23T12:00:00Z,social,0.0346
tok13,2022-01-30T12:00:00Z,flow,-1.0294
tok13,2022-01-30T12:00:00Z,social,-0.4636
tok13,2022-02-06T12:00:00Z,flow,-0.6867
tok13,2022-02-06T12:00:00Z,social,0.8053
tok13,2022-02-13T12:00:00Z,flow,-0.4169
tok13,2022-02-13T12:00:00Z,social,2.0267
tok13,2022-02-20T12:00:00Z,flow,-0.0235
tok13,2022-02-20T12:00:00Z,social,0.1058
tok13,2022-02-27T12:00:00Z,flow,2.1059
tok13,2022-02-27T12:00:00Z,social,-0.2953
tok13,2022-03-06T12:00:00Z,flow,-0.0395
tok13,2022-03-06T12:00:00Z,social,0.2568
tok13,2022-03-13T12:00:00Z,flow,-0.7629
tok13,2022-03-13T12:00:00Z,social,-0.3941
tok13,2022-03-20T12:00:00Z,flow,1.4751
tok13,2022-03-20T12:00:00Z,social,0.5503
tok13,2022-03-27T12:00:00Z,flow,1.2492
tok13,2022-03-27T12:00:00Z,social,-1.328
tok13,2022-04-03T12:00:00Z,flow,-0.0363
tok13,2022-04-03T12:00:00Z,social,-0.4982
tok13,2022-04-10T12:00:00Z,flow,-0.5747
tok13,2022-04-10T12:00:00Z,social,2.088
tok13,2022-04-17T12:00:00Z,flow,0.408
tok13,2022-04-17T12:00:00Z,social,-0.9459
tok13,2022-04-24T12:00:00Z,flow,0.4813
tok13,2022-04-24T12:00:00Z,social,0.4083
tok13,2022-05-01T12:00:00Z,flow,-0.0176
tok13,2022-05-01T12:00:00Z,social,0.8344
tok13,2022-05-08T12:00:00Z,flow,2.0603
tok13,2022-05-08T12:00:00Z,social,-0.7446
tok13,2022-05-15T12:00:00Z,flow,0.1492
tok13,2022-05-15T12:00:00Z,social,0.4592
tok13,2022-05-22T12:00:00Z,flow,2.1373
tok13,2022-05-22T12:00:00Z,social,1.1436
tok13,2022-05-29T12:00:00Z,flow,1.2351
tok13,2022-05-29T12:00:00Z,social,0.1962
tok13,2022-06-05T12:00:00Z,flow,-1.8644
tok13,2022-06-05T12:00:00Z,social,-1.6652
tok13,2022-06-12T12:00:00Z,flow,0.0621
tok13,2022-06-12T12:00:00Z,social,-1.107
tok13,2022-06-19T12:00:00Z,flow,-0.7488
tok13,2022-06-19T12:00:00Z,social,0.5006
tok13,2022-06-26T12:00:00Z,flow,-1.4613
tok13,2022-06-26T12:00:00Z,social,1.8721
tok13,2022-07-03T12:00:00Z,flow,0.188
tok13,2022-07-03T12:00:00Z,social,1.0568
tok13,2022-07-10T12:00:00Z,flow,1.1918
tok13,2022-07-10T12:00:00Z,social,-0.0079
tok13,2022-07-17T12:00:00Z,flow,0.3273
tok13,2022-07-17T12:00:00Z,social,0.5364
tok13,2022-07-24T12:00:00Z,flow,-0.9812
tok13,2022-07-24T12:00:00Z,social,-0.3481
tok13,2022-07-31T12:00:00Z,flow,-0.6287
tok13,2022-07-31T12:00:00Z,social,1.1526
tok13,2022-08-07T12:00:00Z,flow,1.0241
tok13,2022-08-07T12:00:00Z,social,-1.0195
tok13,2022-08-14T12:00:00Z,flow,-2.0755
tok13,2022-08-14T12:00:00Z,social,2.3458
tok13,2022-08-21T12:00:00Z,flow,0.4329
tok13,2022-08-21T12:00:00Z,social,1.725
tok13,2022-08-28T12:00:00Z,flow,0.534
tok13,2022-08-28T12:00:00Z,social,-0.0748
tok13,2022-09-04T12:00:00Z,flow,1.5088
tok13,2022-09-04T12:00:00Z,social,-1.0325
tok13,2022-09-11T12:00:00Z,flow,-1.3709
tok13,2022-09-11T12:00:00Z,social,0.3537
tok13,2022-09-18T12:00:00Z,flow,1.2616
tok13,2022-09-18T12:00:00Z,social,-0.0657
tok13,2022-09-25T12:00:00Z,flow,-1.4028
tok13,2022-09-25T12:00:00Z,social,0.6772
tok13,2022-10-02T12:00:00Z,flow,-0.3058
tok13,2022-10-02T12:00:00Z,social,0.691
tok13,2022-10-09T12:00:00Z,flow,-0.4938
tok13,2022-10-09T12:00:00Z,social,0.3236
tok13,2022-10-16T12:00:00Z,flow,0.9619
tok13,2022-10-16T12:00:00Z,social,-1.2536
tok13,2022-10-23T12:00:00Z,flow,1.5922
tok13,2022-10-23T12:00:00Z,social,-0.1768
tok13,2022-10-30T12:00:00Z,flow,0.5632
tok13,2022-10-30T12:00:00Z,social,0.9459
tok13,2022-11-06T12:00:00Z,flow,0.5845
tok13,2022-11-06T12:00:00Z,social,1.5235
tok13,2022-11-13T12:00:00Z,flow,0.7986
tok13,2022-11-13T12:00:00Z,social,0.1367
tok13,2022-11-20T12:00:00Z,flow,1.4616
tok13,2022-11-20T12:00:00Z,social,1.038
tok13,2022-11-27T12:00:00Z,flow,-0.1809
tok13,2022-11-27T12:00:00Z,social,-0.0759
tok13,2022-12-04T12:00:00Z,flow,0.6167
tok13,2022-12-04T12:00:00Z,social,1.2127
tok13,2022-12-11T12:00:00Z,flow,0.6976
tok13,2022-12-11T12:00:00Z,social,0.6922
tok13,2022-12-18T12:00:00Z,flow,-2.346
tok13,2022-12-18T12:00:00Z,social,-0.001
tok13,2022-12-25T12:00:00Z,flow,-0.0051
tok13,2022-12-25T12:00:00Z,social,-0.8324
tok13,2023-01-01T12:00:00Z,flow,1.4193
tok13,2023-01-01T12:00:00Z,social,1.4789
tok13,2023-01-08T12:00:00Z,flow,0.063
tok13,2023-01-08T12:00:00Z,social,1.3913
tok13,2023-01-15T12:00:00Z,flow,0.5714
tok13,2023-01-15T12:00:00Z,social,1.2909
tok13,2023-01-22T12:00:00Z,flow,-0.1886
tok13,2023-01-22T12:00:00Z,social,-1.2872
tok13,2023-01-29T12:00:00Z,flow,-0.3215
tok13,2023-01-29T12:00:00Z,social,0.2368
tok13,2023-02-05T12:00:00Z,flow,0.7547
tok13,2023-02-05T12:00:00Z,social,0.4163
tok13,2023-02-12T12:00:00Z,flow,-0.8381
tok13,2023-02-12T12:00:00Z,social,0.1913
tok13,2023-02-19T12:00:00Z,flow,1.1647
tok13,2023-02-19T12:00:00Z,social,1.2171
tok13,2023-02-26T12:00:00Z,flow,-1.9814
tok13,2023-02-26T12:00:00Z,social,-0.9304
tok13,2023-03-05T12:00:00Z,flow,0.4447
tok13,2023-03-05T12:00:00Z,social,-1.2124
tok13,2023-03-12T12:00:00Z,flow,0.3982
tok13,2023-03-12T12:00:00Z,social,-0.4921
tok13,2023-03-19T12:00:00Z,flow,-1.0189
tok13,2023-03-19T12:00:00Z,social,-0.2113
tok13,2023-03-26T12:00:00Z,flow,0.1287
tok13,2023-03-26T12:00:00Z,social,-1.5684
tok13,2023-04-02T12:00:00Z,flow,-0.1543
tok13,2023-04-02T12:00:00Z,social,-1.2851
tok13,2023-04-09T12:00:00Z,flow,0.3026
tok13,2023-04-09T12:00:00Z,social,0.3953
tok13,2023-04-16T12:00:00Z,flow,-1.6664
tok13,2023-04-16T12:00:00Z,social,1.1231
tok13,2023-04-23T12:00:00Z,flow,-1.7041
tok13,2023-04-23T12:00:00Z,social,-2.0021
tok13,2023-04-30T12:00:00Z,flow,-0.417
tok13,2023-04-30T12:00:00Z,social,1.3703
tok13,2023-05-07T12:00:00Z,flow,-0.9342
tok13,2023-05-07T12:00:00Z,social,-0.3556
tok13,2023-05-14T12:00:00Z,flow,-0.4585
tok13,2023-05-14T12:00:00Z,social,-1.2434
tok13,2023-05-21T12:00:00Z,flow,-2.9158
tok13,2023-05-21T12:00:00Z,social,0.3223
tok13,2023-05-28T12:00:00Z,flow,-0.9574
tok13,2023-05-28T12:00:00Z,social,-0.4535
tok13,2023-06-04T12:00:00Z,flow,1.0359
tok13,2023-06-04T12:00:00Z,social,-0.0298
tok13,2023-06-11T12:00:00Z,flow,-0.0108
tok13,2023-06-11T12:00:00Z,social,0.818
tok13,2023-06-18T12:00:00Z,flow,0.1567
tok13,2023-06-18T12:00:00Z,social,0.7215
tok13,2023-06-25T12:00:00Z,flow,1.0702
tok13,2023-06-25T12:00:00Z,social,-1.3382
tok13,2023-07-02T12:00:00Z,flow,0.6781
tok13,2023-07-02T12:00:00Z,social,0.2711
tok13,2023-07-09T12:00:00Z,flow,-0.8695
tok13,2023-07-09T12:00:00Z,social,0.3492
tok13,2023-07-16T12:00:00Z,flow,-2.4779
tok13,2023-07-16T12:00:00Z,social,0.5462
tok13,2023-07-23T12:00:00Z,flow,2.4634
tok13,2023-07-23T12:00:00Z,social,-0.8129
tok13,2023-07-30T12:00:00Z,flow,-0.6621
tok13,2023-07-30T12:00:00Z,social,1.0039
tok13,2023-08-06T12:00:00Z,flow,0.7047
tok13,2023-08-06T12:00:00Z,social,-0.9679
tok13,2023-08-13T12:00:00Z,flow,-1.0732
tok13,2023-08-13T12:00:00Z,social,-0.453
tok13,2023-08-20T12:00:00Z,flow,2.0562
tok13,2023-08-20T12:00:00Z,social,-1.4489
tok13,2023-08-27T12:00:00Z,flow,-0.2993
tok13,2023-08-27T12:00:00Z,social,-0.871
tok13,2023-09-03T12:00:00Z,flow,0.5089
tok13,2023-09-03T12:00:00Z,social,1.0725
tok13,2023-09-10T12:00:00Z,flow,0.2489
tok13,2023-09-10T12:00:00Z,social,-0.2018
tok13,2023-09-17T12:00:00Z,flow,0.6742
tok13,2023-09-17T12:00:00Z,social,-0.2387
tok13,2023-09-24T12:00:00Z,flow,-0.0805
tok13,2023-09-24T12:00:00Z,social,-1.57
tok13,2023-10-01T12:00:00Z,flow,0.062
tok13,2023-10-01T12:00:00Z,social,-0.3592
tok13,2023-10-08T12:00:00Z,flow,0.7501
tok13,2023-10-08T12:00:00Z,social,-0.0804
tok13,2023-10-15T12:00:00Z,flow,0.2889
tok13,2023-10-15T12:00:00Z,social,0.5634
tok13,2023-10-22T12:00:00Z,flow,0.247
tok13,2023-10-22T12:00:00Z,social,-0.1572
tok13,2023-10-29T12:00:00Z,flow,0.2795
tok13,2023-10-29T12:00:00Z,social,0.1464
tok13,2023-11-05T12:00:00Z,flow,-0.8058
tok13,2023-11-05T12:00:00Z,social,1.4571
tok13,2023-11-12T12:00:00Z,flow,-0.8822
tok13,2023-11-12T12:00:00Z,social,-0.7181
tok13,2023-11-19T12:00:00Z,flow,0.4929
tok13,2023-11-19T12:00:00Z,social,1.1588
tok13,2023-11-26T12:00:00Z,flow,-0.2006
tok13,2023-11-26T12:00:00Z,social,0.1829
tok13,2023-12-03T12:00:00Z,flow,0.7104
tok13,2023-12-03T12:00:00Z,social,-0.6222
tok13,2023-12-10T12:00:00Z,flow,0.8814
tok13,2023-12-10T12:00:00Z,social,1.2316
tok13,2023-12-17T12:00:00Z,flow,0.9771
tok13,2023-12-17T12:00:00Z,social,0.696
tok13,2023-12-24T12:00:00Z,flow,-0.087
tok13,2023-12-24T12:00:00Z,social,-0.8519
tok13,2023-12-31T12:00:00Z,flow,-0.4649
tok13,2023-12-31T12:00:00Z,social,-0.9976
tok14,2021-01-03T12:00:00Z,flow,-0.1629
tok14,2021-01-03T12:00:00Z,social,-1.3626
tok14,2021-01-10T12:00:00Z,flow,-0.9448
tok14,2021-01-10T12:00:00Z,social,-0.6335
tok14,2021-01-17T12:00:00Z,flow,0.7522
tok14,2021-01-17T12:00:00Z,social,0.1809
tok14,2021-01-24T12:00:00Z,flow,0.6692
tok14,2021-01-24T12:00:00Z,social,0.2967
tok14,2021-01-31T12:00:00Z,flow,0.2779
tok14,2021-01-31T12:00:00Z,social,-0.7504
tok14,2021-02-07T12:00:00Z,flow,0.2315
tok14,2021-02-07T12:00:00Z,social,-0.9741
tok14,2021-02-14T12:00:00Z,flow,-2.7113
tok14,2021-02-14T12:00:00Z,social,0.0856
tok14,2021-02-21T12:00:00Z,flow,-0.1366
tok14,2021-02-21T12:00:00Z,social,2.295
tok14,2021-02-28T12:00:00Z,flow,-0.7467
tok14,2021-02-28T12:00:00Z,social,-0.6952
tok14,2021-03-07T12:00:00Z,flow,0.486
tok14,2021-03-07T12:00:00Z,social,-1.479
tok14,2021-03-14T12:00:00Z,flow,-0.8083
tok14,2021-03-14T12:00:00Z,social,-0.3247
tok14,2021-03-21T12:00:00Z,flow,-0.4954
tok14,2021-03-21T12:00:00Z,social,-0.3814
tok14,2021-03-28T12:00:00Z,flow,1.3334
tok14,2021-03-28T12:00:00Z,social,-0.7029
tok14,2021-04-04T12:00:00Z,flow,1.9875
tok14,2021-04-04T12:00:00Z,social,-0.485
tok14,2021-04-11T12:00:00Z,flow,0.1762
tok14,2021-04-11T12:00:00Z,social,-0.1992
tok14,2021-04-18T12:00:00Z,flow,0.7149
tok14,2021-04-18T12:00:00Z,social,-0.5084
tok14,2021-04-25T12:00:00Z,flow,0.2717
tok14,2021-04-25T12:00:00Z,social,-1.0029
tok14,2021-05-02T12:00:00Z,flow,1.5399
tok14,2021-05-02T12:00:00Z,social,1.2546
tok14,2021-05-09T12:00:00Z,flow,-1.4956
tok14,2021-05-09T12:00:00Z,social,-0.4171
tok14,2021-05-16T12:00:00Z,flow,-0.2797
tok14,2021-05-16T12:00:00Z,social,-1.2586
tok14,2021-05-23T12:00:00Z,flow,-1.4083
tok14,2021-05-23T12:00:00Z,social,1.6626
tok14,2021-05-30T12:00:00Z,flow,1.1106
tok14,2021-05-30T12:00:00Z,social,0.4875
tok14,2021-06-06T12:00:00Z,flow,-1.4621
tok14,2021-06-06T12:00:00Z,social,-0.664
tok14,2021-06-13T12:00:00Z,flow,-1.9986
tok14,2021-06-13T12:00:00Z,social,-0.7781
tok14,2021-06-20T12:00:00Z,flow,-0.5784
tok14,2021-06-20T12:00:00Z,social,-1.922
tok14,2021-06-27T12:00:00Z,flow,-0.8383
tok14,2021-06-27T12:00:00Z,social,1.3834
tok14,2021-07-04T12:00:00Z,flow,1.3682
tok14,2021-07-04T12:00:00Z,social,1.1989
tok14,2021-07-11T12:00:00Z,flow,-0.3774
tok14,2021-07-11T12:00:00Z,social,1.3592
tok14,2021-07-18T12:00:00Z,flow,1.2538
tok14,2021-07-18T12:00:00Z,social,0.0497
tok14,2021-07-25T12:00:00Z,flow,-0.1471
tok14,2021-07-25T12:00:00Z,social,-0.2116
tok14,2021-08-01T12:00:00Z,flow,-1.1976
tok14,2021-08-01T12:00:00Z,social,-0.9379
tok14,2021-08-08T12:00:00Z,flow,0.0758
tok14,2021-08-08T12:00:00Z,social,-0.7368
tok14,2021-08-15T12:00:00Z,flow,-0.9991
tok14,2021-08-15T12:00:00Z,social,-0.6946
tok14,2021-08-22T12:00:00Z,flow,0.7824
tok14,2021-08-22T12:00:00Z,social,-0.6587
tok14,2021-08-29T12:00:00Z,flow,-0.2519
tok14,2021-08-29T12:00:00Z,social,0.5121
tok14,2021-09-05T12:00:00Z,flow,0.1901
tok14,2021-09-05T12:00:00Z,social,-0.1167
tok14,2021-09-12T12:00:00Z,flow,0.4487
tok14,2021-09-12T12:00:00Z,social,1.5239
tok14,2021-09-19T12:00:00Z,flow,-0.029
tok14,2021-09-19T12:00:00Z,social,0.1856
tok14,2021-09-26T12:00:00Z,flow,-1.603
tok14,2021-09-26T12:00:00Z,social,1.7336
tok14,2021-10-03T12:00:00Z,flow,-2.8582
tok14,2021-10-03T12:00:00Z,social,-0.6207
tok14,2021-10-10T12:00:00Z,flow,0.0598
tok14,2021-10-10T12:00:00Z,social,0.271
tok14,2021-10-17T12:00:00Z,flow,-0.1605
tok14,2021-10-17T12:00:00Z,social,0.362
tok14,2021-10-24T12:00:00Z,flow,-0.0986
tok14,2021-10-24T12:00:00Z,social,1.1329
tok14,2021-10-31T12:00:00Z,flow,0.3828
tok14,2021-10-31T12:00:00Z,social,-0.2593
tok14,2021-11-07T12:00:00Z,flow,-1.261
tok14,2021-11-07T12:00:00Z,social,-0.0993
tok14,2021-11-14T12:00:00Z,flow,-0.5267
tok14,2021-11-14T12:00:00Z,social,-1.4114
tok14,2021-11-21T12:00:00Z,flow,-0.9665
tok14,2021-11-21T12:00:00Z,social,-0.5097
tok14,2021-11-28T12:00:00Z,flow,0.5927
tok14,2021-11-28T12:00:00Z,social,1.0132
tok14,2021-12-05T12:00:00Z,flow,0.7078
tok14,2021-12-05T12:00:00Z,social,1.1988
tok14,2021-12-12T12:00:00Z,flow,-0.2273
tok14,2021-12-12T12:00:00Z,social,-0.3999
tok14,2021-12-19T12:00:00Z,flow,0.7182
tok14,2021-12-19T12:00:00Z,social,-1.154
tok14,2021-12-26T12:00:00Z,flow,1.3045
tok14,2021-12-26T12:00:00Z,social,-2.4176
tok14,2022-01-02T12:00:00Z,flow,1.4147
tok14,2022-01-02T12:00:00Z,social,0.8886
tok14,2022-01-09T12:00:00Z,flow,-0.3585
tok14,2022-01-09T12:00:00Z,social,1.2788
tok14,2022-01-16T12:00:00Z,flow,0.3692
tok14,2022-01-16T12:00:00Z,social,0.4136
tok14,2022-01-23T12:00:00Z,flow,0.0333
tok14,2022-01-23T12:00:00Z,social,-0.2169
tok14,2022-01-30T12:00:00Z,flow,0.8471
tok14,2022-01-30T12:00:00Z,social,-1.2019
tok14,2022-02-06T12:00:00Z,flow,-0.3683
tok14,2022-02-06T12:00:00Z,social,1.2624
tok14,2022-02-13T12:00:00Z,flow,0.3628
tok14,2022-02-13T12:00:00Z,social,-0.9051
tok14,2022-02-20T12:00:00Z,flow,1.4184
tok14,2022-02-20T12:00:00Z,social,2.2948
tok14,2022-02-27T12:00:00Z,flow,1.3492
tok14,2022-02-27T12:00:00Z,social,-2.6119
tok14,2022-03-06T12:00:00Z,flow,-1.8551
tok14,2022-03-06T12:00:00Z,social,-0.0027
tok14,2022-03-13T12:00:00Z,flow,0.6487
tok14,2022-03-13T12:00:00Z,social,0.2589
tok14,2022-03-20T12:00:00Z,flow,0.9106
tok14,2022-03-20T12:00:00Z,social,-0.8161
tok14,2022-03-27T12:00:00Z,flow,1.4042
tok14,2022-03-27T12:00:00Z,social,1.2849
tok14,2022-04-03T12:00:00Z,flow,-0.6136
tok14,2022-04-03T12:00:00Z,social,0.4011
tok14,2022-04-10T12:00:00Z,flow,-1.0842
tok14,2022-04-10T12:00:00Z,social,0.1719
tok14,2022-04-17T12:00:00Z,flow,1.4214
tok14,2022-04-17T12:00:00Z,social,1.8583
tok14,2022-04-24T12:00:00Z,flow,-1.5102
tok14,2022-04-24T12:00:00Z,social,-0.9253
tok14,2022-05-01T12:00:00Z,flow,-0.7601
tok14,2022-05-01T12:00:00Z,social,-1.5835
tok14,2022-05-08T12:00:00Z,flow,-1.7026
tok14,2022-05-08T12:00:00Z,social,-0.6682
tok14,2022-05-15T12:00:00Z,flow,-1.7129
tok14,2022-05-15T12:00:00Z,social,-0.3394
tok14,2022-05-22T12:00:00Z,flow,1.1629
tok14,2022-05-22T12:00:00Z,social,0.6765
tok14,2022-05-29T12:00:00Z,flow,-0.4507
tok14,2022-05-29T12:00:00Z,social,-0.7164
tok14,2022-06-05T12:00:00Z,flow,-0.144
tok14,2022-06-05T12:00:00Z,social,-1.4652
tok14,2022-06-12T12:00:00Z,flow,-0.4239
tok14,2022-06-12T12:00:00Z,social,0.021
tok14,2022-06-19T12:00:00Z,flow,1.36
tok14,2022-06-19T12:00:00Z,social,0.1833
tok14,2022-06-26T12:00:00Z,flow,1.59
tok14,2022-06-26T12:00:00Z,social,-0.3291
tok14,2022-07-03T12:00:00Z,flow,0.3877
tok14,2022-07-03T12:00:00Z,social,-0.7208
tok14,2022-07-10T12:00:00Z,flow,-1.6326
tok14,2022-07-10T12:00:00Z,social,-1.608
tok14,2022-07-17T12:00:00Z,flow,-1.0981
tok14,2022-07-17T12:00:00Z,social,0.3563
tok14,2022-07-24T12:00:00Z,flow,-0.1594
tok14,2022-07-24T12:00:00Z,social,0.9732
tok14,2022-07-31T12:00:00Z,flow,1.0818
tok14,2022-07-31T12:00:00Z,social,0.4534
tok14,2022-08-07T12:00:00Z,flow,1.1295
tok14,2022-08-07T12:00:00Z,social,-0.8513
tok14,2022-08-14T12:00:00Z,flow,-0.4537
tok14,2022-08-14T12:00:00Z,social,2.6643
tok14,2022-08-21T12:00:00Z,flow,1.0306
tok14,2022-08-21T12:00:00Z,social,0.0965
tok14,2022-08-28T12:00:00Z,flow,-0.5486
tok14,2022-08-28T12:00:00Z,social,0.5341
tok14,2022-09-04T12:00:00Z,flow,-0.3099
tok14,2022-09-04T12:00:00Z,social,-0.3757
tok14,2022-09-11T12:00:00Z,flow,-0.0084
tok14,2022-09-11T12:00:00Z,social,0.9
tok14,2022-09-18T12:00:00Z,flow,0.574
tok14,2022-09-18T12:00:00Z,social,-0.4074
tok14,2022-09-25T12:00:00Z,flow,0.0071
tok14,2022-09-25T12:00:00Z,social,1.4781
tok14,2022-10-02T12:00:00Z,flow,-1.475
tok14,2022-10-02T12:00:00Z,social,0.6203
tok14,2022-10-09T12:00:00Z,flow,1.2495
tok14,2022-10-09T12:00:00Z,social,1.1689
tok14,2022-10-16T12:00:00Z,flow,-0.7762
tok14,2022-10-16T12:00:00Z,social,-1.4652
tok14,2022-10-23T12:00:00Z,flow,0.2561
tok14,2022-10-23T12:00:00Z,social,0.9375
tok14,2022-10-30T12:00:00Z,flow,-0.1354
tok14,2022-10-30T12:00:00Z,social,0.354
tok14,2022-11-06T12:00:00Z,flow,0.3025
tok14,2022-11-06T12:00:00Z,social,-1.9216
tok14,2022-11-13T12:00:00Z,flow,0.867
tok14,2022-11-13T12:00:00Z,social,-1.1799
tok14,2022-11-20T12:00:00Z,flow,-0.3473
tok14,2022-11-20T12:00:00Z,social,0.4251
tok14,2022-11-27T12:00:00Z,flow,-1.0682
tok14,2022-11-27T12:00:00Z,social,0.9724
tok14,2022-12-04T12:00:00Z,flow,-1.4616
tok14,2022-12-04T12:00:00Z,social,1.0706
tok14,2022-12-11T12:00:00Z,flow,-0.2863
tok14,2022-12-11T12:00:00Z,social,1.0691
tok14,2022-12-18T12:00:00Z,flow,-0.0738
tok14,2022-12-18T12:00:00Z,social,1.0097
tok14,2022-12-25T12:00:00Z,flow,-1.0908
tok14,2022-12-25T12:00:00Z,social,0.533
tok14,2023-01-01T12:00:00Z,flow,-0.5032
tok14,2023-01-01T12:00:00Z,social,1.0912
tok14,2023-01-08T12:00:00Z,flow,1.1513
tok14,2023-01-08T12:00:00Z,social,-0.2378
tok14,2023-01-15T12:00:00Z,flow,-0.2819
tok14,2023-01-15T12:00:00Z,social,0.2016
tok14,2023-01-22T12:00:00Z,flow,1.4606
tok14,2023-01-22T12:00:00Z,social,1.1556
tok14,2023-01-29T12:00:00Z,flow,0.9636
tok14,2023-01-29T12:00:00Z,social,0.8068
tok14,2023-02-05T12:00:00Z,flow,0.0431
tok14,2023-02-05T12:00:00Z,social,-1.6546
tok14,2023-02-12T12:00:00Z,flow,-0.1318
tok14,2023-02-12T12:00:00Z,social,-2.1848
tok14,2023-02-19T12:00:00Z,flow,0.6493
tok14,2023-02-19T12:00:00Z,social,-0.4344
tok14,2023-02-26T12:00:00Z,flow,0.3857
tok14,2023-02-26T12:00:00Z,social,-2.9158
tok14,2023-03-05T12:00:00Z,flow,-0.5837
tok14,2023-03-05T12:00:00Z,social,-0.3844
tok14,2023-03-12T12:00:00Z,flow,-0.3526
tok14,2023-03-12T12:00:00Z,social,0.6584
tok14,2023-03-19T12:00:00Z,flow,-0.0009
tok14,2023-03-19T12:00:00Z,social,1.4733
tok14,2023-03-26T12:00:00Z,flow,0.8926
tok14,2023-03-26T12:00:00Z,social,-0.5764
tok14,2023-04-02T12:00:00Z,flow,0.3838
tok14,2023-04-02T12:00:00Z,social,0.8232
tok14,2023-04-09T12:00:00Z,flow,-0.4306
tok14,2023-04-09T12:00:00Z,social,-0.0137
tok14,2023-04-16T12:00:00Z,flow,-0.3716
tok14,2023-04-16T12:00:00Z,social,-0.3115
tok14,2023-04-23T12:00:00Z,flow,1.9954
tok14,2023-04-23T12:00:00Z,social,-0.3007
tok14,2023-04-30T12:00:00Z,flow,0.4437
tok14,2023-04-30T12:00:00Z,social,-0.2666
tok14,2023-05-07T12:00:00Z,flow,0.2326
tok14,2023-05-07T12:00:00Z,social,0.3711
tok14,2023-05-14T12:00:00Z,flow,0.4542
tok14,2023-05-14T12:00:00Z,social,-1.3402
tok14,2023-05-21T12:00:00Z,flow,-0.1879
tok14,2023-05-21T12:00:00Z,social,-0.9438
tok14,2023-05-28T12:00:00Z,flow,-1.3482
tok14,2023-05-28T12:00:00Z,social,-1.0594
tok14,2023-06-04T12:00:00Z,flow,-1.1621
tok14,2023-06-04T12:00:00Z,social,0.6353
tok14,2023-06-11T12:00:00Z,flow,-0.5678
tok14,2023-06-11T12:00:00Z,social,-0.9357
tok14,2023-06-18T12:00:00Z,flow,0.5903
tok14,2023-06-18T12:00:00Z,social,0.4559
tok14,2023-06-25T12:00:00Z,flow,-0.6255
tok14,2023-06-25T12:00:00Z,social,-0.8276
tok14,2023-07-02T12:00:00Z,flow,-1.2127
tok14,2023-07-02T12:00:00Z,social,-0.7509
tok14,2023-07-09T12:00:00Z,flow,-0.3406
tok14,2023-07-09T12:00:00Z,social,-0.1179
tok14,2023-07-16T12:00:00Z,flow,0.9852
tok14,2023-07-16T12:00:00Z,social,1.3088
tok14,2023-07-23T12:00:00Z,flow,1.2782
tok14,2023-07-23T12:00:00Z,social,-0.0614
tok14,2023-07-30T12:00:00Z,flow,-1.1739
tok14,2023-07-30T12:00:00Z,social,1.3632
tok14,2023-08-06T12:00:00Z,flow,-0.2048
tok14,2023-08-06T12:00:00Z,social,-0.3316
tok14,2023-08-13T12:00:00Z,flow,0.9738
tok14,2023-08-13T12:00:00Z,social,-0.2858
tok14,2023-08-20T12:00:00Z,flow,-1.6287
tok14,2023-08-20T12:00:00Z,social,-0.0505
tok14,2023-08-27T12:00:00Z,flow,0.4038
tok14,2023-08-27T12:00:00Z,social,-1.2207
tok14,2023-09-03T12:00:00Z,flow,2.4738
tok14,2023-09-03T12:00:00Z,social,0.8913
tok14,2023-09-10T12:00:00Z,flow,0.5253
tok14,2023-09-10T12:00:00Z,social,-0.1307
tok14,2023-09-17T12:00:00Z,flow,-0.0696
tok14,2023-09-17T12:00:00Z,social,-0.9845
tok14,2023-09-24T12:00:00Z,flow,0.1512
tok14,2023-09-24T12:00:00Z,social,0.9103
tok14,2023-10-01T12:00:00Z,flow,-1.2737
tok14,2023-10-01T12:00:00Z,social,0.4449
tok14,2023-10-08T12:00:00Z,flow,2.2979
tok14,2023-10-08T12:00:00Z,social,-0.1444
tok14,2023-10-15T12:00:00Z,flow,-0.7313
tok14,2023-10-15T12:00:00Z,social,-0.1578
tok14,2023-10-22T12:00:00Z,flow,-0.8618
tok14,2023-10-22T12:00:00Z,social,1.1033
tok14,2023-10-29T12:00:00Z,flow,-0.2352
tok14,2023-10-29T12:00:00Z,social,-1.5373
tok14,2023-11-05T12:00:00Z,flow,-1.259
tok14,2023-11-05T12:00:00Z,social,1.7801
tok14,2023-11-12T12:00:00Z,flow,0.3663
tok14,2023-11-12T12:00:00Z,social,-0.5335
tok14,2023-11-19T12:00:00Z,flow,0.7256
tok14,2023-11-19T12:00:00Z,social,-1.9113
tok14,2023-11-26T12:00:00Z,flow,0.6291
tok14,2023-11-26T12:00:00Z,social,0.9275
tok14,2023-12-03T12:00:00Z,flow,0.2799
tok14,2023-12-03T12:00:00Z,social,-0.1017
tok14,2023-12-10T12:00:00Z,flow,-0.7654
tok14,2023-12-10T12:00:00Z,social,-0.1103
tok14,2023-12-17T12:00:00Z,flow,-0.0104
tok14,2023-12-17T12:00:00Z,social,0.8934
tok14,2023-12-24T12:00:00Z,flow,0.0095
tok14,2023-12-24T12:00:00Z,social,0.5878
tok14,2023-12-31T12:00:00Z,flow,1.1649
tok14,2023-12-31T12:00:00Z,social,-0.755
tok15,2021-01-03T12:00:00Z,flow,-0.4821
tok15,2021-01-03T12:00:00Z,social,-0.3981
tok15,2021-01-10T12:00:00Z,flow,-0.0983
tok15,2021-01-10T12:00:00Z,social,0.9068
tok15,2021-01-17T12:00:00Z,flow,0.2534
tok15,2021-01-17T12:00:00Z,social,0.6435
tok15,2021-01-24T12:00:00Z,flow,1.2188
tok15,2021-01-24T12:00:00Z,social,0.3613
tok15,2021-01-31T12:00:00Z,flow,-0.1765
tok15,2021-01-31T12:00:00Z,social,0.9658
tok15,2021-02-07T12:00:00Z,flow,0.7002
tok15,2021-02-07T12:00:00Z,social,1.8754
tok15,2021-02-14T12:00:00Z,flow,0.0417
tok15,2021-02-14T12:00:00Z,social,-1.3654
tok15,2021-02-21T12:00:00Z,flow,-0.6648
tok15,2021-02-21T12:00:00Z,social,-2.6943
tok15,2021-02-28T12:00:00Z,flow,0.6787
tok15,2021-02-28T12:00:00Z,social,-0.6719
tok15,2021-03-07T12:00:00Z,flow,-0.9088
tok15,2021-03-07T12:00:00Z,social,0.0122
tok15,2021-03-14T12:00:00Z,flow,-0.3663
tok15,2021-03-14T12:00:00Z,social,1.4168
tok15,2021-03-21T12:00:00Z,flow,0.2027
tok15,2021-03-21T12:00:00Z,social,0.0659
tok15,2021-03-28T12:00:00Z,flow,-1.3551
tok15,2021-03-28T12:00:00Z,social,-1.1954
tok15,2021-04-04T12:00:00Z,flow,-1.5992
tok15,2021-04-04T12:00:00Z,social,-0.4069
tok15,2021-04-11T12:00:00Z,flow,-0.194
tok15,2021-04-11T12:00:00Z,social,-0.5484
tok15,2021-04-18T12:00:00Z,flow,-0.4175
tok15,2021-04-18T12:00:00Z,social,0.7775
tok15,2021-04-25T12:00:00Z,flow,0.1729
tok15,2021-04-25T12:00:00Z,social,0.1857
tok15,2021-05-02T12:00:00Z,flow,2.2924
tok15,2021-05-02T12:00:00Z,social,-0.6168
tok15,2021-05-09T12:00:00Z,flow,0.9613
tok15,2021-05-09T12:00:00Z,social,0.6563
tok15,2021-05-16T12:00:00Z,flow,-0.7045
tok15,2021-05-16T12:00:00Z,social,-0.4871
tok15,2021-05-23T12:00:00Z,flow,0.1285
tok15,2021-05-23T12:00:00Z,social,-0.2793
tok15,2021-05-30T12:00:00Z,flow,-0.729
tok15,2021-05-30T12:00:00Z,social,-1.5442
tok15,2021-06-06T12:00:00Z,flow,0.7848
tok15,2021-06-06T12:00:00Z,social,-0.5602
tok15,2021-06-13T12:00:00Z,flow,-0.5326
tok15,2021-06-13T12:00:00Z,social,1.2842
tok15,2021-06-20T12:00:00Z,flow,-1.151
tok15,2021-06-20T12:00:00Z,social,0.5413
tok15,2021-06-27T12:00:00Z,flow,-0.8405
tok15,2021-06-27T12:00:00Z,social,0.6939
tok15,2021-07-04T12:00:00Z,flow,1.7769
tok15,2021-07-04T12:00:00Z,social,-1.5138
tok15,2021-07-11T12:00:00Z,flow,1.018
tok15,2021-07-11T12:00:00Z,social,0.6866
tok15,2021-07-18T12:00:00Z,flow,-0.4118
tok15,2021-07-18T12:00:00Z,social,-0.3831
tok15,2021-07-25T12:00:00Z,flow,-0.2141
tok15,2021-07-25T12:00:00Z,social,0.3283
tok15,2021-08-01T12:00:00Z,flow,-0.1393
tok15,2021-08-01T12:00:00Z,social,0.7772
tok15,2021-08-08T12:00:00Z,flow,0.7926
tok15,2021-08-08T12:00:00Z,social,0.304
tok15,2021-08-15T12:00:00Z,flow,0.8728
tok15,2021-08-15T12:00:00Z,social,0.7068
tok15,2021-08-22T12:00:00Z,flow,-2.5754
tok15,2021-08-22T12:00:00Z,social,0.0467
tok15,2021-08-29T12:00:00Z,flow,0.4657
tok15,2021-08-29T12:00:00Z,social,-2.103
tok15,2021-09-05T12:00:00Z,flow,1.3613
tok15,2021-09-05T12:00:00Z,social,0.4859
tok15,2021-09-12T12:00:00Z,flow,-1.7157
tok15,2021-09-12T12:00:00Z,social,0.0863
tok15,2021-09-19T12:00:00Z,flow,-0.6976
tok15,2021-09-19T12:00:00Z,social,-0.5725
tok15,2021-09-26T12:00:00Z,flow,2.1658
tok15,2021-09-26T12:00:00Z,social,0.1433
tok15,2021-10-03T12:00:00Z,flow,0.0141
tok15,2021-10-03T12:00:00Z,social,-1.0083
tok15,2021-10-10T12:00:00Z,flow,-1.1946
tok15,2021-10-10T12:00:00Z,social,-0.4633
tok15,2021-10-17T12:00:00Z,flow,-0.0671
tok15,2021-10-17T12:00:00Z,social,0.3582
tok15,2021-10-24T12:00:00Z,flow,2.4883
tok15,2021-10-24T12:00:00Z,social,1.3219
tok15,2021-10-31T12:00:00Z,flow,0.2364
tok15,2021-10-31T12:00:00Z,social,0.477
tok15,2021-11-07T12:00:00Z,flow,-0.9051
tok15,2021-11-07T12:00:00Z,social,0.6566
tok15,2021-11-14T12:00:00Z,flow,-0.4257
tok15,2021-11-14T12:00:00Z,social,-1.0114
tok15,2021-11-21T12:00:00Z,flow,-0.0069
tok15,2021-11-21T12:00:00Z,social,0.5384
tok15,2021-11-28T12:00:00Z,flow,-0.0463
tok15,2021-11-28T12:00:00Z,social,0.059
tok15,2021-12-05T12:00:00Z,flow,-2.7221
tok15,2021-12-05T12:00:00Z,social,0.843
tok15,2021-12-12T12:00:00Z,flow,0.0266
tok15,2021-12-12T12:00:00Z,social,1.0921
tok15,2021-12-19T12:00:00Z,flow,-0.4563
tok15,2021-12-19T12:00:00Z,social,0.8855
tok15,2021-12-26T12:00:00Z,flow,-0.8175
tok15,2021-12-26T12:00:00Z,social,1.8511
tok15,2022-01-02T12:00:00Z,flow,-0.1974
tok15,2022-01-02T12:00:00Z,social,-0.322
tok15,2022-01-09T12:00:00Z,flow,-0.0848
tok15,2022-01-09T12:00:00Z,social,-0.8306
tok15,2022-01-16T12:00:00Z,flow,-0.5242
tok15,2022-01-16T12:00:00Z,social,-0.9438
tok15,2022-01-23T12:00:00Z,flow,0.1377
tok15,2022-01-23T12:00:00Z,social,0.5254
tok15,2022-01-30T12:00:00Z,flow,0.219
tok15,2022-01-30T12:00:00Z,social,-1.0844
tok15,2022-02-06T12:00:00Z,flow,1.2043
tok15,2022-02-06T12:00:00Z,social,-1.6256
tok15,2022-02-13T12:00:00Z,flow,0.7016
tok15,2022-02-13T12:00:00Z,social,-0.3355
tok15,2022-02-20T12:00:00Z,flow,-0.1399
tok15,2022-02-20T12:00:00Z,social,-1.16
tok15,2022-02-27T12:00:00Z,flow,-1.7379
tok15,2022-02-27T12:00:00Z,social,2.4018
tok15,2022-03-06T12:00:00Z,flow,0.221
tok15,2022-03-06T12:00:00Z,social,1.1596
tok15,2022-03-13T12:00:00Z,flow,-1.4213
tok15,2022-03-13T12:00:00Z,social,-0.5824
tok15,2022-03-20T12:00:00Z,flow,1.6823
tok15,2022-03-20T12:00:00Z,social,0.9335
tok15,2022-03-27T12:00:00Z,flow,-1.2793
tok15,2022-03-27T12:00:00Z,social,-0.3697
tok15,2022-04-03T12:00:00Z,flow,0.2296
tok15,2022-04-03T12:00:00Z,social,1.0273
tok15,2022-04-10T12:00:00Z,flow,-0.2145
tok15,2022-04-10T12:00:00Z,social,0.7763
tok15,2022-04-17T12:00:00Z,flow,-0.8655
tok15,2022-04-17T12:00:00Z,social,-0.4502
tok15,2022-04-24T12:00:00Z,flow,0.2407
tok15,2022-04-24T12:00:00Z,social,1.8336
tok15,2022-05-01T12:00:00Z,flow,-0.7563
tok15,2022-05-01T12:00:00Z,social,0.3078
tok15,2022-05-08T12:00:00Z,flow,-1.2069
tok15,2022-05-08T12:00:00Z,social,0.3152
tok15,2022-05-15T12:00:00Z,flow,-0.1605
tok15,2022-05-15T12:00:00Z,social,1.7792
tok15,2022-05-22T12:00:00Z,flow,-0.1745
tok15,2022-05-22T12:00:00Z,social,0.7465
tok15,2022-05-29T12:00:00Z,flow,-1.9247
tok15,2022-05-29T12:00:00Z,social,-0.0592
tok15,2022-06-05T12:00:00Z,flow,-0.3627
tok15,2022-06-05T12:00:00Z,social,0.2133
tok15,2022-06-12T12:00:00Z,flow,-0.3278
tok15,2022-06-12T12:00:00Z,social,-0.7045
tok15,2022-06-19T12:00:00Z,flow,0.7446
tok15,2022-06-19T12:00:00Z,social,-0.5691
tok15,2022-06-26T12:00:00Z,flow,-0.3334
tok15,2022-06-26T12:00:00Z,social,0.1551
tok15,2022-07-03T12:00:00Z,flow,-0.3004
tok15,2022-07-03T12:00:00Z,social,0.1735
tok15,2022-07-10T12:00:00Z,flow,0.4511
tok15,2022-07-10T12:00:00Z,social,1.0424
tok15,2022-07-17T12:00:00Z,flow,-1.5777
tok15,2022-07-17T12:00:00Z,social,-0.0834
tok15,2022-07-24T12:00:00Z,flow,-0.6733
tok15,2022-07-24T12:00:00Z,social,1.0001
tok15,2022-07-31T12:00:00Z,flow,1.2509
tok15,2022-07-31T12:00:00Z,social,-0.3249
tok15,2022-08-07T12:00:00Z,flow,0.3166
tok15,2022-08-07T12:00:00Z,social,0.8517
tok15,2022-08-14T12:00:00Z,flow,1.3118
tok15,2022-08-14T12:00:00Z,social,-0.592
tok15,2022-08-21T12:00:00Z,flow,1.6687
tok15,2022-08-21T12:00:00Z,social,-0.2003
tok15,2022-08-28T12:00:00Z,flow,-0.129
tok15,2022-08-28T12:00:00Z,social,-0.5003
tok15,2022-09-04T12:00:00Z,flow,0.8234
tok15,2022-09-04T12:00:00Z,social,-1.393
tok15,2022-09-11T12:00:00Z,flow,-0.8506
tok15,2022-09-11T12:00:00Z,social,-0.7639
tok15,2022-09-18T12:00:00Z,flow,-1.4791
tok15,2022-09-18T12:00:00Z,social,-1.1638
tok15,2022-09-25T12:00:00Z,flow,0.9291
tok15,2022-09-25T12:00:00Z,social,-0.1732
tok15,2022-10-02T12:00:00Z,flow,0.526
tok15,2022-10-02T12:00:00Z,social,1.1639
tok15,2022-10-09T12:00:00Z,flow,-1.9788
tok15,2022-10-09T12:00:00Z,social,-0.5911
tok15,2022-10-16T12:00:00Z,flow,0.714
tok15,2022-10-16T12:00:00Z,social,0.0488
tok15,2022-10-23T12:00:00Z,flow,-1.3081
tok15,2022-10-23T12:00:00Z,social,0.3489
tok15,2022-10-30T12:00:00Z,flow,-0.0128
tok15,2022-10-30T12:00:00Z,social,-1.0608
tok15,2022-11-06T12:00:00Z,flow,1.0431
tok15,2022-11-06T12:00:00Z,social,-0.0745
tok15,2022-11-13T12:00:00Z,flow,0.0954
tok15,2022-11-13T12:00:00Z,social,-0.9691
tok15,2022-11-20T12:00:00Z,flow,0.726
tok15,2022-11-20T12:00:00Z,social,-1.8446
tok15,2022-11-27T12:00:00Z,flow,0.756
tok15,2022-11-27T12:00:00Z,social,-0.0455
tok15,2022-12-04T12:00:00Z,flow,-0.7672
tok15,2022-12-04T12:00:00Z,social,0.286
tok15,2022-12-11T12:00:00Z,flow,-0.6592
tok15,2022-12-11T12:00:00Z,social,-0.8925
tok15,2022-12-18T12:00:00Z,flow,0.5904
tok15,2022-12-18T12:00:00Z,social,0.4636
tok15,2022-12-25T12:00:00Z,flow,0.6191
tok15,2022-12-25T12:00:00Z,social,0.2963
tok15,2023-01-01T12:00:00Z,flow,1.2718
tok15,2023-01-01T12:00:00Z,social,1.0605
tok15,2023-01-08T12:00:00Z,flow,-0.0175
tok15,2023-01-08T12:00:00Z,social,1.0087
tok15,2023-01-15T12:00:00Z,flow,0.4825
tok15,2023-01-15T12:00:00Z,social,0.0618
tok15,2023-01-22T12:00:00Z,flow,-1.1636
tok15,2023-01-22T12:00:00Z,social,0.0311
tok15,2023-01-29T12:00:00Z,flow,0.9203
tok15,2023-01-29T12:00:00Z,social,-0.6832
tok15,2023-02-05T12:00:00Z,flow,3.7176
tok15,2023-02-05T12:00:00Z,social,-0.1797
tok15,2023-02-12T12:00:00Z,flow,0.908
tok15,2023-02-12T12:00:00Z,social,-2.0854
tok15,2023-02-19T12:00:00Z,flow,-0.9549
tok15,2023-02-19T12:00:00Z,social,0.4784
tok15,2023-02-26T12:00:00Z,flow,1.1337
tok15,2023-02-26T12:00:00Z,social,-0.0263
tok15,2023-03-05T12:00:00Z,flow,0.0861
tok15,2023-03-05T12:00:00Z,social,1.2915
tok15,2023-03-12T12:00:00Z,flow,-1.7281
tok15,2023-03-12T12:00:00Z,social,0.5762
tok15,2023-03-19T12:00:00Z,flow,-1.6232
tok15,2023-03-19T12:00:00Z,social,-0.5199
tok15,2023-03-26T12:00:00Z,flow,0.1278
tok15,2023-03-26T12:00:00Z,social,0.296
tok15,2023-04-02T12:00:00Z,flow,0.6546
tok15,2023-04-02T12:00:00Z,social,0.0332
tok15,2023-04-09T12:00:00Z,flow,-0.3874
tok15,2023-04-09T12:00:00Z,social,1.0919
tok15,2023-04-16T12:00:00Z,flow,-1.6866
tok15,2023-04-16T12:00:00Z,social,-0.4571
tok15,2023-04-23T12:00:00Z,flow,-0.0743
tok15,2023-04-23T12:00:00Z,social,-0.8946
tok15,2023-04-30T12:00:00Z,flow,-0.3517
tok15,2023-04-30T12:00:00Z,social,0.2492
tok15,2023-05-07T12:00:00Z,flow,-0.5801
tok15,2023-05-07T12:00:00Z,social,-1.6909
tok15,2023-05-14T12:00:00Z,flow,0.1545
tok15,2023-05-14T12:00:00Z,social,-0.1987
tok15,2023-05-21T12:00:00Z,flow,-1.0408
tok15,2023-05-21T12:00:00Z,social,-0.8892
tok15,2023-05-28T12:00:00Z,flow,1.1171
tok15,2023-05-28T12:00:00Z,social,1.9054
tok15,2023-06-04T12:00:00Z,flow,-0.3694
tok15,2023-06-04T12:00:00Z,social,0.2896
tok15,2023-06-11T12:00:00Z,flow,-0.613
tok15,2023-06-11T12:00:00Z,social,0.5333
tok15,2023-06-18T12:00:00Z,flow,-1.4981
tok15,2023-06-18T12:00:00Z,social,-1.3657
tok15,2023-06-25T12:00:00Z,flow,0.9327
tok15,2023-06-25T12:00:00Z,social,0.4364
tok15,2023-07-02T12:00:00Z,flow,-0.9788
tok15,2023-07-02T12:00:00Z,social,0.1588
tok15,2023-07-09T12:00:00Z,flow,-0.5419
tok15,2023-07-09T12:00:00Z,social,0.5983
tok15,2023-07-16T12:00:00Z,flow,-1.3909
tok15,2023-07-16T12:00:00Z,social,-0.644
tok15,2023-07-23T12:00:00Z,flow,0.9974
tok15,2023-07-23T12:00:00Z,social,0.9211
tok15,2023-07-30T12:00:00Z,flow,-0.0701
tok15,2023-07-30T12:00:00Z,social,0.0418
tok15,2023-08-06T12:00:00Z,flow,-0.5025
tok15,2023-08-06T12:00:00Z,social,0.0141
tok15,2023-08-13T12:00:00Z,flow,0.1279
tok15,2023-08-13T12:00:00Z,social,-1.9328
tok15,2023-08-20T12:00:00Z,flow,-1.378
tok15,2023-08-20T12:00:00Z,social,-2.4273
tok15,2023-08-27T12:00:00Z,flow,-0.5289
tok15,2023-08-27T12:00:00Z,social,-0.3907
tok15,2023-09-03T12:00:00Z,flow,1.6511
tok15,2023-09-03T12:00:00Z,social,0.2685
tok15,2023-09-10T12:00:00Z,flow,-0.7216
tok15,2023-09-10T12:00:00Z,social,0.6635
tok15,2023-09-17T12:00:00Z,flow,-1.017
tok15,2023-09-17T12:00:00Z,social,-0.3286
tok15,2023-09-24T12:00:00Z,flow,0.1076
tok15,2023-09-24T12:00:00Z,social,-0.2385
tok15,2023-10-01T12:00:00Z,flow,-1.5731
tok15,2023-10-01T12:00:00Z,social,0.0038
tok15,2023-10-08T12:00:00Z,flow,0.2971
tok15,2023-10-08T12:00:00Z,social,-0.8001
tok15,2023-10-15T12:00:00Z,flow,0.5608
tok15,2023-10-15T12:00:00Z,social,-0.3029
tok15,2023-10-22T12:00:00Z,flow,1.2895
tok15,2023-10-22T12:00:00Z,social,1.6544
tok15,2023-10-29T12:00:00Z,flow,0.3218
tok15,2023-10-29T12:00:00Z,social,0.5092
tok15,2023-11-05T12:00:00Z,flow,0.4064
tok15,2023-11-05T12:00:00Z,social,1.322
tok15,2023-11-12T12:00:00Z,flow,-1.7843
tok15,2023-11-12T12:00:00Z,social,-1.3419
tok15,2023-11-19T12:00:00Z,flow,-0.2166
tok15,2023-11-19T12:00:00Z,social,-0.5566
tok15,2023-11-26T12:00:00Z,flow,1.2514
tok15,2023-11-26T12:00:00Z,social,-0.2321
tok15,2023-12-03T12:00:00Z,flow,1.4503
tok15,2023-12-03T12:00:00Z,social,0.1206
tok15,2023-12-10T12:00:00Z,flow,-1.7035
tok15,2023-12-10T12:00:00Z,social,1.1902
tok15,2023-12-17T12:00:00Z,flow,0.0707
tok15,2023-12-17T12:00:00Z,social,-1.5118
tok15,2023-12-24T12:00:00Z,flow,0.5587
tok15,2023-12-24T12:00:00Z,social,-1.2695
tok15,2023-12-31T12:00:00Z,flow,0.9324
tok15,2023-12-31T12:00:00Z,social,0.6041
tok16,2021-01-03T12:00:00Z,flow,0.5988
tok16,2021-01-03T12:00:00Z,social,1.5321
tok16,2021-01-10T12:00:00Z,flow,0.0955
tok16,2021-01-10T12:00:00Z,social,-0.7546
tok16,2021-01-17T12:00:00Z,flow,0.8959
tok16,2021-01-17T12:00:00Z,social,-1.3967
tok16,2021-01-24T12:00:00Z,flow,0.3829
tok16,2021-01-24T12:00:00Z,social,0.3384
tok16,2021-01-31T12:00:00Z,flow,-0.8447
tok16,2021-01-31T12:00:00Z,social,0.7051
tok16,2021-02-07T12:00:00Z,flow,0.6637
tok16,2021-02-07T12:00:00Z,social,-0.0906
tok16,2021-02-14T12:00:00Z,flow,-1.6175
tok16,2021-02-14T12:00:00Z,social,0.2151
tok16,2021-02-21T12:00:00Z,flow,-0.5265
tok16,2021-02-21T12:00:00Z,social,1.4213
tok16,2021-02-28T12:00:00Z,flow,-0.4699
tok16,2021-02-28T12:00:00Z,social,-1.5767
tok16,2021-03-07T12:00:00Z,flow,0.4384
tok16,2021-03-07T12:00:00Z,social,-1.095
tok16,2021-03-14T12:00:00Z,flow,-0.1147
tok16,2021-03-14T12:00:00Z,social,-2.0763
tok16,2021-03-21T12:00:00Z,flow,0.6135
tok16,2021-03-21T12:00:00Z,social,-0.981
tok16,2021-03-28T12:00:00Z,flow,-1.1995
tok16,2021-03-28T12:00:00Z,social,0.7679
tok16,2021-04-04T12:00:00Z,flow,0.5626
tok16,2021-04-04T12:00:00Z,social,-0.9609
tok16,2021-04-11T12:00:00Z,flow,-0.6725
tok16,2021-04-11T12:00:00Z,social,-0.8637
tok16,2021-04-18T12:00:00Z,flow,0.2652
tok16,2021-04-18T12:00:00Z,social,-1.2493
tok16,2021-04-25T12:00:00Z,flow,-0.3792
tok16,2021-04-25T12:00:00Z,social,-0.3233
tok16,2021-05-02T12:00:00Z,flow,-0.7686
tok16,2021-05-02T12:00:00Z,social,1.2065
tok16,2021-05-09T12:00:00Z,flow,1.311
tok16,2021-05-09T12:00:00Z,social,1.1444
tok16,2021-05-16T12:00:00Z,flow,0.8516
tok16,2021-05-16T12:00:00Z,social,0.0498
tok16,2021-05-23T12:00:00Z,flow,0.8876
tok16,2021-05-23T12:00:00Z,social,-1.5968
tok16,2021-05-30T12:00:00Z,flow,-1.4361
tok16,2021-05-30T12:00:00Z,social,-1.1378
tok16,2021-06-06T12:00:00Z,flow,0.2869
tok16,2021-06-06T12:00:00Z,social,0.3736
tok16,2021-06-13T12:00:00Z,flow,0.287
tok16,2021-06-13T12:00:00Z,social,-0.9353
tok16,2021-06-20T12:00:00Z,flow,0.447
tok16,2021-06-20T12:00:00Z,social,0.2202
tok16,2021-06-27T12:00:00Z,flow,0.76
tok16,2021-06-27T12:00:00Z,social,0.5977
tok16,2021-07-04T12:00:00Z,flow,-0.6946
tok16,2021-07-04T12:00:00Z,social,-1.5042
tok16,2021-07-11T12:00:00Z,flow,-0.2723
tok16,2021-07-11T12:00:00Z,social,1.0983
tok16,2021-07-18T12:00:00Z,flow,0.286
tok16,2021-07-18T12:00:00Z,social,0.6512
tok16,2021-07-25T12:00:00Z,flow,1.7523
tok16,2021-07-25T12:00:00Z,social,0.9249
tok16,2021-08-01T12:00:00Z,flow,0.7768
tok16,2021-08-01T12:00:00Z,social,-0.548
tok16,2021-08-08T12:00:00Z,flow,0.5004
tok16,2021-08-08T12:00:00Z,social,0.5762
tok16,2021-08-15T12:00:00Z,flow,0.9547
tok16,2021-08-15T12:00:00Z,social,0.9475
tok16,2021-08-22T12:00:00Z,flow,-1.1157
tok16,2021-08-22T12:00:00Z,social,0.7272
tok16,2021-08-29T12:00:00Z,flow,0.7259
tok16,2021-08-29T12:00:00Z,social,-0.5497
tok16,2021-09-05T12:00:00Z,flow,1.8794
tok16,2021-09-05T12:00:00Z,social,-1.6497
tok16,2021-09-12T12:00:00Z,flow,-0.2485
tok16,2021-09-12T12:00:00Z,social,0.4445
tok16,2021-09-19T12:00:00Z,flow,0.9038
tok16,2021-09-19T12:00:00Z,social,0.4949
tok16,2021-09-26T12:00:00Z,flow,-1.7671
tok16,2021-09-26T12:00:00Z,social,-1.1008
tok16,2021-10-03T12:00:00Z,flow,-1.1088
tok16,2021-10-03T12:00:00Z,social,-0.7826
tok16,2021-10-10T12:00:00Z,flow,-0.3031
tok16,2021-10-10T12:00:00Z,social,-0.1738
tok16,2021-10-17T12:00:00Z,flow,0.2238
tok16,2021-10-17T12:00:00Z,social,-0.6131
tok16,2021-10-24T12:00:00Z,flow,-1.6115
tok16,2021-10-24T12:00:00Z,social,1.0389
tok16,2021-10-31T12:00:00Z,flow,-0.3092
tok16,2021-10-31T12:00:00Z,social,-0.455
tok16,2021-11-07T12:00:00Z,flow,-2.4445
tok16,2021-11-07T12:00:00Z,social,0.1379
tok16,2021-11-14T12:00:00Z,flow,0.5826
tok16,2021-11-14T12:00:00Z,social,0.5872
tok16,2021-11-21T12:00:00Z,flow,-1.032
tok16,2021-11-21T12:00:00Z,social,0.6763
tok16,2021-11-28T12:00:00Z,flow,0.5532
tok16,2021-11-28T12:00:00Z,social,0.6008
tok16,2021-12-05T12:00:00Z,flow,0.1384
tok16,2021-12-05T12:00:00Z,social,-0.5536
tok16,2021-12-12T12:00:00Z,flow,-0.0824
tok16,2021-12-12T12:00:00Z,social,0.9036
tok16,2021-12-19T12:00:00Z,flow,0.7773
tok16,2021-12-19T12:00:00Z,social,0.781
tok16,2021-12-26T12:00:00Z,flow,0.2382
tok16,2021-12-26T12:00:00Z,social,0.3145
tok16,2022-01-02T12:00:00Z,flow,-0.3827
tok16,2022-01-02T12:00:00Z,social,1.2512
tok16,2022-01-09T12:00:00Z,flow,-0.4575
tok16,2022-01-09T12:00:00Z,social,1.9808
tok16,2022-01-16T12:00:00Z,flow,0.3849
tok16,2022-01-16T12:00:00Z,social,-0.9468
tok16,2022-01-23T12:00:00Z,flow,0.2562
tok16,2022-01-23T12:00:00Z,social,1.098
tok16,2022-01-30T12:00:00Z,flow,-0.3964
tok16,2022-01-30T12:00:00Z,social,-0.6755
tok16,2022-02-06T12:00:00Z,flow,-0.6059
tok16,2022-02-06T12:00:00Z,social,0.542
tok16,2022-02-13T12:00:00Z,flow,0.467
tok16,2022-02-13T12:00:00Z,social,0.202
tok16,2022-02-20T12:00:00Z,flow,1.3812
tok16,2022-02-20T12:00:00Z,social,-0.0799
tok16,2022-02-27T12:00:00Z,flow,0.8447
tok16,2022-02-27T12:00:00Z,social,-0.3692
tok16,2022-03-06T12:00:00Z,flow,-0.9682
tok16,2022-03-06T12:00:00Z,social,0.6466
tok16,2022-03-13T12:00:00Z,flow,0.0282
tok16,2022-03-13T12:00:00Z,social,-1.2292
tok16,2022-03-20T12:00:00Z,flow,-1.108
tok16,2022-03-20T12:00:00Z,social,-1.2896
tok16,2022-03-27T12:00:00Z,flow,0.6095
tok16,2022-03-27T12:00:00Z,social,-0.4066
tok16,2022-04-03T12:00:00Z,flow,-0.1617
tok16,2022-04-03T12:00:00Z,social,-0.7818
tok16,2022-04-10T12:00:00Z,flow,-0.89
tok16,2022-04-10T12:00:00Z,social,-1.5339
tok16,2022-04-17T12:00:00Z,flow,-1.3934
tok16,2022-04-17T12:00:00Z,social,1.815
tok16,2022-04-24T12:00:00Z,flow,0.0408
tok16,2022-04-24T12:00:00Z,social,-2.5634
tok16,2022-05-01T12:00:00Z,flow,-0.3129
tok16,2022-05-01T12:00:00Z,social,0.3731
tok16,2022-05-08T12:00:00Z,flow,-0.7793
tok16,2022-05-08T12:00:00Z,social,-1.0843
tok16,2022-05-15T12:00:00Z,flow,0.3987
tok16,2022-05-15T12:00:00Z,social,-1.5342
tok16,2022-05-22T12:00:00Z,flow,-1.4334
tok16,2022-05-22T12:00:00Z,social,0.4691
tok16,2022-05-29T12:00:00Z,flow,0.6652
tok16,2022-05-29T12:00:00Z,social,-0.1886
tok16,2022-06-05T12:00:00Z,flow,-0.0543
tok16,2022-06-05T12:00:00Z,social,1.5535
tok16,2022-06-12T12:00:00Z,flow,-0.0917
tok16,2022-06-12T12:00:00Z,social,-0.0221
tok16,2022-06-19T12:00:00Z,flow,0.1587
tok16,2022-06-19T12:00:00Z,social,-0.7936
tok16,2022-06-26T12:00:00Z,flow,0.1389
tok16,2022-06-26T12:00:00Z,social,0.7248
tok16,2022-07-03T12:00:00Z,flow,-0.4999
tok16,2022-07-03T12:00:00Z,social,0.6499
tok16,2022-07-10T12:00:00Z,flow,0.2371
tok16,2022-07-10T12:00:00Z,social,0.6058
tok16,2022-07-17T12:00:00Z,flow,0.4943
tok16,2022-07-17T12:00:00Z,social,0.7722
tok16,2022-07-24T12:00:00Z,flow,-0.7575
tok16,2022-07-24T12:00:00Z,social,1.0126
tok16,2022-07-31T12:00:00Z,flow,1.6158
tok16,2022-07-31T12:00:00Z,social,-1.1583
tok16,2022-08-07T12:00:00Z,flow,-0.05
tok16,2022-08-07T12:00:00Z,social,0.243
tok16,2022-08-14T12:00:00Z,flow,-0.2927
tok16,2022-08-14T12:00:00Z,social,0.2619
tok16,2022-08-21T12:00:00Z,flow,0.2956
tok16,2022-08-21T12:00:00Z,social,-0.883
tok16,2022-08-28T12:00:00Z,flow,-1.3528
tok16,2022-08-28T12:00:00Z,social,1.1585
tok16,2022-09-04T12:00:00Z,flow,0.0254
tok16,2022-09-04T12:00:00Z,social,0.7476
tok16,2022-09-11T12:00:00Z,flow,-1.6582
tok16,2022-09-11T12:00:00Z,social,0.9006
tok16,2022-09-18T12:00:00Z,flow,1.9092
tok16,2022-09-18T12:00:00Z,social,-2.0533
tok16,2022-09-25T12:00:00Z,flow,-0.8682
tok16,2022-09-25T12:00:00Z,social,-0.2421
tok16,2022-10-02T12:00:00Z,flow,-1.0072
tok16,2022-10-02T12:00:00Z,social,-0.3478
tok16,2022-10-09T12:00:00Z,flow,0.3691
tok16,2022-10-09T12:00:00Z,social,0.4964
tok16,2022-10-16T12:00:00Z,flow,0.1595
tok16,2022-10-16T12:00:00Z,social,0.4584
tok16,2022-10-23T12:00:00Z,flow,0.0607
tok16,2022-10-23T12:00:00Z,social,0.2109
tok16,2022-10-30T12:00:00Z,flow,-0.6291
tok16,2022-10-30T12:00:00Z,social,0.85
tok16,2022-11-06T12:00:00Z,flow,-1.023
tok16,2022-11-06T12:00:00Z,social,-1.0061
tok16,2022-11-13T12:00:00Z,flow,1.1768
tok16,2022-11-13T12:00:00Z,social,0.4615
tok16,2022-11-20T12:00:00Z,flow,-0.332
tok16,2022-11-20T12:00:00Z,social,-1.2781
tok16,2022-11-27T12:00:00Z,flow,1.1066
tok16,2022-11-27T12:00:00Z,social,0.8601
tok16,2022-12-04T12:00:00Z,flow,1.7292
tok16,2022-12-04T12:00:00Z,social,0.3715
tok16,2022-12-11T12:00:00Z,flow,-0.6882
tok16,2022-12-11T12:00:00Z,social,0.6515
tok16,2022-12-18T12:00:00Z,flow,0.7144
tok16,2022-12-18T12:00:00Z,social,-0.33
tok16,2022-12-25T12:00:00Z,flow,0.6258
tok16,2022-12-25T12:00:00Z,social,1.3981
tok16,2023-01-01T12:00:00Z,flow,-0.5026
tok16,2023-01-01T12:00:00Z,social,-0.7258
tok16,2023-01-08T12:00:00Z,flow,-0.3926
tok16,2023-01-08T12:00:00Z,social,1.4568
tok16,2023-01-15T12:00:00Z,flow,-1.3384
tok16,2023-01-15T12:00:00Z,social,-0.6731
tok16,2023-01-22T12:00:00Z,flow,-0.4946
tok16,2023-01-22T12:00:00Z,social,-1.6377
tok16,2023-01-29T12:00:00Z,flow,0.2254
tok16,2023-01-29T12:00:00Z,social,1.1754
tok16,2023-02-05T12:00:00Z,flow,0.6865
tok16,2023-02-05T12:00:00Z,social,-0.2434
tok16,2023-02-12T12:00:00Z,flow,-0.6441
tok16,2023-02-12T12:00:00Z,social,0.7544
tok16,2023-02-19T12:00:00Z,flow,0.6038
tok16,2023-02-19T12:00:00Z,social,-0.3501
tok16,2023-02-26T12:00:00Z,flow,1.5835
tok16,2023-02-26T12:00:00Z,social,-0.6788
tok16,2023-03-05T12:00:00Z,flow,0.6819
tok16,2023-03-05T12:00:00Z,social,0.8126
tok16,2023-03-12T12:00:00Z,flow,2.5484
tok16,2023-03-12T12:00:00Z,social,0.2315
tok16,2023-03-19T12:00:00Z,flow,-0.1459
tok16,2023-03-19T12:00:00Z,social,2.0515
tok16,2023-03-26T12:00:00Z,flow,-0.7462
tok16,2023-03-26T12:00:00Z,social,0.0797
tok16,2023-04-02T12:00:00Z,flow,-1.1265
tok16,2023-04-02T12:00:00Z,social,2.0442
tok16,2023-04-09T12:00:00Z,flow,1.6864
tok16,2023-04-09T12:00:00Z,social,-1.2154
tok16,2023-04-16T12:00:00Z,flow,-1.9992
tok16,2023-04-16T12:00:00Z,social,0.4603
tok16,2023-04-23T12:00:00Z,flow,-0.4571
tok16,2023-04-23T12:00:00Z,social,-0.2909
tok16,2023-04-30T12:00:00Z,flow,-0.9845
tok16,2023-04-30T12:00:00Z,social,-1.5803
tok16,2023-05-07T12:00:00Z,flow,2.3748
tok16,2023-05-07T12:00:00Z,social,1.0492
tok16,2023-05-14T12:00:00Z,flow,1.973
tok16,2023-05-14T12:00:00Z,social,0.3088
tok16,2023-05-21T12:00:00Z,flow,-0.5574
tok16,2023-05-21T12:00:00Z,social,-0.0827
tok16,2023-05-28T12:00:00Z,flow,-0.6875
tok16,2023-05-28T12:00:00Z,social,-1.5132
tok16,2023-06-04T12:00:00Z,flow,-0.0103
tok16,2023-06-04T12:00:00Z,social,0.0574
tok16,2023-06-11T12:00:00Z,flow,1.5407
tok16,2023-06-11T12:00:00Z,social,1.6711
tok16,2023-06-18T12:00:00Z,flow,-0.5242
tok16,2023-06-18T12:00:00Z,social,-1.2292
tok16,2023-06-25T12:00:00Z,flow,-0.3028
tok16,2023-06-25T12:00:00Z,social,-0.2869
tok16,2023-07-02T12:00:00Z,flow,0.9782
tok16,2023-07-02T12:00:00Z,social,-0.0759
tok16,2023-07-09T12:00:00Z,flow,-0.259
tok16,2023-07-09T12:00:00Z,social,-0.1705
tok16,2023-07-16T12:00:00Z,flow,-1.5594
tok16,2023-07-16T12:00:00Z,social,0.1997
tok16,2023-07-23T12:00:00Z,flow,-1.7609
tok16,2023-07-23T12:00:00Z,social,0.4573
tok16,2023-07-30T12:00:00Z,flow,-0.6626
tok16,2023-07-30T12:00:00Z,social,-0.269
tok16,2023-08-06T12:00:00Z,flow,-0.6988
tok16,2023-08-06T12:00:00Z,social,-0.5873
tok16,2023-08-13T12:00:00Z,flow,2.534
tok16,2023-08-13T12:00:00Z,social,-0.2744
tok16,2023-08-20T12:00:00Z,flow,-0.0684
tok16,2023-08-20T12:00:00Z,social,0.9091
tok16,2023-08-27T12:00:00Z,flow,-0.196
tok16,2023-08-27T12:00:00Z,social,0.2896
tok16,2023-09-03T12:00:00Z,flow,0.788
tok16,2023-09-03T12:00:00Z,social,1.0264
tok16,2023-09-10T12:00:00Z,flow,0.7911
tok16,2023-09-10T12:00:00Z,social,1.4294
tok16,2023-09-17T12:00:00Z,flow,-0.9289
tok16,2023-09-17T12:00:00Z,social,0.8714
tok16,2023-09-24T12:00:00Z,flow,-0.0351
tok16,2023-09-24T12:00:00Z,social,-0.2106
tok16,2023-10-01T12:00:00Z,flow,-0.0088
tok16,2023-10-01T12:00:00Z,social,-1.1638
tok16,2023-10-08T12:00:00Z,flow,1.7194
tok16,2023-10-08T12:00:00Z,social,-0.6204
tok16,2023-10-15T12:00:00Z,flow,-1.4837
tok16,2023-10-15T12:00:00Z,social,-0.1961
tok16,2023-10-22T12:00:00Z,flow,-0.0027
tok16,2023-10-22T12:00:00Z,social,0.3947
tok16,2023-10-29T12:00:00Z,flow,-2.3729
tok16,2023-10-29T12:00:00Z,social,-1.1665
tok16,2023-11-05T12:00:00Z,flow,0.527
tok16,2023-11-05T12:00:00Z,social,-0.01
tok16,2023-11-12T12:00:00Z,flow,0.8079
tok16,2023-11-12T12:00:00Z,social,-1.2976
tok16,2023-11-19T12:00:00Z,flow,-0.1366
tok16,2023-11-19T12:00:00Z,social,-0.3028
tok16,2023-11-26T12:00:00Z,flow,-0.7923
tok16,2023-11-26T12:00:00Z,social,-1.3467
tok16,2023-12-03T12:00:00Z,flow,-0.6576
tok16,2023-12-03T12:00:00Z,social,-1.6678
tok16,2023-12-10T12:00:00Z,flow,0.352
tok16,2023-12-10T12:00:00Z,social,0.6812
tok16,2023-12-17T12:00:00Z,flow,-0.7425
tok16,2023-12-17T12:00:00Z,social,-0.2166
tok16,2023-12-24T12:00:00Z,flow,1.0014
tok16,2023-12-24T12:00:00Z,social,-0.5337
tok16,2023-12-31T12:00:00Z,flow,-0.0549
tok16,2023-12-31T12:00:00Z,social,0.8075
tok17,2021-01-03T12:00:00Z,flow,0.0397
tok17,2021-01-03T12:00:00Z,social,-0.4151
tok17,2021-01-10T12:00:00Z,flow,0.0356
tok17,2021-01-10T12:00:00Z,social,-0.6899
tok17,2021-01-17T12:00:00Z,flow,-0.3452
tok17,2021-01-17T12:00:00Z,social,-1.414
tok17,2021-01-24T12:00:00Z,flow,-0.8757
tok17,2021-01-24T12:00:00Z,social,0.0928
tok17,2021-01-31T12:00:00Z,flow,-0.3198
tok17,2021-01-31T12:00:00Z,social,-1.0089
tok17,2021-02-07T12:00:00Z,flow,1.9725
tok17,2021-02-07T12:00:00Z,social,0.1303
tok17,2021-02-14T12:00:00Z,flow,1.1096
tok17,2021-02-14T12:00:00Z,social,-0.4163
tok17,2021-02-21T12:00:00Z,flow,-1.2645
tok17,2021-02-21T12:00:00Z,social,-0.465
tok17,2021-02-28T12:00:00Z,flow,-0.8697
tok17,2021-02-28T12:00:00Z,social,0.8988
tok17,2021-03-07T12:00:00Z,flow,0.1993
tok17,2021-03-07T12:00:00Z,social,-0.2128
tok17,2021-03-14T12:00:00Z,flow,-1.4013
tok17,2021-03-14T12:00:00Z,social,0.9473
tok17,2021-03-21T12:00:00Z,flow,0.0748
tok17,2021-03-21T12:00:00Z,social,1.0028
tok17,2021-03-28T12:00:00Z,flow,0.5171
tok17,2021-03-28T12:00:00Z,social,-1.244
tok17,2021-04-04T12:00:00Z,flow,0.9421
tok17,2021-04-04T12:00:00Z,social,0.215
tok17,2021-04-11T12:00:00Z,flow,0.5863
tok17,2021-04-11T12:00:00Z,social,-0.6183
tok17,2021-04-18T12:00:00Z,flow,0.0229
tok17,2021-04-18T12:00:00Z,social,-0.2515
tok17,2021-04-25T12:00:00Z,flow,0.561
tok17,2021-04-25T12:00:00Z,social,0.4763
tok17,2021-05-02T12:00:00Z,flow,0.0557
tok17,2021-05-02T12:00:00Z,social,-0.2497
tok17,2021-05-09T12:00:00Z,flow,0.8
tok17,2021-05-09T12:00:00Z,social,0.8434
tok17,2021-05-16T12:00:00Z,flow,-0.9144
tok17,2021-05-16T12:00:00Z,social,0.9579
tok17,2021-05-23T12:00:00Z,flow,-0.2436
tok17,2021-05-23T12:00:00Z,social,-0.8366
tok17,2021-05-30T12:00:00Z,flow,-1.7769
tok17,2021-05-30T12:00:00Z,social,0.3001
tok17,2021-06-06T12:00:00Z,flow,-0.5254
tok17,2021-06-06T12:00:00Z,social,1.6492
tok17,2021-06-13T12:00:00Z,flow,-0.5788
tok17,2021-06-13T12:00:00Z,social,0.1235
tok17,2021-06-20T12:00:00Z,flow,0.2684
tok17,2021-06-20T12:00:00Z,social,1.3333
tok17,2021-06-27T12:00:00Z,flow,0.2034
tok17,2021-06-27T12:00:00Z,social,-1.9774
tok17,2021-07-04T12:00:00Z,flow,-1.1803
tok17,2021-07-04T12:00:00Z,social,0.7657
tok17,2021-07-11T12:00:00Z,flow,-0.316
tok17,2021-07-11T12:00:00Z,social,0.3608
tok17,2021-07-18T12:00:00Z,flow,0.0637
tok17,2021-07-18T12:00:00Z,social,0.8905
tok17,2021-07-25T12:00:00Z,flow,1.2671
tok17,2021-07-25T12:00:00Z,social,-0.1798
tok17,2021-08-01T12:00:00Z,flow,-1.3929
tok17,2021-08-01T12:00:00Z,social,-0.5654
tok17,2021-08-08T12:00:00Z,flow,0.7033
tok17,2021-08-08T12:00:00Z,social,-0.8654
tok17,2021-08-15T12:00:00Z,flow,0.6494
tok17,2021-08-15T12:00:00Z,social,0.4413
tok17,2021-08-22T12:00:00Z,flow,1.7114
tok17,2021-08-22T12:00:00Z,social,0.7677
tok17,2021-08-29T12:00:00Z,flow,1.4085
tok17,2021-08-29T12:00:00Z,social,1.4766
tok17,2021-09-05T12:00:00Z,flow,0.5115
tok17,2021-09-05T12:00:00Z,social,0.7508
tok17,2021-09-12T12:00:00Z,flow,-0.1093
tok17,2021-09-12T12:00:00Z,social,-0.1684
tok17,2021-09-19T12:00:00Z,flow,0.1372
tok17,2021-09-19T12:00:00Z,social,-1.0076
tok17,2021-09-26T12:00:00Z,flow,0.5749
tok17,2021-09-26T12:00:00Z,social,-0.573
tok17,2021-10-03T12:00:00Z,flow,1.9918
tok17,2021-10-03T12:00:00Z,social,0.0868
tok17,2021-10-10T12:00:00Z,flow,0.6482
tok17,2021-10-10T12:00:00Z,social,1.6554
tok17,2021-10-17T12:00:00Z,flow,-0.1396
tok17,2021-10-17T12:00:00Z,social,0.3105
tok17,2021-10-24T12:00:00Z,flow,0.1772
tok17,2021-10-24T12:00:00Z,social,1.8616
tok17,2021-10-31T12:00:00Z,flow,1.6813
tok17,2021-10-31T12:00:00Z,social,0.0073
tok17,2021-11-07T12:00:00Z,flow,-0.9998
tok17,2021-11-07T12:00:00Z,social,1.0806
tok17,2021-11-14T12:00:00Z,flow,0.2879
tok17,2021-11-14T12:00:00Z,social,-0.2995
tok17,2021-11-21T12:00:00Z,flow,-1.5102
tok17,2021-11-21T12:00:00Z,social,-0.1504
tok17,2021-11-28T12:00:00Z,flow,0.5382
tok17,2021-11-28T12:00:00Z,social,0.7757
tok17,2021-12-05T12:00:00Z,flow,2.1644
tok17,2021-12-05T12:00:00Z,social,0.9472
tok17,2021-12-12T12:00:00Z,flow,0.7561
tok17,2021-12-12T12:00:00Z,social,0.3077
tok17,2021-12-19T12:00:00Z,flow,1.0708
tok17,2021-12-19T12:00:00Z,social,0.3672
tok17,2021-12-26T12:00:00Z,flow,-0.2956
tok17,2021-12-26T12:00:00Z,social,0.4322
tok17,2022-01-02T12:00:00Z,flow,1.0936
tok17,2022-01-02T12:00:00Z,social,-0.2948
tok17,2022-01-09T12:00:00Z,flow,-2.4528
tok17,2022-01-09T12:00:00Z,social,0.2122
tok17,2022-01-16T12:00:00Z,flow,1.1601
tok17,2022-01-16T12:00:00Z,social,0.2439
tok17,2022-01-23T12:00:00Z,flow,0.3715
tok17,2022-01-23T12:00:00Z,social,0.9327
tok17,2022-01-30T12:00:00Z,flow,-1.6341
tok17,2022-01-30T12:00:00Z,social,0.2753
tok17,2022-02-06T12:00:00Z,flow,-0.0422
tok17,2022-02-06T12:00:00Z,social,-0.1472
tok17,2022-02-13T12:00:00Z,flow,-0.7361
tok17,2022-02-13T12:00:00Z,social,-0.1329
tok17,2022-02-20T12:00:00Z,flow,-0.2115
tok17,2022-02-20T12:00:00Z,social,-0.7822
tok17,2022-02-27T12:00:00Z,flow,0.5496
tok17,2022-02-27T12:00:00Z,social,-0.2436
tok17,2022-03-06T12:00:00Z,flow,0.1666
tok17,2022-03-06T12:00:00Z,social,-0.8208
tok17,2022-03-13T12:00:00Z,flow,-1.2565
tok17,2022-03-13T12:00:00Z,social,-0.5364
tok17,2022-03-20T12:00:00Z,flow,-0.6849
tok17,2022-03-20T12:00:00Z,social,-0.3367
tok17,2022-03-27T12:00:00Z,flow,1.2877
tok17,2022-03-27T12:00:00Z,social,-1.8241
tok17,2022-04-03T12:00:00Z,flow,-0.2178
tok17,2022-04-03T12:00:00Z,social,0.0806
tok17,2022-04-10T12:00:00Z,flow,0.0977
tok17,2022-04-10T12:00:00Z,social,0.5511
tok17,2022-04-17T12:00:00Z,flow,0.0611
tok17,2022-04-17T12:00:00Z,social,-0.005
tok17,2022-04-24T12:00:00Z,flow,0.0969
tok17,2022-04-24T12:00:00Z,social,-1.5226
tok17,2022-05-01T12:00:00Z,flow,-1.0247
tok17,2022-05-01T12:00:00Z,social,0.9367
tok17,2022-05-08T12:00:00Z,flow,-0.9565
tok17,2022-05-08T12:00:00Z,social,1.4911
tok17,2022-05-15T12:00:00Z,flow,1.0395
tok17,2022-05-15T12:00:00Z,social,0.0664
tok17,2022-05-22T12:00:00Z,flow,-1.2982
tok17,2022-05-22T12:00:00Z,social,0.894
tok17,2022-05-29T12:00:00Z,flow,-0.1404
tok17,2022-05-29T12:00:00Z,social,0.6101
tok17,2022-06-05T12:00:00Z,flow,-0.1273
tok17,2022-06-05T12:00:00Z,social,-0.7912
tok17,2022-06-12T12:00:00Z,flow,0.7514
tok17,2022-06-12T12:00:00Z,social,-1.0848
tok17,2022-06-19T12:00:00Z,flow,1.3037
tok17,2022-06-19T12:00:00Z,social,0.5149
tok17,2022-06-26T12:00:00Z,flow,1.2774
tok17,2022-06-26T12:00:00Z,social,-0.7072
tok17,2022-07-03T12:00:00Z,flow,-0.8786
tok17,2022-07-03T12:00:00Z,social,-0.9657
tok17,2022-07-10T12:00:00Z,flow,0.4378
tok17,2022-07-10T12:00:00Z,social,-0.5504
tok17,2022-07-17T12:00:00Z,flow,-0.5504
tok17,2022-07-17T12:00:00Z,social,-0.9151
tok17,2022-07-24T12:00:00Z,flow,-0.2197
tok17,2022-07-24T12:00:00Z,social,0.6737
tok17,2022-07-31T12:00:00Z,flow,-0.7754
tok17,2022-07-31T12:00:00Z,social,-2.7178
tok17,2022-08-07T12:00:00Z,flow,-0.4069
tok17,2022-08-07T12:00:00Z,social,-1.8425
tok17,2022-08-14T12:00:00Z,flow,1.4318
tok17,2022-08-14T12:00:00Z,social,-1.9692
tok17,2022-08-21T12:00:00Z,flow,0.5622
tok17,2022-08-21T12:00:00Z,social,-1.1656
tok17,2022-08-28T12:00:00Z,flow,-0.1981
tok17,2022-08-28T12:00:00Z,social,-1.834
tok17,2022-09-04T12:00:00Z,flow,-0.2174
tok17,2022-09-04T12:00:00Z,social,-0.8558
tok17,2022-09-11T12:00:00Z,flow,1.6663
tok17,2022-09-11T12:00:00Z,social,-0.1761
tok17,2022-09-18T12:00:00Z,flow,-0.7144
tok17,2022-09-18T12:00:00Z,social,-0.8624
tok17,2022-09-25T12:00:00Z,flow,-0.136
tok17,2022-09-25T12:00:00Z,social,0.0826
tok17,2022-10-02T12:00:00Z,flow,-0.1062
tok17,2022-10-02T12:00:00Z,social,0.1226
tok17,2022-10-09T12:00:00Z,flow,-0.4969
tok17,2022-10-09T12:00:00Z,social,-0.9217
tok17,2022-10-16T12:00:00Z,flow,-0.4133
tok17,2022-10-16T12:00:00Z,social,-1.0516
tok17,2022-10-23T12:00:00Z,flow,0.6438
tok17,2022-10-23T12:00:00Z,social,1.0496
tok17,2022-10-30T12:00:00Z,flow,0.8347
tok17,2022-10-30T12:00:00Z,social,0.8657
tok17,2022-11-06T12:00:00Z,flow,0.6761
tok17,2022-11-06T12:00:00Z,social,0.1774
tok17,2022-11-13T12:00:00Z,flow,-0.544
tok17,2022-11-13T12:00:00Z,social,2.2576
tok17,2022-11-20T12:00:00Z,flow,0.4185
tok17,2022-11-20T12:00:00Z,social,1.1419
tok17,2022-11-27T12:00:00Z,flow,2.2338
tok17,2022-11-27T12:00:00Z,social,-0.2806
tok17,2022-12-04T12:00:00Z,flow,-0.393
tok17,2022-12-04T12:00:00Z,social,-1.9319
tok17,2022-12-11T12:00:00Z,flow,1.4613
tok17,2022-12-11T12:00:00Z,social,0.6947
tok17,2022-12-18T12:00:00Z,flow,0.6037
tok17,2022-12-18T12:00:00Z,social,-0.4708
tok17,2022-12-25T12:00:00Z,flow,0.1808
tok17,2022-12-25T12:00:00Z,social,-0.2396
tok17,2023-01-01T12:00:00Z,flow,0.0511
tok17,2023-01-01T12:00:00Z,social,-0.5467
tok17,2023-01-08T12:00:00Z,flow,1.0262
tok17,2023-01-08T12:00:00Z,social,-0.445
tok17,2023-01-15T12:00:00Z,flow,-1.2961
tok17,2023-01-15T12:00:00Z,social,-0.8914
tok17,2023-01-22T12:00:00Z,flow,-0.0025
tok17,2023-01-22T12:00:00Z,social,0.0836
tok17,2023-01-29T12:00:00Z,flow,0.8407
tok17,2023-01-29T12:00:00Z,social,0.6465
tok17,2023-02-05T12:00:00Z,flow,-0.7868
tok17,2023-02-05T12:00:00Z,social,0.8375
tok17,2023-02-12T12:00:00Z,flow,0.4614
tok17,2023-02-12T12:00:00Z,social,-1.1611
tok17,2023-02-19T12:00:00Z,flow,-0.0006
tok17,2023-02-19T12:00:00Z,social,-0.2154
tok17,2023-02-26T12:00:00Z,flow,-0.9388
tok17,2023-02-26T12:00:00Z,social,-0.2361
tok17,2023-03-05T12:00:00Z,flow,0.4749
tok17,2023-03-05T12:00:00Z,social,0.2356
tok17,2023-03-12T12:00:00Z,flow,0.0795
tok17,2023-03-12T12:00:00Z,social,0.9283
tok17,2023-03-19T12:00:00Z,flow,-0.3311
tok17,2023-03-19T12:00:00Z,social,-0.7282
tok17,2023-03-26T12:00:00Z,flow,3.3672
tok17,2023-03-26T12:00:00Z,social,-1.5989
tok17,2023-04-02T12:00:00Z,flow,-2.3963
tok17,2023-04-02T12:00:00Z,social,-0.0417
tok17,2023-04-09T12:00:00Z,flow,0.9397
tok17,2023-04-09T12:00:00Z,social,0.073
tok17,2023-04-16T12:00:00Z,flow,-0.8482
tok17,2023-04-16T12:00:00Z,social,-0.1333
tok17,2023-04-23T12:00:00Z,flow,-1.344
tok17,2023-04-23T12:00:00Z,social,0.1307
tok17,2023-04-30T12:00:00Z,flow,-1.0097
tok17,2023-04-30T12:00:00Z,social,-0.8399
tok17,2023-05-07T12:00:00Z,flow,1.2592
tok17,2023-05-07T12:00:00Z,social,0.4492
tok17,2023-05-14T12:00:00Z,flow,-0.1732
tok17,2023-05-14T12:00:00Z,social,1.9298
tok17,2023-05-21T12:00:00Z,flow,0.7821
tok17,2023-05-21T12:00:00Z,social,-1.1292
tok17,2023-05-28T12:00:00Z,flow,0.3232
tok17,2023-05-28T12:00:00Z,social,1.1905
tok17,2023-06-04T12:00:00Z,flow,-1.5266
tok17,2023-06-04T12:00:00Z,social,-2.6078
tok17,2023-06-11T12:00:00Z,flow,0.3415
tok17,2023-06-11T12:00:00Z,social,-0.2238
tok17,2023-06-18T12:00:00Z,flow,2.0655
tok17,2023-06-18T12:00:00Z,social,1.1047
tok17,2023-06-25T12:00:00Z,flow,1.2938
tok17,2023-06-25T12:00:00Z,social,0.5369
tok17,2023-07-02T12:00:00Z,flow,-0.7406
tok17,2023-07-02T12:00:00Z,social,-0.3399
tok17,2023-07-09T12:00:00Z,flow,1.3317
tok17,2023-07-09T12:00:00Z,social,-0.1704
tok17,2023-07-16T12:00:00Z,flow,1.1291
tok17,2023-07-16T12:00:00Z,social,-0.7429
tok17,2023-07-23T12:00:00Z,flow,-0.3511
tok17,2023-07-23T12:00:00Z,social,-1.6436
tok17,2023-07-30T12:00:00Z,flow,1.1646
tok17,2023-07-30T12:00:00Z,social,-0.8312
tok17,2023-08-06T12:00:00Z,flow,0.2277
tok17,2023-08-06T12:00:00Z,social,1.319
tok17,2023-08-13T12:00:00Z,flow,-1.0168
tok17,2023-08-13T12:00:00Z,social,-1.2943
tok17,2023-08-20T12:00:00Z,flow,0.0316
tok17,2023-08-20T12:00:00Z,social,-0.4681
tok17,2023-08-27T12:00:00Z,flow,0.3384
tok17,2023-08-27T12:00:00Z,social,2.0912
tok17,2023-09-03T12:00:00Z,flow,-0.3201
tok17,2023-09-03T12:00:00Z,social,1.9333
tok17,2023-09-10T12:00:00Z,flow,-1.3347
tok17,2023-09-10T12:00:00Z,social,0.738
tok17,2023-09-17T12:00:00Z,flow,1.7652
tok17,2023-09-17T12:00:00Z,social,-1.3282
tok17,2023-09-24T12:00:00Z,flow,-0.4188
tok17,2023-09-24T12:00:00Z,social,-1.6409
tok17,2023-10-01T12:00:00Z,flow,-0.5704
tok17,2023-10-01T12:00:00Z,social,-0.5737
tok17,2023-10-08T12:00:00Z,flow,-0.2932
tok17,2023-10-08T12:00:00Z,social,0.5184
tok17,2023-10-15T12:00:00Z,flow,-0.5733
tok17,2023-10-15T12:00:00Z,social,0.5898
tok17,2023-10-22T12:00:00Z,flow,0.6482
tok17,2023-10-22T12:00:00Z,social,-0.3414
tok17,2023-10-29T12:00:00Z,flow,-0.9559
tok17,2023-10-29T12:00:00Z,social,-2.2755
tok17,2023-11-05T12:00:00Z,flow,0.1721
tok17,2023-11-05T12:00:00Z,social,1.5125
tok17,2023-11-12T12:00:00Z,flow,-0.5387
tok17,2023-11-12T12:00:00Z,social,0.1823
tok17,2023-11-19T12:00:00Z,flow,0.5463
tok17,2023-11-19T12:00:00Z,social,-0.7875
tok17,2023-11-26T12:00:00Z,flow,-0.499
tok17,2023-11-26T12:00:00Z,social,-0.5671
tok17,2023-12-03T12:00:00Z,flow,-0.2071
tok17,2023-12-03T12:00:00Z,social,-0.7794
tok17,2023-12-10T12:00:00Z,flow,1.7554
tok17,2023-12-10T12:00:00Z,social,-0.025
tok17,2023-12-17T12:00:00Z,flow,2.8498
tok17,2023-12-17T12:00:00Z,social,-1.4685
tok17,2023-12-24T12:00:00Z,flow,0.1569
tok17,2023-12-24T12:00:00Z,social,1.018
tok17,2023-12-31T12:00:00Z,flow,1.2323
tok17,2023-12-31T12:00:00Z,social,-1.029
tok18,2021-01-03T12:00:00Z,flow,-0.2925
tok18,2021-01-03T12:00:00Z,social,1.541
tok18,2021-01-10T12:00:00Z,flow,-0.5063
tok18,2021-01-10T12:00:00Z,social,-1.7574
tok18,2021-01-17T12:00:00Z,flow,-1.4818
tok18,2021-01-17T12:00:00Z,social,0.1625
tok18,2021-01-24T12:00:00Z,flow,-1.5143
tok18,2021-01-24T12:00:00Z,social,-0.4185
tok18,2021-01-31T12:00:00Z,flow,-0.9504
tok18,2021-01-31T12:00:00Z,social,-0.3207
tok18,2021-02-07T12:00:00Z,flow,0.2092
tok18,2021-02-07T12:00:00Z,social,-0.2474
tok18,2021-02-14T12:00:00Z,flow,0.1681
tok18,2021-02-14T12:00:00Z,social,0.9508
tok18,2021-02-21T12:00:00Z,flow,0.5188
tok18,2021-02-21T12:00:00Z,social,-1.9244
tok18,2021-02-28T12:00:00Z,flow,0.077
tok18,2021-02-28T12:00:00Z,social,-0.6388
tok18,2021-03-07T12:00:00Z,flow,-0.6749
tok18,2021-03-07T12:00:00Z,social,-0.892
tok18,2021-03-14T12:00:00Z,flow,-0.0351
tok18,2021-03-14T12:00:00Z,social,0.4943
tok18,2021-03-21T12:00:00Z,flow,-0.7928
tok18,2021-03-21T12:00:00Z,social,-0.4963
tok18,2021-03-28T12:00:00Z,flow,1.0184
tok18,2021-03-28T12:00:00Z,social,2.0181
tok18,2021-04-04T12:00:00Z,flow,0.3777
tok18,2021-04-04T12:00:00Z,social,-0.7165
tok18,2021-04-11T12:00:00Z,flow,0.0489
tok18,2021-04-11T12:00:00Z,social,-0.4388
tok18,2021-04-18T12:00:00Z,flow,-0.2323
tok18,2021-04-18T12:00:00Z,social,1.0693
tok18,2021-04-25T12:00:00Z,flow,-2.1358
tok18,2021-04-25T12:00:00Z,social,-0.4205
tok18,2021-05-02T12:00:00Z,flow,1.3974
tok18,2021-05-02T12:00:00Z,social,0.879
tok18,2021-05-09T12:00:00Z,flow,0.2426
tok18,2021-05-09T12:00:00Z,social,-0.8368
tok18,2021-05-16T12:00:00Z,flow,-2.7291
tok18,2021-05-16T12:00:00Z,social,-1.1956
tok18,2021-05-23T12:00:00Z,flow,0.7303
tok18,2021-05-23T12:00:00Z,social,0.135
tok18,2021-05-30T12:00:00Z,flow,-1.621
tok18,2021-05-30T12:00:00Z,social,-1.1156
tok18,2021-06-06T12:00:00Z,flow,0.8681
tok18,2021-06-06T12:00:00Z,social,0.2301
tok18,2021-06-13T12:00:00Z,flow,-0.8769
tok18,2021-06-13T12:00:00Z,social,0.0002
tok18,2021-06-20T12:00:00Z,flow,-1.107
tok18,2021-06-20T12:00:00Z,social,0.0997
tok18,2021-06-27T12:00:00Z,flow,1.6587
tok18,2021-06-27T12:00:00Z,social,0.3176
tok18,2021-07-04T12:00:00Z,flow,-1.7838
tok18,2021-07-04T12:00:00Z,social,-1.2245
tok18,2021-07-11T12:00:00Z,flow,0.8103
tok18,2021-07-11T12:00:00Z,social,0.5195
tok18,2021-07-18T12:00:00Z,flow,1.2337
tok18,2021-07-18T12:00:00Z,social,0.4806
tok18,2021-07-25T12:00:00Z,flow,0.8334
tok18,2021-07-25T12:00:00Z,social,-1.8021
tok18,2021-08-01T12:00:00Z,flow,-0.0143
tok18,2021-08-01T12:00:00Z,social,-0.3215
tok18,2021-08-08T12:00:00Z,flow,0.9233
tok18,2021-08-08T12:00:00Z,social,-0.2183
tok18,2021-08-15T12:00:00Z,flow,0.322
tok18,2021-08-15T12:00:00Z,social,0.0453
tok18,2021-08-22T12:00:00Z,flow,-1.2335
tok18,2021-08-22T12:00:00Z,social,1.137
tok18,2021-08-29T12:00:00Z,flow,-1.3632
tok18,2021-08-29T12:00:00Z,social,-2.0697
tok18,2021-09-05T12:00:00Z,flow,0.881
tok18,2021-09-05T12:00:00Z,social,-0.836
tok18,2021-09-12T12:00:00Z,flow,-0.4037
tok18,2021-09-12T12:00:00Z,social,1.031
tok18,2021-09-19T12:00:00Z,flow,0.4963
tok18,2021-09-19T12:00:00Z,social,3.0338
tok18,2021-09-26T12:00:00Z,flow,-0.8482
tok18,2021-09-26T12:00:00Z,social,-0.672
tok18,2021-10-03T12:00:00Z,flow,0.1664
tok18,2021-10-03T12:00:00Z,social,1.3509
tok18,2021-10-10T12:00:00Z,flow,1.8708
tok18,2021-10-10T12:00:00Z,social,0.1948
tok18,2021-10-17T12:00:00Z,flow,-0.1725
tok18,2021-10-17T12:00:00Z,social,0.3418
tok18,2021-10-24T12:00:00Z,flow,1.2441
tok18,2021-10-24T12:00:00Z,social,-1.7991
tok18,2021-10-31T12:00:00Z,flow,-1.1678
tok18,2021-10-31T12:00:00Z,social,0.0868
tok18,2021-11-07T12:00:00Z,flow,1.2484
tok18,2021-11-07T12:00:00Z,social,-0.8846
tok18,2021-11-14T12:00:00Z,flow,-0.833
tok18,2021-11-14T12:00:00Z,social,0.0836
tok18,2021-11-21T12:00:00Z,flow,-0.2645
tok18,2021-11-21T12:00:00Z,social,0.1058
tok18,2021-11-28T12:00:00Z,flow,1.6859
tok18,2021-11-28T12:00:00Z,social,0.0397
tok18,2021-12-05T12:00:00Z,flow,0.8206
tok18,2021-12-05T12:00:00Z,social,1.4988
tok18,2021-12-12T12:00:00Z,flow,0.5623
tok18,2021-12-12T12:00:00Z,social,-0.1061
tok18,2021-12-19T12:00:00Z,flow,-0.1584
tok18,2021-12-19T12:00:00Z,social,-0.1332
tok18,2021-12-26T12:00:00Z,flow,-0.0885
tok18,2021-12-26T12:00:00Z,social,-0.4851
tok18,2022-01-02T12:00:00Z,flow,-1.2666
tok18,2022-01-02T12:00:00Z,social,-0.3145
tok18,2022-01-09T12:00:00Z,flow,0.0212
tok18,2022-01-09T12:00:00Z,social,-0.8295
tok18,2022-01-16T12:00:00Z,flow,-0.8074
tok18,2022-01-16T12:00:00Z,social,-0.1416
tok18,2022-01-23T12:00:00Z,flow,-0.1176
tok18,2022-01-23T12:00:00Z,social,0.2926
tok18,2022-01-30T12:00:00Z,flow,-1.3238
tok18,2022-01-30T12:00:00Z,social,-0.5224
tok18,2022-02-06T12:00:00Z,flow,1.5608
tok18,2022-02-06T12:00:00Z,social,0.1766
tok18,2022-02-13T12:00:00Z,flow,0.3972
tok18,2022-02-13T12:00:00Z,social,0.8933
tok18,2022-02-20T12:00:00Z,flow,1.3636
tok18,2022-02-20T12:00:00Z,social,0.5335
tok18,2022-02-27T12:00:00Z,flow,0.6156
tok18,2022-02-27T12:00:00Z,social,0.9105
tok18,2022-03-06T12:00:00Z,flow,-1.4119
tok18,2022-03-06T12:00:00Z,social,-0.1884
tok18,2022-03-13T12:00:00Z,flow,1.8993
tok18,2022-03-13T12:00:00Z,social,-0.6769
tok18,2022-03-20T12:00:00Z,flow,0.3522
tok18,2022-03-20T12:00:00Z,social,-0.1318
tok18,2022-03-27T12:00:00Z,flow,0.8765
tok18,2022-03-27T12:00:00Z,social,-0.8604
tok18,2022-04-03T12:00:00Z,flow,-0.35
tok18,2022-04-03T12:00:00Z,social,2.1142
tok18,2022-04-10T12:00:00Z,flow,0.4261
tok18,2022-04-10T12:00:00Z,social,-1.7263
tok18,2022-04-17T12:00:00Z,flow,0.241
tok18,2022-04-17T12:00:00Z,social,0.5659
tok18,2022-04-24T12:00:00Z,flow,-0.5725
tok18,2022-04-24T12:00:00Z,social,0.9159
tok18,2022-05-01T12:00:00Z,flow,2.0201
tok18,2022-05-01T12:00:00Z,social,-0.5796
tok18,2022-05-08T12:00:00Z,flow,0.1341
tok18,2022-05-08T12:00:00Z,social,0.1735
tok18,2022-05-15T12:00:00Z,flow,0.7833
tok18,2022-05-15T12:00:00Z,social,0.9555
tok18,2022-05-22T12:00:00Z,flow,0.3612
tok18,2022-05-22T12:00:00Z,social,0.4219
tok18,2022-05-29T12:00:00Z,flow,0.2776
tok18,2022-05-29T12:00:00Z,social,-0.4741
tok18,2022-06-05T12:00:00Z,flow,0.9157
tok18,2022-06-05T12:00:00Z,social,-1.2001
tok18,2022-06-12T12:00:00Z,flow,1.8233
tok18,2022-06-12T12:00:00Z,social,1.5718
tok18,2022-06-19T12:00:00Z,flow,0.9255
tok18,2022-06-19T12:00:00Z,social,0.7362
tok18,2022-06-26T12:00:00Z,flow,0.9877
tok18,2022-06-26T12:00:00Z,social,-1.4777
tok18,2022-07-03T12:00:00Z,flow,1.5421
tok18,2022-07-03T12:00:00Z,social,0.028
tok18,2022-07-10T12:00:00Z,flow,-1.0207
tok18,2022-07-10T12:00:00Z,social,1.1972
tok18,2022-07-17T12:00:00Z,flow,1.1136
tok18,2022-07-17T12:00:00Z,social,0.0898
tok18,2022-07-24T12:00:00Z,flow,-0.4466
tok18,2022-07-24T12:00:00Z,social,-0.9216
tok18,2022-07-31T12:00:00Z,flow,-0.3599
tok18,2022-07-31T12:00:00Z,social,-0.0156
tok18,2022-08-07T12:00:00Z,flow,-1.1735
tok18,2022-08-07T12:00:00Z,social,-0.8902
tok18,2022-08-14T12:00:00Z,flow,0.5956
tok18,2022-08-14T12:00:00Z,social,-0.7564
tok18,2022-08-21T12:00:00Z,flow,0.7101
tok18,2022-08-21T12:00:00Z,social,0.4376
tok18,2022-08-28T12:00:00Z,flow,-1.8433
tok18,2022-08-28T12:00:00Z,social,0.5626
tok18,2022-09-04T12:00:00Z,flow,0.6135
tok18,2022-09-04T12:00:00Z,social,-0.7036
tok18,2022-09-11T12:00:00Z,flow,-0.0934
tok18,2022-09-11T12:00:00Z,social,1.3861
tok18,2022-09-18T12:00:00Z,flow,0.511
tok18,2022-09-18T12:00:00Z,social,-0.6436
tok18,2022-09-25T12:00:00Z,flow,-0.712
tok18,2022-09-25T12:00:00Z,social,-2.4565
tok18,2022-10-02T12:00:00Z,flow,-0.0142
tok18,2022-10-02T12:00:00Z,social,0.8664
tok18,2022-10-09T12:00:00Z,flow,-1.0786
tok18,2022-10-09T12:00:00Z,social,-0.1804
tok18,2022-10-16T12:00:00Z,flow,-0.9858
tok18,2022-10-16T12:00:00Z,social,0.4769
tok18,2022-10-23T12:00:00Z,flow,0.5143
tok18,2022-10-23T12:00:00Z,social,-2.2845
tok18,2022-10-30T12:00:00Z,flow,-2.2868
tok18,2022-10-30T12:00:00Z,social,-1.1078
tok18,2022-11-06T12:00:00Z,flow,-0.3804
tok18,2022-11-06T12:00:00Z,social,-1.9346
tok18,2022-11-13T12:00:00Z,flow,-0.3827
tok18,2022-11-13T12:00:00Z,social,0.1298
tok18,2022-11-20T12:00:00Z,flow,0.4744
tok18,2022-11-20T12:00:00Z,social,-1.884
tok18,2022-11-27T12:00:00Z,flow,-0.5402
tok18,2022-11-27T12:00:00Z,social,0.8036
tok18,2022-12-04T12:00:00Z,flow,-0.0839
tok18,2022-12-04T12:00:00Z,social,-2.8804
tok18,2022-12-11T12:00:00Z,flow,-1.5679
tok18,2022-12-11T12:00:00Z,social,1.0273
tok18,2022-12-18T12:00:00Z,flow,2.0343
tok18,2022-12-18T12:00:00Z,social,0.6077
tok18,2022-12-25T12:00:00Z,flow,-1.5898
tok18,2022-12-25T12:00:00Z,social,0.2555
tok18,2023-01-01T12:00:00Z,flow,0.361
tok18,2023-01-01T12:00:00Z,social,-0.4526
tok18,2023-01-08T12:00:00Z,flow,0.5553
tok18,2023-01-08T12:00:00Z,social,-1.5053
tok18,2023-01-15T12:00:00Z,flow,-0.3522
tok18,2023-01-15T12:00:00Z,social,0.3581
tok18,2023-01-22T12:00:00Z,flow,-0.153
tok18,2023-01-22T12:00:00Z,social,0.7593
tok18,2023-01-29T12:00:00Z,flow,-0.4306
tok18,2023-01-29T12:00:00Z,social,0.414
tok18,2023-02-05T12:00:00Z,flow,-0.0397
tok18,2023-02-05T12:00:00Z,social,-1.2402
tok18,2023-02-12T12:00:00Z,flow,-0.5142
tok18,2023-02-12T12:00:00Z,social,0.4355
tok18,2023-02-19T12:00:00Z,flow,0.0184
tok18,2023-02-19T12:00:00Z,social,1.3078
tok18,2023-02-26T12:00:00Z,flow,-0.8826
tok18,2023-02-26T12:00:00Z,social,-0.0107
tok18,2023-03-05T12:00:00Z,flow,-1.7336
tok18,2023-03-05T12:00:00Z,social,0.8001
tok18,2023-03-12T12:00:00Z,flow,-1.1792
tok18,2023-03-12T12:00:00Z,social,-0.4227
tok18,2023-03-19T12:00:00Z,flow,0.729
tok18,2023-03-19T12:00:00Z,social,0.2793
tok18,2023-03-26T12:00:00Z,flow,-0.654
tok18,2023-03-26T12:00:00Z,social,1.6905
tok18,2023-04-02T12:00:00Z,flow,0.8646
tok18,2023-04-02T12:00:00Z,social,-0.1292
tok18,2023-04-09T12:00:00Z,flow,-0.8782
tok18,2023-04-09T12:00:00Z,social,0.6766
tok18,2023-04-16T12:00:00Z,flow,-0.6681
tok18,2023-04-16T12:00:00Z,social,0.2945
tok18,2023-04-23T12:00:00Z,flow,-0.1807
tok18,2023-04-23T12:00:00Z,social,-0.4429
tok18,2023-04-30T12:00:00Z,flow,-0.6611
tok18,2023-04-30T12:00:00Z,social,0.1066
tok18,2023-05-07T12:00:00Z,flow,-3.169
tok18,2023-05-07T12:00:00Z,social,-0.8009
tok18,2023-05-14T12:00:00Z,flow,0.0754
tok18,2023-05-14T12:00:00Z,social,0.0915
tok18,2023-05-21T12:00:00Z,flow,1.0567
tok18,2023-05-21T12:00:00Z,social,0.0377
tok18,2023-05-28T12:00:00Z,flow,-1.3708
tok18,2023-05-28T12:00:00Z,social,-1.2519
tok18,2023-06-04T12:00:00Z,flow,-1.2693
tok18,2023-06-04T12:00:00Z,social,-0.4618
tok18,2023-06-11T12:00:00Z,flow,1.1164
tok18,2023-06-11T12:00:00Z,social,-0.0707
tok18,2023-06-18T12:00:00Z,flow,-1.9537
tok18,2023-06-18T12:00:00Z,social,0.4662
tok18,2023-06-25T12:00:00Z,flow,-0.1463
tok18,2023-06-25T12:00:00Z,social,-1.024
tok18,2023-07-02T12:00:00Z,flow,0.1771
tok18,2023-07-02T12:00:00Z,social,-1.239
tok18,2023-07-09T12:00:00Z,flow,-0.5802
tok18,2023-07-09T12:00:00Z,social,-0.1156
tok18,2023-07-16T12:00:00Z,flow,-0.4886
tok18,2023-07-16T12:00:00Z,social,0.356
tok18,2023-07-23T12:00:00Z,flow,-0.3518
tok18,2023-07-23T12:00:00Z,social,0.4954
tok18,2023-07-30T12:00:00Z,flow,-1.2639
tok18,2023-07-30T12:00:00Z,social,1.1869
tok18,2023-08-06T12:00:00Z,flow,0.1296
tok18,2023-08-06T12:00:00Z,social,-0.6884
tok18,2023-08-13T12:00:00Z,flow,0.9469
tok18,2023-08-13T12:00:00Z,social,-0.6966
tok18,2023-08-20T12:00:00Z,flow,-0.0449
tok18,2023-08-20T12:00:00Z,social,-1.9596
tok18,2023-08-27T12:00:00Z,flow,0.8752
tok18,2023-08-27T12:00:00Z,social,-0.6796
tok18,2023-09-03T12:00:00Z,flow,-0.277
tok18,2023-09-03T12:00:00Z,social,-1.0272
tok18,2023-09-10T12:00:00Z,flow,-1.0343
tok18,2023-09-10T12:00:00Z,social,0.8675
tok18,2023-09-17T12:00:00Z,flow,-1.5143
tok18,2023-09-17T12:00:00Z,social,1.1346
tok18,2023-09-24T12:00:00Z,flow,0.782
tok18,2023-09-24T12:00:00Z,social,1.2899
tok18,2023-10-01T12:00:00Z,flow,-1.4115
tok18,2023-10-01T12:00:00Z,social,0.7051
tok18,2023-10-08T12:00:00Z,flow,-0.6059
tok18,2023-10-08T12:00:00Z,social,-0.8597
tok18,2023-10-15T12:00:00Z,flow,-2.6549
tok18,2023-10-15T12:00:00Z,social,1.4088
tok18,2023-10-22T12:00:00Z,flow,0.4606
tok18,2023-10-22T12:00:00Z,social,-2.5441
tok18,2023-10-29T12:00:00Z,flow,-0.4093
tok18,2023-10-29T12:00:00Z,social,-0.0923
tok18,2023-11-05T12:00:00Z,flow,0.2886
tok18,2023-11-05T12:00:00Z,social,0.0492
tok18,2023-11-12T12:00:00Z,flow,0.2768
tok18,2023-11-12T12:00:00Z,social,0.85
tok18,2023-11-19T12:00:00Z,flow,-0.1364
tok18,2023-11-19T12:00:00Z,social,1.4989
tok18,2023-11-26T12:00:00Z,flow,2.505
tok18,2023-11-26T12:00:00Z,social,0.9328
tok18,2023-12-03T12:00:00Z,flow,-1.5198
tok18,2023-12-03T12:00:00Z,social,0.0616
tok18,2023-12-10T12:00:00Z,flow,-0.3561
tok18,2023-12-10T12:00:00Z,social,-0.0536
tok18,2023-12-17T12:00:00Z,flow,1.198
tok18,2023-12-17T12:00:00Z,social,-0.8514
tok18,2023-12-24T12:00:00Z,flow,-2.116
tok18,2023-12-24T12:00:00Z,social,-1.3038
tok18,2023-12-31T12:00:00Z,flow,0.7107
tok18,2023-12-31T12:00:00Z,social,0.1966
tok19,2021-01-03T12:00:00Z,flow,-0.7819
tok19,2021-01-03T12:00:00Z,social,0.3535
tok19,2021-01-10T12:00:00Z,flow,0.5937
tok19,2021-01-10T12:00:00Z,social,-0.0633
tok19,2021-01-17T12:00:00Z,flow,-0.11
tok19,2021-01-17T12:00:00Z,social,0.2097
tok19,2021-01-24T12:00:00Z,flow,1.7534
tok19,2021-01-24T12:00:00Z,social,-0.0717
tok19,2021-01-31T12:00:00Z,flow,0.0065
tok19,2021-01-31T12:00:00Z,social,0.1182
tok19,2021-02-07T12:00:00Z,flow,-0.5924
tok19,2021-02-07T12:00:00Z,social,-0.0559
tok19,2021-02-14T12:00:00Z,flow,0.5484
tok19,2021-02-14T12:00:00Z,social,-0.7922
tok19,2021-02-21T12:00:00Z,flow,-1.1425
tok19,2021-02-21T12:00:00Z,social,-0.6803
tok19,2021-02-28T12:00:00Z,flow,0.445
tok19,2021-02-28T12:00:00Z,social,-0.6144
tok19,2021-03-07T12:00:00Z,flow,-1.3921
tok19,2021-03-07T12:00:00Z,social,0.152
tok19,2021-03-14T12:00:00Z,flow,-1.6675
tok19,2021-03-14T12:00:00Z,social,1.456
tok19,2021-03-21T12:00:00Z,flow,-0.5535
tok19,2021-03-21T12:00:00Z,social,-1.6335
tok19,2021-03-28T12:00:00Z,flow,-0.6687
tok19,2021-03-28T12:00:00Z,social,-1.1786
tok19,2021-04-04T12:00:00Z,flow,1.1818
tok19,2021-04-04T12:00:00Z,social,-1.322
tok19,2021-04-11T12:00:00Z,flow,-1.1036
tok19,2021-04-11T12:00:00Z,social,-0.5294
tok19,2021-04-18T12:00:00Z,flow,-0.1988
tok19,2021-04-18T12:00:00Z,social,-0.3172
tok19,2021-04-25T12:00:00Z,flow,0.2324
tok19,2021-04-25T12:00:00Z,social,-0.409
tok19,2021-05-02T12:00:00Z,flow,-1.4812
tok19,2021-05-02T12:00:00Z,social,-0.928
tok19,2021-05-09T12:00:00Z,flow,-0.052
tok19,2021-05-09T12:00:00Z,social,0.9613
tok19,2021-05-16T12:00:00Z,flow,-1.06
tok19,2021-05-16T12:00:00Z,social,0.9998
tok19,2021-05-23T12:00:00Z,flow,0.7208
tok19,2021-05-23T12:00:00Z,social,-0.8501
tok19,2021-05-30T12:00:00Z,flow,-0.5505
tok19,2021-05-30T12:00:00Z,social,-0.7126
tok19,2021-06-06T12:00:00Z,flow,-0.8721
tok19,2021-06-06T12:00:00Z,social,-0.0579
tok19,2021-06-13T12:00:00Z,flow,-2.3085
tok19,2021-06-13T12:00:00Z,social,-0.5971
tok19,2021-06-20T12:00:00Z,flow,0.5853
tok19,2021-06-20T12:00:00Z,social,0.0077
tok19,2021-06-27T12:00:00Z,flow,-1.008
tok19,2021-06-27T12:00:00Z,social,-0.7902
tok19,2021-07-04T12:00:00Z,flow,1.2887
tok19,2021-07-04T12:00:00Z,social,0.5431
tok19,2021-07-11T12:00:00Z,flow,0.2185
tok19,2021-07-11T12:00:00Z,social,-1.1422
tok19,2021-07-18T12:00:00Z,flow,1.5553
tok19,2021-07-18T12:00:00Z,social,0.0668
tok19,2021-07-25T12:00:00Z,flow,-0.7772
tok19,2021-07-25T12:00:00Z,social,1.6673
tok19,2021-08-01T12:00:00Z,flow,-1.3898
tok19,2021-08-01T12:00:00Z,social,-1.0749
tok19,2021-08-08T12:00:00Z,flow,0.874
tok19,2021-08-08T12:00:00Z,social,1.1293
tok19,2021-08-15T12:00:00Z,flow,2.2603
tok19,2021-08-15T12:00:00Z,social,-0.7303
tok19,2021-08-22T12:00:00Z,flow,-0.2933
tok19,2021-08-22T12:00:00Z,social,1.0833
tok19,2021-08-29T12:00:00Z,flow,-0.4921
tok19,2021-08-29T12:00:00Z,social,1.5515
tok19,2021-09-05T12:00:00Z,flow,-0.6063
tok19,2021-09-05T12:00:00Z,social,1.2485
tok19,2021-09-12T12:00:00Z,flow,0.7354
tok19,2021-09-12T12:00:00Z,social,1.0404
tok19,2021-09-19T12:00:00Z,flow,-0.3508
tok19,2021-09-19T12:00:00Z,social,-0.6196
tok19,2021-09-26T12:00:00Z,flow,-0.7632
tok19,2021-09-26T12:00:00Z,social,0.4058
tok19,2021-10-03T12:00:00Z,flow,-0.7368
tok19,2021-10-03T12:00:00Z,social,1.2232
tok19,2021-10-10T12:00:00Z,flow,-1.1424
tok19,2021-10-10T12:00:00Z,social,0.2796
tok19,2021-10-17T12:00:00Z,flow,-1.896
tok19,2021-10-17T12:00:00Z,social,-0.0356
tok19,2021-10-24T12:00:00Z,flow,0.7175
tok19,2021-10-24T12:00:00Z,social,-0.3089
tok19,2021-10-31T12:00:00Z,flow,-0.0226
tok19,2021-10-31T12:00:00Z,social,-1.2006
tok19,2021-11-07T12:00:00Z,flow,1.2415
tok19,2021-11-07T12:00:00Z,social,0.3517
tok19,2021-11-14T12:00:00Z,flow,-0.6681
tok19,2021-11-14T12:00:00Z,social,-2.225
tok19,2021-11-21T12:00:00Z,flow,1.9239
tok19,2021-11-21T12:00:00Z,social,1.1925
tok19,2021-11-28T12:00:00Z,flow,0.2075
tok19,2021-11-28T12:00:00Z,social,0.9558
tok19,2021-12-05T12:00:00Z,flow,0.5505
tok19,2021-12-05T12:00:00Z,social,-1.3481
tok19,2021-12-12T12:00:00Z,flow,-0.5897
tok19,2021-12-12T12:00:00Z,social,0.5847
tok19,2021-12-19T12:00:00Z,flow,1.0181
tok19,2021-12-19T12:00:00Z,social,-0.6025
tok19,2021-12-26T12:00:00Z,flow,0.1601
tok19,2021-12-26T12:00:00Z,social,-0.9638
tok19,2022-01-02T12:00:00Z,flow,-1.2459
tok19,2022-01-02T12:00:00Z,social,0.9467
tok19,2022-01-09T12:00:00Z,flow,0.2616
tok19,2022-01-09T12:00:00Z,social,-0.7407
tok19,2022-01-16T12:00:00Z,flow,-1.6554
tok19,2022-01-16T12:00:00Z,social,-0.5648
tok19,2022-01-23T12:00:00Z,flow,-1.9247
tok19,2022-01-23T12:00:00Z,social,0.0533
tok19,2022-01-30T12:00:00Z,flow,-0.9853
tok19,2022-01-30T12:00:00Z,social,-0.1963
tok19,2022-02-06T12:00:00Z,flow,0.1279
tok19,2022-02-06T12:00:00Z,social,-1.7208
tok19,2022-02-13T12:00:00Z,flow,-0.1205
tok19,2022-02-13T12:00:00Z,social,0.293
tok19,2022-02-20T12:00:00Z,flow,0.5779
tok19,2022-02-20T12:00:00Z,social,-0.1819
tok19,2022-02-27T12:00:00Z,flow,-1.5561
tok19,2022-02-27T12:00:00Z,social,-0.2048
tok19,2022-03-06T12:00:00Z,flow,0.9827
tok19,2022-03-06T12:00:00Z,social,0.6454
tok19,2022-03-13T12:00:00Z,flow,2.0443
tok19,2022-03-13T12:00:00Z,social,0.9341
tok19,2022-03-20T12:00:00Z,flow,0.4143
tok19,2022-03-20T12:00:00Z,social,-0.9143
tok19,2022-03-27T12:00:00Z,flow,-0.945
tok19,2022-03-27T12:00:00Z,social,-0.5475
tok19,2022-04-03T12:00:00Z,flow,2.0092
tok19,2022-04-03T12:00:00Z,social,0.8236
tok19,2022-04-10T12:00:00Z,flow,0.6586
tok19,2022-04-10T12:00:00Z,social,-0.6027
tok19,2022-04-17T12:00:00Z,flow,1.4472
tok19,2022-04-17T12:00:00Z,social,0.9465
tok19,2022-04-24T12:00:00Z,flow,-0.861
tok19,2022-04-24T12:00:00Z,social,0.3598
tok19,2022-05-01T12:00:00Z,flow,-0.5636
tok19,2022-05-01T12:00:00Z,social,-0.7598
tok19,2022-05-08T12:00:00Z,flow,0.1954
tok19,2022-05-08T12:00:00Z,social,-0.4928
tok19,2022-05-15T12:00:00Z,flow,0.2095
tok19,2022-05-15T12:00:00Z,social,-1.2844
tok19,2022-05-22T12:00:00Z,flow,1.0693
tok19,2022-05-22T12:00:00Z,social,-0.1736
tok19,2022-05-29T12:00:00Z,flow,-2.6865
tok19,2022-05-29T12:00:00Z,social,1.134
tok19,2022-06-05T12:00:00Z,flow,1.4595
tok19,2022-06-05T12:00:00Z,social,-0.3299
tok19,2022-06-12T12:00:00Z,flow,1.5567
tok19,2022-06-12T12:00:00Z,social,0.4984
tok19,2022-06-19T12:00:00Z,flow,0.7459
tok19,2022-06-19T12:00:00Z,social,0.5981
tok19,2022-06-26T12:00:00Z,flow,-1.4919
tok19,2022-06-26T12:00:00Z,social,0.4364
tok19,2022-07-03T12:00:00Z,flow,-1.7004
tok19,2022-07-03T12:00:00Z,social,1.2916
tok19,2022-07-10T12:00:00Z,flow,1.0337
tok19,2022-07-10T12:00:00Z,social,0.5316
tok19,2022-07-17T12:00:00Z,flow,0.311
tok19,2022-07-17T12:00:00Z,social,1.3529
tok19,2022-07-24T12:00:00Z,flow,0.3716
tok19,2022-07-24T12:00:00Z,social,-0.6289
tok19,2022-07-31T12:00:00Z,flow,1.3827
tok19,2022-07-31T12:00:00Z,social,0.744
tok19,2022-08-07T12:00:00Z,flow,-1.5262
tok19,2022-08-07T12:00:00Z,social,2.4604
tok19,2022-08-14T12:00:00Z,flow,0.5189
tok19,2022-08-14T12:00:00Z,social,1.9889
tok19,2022-08-21T12:00:00Z,flow,-1.876
tok19,2022-08-21T12:00:00Z,social,0.8719
tok19,2022-08-28T12:00:00Z,flow,0.0251
tok19,2022-08-28T12:00:00Z,social,0.2485
tok19,2022-09-04T12:00:00Z,flow,0.4739
tok19,2022-09-04T12:00:00Z,social,-0.4396
tok19,2022-09-11T12:00:00Z,flow,0.9309
tok19,2022-09-11T12:00:00Z,social,-2.2255
tok19,2022-09-18T12:00:00Z,flow,0.4252
tok19,2022-09-18T12:00:00Z,social,0.6847
tok19,2022-09-25T12:00:00Z,flow,-1.3404
tok19,2022-09-25T12:00:00Z,social,0.5938
tok19,2022-10-02T12:00:00Z,flow,-0.7791
tok19,2022-10-02T12:00:00Z,social,-0.4315
tok19,2022-10-09T12:00:00Z,flow,0.9648
tok19,2022-10-09T12:00:00Z,social,-0.6343
tok19,2022-10-16T12:00:00Z,flow,1.4456
tok19,2022-10-16T12:00:00Z,social,-0.999
tok19,2022-10-23T12:00:00Z,flow,1.8992
tok19,2022-10-23T12:00:00Z,social,0.8196
tok19,2022-10-30T12:00:00Z,flow,-0.8412
tok19,2022-10-30T12:00:00Z,social,-0.1702
tok19,2022-11-06T12:00:00Z,flow,-0.2862
tok19,2022-11-06T12:00:00Z,social,0.6083
tok19,2022-11-13T12:00:00Z,flow,-0.4425
tok19,2022-11-13T12:00:00Z,social,-1.148
tok19,2022-11-20T12:00:00Z,flow,-1.405
tok19,2022-11-20T12:00:00Z,social,2.0477
tok19,2022-11-27T12:00:00Z,flow,0.655
tok19,2022-11-27T12:00:00Z,social,-0.8838
tok19,2022-12-04T12:00:00Z,flow,-0.3984
tok19,2022-12-04T12:00:00Z,social,1.1582
tok19,2022-12-11T12:00:00Z,flow,-1.4928
tok19,2022-12-11T12:00:00Z,social,-2.4547
tok19,2022-12-18T12:00:00Z,flow,0.2788
tok19,2022-12-18T12:00:00Z,social,-0.8204
tok19,2022-12-25T12:00:00Z,flow,-0.8432
tok19,2022-12-25T12:00:00Z,social,-1.858
tok19,2023-01-01T12:00:00Z,flow,2.0311
tok19,2023-01-01T12:00:00Z,social,1.8512
tok19,2023-01-08T12:00:00Z,flow,1.4313
tok19,2023-01-08T12:00:00Z,social,-1.7294
tok19,2023-01-15T12:00:00Z,flow,1.3762
tok19,2023-01-15T12:00:00Z,social,0.2828
tok19,2023-01-22T12:00:00Z,flow,-0.5986
tok19,2023-01-22T12:00:00Z,social,1.5424
tok19,2023-01-29T12:00:00Z,flow,-1.2686
tok19,2023-01-29T12:00:00Z,social,-0.1582
tok19,2023-02-05T12:00:00Z,flow,-0.4353
tok19,2023-02-05T12:00:00Z,social,0.7297
tok19,2023-02-12T12:00:00Z,flow,-0.395
tok19,2023-02-12T12:00:00Z,social,-0.8121
tok19,2023-02-19T12:00:00Z,flow,0.6201
tok19,2023-02-19T12:00:00Z,social,0.1826
tok19,2023-02-26T12:00:00Z,flow,-0.6859
tok19,2023-02-26T12:00:00Z,social,-0.2458
tok19,2023-03-05T12:00:00Z,flow,-1.2142
tok19,2023-03-05T12:00:00Z,social,-0.2688
tok19,2023-03-12T12:00:00Z,flow,-2.417
tok19,2023-03-12T12:00:00Z,social,-0.2923
tok19,2023-03-19T12:00:00Z,flow,0.1525
tok19,2023-03-19T12:00:00Z,social,0.2204
tok19,2023-03-26T12:00:00Z,flow,0.4517
tok19,2023-03-26T12:00:00Z,social,2.3671
tok19,2023-04-02T12:00:00Z,flow,0.6966
tok19,2023-04-02T12:00:00Z,social,-0.7147
tok19,2023-04-09T12:00:00Z,flow,1.3774
tok19,2023-04-09T12:00:00Z,social,-1.1068
tok19,2023-04-16T12:00:00Z,flow,0.6728
tok19,2023-04-16T12:00:00Z,social,1.2477
tok19,2023-04-23T12:00:00Z,flow,0.0537
tok19,2023-04-23T12:00:00Z,social,0.3642
tok19,2023-04-30T12:00:00Z,flow,1.1451
tok19,2023-04-30T12:00:00Z,social,-0.4219
tok19,2023-05-07T12:00:00Z,flow,-0.9298
tok19,2023-05-07T12:00:00Z,social,-1.558
tok19,2023-05-14T12:00:00Z,flow,-0.6292
tok19,2023-05-14T12:00:00Z,social,-0.637
tok19,2023-05-21T12:00:00Z,flow,-0.1989
tok19,2023-05-21T12:00:00Z,social,0.1557
tok19,2023-05-28T12:00:00Z,flow,-0.6546
tok19,2023-05-28T12:00:00Z,social,-0.4963
tok19,2023-06-04T12:00:00Z,flow,-0.6705
tok19,2023-06-04T12:00:00Z,social,-0.1035
tok19,2023-06-11T12:00:00Z,flow,0.6141
tok19,2023-06-11T12:00:00Z,social,1.125
tok19,2023-06-18T12:00:00Z,flow,-0.6369
tok19,2023-06-18T12:00:00Z,social,0.8766
tok19,2023-06-25T12:00:00Z,flow,0.8189
tok19,2023-06-25T12:00:00Z,social,0.0221
tok19,2023-07-02T12:00:00Z,flow,-1.3559
tok19,2023-07-02T12:00:00Z,social,-0.1011
tok19,2023-07-09T12:00:00Z,flow,-1.2236
tok19,2023-07-09T12:00:00Z,social,-1.5194
tok19,2023-07-16T12:00:00Z,flow,-0.1626
tok19,2023-07-16T12:00:00Z,social,-0.475
tok19,2023-07-23T12:00:00Z,flow,0.1624
tok19,2023-07-23T12:00:00Z,social,0.2927
tok19,2023-07-30T12:00:00Z,flow,-1.2926
tok19,2023-07-30T12:00:00Z,social,-0.1353
tok19,2023-08-06T12:00:00Z,flow,-0.267
tok19,2023-08-06T12:00:00Z,social,-0.1355
tok19,2023-08-13T12:00:00Z,flow,-0.5439
tok19,2023-08-13T12:00:00Z,social,2.1239
tok19,2023-08-20T12:00:00Z,flow,1.8722
tok19,2023-08-20T12:00:00Z,social,0.0944
tok19,2023-08-27T12:00:00Z,flow,-0.5959
tok19,2023-08-27T12:00:00Z,social,0.7091
tok19,2023-09-03T12:00:00Z,flow,-0.2989
tok19,2023-09-03T12:00:00Z,social,-0.3764
tok19,2023-09-10T12:00:00Z,flow,0.629
tok19,2023-09-10T12:00:00Z,social,-0.6702
tok19,2023-09-17T12:00:00Z,flow,-0.2555
tok19,2023-09-17T12:00:00Z,social,0.693
tok19,2023-09-24T12:00:00Z,flow,-0.0383
tok19,2023-09-24T12:00:00Z,social,0.156
tok19,2023-10-01T12:00:00Z,flow,0.9391
tok19,2023-10-01T12:00:00Z,social,0.8829
tok19,2023-10-08T12:00:00Z,flow,1.0017
tok19,2023-10-08T12:00:00Z,social,1.4659
tok19,2023-10-15T12:00:00Z,flow,-0.3141
tok19,2023-10-15T12:00:00Z,social,0.8759
tok19,2023-10-22T12:00:00Z,flow,-0.6992
tok19,2023-10-22T12:00:00Z,social,-0.253
tok19,2023-10-29T12:00:00Z,flow,1.651
tok19,2023-10-29T12:00:00Z,social,1.7542
tok19,2023-11-05T12:00:00Z,flow,0.6335
tok19,2023-11-05T12:00:00Z,social,-0.345
tok19,2023-11-12T12:00:00Z,flow,0.1482
tok19,2023-11-12T12:00:00Z,social,0.8114
tok19,2023-11-19T12:00:00Z,flow,3.1418
tok19,2023-11-19T12:00:00Z,social,0.9574
tok19,2023-11-26T12:00:00Z,flow,0.9196
tok19,2023-11-26T12:00:00Z,social,0.3062
tok19,2023-12-03T12:00:00Z,flow,-0.421
tok19,2023-12-03T12:00:00Z,social,-0.8296
tok19,2023-12-10T12:00:00Z,flow,-0.2718
tok19,2023-12-10T12:00:00Z,social,1.7246
tok19,2023-12-17T12:00:00Z,flow,1.1807
tok19,2023-12-17T12:00:00Z,social,0.0995
tok19,2023-12-24T12:00:00Z,flow,-0.2089
tok19,2023-12-24T12:00:00Z,social,-0.0655
tok19,2023-12-31T12:00:00Z,flow,-1.0756
tok19,2023-12-31T12:00:00Z,social,-1.2339
tok20,2021-01-03T12:00:00Z,flow,-0.2572
tok20,2021-01-03T12:00:00Z,social,-0.2355
tok20,2021-01-10T12:00:00Z,flow,0.8912
tok20,2021-01-10T12:00:00Z,social,1.2307
tok20,2021-01-17T12:00:00Z,flow,-0.4458
tok20,2021-01-17T12:00:00Z,social,-0.1927
tok20,2021-01-24T12:00:00Z,flow,-0.1113
tok20,2021-01-24T12:00:00Z,social,-0.9814
tok20,2021-01-31T12:00:00Z,flow,-1.1239
tok20,2021-01-31T12:00:00Z,social,-0.8079
tok20,2021-02-07T12:00:00Z,flow,-0.126
tok20,2021-02-07T12:00:00Z,social,0.0111
tok20,2021-02-14T12:00:00Z,flow,-1.0651
tok20,2021-02-14T12:00:00Z,social,-1.3618
tok20,2021-02-21T12:00:00Z,flow,-0.7459
tok20,2021-02-21T12:00:00Z,social,0.7648
tok20,2021-02-28T12:00:00Z,flow,-0.2291
tok20,2021-02-28T12:00:00Z,social,-2.2284
tok20,2021-03-07T12:00:00Z,flow,-0.2256
tok20,2021-03-07T12:00:00Z,social,0.624
tok20,2021-03-14T12:00:00Z,flow,1.3921
tok20,2021-03-14T12:00:00Z,social,-0.6597
tok20,2021-03-21T12:00:00Z,flow,0.8845
tok20,2021-03-21T12:00:00Z,social,-0.1257
tok20,2021-03-28T12:00:00Z,flow,0.5401
tok20,2021-03-28T12:00:00Z,social,-0.6436
tok20,2021-04-04T12:00:00Z,flow,-1.0027
tok20,2021-04-04T12:00:00Z,social,0.6307
tok20,2021-04-11T12:00:00Z,flow,-1.1279
tok20,2021-04-11T12:00:00Z,social,0.1645
tok20,2021-04-18T12:00:00Z,flow,0.1442
tok20,2021-04-18T12:00:00Z,social,0.4951
tok20,2021-04-25T12:00:00Z,flow,0.0281
tok20,2021-04-25T12:00:00Z,social,1.0502
tok20,2021-05-02T12:00:00Z,flow,-1.9899
tok20,2021-05-02T12:00:00Z,social,-1.2672
tok20,2021-05-09T12:00:00Z,flow,0.2394
tok20,2021-05-09T12:00:00Z,social,-2.3478
tok20,2021-05-16T12:00:00Z,flow,0.0942
tok20,2021-05-16T12:00:00Z,social,-0.6362
tok20,2021-05-23T12:00:00Z,flow,0.447
tok20,2021-05-23T12:00:00Z,social,0.2091
tok20,2021-05-30T12:00:00Z,flow,1.03
tok20,2021-05-30T12:00:00Z,social,-0.0679
tok20,2021-06-06T12:00:00Z,flow,0.6434
tok20,2021-06-06T12:00:00Z,social,-0.6511
tok20,2021-06-13T12:00:00Z,flow,2.0215
tok20,2021-06-13T12:00:00Z,social,-0.4113
tok20,2021-06-20T12:00:00Z,flow,-1.7417
tok20,2021-06-20T12:00:00Z,social,-0.1137
tok20,2021-06-27T12:00:00Z,flow,-1.801
tok20,2021-06-27T12:00:00Z,social,0.7235
tok20,2021-07-04T12:00:00Z,flow,-0.136
tok20,2021-07-04T12:00:00Z,social,-1.081
tok20,2021-07-11T12:00:00Z,flow,0.0372
tok20,2021-07-11T12:00:00Z,social,-1.029
tok20,2021-07-18T12:00:00Z,flow,-0.3915
tok20,2021-07-18T12:00:00Z,social,-0.6937
tok20,2021-07-25T12:00:00Z,flow,2.2256
tok20,2021-07-25T12:00:00Z,social,-0.3174
tok20,2021-08-01T12:00:00Z,flow,1.1875
tok20,2021-08-01T12:00:00Z,social,0.8836
tok20,2021-08-08T12:00:00Z,flow,-0.0575
tok20,2021-08-08T12:00:00Z,social,-0.5894
tok20,2021-08-15T12:00:00Z,flow,-1.2274
tok20,2021-08-15T12:00:00Z,social,1.1515
tok20,2021-08-22T12:00:00Z,flow,0.6926
tok20,2021-08-22T12:00:00Z,social,-0.6363
tok20,2021-08-29T12:00:00Z,flow,-0.4453
tok20,2021-08-29T12:00:00Z,social,1.2227
tok20,2021-09-05T12:00:00Z,flow,-0.4814
tok20,2021-09-05T12:00:00Z,social,0.9232
tok20,2021-09-12T12:00:00Z,flow,-0.5686
tok20,2021-09-12T12:00:00Z,social,-0.0818
tok20,2021-09-19T12:00:00Z,flow,0.013
tok20,2021-09-19T12:00:00Z,social,-0.0728
tok20,2021-09-26T12:00:00Z,flow,-1.9825
tok20,2021-09-26T12:00:00Z,social,0.6462
tok20,2021-10-03T12:00:00Z,flow,-0.4993
tok20,2021-10-03T12:00:00Z,social,-1.6103
tok20,2021-10-10T12:00:00Z,flow,0.3385
tok20,2021-10-10T12:00:00Z,social,-0.6453
tok20,2021-10-17T12:00:00Z,flow,-1.342
tok20,2021-10-17T12:00:00Z,social,0.3106
tok20,2021-10-24T12:00:00Z,flow,-0.3021
tok20,2021-10-24T12:00:00Z,social,0.3183
tok20,2021-10-31T12:00:00Z,flow,-0.5802
tok20,2021-10-31T12:00:00Z,social,-0.2738
tok20,2021-11-07T12:00:00Z,flow,0.0974
tok20,2021-11-07T12:00:00Z,social,0.9091
tok20,2021-11-14T12:00:00Z,flow,0.6658
tok20,2021-11-14T12:00:00Z,social,-1.359
tok20,2021-11-21T12:00:00Z,flow,-0.7024
tok20,2021-11-21T12:00:00Z,social,-0.1639
tok20,2021-11-28T12:00:00Z,flow,0.7524
tok20,2021-11-28T12:00:00Z,social,-1.6884
tok20,2021-12-05T12:00:00Z,flow,0.4021
tok20,2021-12-05T12:00:00Z,social,-0.5291
tok20,2021-12-12T12:00:00Z,flow,-0.8235
tok20,2021-12-12T12:00:00Z,social,0.235
tok20,2021-12-19T12:00:00Z,flow,1.648
tok20,2021-12-19T12:00:00Z,social,1.664
tok20,2021-12-26T12:00:00Z,flow,-0.0743
tok20,2021-12-26T12:00:00Z,social,1.3239
tok20,2022-01-02T12:00:00Z,flow,-1.3905
tok20,2022-01-02T12:00:00Z,social,0.3615
tok20,2022-01-09T12:00:00Z,flow,0.4762
tok20,2022-01-09T12:00:00Z,social,0.5128
tok20,2022-01-16T12:00:00Z,flow,-0.45
tok20,2022-01-16T12:00:00Z,social,-0.4201
tok20,2022-01-23T12:00:00Z,flow,-1.1152
tok20,2022-01-23T12:00:00Z,social,0.1689
tok20,2022-01-30T12:00:00Z,flow,0.4548
tok20,2022-01-30T12:00:00Z,social,-0.5845
tok20,2022-02-06T12:00:00Z,flow,-1.3745
tok20,2022-02-06T12:00:00Z,social,0.5644
tok20,2022-02-13T12:00:00Z,flow,-0.1063
tok20,2022-02-13T12:00:00Z,social,0.6348
tok20,2022-02-20T12:00:00Z,flow,-0.1469
tok20,2022-02-20T12:00:00Z,social,-0.0999
tok20,2022-02-27T12:00:00Z,flow,0.8302
tok20,2022-02-27T12:00:00Z,social,0.3039
tok20,2022-03-06T12:00:00Z,flow,0.2974
tok20,2022-03-06T12:00:00Z,social,0.2778
tok20,2022-03-13T12:00:00Z,flow,0.9158
tok20,2022-03-13T12:00:00Z,social,-0.6297
tok20,2022-03-20T12:00:00Z,flow,0.0835
tok20,2022-03-20T12:00:00Z,social,-0.5912
tok20,2022-03-27T12:00:00Z,flow,-1.3619
tok20,2022-03-27T12:00:00Z,social,0.3584
tok20,2022-04-03T12:00:00Z,flow,-0.8486
tok20,2022-04-03T12:00:00Z,social,-1.5314
tok20,2022-04-10T12:00:00Z,flow,0.4391
tok20,2022-04-10T12:00:00Z,social,0.7431
tok20,2022-04-17T12:00:00Z,flow,0.7538
tok20,2022-04-17T12:00:00Z,social,-0.5717
tok20,2022-04-24T12:00:00Z,flow,0.8243
tok20,2022-04-24T12:00:00Z,social,1.9017
tok20,2022-05-01T12:00:00Z,flow,0.3837
tok20,2022-05-01T12:00:00Z,social,-0.1929
tok20,2022-05-08T12:00:00Z,flow,1.9115
tok20,2022-05-08T12:00:00Z,social,0.287
tok20,2022-05-15T12:00:00Z,flow,-1.1424
tok20,2022-05-15T12:00:00Z,social,0.4869
tok20,2022-05-22T12:00:00Z,flow,-0.2885
tok20,2022-05-22T12:00:00Z,social,1.0068
tok20,2022-05-29T12:00:00Z,flow,0.4571
tok20,2022-05-29T12:00:00Z,social,0.0567
tok20,2022-06-05T12:00:00Z,flow,0.6786
tok20,2022-06-05T12:00:00Z,social,0.1535
tok20,2022-06-12T12:00:00Z,flow,0.6267
tok20,2022-06-12T12:00:00Z,social,1.349
tok20,2022-06-19T12:00:00Z,flow,-0.5078
tok20,2022-06-19T12:00:00Z,social,0.4956
tok20,2022-06-26T12:00:00Z,flow,0.5552
tok20,2022-06-26T12:00:00Z,social,0.2713
tok20,2022-07-03T12:00:00Z,flow,0.3
tok20,2022-07-03T12:00:00Z,social,-0.8575
tok20,2022-07-10T12:00:00Z,flow,0.9644
tok20,2022-07-10T12:00:00Z,social,-0.9992
tok20,2022-07-17T12:00:00Z,flow,-0.8064
tok20,2022-07-17T12:00:00Z,social,-0.1616
tok20,2022-07-24T12:00:00Z,flow,0.8038
tok20,2022-07-24T12:00:00Z,social,-0.4447
tok20,2022-07-31T12:00:00Z,flow,0.2201
tok20,2022-07-31T12:00:00Z,social,0.2992
tok20,2022-08-07T12:00:00Z,flow,1.3456
tok20,2022-08-07T12:00:00Z,social,-0.2838
tok20,2022-08-14T12:00:00Z,flow,1.8056
tok20,2022-08-14T12:00:00Z,social,0.8504
tok20,2022-08-21T12:00:00Z,flow,0.0252
tok20,2022-08-21T12:00:00Z,social,-0.0407
tok20,2022-08-28T12:00:00Z,flow,-0.3867
tok20,2022-08-28T12:00:00Z,social,-1.5008
tok20,2022-09-04T12:00:00Z,flow,1.3701
tok20,2022-09-04T12:00:00Z,social,-0.9514
tok20,2022-09-11T12:00:00Z,flow,0.7499
tok20,2022-09-11T12:00:00Z,social,1.8544
tok20,2022-09-18T12:00:00Z,flow,0.1086
tok20,2022-09-18T12:00:00Z,social,0.7315
tok20,2022-09-25T12:00:00Z,flow,-0.071
tok20,2022-09-25T12:00:00Z,social,0.5592
tok20,2022-10-02T12:00:00Z,flow,0.8866
tok20,2022-10-02T12:00:00Z,social,-0.9756
tok20,2022-10-09T12:00:00Z,flow,1.2833
tok20,2022-10-09T12:00:00Z,social,-2.2333
tok20,2022-10-16T12:00:00Z,flow,0.2383
tok20,2022-10-16T12:00:00Z,social,-1.2611
tok20,2022-10-23T12:00:00Z,flow,-0.1907
tok20,2022-10-23T12:00:00Z,social,0.0034
tok20,2022-10-30T12:00:00Z,flow,0.5885
tok20,2022-10-30T12:00:00Z,social,-1.5491
tok20,2022-11-06T12:00:00Z,flow,0.0442
tok20,2022-11-06T12:00:00Z,social,0.1719
tok20,2022-11-13T12:00:00Z,flow,-0.5863
tok20,2022-11-13T12:00:00Z,social,1.5692
tok20,2022-11-20T12:00:00Z,flow,-0.7504
tok20,2022-11-20T12:00:00Z,social,1.6018
tok20,2022-11-27T12:00:00Z,flow,-0.0275
tok20,2022-11-27T12:00:00Z,social,-1.8793
tok20,2022-12-04T12:00:00Z,flow,-1.4967
tok20,2022-12-04T12:00:00Z,social,0.1184
tok20,2022-12-11T12:00:00Z,flow,0.6269
tok20,2022-12-11T12:00:00Z,social,-2.0237
tok20,2022-12-18T12:00:00Z,flow,1.014
tok20,2022-12-18T12:00:00Z,social,-0.3891
tok20,2022-12-25T12:00:00Z,flow,-0.0351
tok20,2022-12-25T12:00:00Z,social,-0.5154
tok20,2023-01-01T12:00:00Z,flow,0.2566
tok20,2023-01-01T12:00:00Z,social,-0.5142
tok20,2023-01-08T12:00:00Z,flow,0.9859
tok20,2023-01-08T12:00:00Z,social,1.6302
tok20,2023-01-15T12:00:00Z,flow,-0.7434
tok20,2023-01-15T12:00:00Z,social,-0.6113
tok20,2023-01-22T12:00:00Z,flow,0.1246
tok20,2023-01-22T12:00:00Z,social,-0.8044
tok20,2023-01-29T12:00:00Z,flow,-1.8896
tok20,2023-01-29T12:00:00Z,social,-0.9824
tok20,2023-02-05T12:00:00Z,flow,0.7241
tok20,2023-02-05T12:00:00Z,social,0.3191
tok20,2023-02-12T12:00:00Z,flow,1.2741
tok20,2023-02-12T12:00:00Z,social,0.373
tok20,2023-02-19T12:00:00Z,flow,0.6178
tok20,2023-02-19T12:00:00Z,social,1.6833
tok20,2023-02-26T12:00:00Z,flow,-0.6317
tok20,2023-02-26T12:00:00Z,social,0.4006
tok20,2023-03-05T12:00:00Z,flow,-2.8339
tok20,2023-03-05T12:00:00Z,social,0.3609
tok20,2023-03-12T12:00:00Z,flow,1.403
tok20,2023-03-12T12:00:00Z,social,0.2467
tok20,2023-03-19T12:00:00Z,flow,-0.3112
tok20,2023-03-19T12:00:00Z,social,1.4634
tok20,2023-03-26T12:00:00Z,flow,1.2545
tok20,2023-03-26T12:00:00Z,social,-0.6276
tok20,2023-04-02T12:00:00Z,flow,1.5024
tok20,2023-04-02T12:00:00Z,social,0.6213
tok20,2023-04-09T12:00:00Z,flow,-0.6777
tok20,2023-04-09T12:00:00Z,social,-0.0566
tok20,2023-04-16T12:00:00Z,flow,-0.3343
tok20,2023-04-16T12:00:00Z,social,0.0227
tok20,2023-04-23T12:00:00Z,flow,-0.7602
tok20,2023-04-23T12:00:00Z,social,1.0997
tok20,2023-04-30T12:00:00Z,flow,3.1785
tok20,2023-04-30T12:00:00Z,social,0.2266
tok20,2023-05-07T12:00:00Z,flow,0.3532
tok20,2023-05-07T12:00:00Z,social,1.6714
tok20,2023-05-14T12:00:00Z,flow,0.1012
tok20,2023-05-14T12:00:00Z,social,0.1212
tok20,2023-05-21T12:00:00Z,flow,0.9109
tok20,2023-05-21T12:00:00Z,social,1.1028
tok20,2023-05-28T12:00:00Z,flow,0.4571
tok20,2023-05-28T12:00:00Z,social,0.8777
tok20,2023-06-04T12:00:00Z,flow,-0.0758
tok20,2023-06-04T12:00:00Z,social,0.9293
tok20,2023-06-11T12:00:00Z,flow,1.6745
tok20,2023-06-11T12:00:00Z,social,1.0423
tok20,2023-06-18T12:00:00Z,flow,0.7985
tok20,2023-06-18T12:00:00Z,social,2.1403
tok20,2023-06-25T12:00:00Z,flow,1.058
tok20,2023-06-25T12:00:00Z,social,0.3494
tok20,2023-07-02T12:00:00Z,flow,-0.224
tok20,2023-07-02T12:00:00Z,social,-0.0276
tok20,2023-07-09T12:00:00Z,flow,-0.6604
tok20,2023-07-09T12:00:00Z,social,-0.6215
tok20,2023-07-16T12:00:00Z,flow,1.0801
tok20,2023-07-16T12:00:00Z,social,-0.9325
tok20,2023-07-23T12:00:00Z,flow,-0.9059
tok20,2023-07-23T12:00:00Z,social,-0.6574
tok20,2023-07-30T12:00:00Z,flow,-0.9512
tok20,2023-07-30T12:00:00Z,social,-0.2791
tok20,2023-08-06T12:00:00Z,flow,0.2124
tok20,2023-08-06T12:00:00Z,social,0.4834
tok20,2023-08-13T12:00:00Z,flow,-0.9581
tok20,2023-08-13T12:00:00Z,social,-1.0965
tok20,2023-08-20T12:00:00Z,flow,-1.8258
tok20,2023-08-20T12:00:00Z,social,2.6747
tok20,2023-08-27T12:00:00Z,flow,0.0607
tok20,2023-08-27T12:00:00Z,social,-0.4882
tok20,2023-09-03T12:00:00Z,flow,-0.8432
tok20,2023-09-03T12:00:00Z,social,-1.2543
tok20,2023-09-10T12:00:00Z,flow,-1.0114
tok20,2023-09-10T12:00:00Z,social,-0.8887
tok20,2023-09-17T12:00:00Z,flow,0.9018
tok20,2023-09-17T12:00:00Z,social,-2.4171
tok20,2023-09-24T12:00:00Z,flow,-0.0628
tok20,2023-09-24T12:00:00Z,social,0.1807
tok20,2023-10-01T12:00:00Z,flow,0.6963
tok20,2023-10-01T12:00:00Z,social,0.4477
tok20,2023-10-08T12:00:00Z,flow,-1.9155
tok20,2023-10-08T12:00:00Z,social,0.5747
tok20,2023-10-15T12:00:00Z,flow,-0.5551
tok20,2023-10-15T12:00:00Z,social,1.0897
tok20,2023-10-22T12:00:00Z,flow,0.2894
tok20,2023-10-22T12:00:00Z,social,0.3147
tok20,2023-10-29T12:00:00Z,flow,-1.2576
tok20,2023-10-29T12:00:00Z,social,0.8767
tok20,2023-11-05T12:00:00Z,flow,-1.1391
tok20,2023-11-05T12:00:00Z,social,0.1207
tok20,2023-11-12T12:00:00Z,flow,-0.5541
tok20,2023-11-12T12:00:00Z,social,-0.0717
tok20,2023-11-19T12:00:00Z,flow,0.1286
tok20,2023-11-19T12:00:00Z,social,-0.9106
tok20,2023-11-26T12:00:00Z,flow,0.8965
tok20,2023-11-26T12:00:00Z,social,-0.2536
tok20,2023-12-03T12:00:00Z,flow,1.24
tok20,2023-12-03T12:00:00Z,social,-0.0893
tok20,2023-12-10T12:00:00Z,flow,-3.2482
tok20,2023-12-10T12:00:00Z,social,1.8166
tok20,2023-12-17T12:00:00Z,flow,1.1577
tok20,2023-12-17T12:00:00Z,social,-0.3921
tok20,2023-12-24T12:00:00Z,flow,0.0185
tok20,2023-12-24T12:00:00Z,social,-0.5431
tok20,2023-12-31T12:00:00Z,flow,1.5153
tok20,2023-12-31T12:00:00Z,social,1.1449
tok21,2021-01-03T12:00:00Z,flow,0.0081
tok21,2021-01-03T12:00:00Z,social,0.0938
tok21,2021-01-10T12:00:00Z,flow,0.3208
tok21,2021-01-10T12:00:00Z,social,1.2608
tok21,2021-01-17T12:00:00Z,flow,0.7753
tok21,2021-01-17T12:00:00Z,social,-0.289
tok21,2021-01-24T12:00:00Z,flow,-0.6886
tok21,2021-01-24T12:00:00Z,social,-0.8977
tok21,2021-01-31T12:00:00Z,flow,-1.0929
tok21,2021-01-31T12:00:00Z,social,0.6732
tok21,2021-02-07T12:00:00Z,flow,-0.0725
tok21,2021-02-07T12:00:00Z,social,-0.3388
tok21,2021-02-14T12:00:00Z,flow,1.8284
tok21,2021-02-14T12:00:00Z,social,-1.4141
tok21,2021-02-21T12:00:00Z,flow,0.3592
tok21,2021-02-21T12:00:00Z,social,-0.2687
tok21,2021-02-28T12:00:00Z,flow,-0.8625
tok21,2021-02-28T12:00:00Z,social,-0.734
tok21,2021-03-07T12:00:00Z,flow,-0.8754
tok21,2021-03-07T12:00:00Z,social,0.5995
tok21,2021-03-14T12:00:00Z,flow,-0.081
tok21,2021-03-14T12:00:00Z,social,0.15
tok21,2021-03-21T12:00:00Z,flow,-0.0055
tok21,2021-03-21T12:00:00Z,social,-1.2034
tok21,2021-03-28T12:00:00Z,flow,0.117
tok21,2021-03-28T12:00:00Z,social,1.0616
tok21,2021-04-04T12:00:00Z,flow,-2.2803
tok21,2021-04-04T12:00:00Z,social,1.462
tok21,2021-04-11T12:00:00Z,flow,-0.5555
tok21,2021-04-11T12:00:00Z,social,-0.6918
tok21,2021-04-18T12:00:00Z,flow,0.4342
tok21,2021-04-18T12:00:00Z,social,-1.3041
tok21,2021-04-25T12:00:00Z,flow,-1.3703
tok21,2021-04-25T12:00:00Z,social,-0.0233
tok21,2021-05-02T12:00:00Z,flow,-1.2969
tok21,2021-05-02T12:00:00Z,social,-0.2027
tok21,2021-05-09T12:00:00Z,flow,-0.7316
tok21,2021-05-09T12:00:00Z,social,-0.3087
tok21,2021-05-16T12:00:00Z,flow,-3.0802
tok21,2021-05-16T12:00:00Z,social,0.811
tok21,2021-05-23T12:00:00Z,flow,1.7162
tok21,2021-05-23T12:00:00Z,social,-0.9053
tok21,2021-05-30T12:00:00Z,flow,0.1742
tok21,2021-05-30T12:00:00Z,social,0.2817
tok21,2021-06-06T12:00:00Z,flow,-0.9405
tok21,2021-06-06T12:00:00Z,social,1.0229
tok21,2021-06-13T12:00:00Z,flow,-1.1011
tok21,2021-06-13T12:00:00Z,social,-0.2047
tok21,2021-06-20T12:00:00Z,flow,-0.179
tok21,2021-06-20T12:00:00Z,social,-0.7982
tok21,2021-06-27T12:00:00Z,flow,0.9188
tok21,2021-06-27T12:00:00Z,social,-0.1036
tok21,2021-07-04T12:00:00Z,flow,-0.6975
tok21,2021-07-04T12:00:00Z,social,-0.6409
tok21,2021-07-11T12:00:00Z,flow,0.1662
tok21,2021-07-11T12:00:00Z,social,0.1912
tok21,2021-07-18T12:00:00Z,flow,3.7516
tok21,2021-07-18T12:00:00Z,social,0.1834
tok21,2021-07-25T12:00:00Z,flow,0.3459
tok21,2021-07-25T12:00:00Z,social,-0.6075
tok21,2021-08-01T12:00:00Z,flow,0.1379
tok21,2021-08-01T12:00:00Z,social,1.4531
tok21,2021-08-08T12:00:00Z,flow,-2.1042
tok21,2021-08-08T12:00:00Z,social,0.8157
tok21,2021-08-15T12:00:00Z,flow,-0.761
tok21,2021-08-15T12:00:00Z,social,-2.1228
tok21,2021-08-22T12:00:00Z,flow,-0.8967
tok21,2021-08-22T12:00:00Z,social,-0.4753
tok21,2021-08-29T12:00:00Z,flow,-0.3131
tok21,2021-08-29T12:00:00Z,social,0.9237
tok21,2021-09-05T12:00:00Z,flow,1.1694
tok21,2021-09-05T12:00:00Z,social,-0.565
tok21,2021-09-12T12:00:00Z,flow,-0.3645
tok21,2021-09-12T12:00:00Z,social,-0.3556
tok21,2021-09-19T12:00:00Z,flow,-1.0372
tok21,2021-09-19T12:00:00Z,social,1.4553
tok21,2021-09-26T12:00:00Z,flow,-0.9007
tok21,2021-09-26T12:00:00Z,social,0.1418
tok21,2021-10-03T12:00:00Z,flow,-0.5753
tok21,2021-10-03T12:00:00Z,social,-0.3542
tok21,2021-10-10T12:00:00Z,flow,-0.2587
tok21,2021-10-10T12:00:00Z,social,-1.4891
tok21,2021-10-17T12:00:00Z,flow,0.6109
tok21,2021-10-17T12:00:00Z,social,-1.3828
tok21,2021-10-24T12:00:00Z,flow,1.7401
tok21,2021-10-24T12:00:00Z,social,-2.2479
tok21,2021-10-31T12:00:00Z,flow,1.032
tok21,2021-10-31T12:00:00Z,social,-0.3559
tok21,2021-11-07T12:00:00Z,flow,1.721
tok21,2021-11-07T12:00:00Z,social,-0.6812
tok21,2021-11-14T12:00:00Z,flow,2.3467
tok21,2021-11-14T12:00:00Z,social,-1.6986
tok21,2021-11-21T12:00:00Z,flow,0.4643
tok21,2021-11-21T12:00:00Z,social,1.0654
tok21,2021-11-28T12:00:00Z,flow,-1.2026
tok21,2021-11-28T12:00:00Z,social,1.0847
tok21,2021-12-05T12:00:00Z,flow,1.0619
tok21,2021-12-05T12:00:00Z,social,0.1018
tok21,2021-12-12T12:00:00Z,flow,-1.0867
tok21,2021-12-12T12:00:00Z,social,-0.4459
tok21,2021-12-19T12:00:00Z,flow,0.0663
tok21,2021-12-19T12:00:00Z,social,1.1665
tok21,2021-12-26T12:00:00Z,flow,-1.0173
tok21,2021-12-26T12:00:00Z,social,-1.1677
tok21,2022-01-02T12:00:00Z,flow,-0.1574
tok21,2022-01-02T12:00:00Z,social,0.4906
tok21,2022-01-09T12:00:00Z,flow,-0.994
tok21,2022-01-09T12:00:00Z,social,0.0481
tok21,2022-01-16T12:00:00Z,flow,-1.306
tok21,2022-01-16T12:00:00Z,social,1.0711
tok21,2022-01-23T12:00:00Z,flow,-0.8256
tok21,2022-01-23T12:00:00Z,social,-0.1265
tok21,2022-01-30T12:00:00Z,flow,-1.2193
tok21,2022-01-30T12:00:00Z,social,0.4633
tok21,2022-02-06T12:00:00Z,flow,-0.2956
tok21,2022-02-06T12:00:00Z,social,1.1241
tok21,2022-02-13T12:00:00Z,flow,-1.7224
tok21,2022-02-13T12:00:00Z,social,1.4779
tok21,2022-02-20T12:00:00Z,flow,0.2759
tok21,2022-02-20T12:00:00Z,social,0.4227
tok21,2022-02-27T12:00:00Z,flow,-1.0191
tok21,2022-02-27T12:00:00Z,social,0.6852
tok21,2022-03-06T12:00:00Z,flow,-1.2909
tok21,2022-03-06T12:00:00Z,social,-0.5109
tok21,2022-03-13T12:00:00Z,flow,1.9667
tok21,2022-03-13T12:00:00Z,social,0.6656
tok21,2022-03-20T12:00:00Z,flow,-0.3288
tok21,2022-03-20T12:00:00Z,social,-0.3019
tok21,2022-03-27T12:00:00Z,flow,-0.0807
tok21,2022-03-27T12:00:00Z,social,0.8872
tok21,2022-04-03T12:00:00Z,flow,-0.3906
tok21,2022-04-03T12:00:00Z,social,0.7903
tok21,2022-04-10T12:00:00Z,flow,-0.1669
tok21,2022-04-10T12:00:00Z,social,1.5066
tok21,2022-04-17T12:00:00Z,flow,-0.5881
tok21,2022-04-17T12:00:00Z,social,-0.7194
tok21,2022-04-24T12:00:00Z,flow,0.9979
tok21,2022-04-24T12:00:00Z,social,0.6811
tok21,2022-05-01T12:00:00Z,flow,0.188
tok21,2022-05-01T12:00:00Z,social,-0.4776
tok21,2022-05-08T12:00:00Z,flow,0.9989
tok21,2022-05-08T12:00:00Z,social,-1.757
tok21,2022-05-15T12:00:00Z,flow,-0.7699
tok21,2022-05-15T12:00:00Z,social,-0.2271
tok21,2022-05-22T12:00:00Z,flow,0.1351
tok21,2022-05-22T12:00:00Z,social,0.2378
tok21,2022-05-29T12:00:00Z,flow,-2.7505
tok21,2022-05-29T12:00:00Z,social,-0.465
tok21,2022-06-05T12:00:00Z,flow,-1.1153
tok21,2022-06-05T12:00:00Z,social,1.3381
tok21,2022-06-12T12:00:00Z,flow,-0.4016
tok21,2022-06-12T12:00:00Z,social,-0.6522
tok21,2022-06-19T12:00:00Z,flow,0.8335
tok21,2022-06-19T12:00:00Z,social,-0.2972
tok21,2022-06-26T12:00:00Z,flow,-0.2274
tok21,2022-06-26T12:00:00Z,social,-1.8876
tok21,2022-07-03T12:00:00Z,flow,-0.024
tok21,2022-07-03T12:00:00Z,social,-0.3156
tok21,2022-07-10T12:00:00Z,flow,0.1596
tok21,2022-07-10T12:00:00Z,social,-0.6675
tok21,2022-07-17T12:00:00Z,flow,0.2193
tok21,2022-07-17T12:00:00Z,social,0.1526
tok21,2022-07-24T12:00:00Z,flow,-1.4924
tok21,2022-07-24T12:00:00Z,social,0.6468
tok21,2022-07-31T12:00:00Z,flow,0.7642
tok21,2022-07-31T12:00:00Z,social,-1.238
tok21,2022-08-07T12:00:00Z,flow,0.021
tok21,2022-08-07T12:00:00Z,social,-0.2024
tok21,2022-08-14T12:00:00Z,flow,-0.3764
tok21,2022-08-14T12:00:00Z,social,0.9019
tok21,2022-08-21T12:00:00Z,flow,0.5417
tok21,2022-08-21T12:00:00Z,social,0.3403
tok21,2022-08-28T12:00:00Z,flow,2.1572
tok21,2022-08-28T12:00:00Z,social,0.4358
tok21,2022-09-04T12:00:00Z,flow,1.1009
tok21,2022-09-04T12:00:00Z,social,0.0189
tok21,2022-09-11T12:00:00Z,flow,-0.7201
tok21,2022-09-11T12:00:00Z,social,-0.1201
tok21,2022-09-18T12:00:00Z,flow,0.6085
tok21,2022-09-18T12:00:00Z,social,-1.0368
tok21,2022-09-25T12:00:00Z,flow,0.4932
tok21,2022-09-25T12:00:00Z,social,1.9997
tok21,2022-10-02T12:00:00Z,flow,-1.4245
tok21,2022-10-02T12:00:00Z,social,1.1027
tok21,2022-10-09T12:00:00Z,flow,-0.5824
tok21,2022-10-09T12:00:00Z,social,0.7786
tok21,2022-10-16T12:00:00Z,flow,-0.5099
tok21,2022-10-16T12:00:00Z,social,0.865
tok21,2022-10-23T12:00:00Z,flow,-0.9982
tok21,2022-10-23T12:00:00Z,social,-0.0565
tok21,2022-10-30T12:00:00Z,flow,-0.6779
tok21,2022-10-30T12:00:00Z,social,0.3215
tok21,2022-11-06T12:00:00Z,flow,-0.1538
tok21,2022-11-06T12:00:00Z,social,1.2634
tok21,2022-11-13T12:00:00Z,flow,1.9786
tok21,2022-11-13T12:00:00Z,social,0.519
tok21,2022-11-20T12:00:00Z,flow,0.9464
tok21,2022-11-20T12:00:00Z,social,-1.3127
tok21,2022-11-27T12:00:00Z,flow,1.26
tok21,2022-11-27T12:00:00Z,social,0.9354
tok21,2022-12-04T12:00:00Z,flow,-1.0757
tok21,2022-12-04T12:00:00Z,social,0.1042
tok21,2022-12-11T12:00:00Z,flow,-1.0062
tok21,2022-12-11T12:00:00Z,social,-2.0772
tok21,2022-12-18T12:00:00Z,flow,0.7682
tok21,2022-12-18T12:00:00Z,social,1.0457
tok21,2022-12-25T12:00:00Z,flow,-0.8377
tok21,2022-12-25T12:00:00Z,social,0.5612
tok21,2023-01-01T12:00:00Z,flow,0.2447
tok21,2023-01-01T12:00:00Z,social,1.1272
tok21,2023-01-08T12:00:00Z,flow,-0.8012
tok21,2023-01-08T12:00:00Z,social,-0.6945
tok21,2023-01-15T12:00:00Z,flow,-0.5952
tok21,2023-01-15T12:00:00Z,social,0.9897
tok21,2023-01-22T12:00:00Z,flow,-1.4184
tok21,2023-01-22T12:00:00Z,social,0.1556
tok21,2023-01-29T12:00:00Z,flow,-0.0559
tok21,2023-01-29T12:00:00Z,social,1.9319
tok21,2023-02-05T12:00:00Z,flow,0.9375
tok21,2023-02-05T12:00:00Z,social,1.5211
tok21,2023-02-12T12:00:00Z,flow,-0.2359
tok21,2023-02-12T12:00:00Z,social,0.2536
tok21,2023-02-19T12:00:00Z,flow,1.0206
tok21,2023-02-19T12:00:00Z,social,-0.0681
tok21,2023-02-26T12:00:00Z,flow,-1.6144
tok21,2023-02-26T12:00:00Z,social,0.9675
tok21,2023-03-05T12:00:00Z,flow,0.6483
tok21,2023-03-05T12:00:00Z,social,0.4906
tok21,2023-03-12T12:00:00Z,flow,0.3263
tok21,2023-03-12T12:00:00Z,social,0.5452
tok21,2023-03-19T12:00:00Z,flow,-0.3093
tok21,2023-03-19T12:00:00Z,social,0.6148
tok21,2023-03-26T12:00:00Z,flow,-0.887
tok21,2023-03-26T12:00:00Z,social,0.9093
tok21,2023-04-02T12:00:00Z,flow,-0.9941
tok21,2023-04-02T12:00:00Z,social,-0.3364
tok21,2023-04-09T12:00:00Z,flow,0.7761
tok21,2023-04-09T12:00:00Z,social,-0.0699
tok21,2023-04-16T12:00:00Z,flow,0.5055
tok21,2023-04-16T12:00:00Z,social,0.1224
tok21,2023-04-23T12:00:00Z,flow,1.1634
tok21,2023-04-23T12:00:00Z,social,0.084
tok21,2023-04-30T12:00:00Z,flow,-0.2156
tok21,2023-04-30T12:00:00Z,social,-0.2868
tok21,2023-05-07T12:00:00Z,flow,2.3148
tok21,2023-05-07T12:00:00Z,social,-1.5898
tok21,2023-05-14T12:00:00Z,flow,-0.4447
tok21,2023-05-14T12:00:00Z,social,1.9852
tok21,2023-05-21T12:00:00Z,flow,-1.1461
tok21,2023-05-21T12:00:00Z,social,-0.9581
tok21,2023-05-28T12:00:00Z,flow,0.4585
tok21,2023-05-28T12:00:00Z,social,0.0156
tok21,2023-06-04T12:00:00Z,flow,0.2341
tok21,2023-06-04T12:00:00Z,social,-1.0547
tok21,2023-06-11T12:00:00Z,flow,-0.2541
tok21,2023-06-11T12:00:00Z,social,-0.0316
tok21,2023-06-18T12:00:00Z,flow,-1.841
tok21,2023-06-18T12:00:00Z,social,0.762
tok21,2023-06-25T12:00:00Z,flow,1.6149
tok21,2023-06-25T12:00:00Z,social,0.6804
tok21,2023-07-02T12:00:00Z,flow,1.0903
tok21,2023-07-02T12:00:00Z,social,0.4777
tok21,2023-07-09T12:00:00Z,flow,-0.5061
tok21,2023-07-09T12:00:00Z,social,-1.1009
tok21,2023-07-16T12:00:00Z,flow,0.4981
tok21,2023-07-16T12:00:00Z,social,-0.9292
tok21,2023-07-23T12:00:00Z,flow,0.8188
tok21,2023-07-23T12:00:00Z,social,0.7735
tok21,2023-07-30T12:00:00Z,flow,-0.1431
tok21,2023-07-30T12:00:00Z,social,0.5758
tok21,2023-08-06T12:00:00Z,flow,2.3562
tok21,2023-08-06T12:00:00Z,social,0.5419
tok21,2023-08-13T12:00:00Z,flow,1.0668
tok21,2023-08-13T12:00:00Z,social,0.5466
tok21,2023-08-20T12:00:00Z,flow,-0.1551
tok21,2023-08-20T12:00:00Z,social,-0.7194
tok21,2023-08-27T12:00:00Z,flow,-0.171
tok21,2023-08-27T12:00:00Z,social,-0.0016
tok21,2023-09-03T12:00:00Z,flow,0.6837
tok21,2023-09-03T12:00:00Z,social,-0.6557
tok21,2023-09-10T12:00:00Z,flow,2.1017
tok21,2023-09-10T12:00:00Z,social,0.2799
tok21,2023-09-17T12:00:00Z,flow,-1.923
tok21,2023-09-17T12:00:00Z,social,0.2817
tok21,2023-09-24T12:00:00Z,flow,-1.0731
tok21,2023-09-24T12:00:00Z,social,-0.5037
tok21,2023-10-01T12:00:00Z,flow,0.2335
tok21,2023-10-01T12:00:00Z,social,-0.7632
tok21,2023-10-08T12:00:00Z,flow,0.9596
tok21,2023-10-08T12:00:00Z,social,-0.7595
tok21,2023-10-15T12:00:00Z,flow,-0.2034
tok21,2023-10-15T12:00:00Z,social,-1.0732
tok21,2023-10-22T12:00:00Z,flow,1.3842
tok21,2023-10-22T12:00:00Z,social,-1.368
tok21,2023-10-29T12:00:00Z,flow,-1.1257
tok21,2023-10-29T12:00:00Z,social,0.6255
tok21,2023-11-05T12:00:00Z,flow,-0.3377
tok21,2023-11-05T12:00:00Z,social,1.8959
tok21,2023-11-12T12:00:00Z,flow,1.3134
tok21,2023-11-12T12:00:00Z,social,0.1861
tok21,2023-11-19T12:00:00Z,flow,-0.5194
tok21,2023-11-19T12:00:00Z,social,-1.4398
tok21,2023-11-26T12:00:00Z,flow,1.9336
tok21,2023-11-26T12:00:00Z,social,-0.0905
tok21,2023-12-03T12:00:00Z,flow,0.0525
tok21,2023-12-03T12:00:00Z,social,0.802
tok21,2023-12-10T12:00:00Z,flow,1.7324
tok21,2023-12-10T12:00:00Z,social,-1.2956
tok21,2023-12-17T12:00:00Z,flow,-1.0199
tok21,2023-12-17T12:00:00Z,social,-0.3625
tok21,2023-12-24T12:00:00Z,flow,-1.1624
tok21,2023-12-24T12:00:00Z,social,-1.4379
tok21,2023-12-31T12:00:00Z,flow,2.8072
tok21,2023-12-31T12:00:00Z,social,-0.448
tok22,2021-01-03T12:00:00Z,flow,-0.2756
tok22,2021-01-03T12:00:00Z,social,1.6061
tok22,2021-01-10T12:00:00Z,flow,-0.8182
tok22,2021-01-10T12:00:00Z,social,0.5249
tok22,2021-01-17T12:00:00Z,flow,0.1936
tok22,2021-01-17T12:00:00Z,social,-0.6285
tok22,2021-01-24T12:00:00Z,flow,0.1443
tok22,2021-01-24T12:00:00Z,social,0.7238
tok22,2021-01-31T12:00:00Z,flow,1.457
tok22,2021-01-31T12:00:00Z,social,-0.7883
tok22,2021-02-07T12:00:00Z,flow,0.1087
tok22,2021-02-07T12:00:00Z,social,1.232
tok22,2021-02-14T12:00:00Z,flow,2.0201
tok22,2021-02-14T12:00:00Z,social,0.2557
tok22,2021-02-21T12:00:00Z,flow,0.4026
tok22,2021-02-21T12:00:00Z,social,-0.9731
tok22,2021-02-28T12:00:00Z,flow,0.6198
tok22,2021-02-28T12:00:00Z,social,0.7375
tok22,2021-03-07T12:00:00Z,flow,1.0014
tok22,2021-03-07T12:00:00Z,social,0.6657
tok22,2021-03-14T12:00:00Z,flow,-0.642
tok22,2021-03-14T12:00:00Z,social,1.2496
tok22,2021-03-21T12:00:00Z,flow,-1.6838
tok22,2021-03-21T12:00:00Z,social,0.4494
tok22,2021-03-28T12:00:00Z,flow,1.5187
tok22,2021-03-28T12:00:00Z,social,1.4238
tok22,2021-04-04T12:00:00Z,flow,0.7668
tok22,2021-04-04T12:00:00Z,social,-1.6127
tok22,2021-04-11T12:00:00Z,flow,-0.676
tok22,2021-04-11T12:00:00Z,social,-1.6001
tok22,2021-04-18T12:00:00Z,flow,-0.8849
tok22,2021-04-18T12:00:00Z,social,-0.9706
tok22,2021-04-25T12:00:00Z,flow,2.1756
tok22,2021-04-25T12:00:00Z,social,0.9284
tok22,2021-05-02T12:00:00Z,flow,-0.5671
tok22,2021-05-02T12:00:00Z,social,-1.7415
tok22,2021-05-09T12:00:00Z,flow,0.8938
tok22,2021-05-09T12:00:00Z,social,0.0489
tok22,2021-05-16T12:00:00Z,flow,-0.3571
tok22,2021-05-16T12:00:00Z,social,0.3126
tok22,2021-05-23T12:00:00Z,flow,0.7788
tok22,2021-05-23T12:00:00Z,social,1.0326
tok22,2021-05-30T12:00:00Z,flow,-0.5985
tok22,2021-05-30T12:00:00Z,social,-1.6107
tok22,2021-06-06T12:00:00Z,flow,0.534
tok22,2021-06-06T12:00:00Z,social,-0.719
tok22,2021-06-13T12:00:00Z,flow,1.6834
tok22,2021-06-13T12:00:00Z,social,0.1509
tok22,2021-06-20T12:00:00Z,flow,-0.6303
tok22,2021-06-20T12:00:00Z,social,0.2688
tok22,2021-06-27T12:00:00Z,flow,0.9341
tok22,2021-06-27T12:00:00Z,social,-0.4425
tok22,2021-07-04T12:00:00Z,flow,-0.1014
tok22,2021-07-04T12:00:00Z,social,1.154
tok22,2021-07-11T12:00:00Z,flow,-1.293
tok22,2021-07-11T12:00:00Z,social,-1.3439
tok22,2021-07-18T12:00:00Z,flow,-0.036
tok22,2021-07-18T12:00:00Z,social,0.8957
tok22,2021-07-25T12:00:00Z,flow,-0.593
tok22,2021-07-25T12:00:00Z,social,0.0336
tok22,2021-08-01T12:00:00Z,flow,-0.4427
tok22,2021-08-01T12:00:00Z,social,1.0628
tok22,2021-08-08T12:00:00Z,flow,-0.7812
tok22,2021-08-08T12:00:00Z,social,0.4468
tok22,2021-08-15T12:00:00Z,flow,-1.0113
tok22,2021-08-15T12:00:00Z,social,0.6224
tok22,2021-08-22T12:00:00Z,flow,0.7084
tok22,2021-08-22T12:00:00Z,social,1.1302
tok22,2021-08-29T12:00:00Z,flow,-2.4242
tok22,2021-08-29T12:00:00Z,social,0.5628
tok22,2021-09-05T12:00:00Z,flow,0.0016
tok22,2021-09-05T12:00:00Z,social,1.5388
tok22,2021-09-12T12:00:00Z,flow,0.0376
tok22,2021-09-12T12:00:00Z,social,-0.3274
tok22,2021-09-19T12:00:00Z,flow,0.0855
tok22,2021-09-19T12:00:00Z,social,-0.4876
tok22,2021-09-26T12:00:00Z,flow,0.7844
tok22,2021-09-26T12:00:00Z,social,-0.4281
tok22,2021-10-03T12:00:00Z,flow,0.1883
tok22,2021-10-03T12:00:00Z,social,0.528
tok22,2021-10-10T12:00:00Z,flow,0.8255
tok22,2021-10-10T12:00:00Z,social,-1.2174
tok22,2021-10-17T12:00:00Z,flow,-0.7043
tok22,2021-10-17T12:00:00Z,social,0.9071
tok22,2021-10-24T12:00:00Z,flow,-1.0685
tok22,2021-10-24T12:00:00Z,social,-0.7696
tok22,2021-10-31T12:00:00Z,flow,1.4305
tok22,2021-10-31T12:00:00Z,social,1.6662
tok22,2021-11-07T12:00:00Z,flow,0.2395
tok22,2021-11-07T12:00:00Z,social,0.2247
tok22,2021-11-14T12:00:00Z,flow,-2.6304
tok22,2021-11-14T12:00:00Z,social,1.6047
tok22,2021-11-21T12:00:00Z,flow,0.0799
tok22,2021-11-21T12:00:00Z,social,0.0008
tok22,2021-11-28T12:00:00Z,flow,-1.0803
tok22,2021-11-28T12:00:00Z,social,-1.2381
tok22,2021-12-05T12:00:00Z,flow,-0.9412
tok22,2021-12-05T12:00:00Z,social,0.2618
tok22,2021-12-12T12:00:00Z,flow,-1.2511
tok22,2021-12-12T12:00:00Z,social,0.9458
tok22,2021-12-19T12:00:00Z,flow,0.0003
tok22,2021-12-19T12:00:00Z,social,0.3835
tok22,2021-12-26T12:00:00Z,flow,0.8666
tok22,2021-12-26T12:00:00Z,social,-0.416
tok22,2022-01-02T12:00:00Z,flow,0.394
tok22,2022-01-02T12:00:00Z,social,-0.8325
tok22,2022-01-09T12:00:00Z,flow,0.3442
tok22,2022-01-09T12:00:00Z,social,-0.3939
tok22,2022-01-16T12:00:00Z,flow,-0.7586
tok22,2022-01-16T12:00:00Z,social,0.3299
tok22,2022-01-23T12:00:00Z,flow,1.6967
tok22,2022-01-23T12:00:00Z,social,-1.044
tok22,2022-01-30T12:00:00Z,flow,-2.0694
tok22,2022-01-30T12:00:00Z,social,0.3447
tok22,2022-02-06T12:00:00Z,flow,0.6393
tok22,2022-02-06T12:00:00Z,social,0.2346
tok22,2022-02-13T12:00:00Z,flow,0.6713
tok22,2022-02-13T12:00:00Z,social,-1.2124
tok22,2022-02-20T12:00:00Z,flow,-0.5007
tok22,2022-02-20T12:00:00Z,social,-0.2741
tok22,2022-02-27T12:00:00Z,flow,1.3646
tok22,2022-02-27T12:00:00Z,social,0.7535
tok22,2022-03-06T12:00:00Z,flow,0.2977
tok22,2022-03-06T12:00:00Z,social,0.9507
tok22,2022-03-13T12:00:00Z,flow,0.6625
tok22,2022-03-13T12:00:00Z,social,0.8909
tok22,2022-03-20T12:00:00Z,flow,-0.3534
tok22,2022-03-20T12:00:00Z,social,0.9579
tok22,2022-03-27T12:00:00Z,flow,-0.4619
tok22,2022-03-27T12:00:00Z,social,1.0841
tok22,2022-04-03T12:00:00Z,flow,-0.5482
tok22,2022-04-03T12:00:00Z,social,0.1408
tok22,2022-04-10T12:00:00Z,flow,0.6247
tok22,2022-04-10T12:00:00Z,social,1.6771
tok22,2022-04-17T12:00:00Z,flow,0.6032
tok22,2022-04-17T12:00:00Z,social,0.1497
tok22,2022-04-24T12:00:00Z,flow,-1.0899
tok22,2022-04-24T12:00:00Z,social,1.16
tok22,2022-05-01T12:00:00Z,flow,0.641
tok22,2022-05-01T12:00:00Z,social,-0.4575
tok22,2022-05-08T12:00:00Z,flow,1.2224
tok22,2022-05-08T12:00:00Z,social,0.584
tok22,2022-05-15T12:00:00Z,flow,0.9145
tok22,2022-05-15T12:00:00Z,social,1.6301
tok22,2022-05-22T12:00:00Z,flow,0.2548
tok22,2022-05-22T12:00:00Z,social,-0.5358
tok22,2022-05-29T12:00:00Z,flow,-0.8674
tok22,2022-05-29T12:00:00Z,social,1.4118
tok22,2022-06-05T12:00:00Z,flow,-0.8682
tok22,2022-06-05T12:00:00Z,social,0.0665
tok22,2022-06-12T12:00:00Z,flow,-0.31
tok22,2022-06-12T12:00:00Z,social,-0.3876
tok22,2022-06-19T12:00:00Z,flow,-1.1085
tok22,2022-06-19T12:00:00Z,social,-0.8237
tok22,2022-06-26T12:00:00Z,flow,0.6191
tok22,2022-06-26T12:00:00Z,social,-0.1249
tok22,2022-07-03T12:00:00Z,flow,-0.2556
tok22,2022-07-03T12:00:00Z,social,-0.0044
tok22,2022-07-10T12:00:00Z,flow,0.3127
tok22,2022-07-10T12:00:00Z,social,0.3993
tok22,2022-07-17T12:00:00Z,flow,1.2955
tok22,2022-07-17T12:00:00Z,social,0.8883
tok22,2022-07-24T12:00:00Z,flow,1.0034
tok22,2022-07-24T12:00:00Z,social,-0.2292
tok22,2022-07-31T12:00:00Z,flow,-1.3209
tok22,2022-07-31T12:00:00Z,social,0.807
tok22,2022-08-07T12:00:00Z,flow,-0.5132
tok22,2022-08-07T12:00:00Z,social,0.4321
tok22,2022-08-14T12:00:00Z,flow,-0.3392
tok22,2022-08-14T12:00:00Z,social,-0.2756
tok22,2022-08-21T12:00:00Z,flow,0.8768
tok22,2022-08-21T12:00:00Z,social,0.109
tok22,2022-08-28T12:00:00Z,flow,1.3472
tok22,2022-08-28T12:00:00Z,social,-0.3115
tok22,2022-09-04T12:00:00Z,flow,-0.5402
tok22,2022-09-04T12:00:00Z,social,0.8506
tok22,2022-09-11T12:00:00Z,flow,0.0983
tok22,2022-09-11T12:00:00Z,social,1.1635
tok22,2022-09-18T12:00:00Z,flow,-1.3739
tok22,2022-09-18T12:00:00Z,social,0.7644
tok22,2022-09-25T12:00:00Z,flow,-0.3984
tok22,2022-09-25T12:00:00Z,social,-1.3732
tok22,2022-10-02T12:00:00Z,flow,1.4866
tok22,2022-10-02T12:00:00Z,social,1.5157
tok22,2022-10-09T12:00:00Z,flow,0.6428
tok22,2022-10-09T12:00:00Z,social,-0.9233
tok22,2022-10-16T12:00:00Z,flow,0.0738
tok22,2022-10-16T12:00:00Z,social,0.1135
tok22,2022-10-23T12:00:00Z,flow,-0.6206
tok22,2022-10-23T12:00:00Z,social,0.3538
tok22,2022-10-30T12:00:00Z,flow,1.4626
tok22,2022-10-30T12:00:00Z,social,1.4937
tok22,2022-11-06T12:00:00Z,flow,-0.7093
tok22,2022-11-06T12:00:00Z,social,1.1977
tok22,2022-11-13T12:00:00Z,flow,-1.6243
tok22,2022-11-13T12:00:00Z,social,-1.0579
tok22,2022-11-20T12:00:00Z,flow,-1.8793
tok22,2022-11-20T12:00:00Z,social,0.3514
tok22,2022-11-27T12:00:00Z,flow,-0.0941
tok22,2022-11-27T12:00:00Z,social,-1.4336
tok22,2022-12-04T12:00:00Z,flow,0.3707
tok22,2022-12-04T12:00:00Z,social,-1.6988
tok22,2022-12-11T12:00:00Z,flow,-0.4765
tok22,2022-12-11T12:00:00Z,social,-0.6392
tok22,2022-12-18T12:00:00Z,flow,-1.4846
tok22,2022-12-18T12:00:00Z,social,-0.5466
tok22,2022-12-25T12:00:00Z,flow,0.3855
tok22,2022-12-25T12:00:00Z,social,-1.3603
tok22,2023-01-01T12:00:00Z,flow,-0.0582
tok22,2023-01-01T12:00:00Z,social,0.7663
tok22,2023-01-08T12:00:00Z,flow,-2.5368
tok22,2023-01-08T12:00:00Z,social,-0.0737
tok22,2023-01-15T12:00:00Z,flow,1.6682
tok22,2023-01-15T12:00:00Z,social,-0.3916
tok22,2023-01-22T12:00:00Z,flow,-0.5872
tok22,2023-01-22T12:00:00Z,social,-0.8364
tok22,2023-01-29T12:00:00Z,flow,-0.1715
tok22,2023-01-29T12:00:00Z,social,-0.5794
tok22,2023-02-05T12:00:00Z,flow,0.3509
tok22,2023-02-05T12:00:00Z,social,-1.3443
tok22,2023-02-12T12:00:00Z,flow,2.9616
tok22,2023-02-12T12:00:00Z,social,-1.0753
tok22,2023-02-19T12:00:00Z,flow,0.4845
tok22,2023-02-19T12:00:00Z,social,0.8773
tok22,2023-02-26T12:00:00Z,flow,-0.6788
tok22,2023-02-26T12:00:00Z,social,-0.4505
tok22,2023-03-05T12:00:00Z,flow,0.2054
tok22,2023-03-05T12:00:00Z,social,-0.7939
tok22,2023-03-12T12:00:00Z,flow,-0.0015
tok22,2023-03-12T12:00:00Z,social,-0.4442
tok22,2023-03-19T12:00:00Z,flow,0.4248
tok22,2023-03-19T12:00:00Z,social,0.4957
tok22,2023-03-26T12:00:00Z,flow,0.5372
tok22,2023-03-26T12:00:00Z,social,0.4493
tok22,2023-04-02T12:00:00Z,flow,0.5457
tok22,2023-04-02T12:00:00Z,social,0.1094
tok22,2023-04-09T12:00:00Z,flow,-1.766
tok22,2023-04-09T12:00:00Z,social,0.402
tok22,2023-04-16T12:00:00Z,flow,1.4199
tok22,2023-04-16T12:00:00Z,social,1.5418
tok22,2023-04-23T12:00:00Z,flow,-0.3578
tok22,2023-04-23T12:00:00Z,social,-1.1678
tok22,2023-04-30T12:00:00Z,flow,-0.7519
tok22,2023-04-30T12:00:00Z,social,-0.185
tok22,2023-05-07T12:00:00Z,flow,-2.0194
tok22,2023-05-07T12:00:00Z,social,0.2987
tok22,2023-05-14T12:00:00Z,flow,-0.8591
tok22,2023-05-14T12:00:00Z,social,-0.528
tok22,2023-05-21T12:00:00Z,flow,0.2452
tok22,2023-05-21T12:00:00Z,social,-1.2339
tok22,2023-05-28T12:00:00Z,flow,0.2181
tok22,2023-05-28T12:00:00Z,social,0.201
tok22,2023-06-04T12:00:00Z,flow,-1.9189
tok22,2023-06-04T12:00:00Z,social,0.3745
tok22,2023-06-11T12:00:00Z,flow,-0.2611
tok22,2023-06-11T12:00:00Z,social,0.2601
tok22,2023-06-18T12:00:00Z,flow,-0.8618
tok22,2023-06-18T12:00:00Z,social,1.686
tok22,2023-06-25T12:00:00Z,flow,-0.7974
tok22,2023-06-25T12:00:00Z,social,0.1515
tok22,2023-07-02T12:00:00Z,flow,0.075
tok22,2023-07-02T12:00:00Z,social,0.049
tok22,2023-07-09T12:00:00Z,flow,-0.6109
tok22,2023-07-09T12:00:00Z,social,0.7134
tok22,2023-07-16T12:00:00Z,flow,0.3216
tok22,2023-07-16T12:00:00Z,social,0.9604
tok22,2023-07-23T12:00:00Z,flow,1.2792
tok22,2023-07-23T12:00:00Z,social,0.5319
tok22,2023-07-30T12:00:00Z,flow,0.5888
tok22,2023-07-30T12:00:00Z,social,-0.6492
tok22,2023-08-06T12:00:00Z,flow,0.7792
tok22,2023-08-06T12:00:00Z,social,-0.2696
tok22,2023-08-13T12:00:00Z,flow,0.5941
tok22,2023-08-13T12:00:00Z,social,0.5067
tok22,2023-08-20T12:00:00Z,flow,-1.2726
tok22,2023-08-20T12:00:00Z,social,-0.1646
tok22,2023-08-27T12:00:00Z,flow,0.6977
tok22,2023-08-27T12:00:00Z,social,-1.742
tok22,2023-09-03T12:00:00Z,flow,-0.0417
tok22,2023-09-03T12:00:00Z,social,-0.182
tok22,2023-09-10T12:00:00Z,flow,0.4327
tok22,2023-09-10T12:00:00Z,social,0.5432
tok22,2023-09-17T12:00:00Z,flow,0.7455
tok22,2023-09-17T12:00:00Z,social,1.2226
tok22,2023-09-24T12:00:00Z,flow,-0.6581
tok22,2023-09-24T12:00:00Z,social,0.586
tok22,2023-10-01T12:00:00Z,flow,-0.5248
tok22,2023-10-01T12:00:00Z,social,-1.0044
tok22,2023-10-08T12:00:00Z,flow,-0.0008
tok22,2023-10-08T12:00:00Z,social,-1.4817
tok22,2023-10-15T12:00:00Z,flow,0.5603
tok22,2023-10-15T12:00:00Z,social,-1.5041
tok22,2023-10-22T12:00:00Z,flow,-1.1057
tok22,2023-10-22T12:00:00Z,social,0.4591
tok22,2023-10-29T12:00:00Z,flow,-0.1931
tok22,2023-10-29T12:00:00Z,social,-0.8491
tok22,2023-11-05T12:00:00Z,flow,-0.8645
tok22,2023-11-05T12:00:00Z,social,1.1258
tok22,2023-11-12T12:00:00Z,flow,2.3413
tok22,2023-11-12T12:00:00Z,social,-2.5924
tok22,2023-11-19T12:00:00Z,flow,-1.8108
tok22,2023-11-19T12:00:00Z,social,-1.6506
tok22,2023-11-26T12:00:00Z,flow,0.4459
tok22,2023-11-26T12:00:00Z,social,2.0121
tok22,2023-12-03T12:00:00Z,flow,0.748
tok22,2023-12-03T12:00:00Z,social,0.8722
tok22,2023-12-10T12:00:00Z,flow,-0.1992
tok22,2023-12-10T12:00:00Z,social,0.1189
tok22,2023-12-17T12:00:00Z,flow,-0.7584
tok22,2023-12-17T12:00:00Z,social,1.3057
tok22,2023-12-24T12:00:00Z,flow,-1.028
tok22,2023-12-24T12:00:00Z,social,1.602
tok22,2023-12-31T12:00:00Z,flow,0.364
tok22,2023-12-31T12:00:00Z,social,-0.6387
tok23,2021-01-03T12:00:00Z,flow,1.2941
tok23,2021-01-03T12:00:00Z,social,-0.3112
tok23,2021-01-10T12:00:00Z,flow,0.7317
tok23,2021-01-10T12:00:00Z,social,-0.2723
tok23,2021-01-17T12:00:00Z,flow,-1.6308
tok23,2021-01-17T12:00:00Z,social,1.4427
tok23,2021-01-24T12:00:00Z,flow,-0.1914
tok23,2021-01-24T12:00:00Z,social,-0.3194
tok23,2021-01-31T12:00:00Z,flow,-0.0532
tok23,2021-01-31T12:00:00Z,social,-0.3382
tok23,2021-02-07T12:00:00Z,flow,-0.03
tok23,2021-02-07T12:00:00Z,social,-2.263
tok23,2021-02-14T12:00:00Z,flow,-1.0648
tok23,2021-02-14T12:00:00Z,social,3.9318
tok23,2021-02-21T12:00:00Z,flow,-0.4001
tok23,2021-02-21T12:00:00Z,social,0.0438
tok23,2021-02-28T12:00:00Z,flow,-1.7603
tok23,2021-02-28T12:00:00Z,social,0.9167
tok23,2021-03-07T12:00:00Z,flow,0.1441
tok23,2021-03-07T12:00:00Z,social,-0.346
tok23,2021-03-14T12:00:00Z,flow,-0.9083
tok23,2021-03-14T12:00:00Z,social,0.3855
tok23,2021-03-21T12:00:00Z,flow,0.8437
tok23,2021-03-21T12:00:00Z,social,1.2443
tok23,2021-03-28T12:00:00Z,flow,-0.0015
tok23,2021-03-28T12:00:00Z,social,0.0459
tok23,2021-04-04T12:00:00Z,flow,-1.1958
tok23,2021-04-04T12:00:00Z,social,0.9519
tok23,2021-04-11T12:00:00Z,flow,1.0903
tok23,2021-04-11T12:00:00Z,social,0.6581
tok23,2021-04-18T12:00:00Z,flow,-0.0094
tok23,2021-04-18T12:00:00Z,social,-0.5755
tok23,2021-04-25T12:00:00Z,flow,-1.3874
tok23,2021-04-25T12:00:00Z,social,-0.653
tok23,2021-05-02T12:00:00Z,flow,-0.5784
tok23,2021-05-02T12:00:00Z,social,-1.3454
tok23,2021-05-09T12:00:00Z,flow,1.0455
tok23,2021-05-09T12:00:00Z,social,0.9484
tok23,2021-05-16T12:00:00Z,flow,-0.3321
tok23,2021-05-16T12:00:00Z,social,1.55
tok23,2021-05-23T12:00:00Z,flow,-0.305
tok23,2021-05-23T12:00:00Z,social,0.173
tok23,2021-05-30T12:00:00Z,flow,-1.0699
tok23,2021-05-30T12:00:00Z,social,-0.0037
tok23,2021-06-06T12:00:00Z,flow,-1.1007
tok23,2021-06-06T12:00:00Z,social,-0.2767
tok23,2021-06-13T12:00:00Z,flow,1.5607
tok23,2021-06-13T12:00:00Z,social,0.23
tok23,2021-06-20T12:00:00Z,flow,-0.5293
tok23,2021-06-20T12:00:00Z,social,-0.5228
tok23,2021-06-27T12:00:00Z,flow,-0.7622
tok23,2021-06-27T12:00:00Z,social,-0.9328
tok23,2021-07-04T12:00:00Z,flow,-2.6089
tok23,2021-07-04T12:00:00Z,social,-0.0837
tok23,2021-07-11T12:00:00Z,flow,0.4082
tok23,2021-07-11T12:00:00Z,social,0.6719
tok23,2021-07-18T12:00:00Z,flow,-0.3989
tok23,2021-07-18T12:00:00Z,social,0.1225
tok23,2021-07-25T12:00:00Z,flow,-0.3524
tok23,2021-07-25T12:00:00Z,social,-0.9501
tok23,2021-08-01T12:00:00Z,flow,1.0175
tok23,2021-08-01T12:00:00Z,social,1.5619
tok23,2021-08-08T12:00:00Z,flow,0.3346
tok23,2021-08-08T12:00:00Z,social,-0.2339
tok23,2021-08-15T12:00:00Z,flow,0.8815
tok23,2021-08-15T12:00:00Z,social,0.6815
tok23,2021-08-22T12:00:00Z,flow,-1.4423
tok23,2021-08-22T12:00:00Z,social,-0.747
tok23,2021-08-29T12:00:00Z,flow,-0.1076
tok23,2021-08-29T12:00:00Z,social,0.5724
tok23,2021-09-05T12:00:00Z,flow,-0.1273
tok23,2021-09-05T12:00:00Z,social,1.5786
tok23,2021-09-12T12:00:00Z,flow,0.7288
tok23,2021-09-12T12:00:00Z,social,0.9707
tok23,2021-09-19T12:00:00Z,flow,0.7652
tok23,2021-09-19T12:00:00Z,social,-0.8452
tok23,2021-09-26T12:00:00Z,flow,-1.3887
tok23,2021-09-26T12:00:00Z,social,-0.8129
tok23,2021-10-03T12:00:00Z,flow,-0.1581
tok23,2021-10-03T12:00:00Z,social,-0.4553
tok23,2021-10-10T12:00:00Z,flow,0.4496
tok23,2021-10-10T12:00:00Z,social,-0.3573
tok23,2021-10-17T12:00:00Z,flow,0.5452
tok23,2021-10-17T12:00:00Z,social,-0.2628
tok23,2021-10-24T12:00:00Z,flow,-1.3063
tok23,2021-10-24T12:00:00Z,social,1.1364
tok23,2021-10-31T12:00:00Z,flow,1.2441
tok23,2021-10-31T12:00:00Z,social,0.2046
tok23,2021-11-07T12:00:00Z,flow,-0.4978
tok23,2021-11-07T12:00:00Z,social,0.4158
tok23,2021-11-14T12:00:00Z,flow,0.7239
tok23,2021-11-14T12:00:00Z,social,-0.1925
tok23,2021-11-21T12:00:00Z,flow,2.6581
tok23,2021-11-21T12:00:00Z,social,0.4637
tok23,2021-11-28T12:00:00Z,flow,-0.3117
tok23,2021-11-28T12:00:00Z,social,-0.2784
tok23,2021-12-05T12:00:00Z,flow,-0.8453
tok23,2021-12-05T12:00:00Z,social,0.3308
tok23,2021-12-12T12:00:00Z,flow,1.4021
tok23,2021-12-12T12:00:00Z,social,0.249
tok23,2021-12-19T12:00:00Z,flow,-0.3096
tok23,2021-12-19T12:00:00Z,social,0.4568
tok23,2021-12-26T12:00:00Z,flow,0.7205
tok23,2021-12-26T12:00:00Z,social,-0.0052
tok23,2022-01-02T12:00:00Z,flow,-0.0906
tok23,2022-01-02T12:00:00Z,social,-0.2729
tok23,2022-01-09T12:00:00Z,flow,0.2157
tok23,2022-01-09T12:00:00Z,social,0.1854
tok23,2022-01-16T12:00:00Z,flow,-0.1265
tok23,2022-01-16T12:00:00Z,social,-0.7001
tok23,2022-01-23T12:00:00Z,flow,-0.4273
tok23,2022-01-23T12:00:00Z,social,2.0489
tok23,2022-01-30T12:00:00Z,flow,-1.4525
tok23,2022-01-30T12:00:00Z,social,0.4212
tok23,2022-02-06T12:00:00Z,flow,-0.1903
tok23,2022-02-06T12:00:00Z,social,-0.7287
tok23,2022-02-13T12:00:00Z,flow,-0.1396
tok23,2022-02-13T12:00:00Z,social,-0.3073
tok23,2022-02-20T12:00:00Z,flow,-1.0826
tok23,2022-02-20T12:00:00Z,social,-0.007
tok23,2022-02-27T12:00:00Z,flow,1.1414
tok23,2022-02-27T12:00:00Z,social,0.522
tok23,2022-03-06T12:00:00Z,flow,-0.6993
tok23,2022-03-06T12:00:00Z,social,-1.7806
tok23,2022-03-13T12:00:00Z,flow,0.6115
tok23,2022-03-13T12:00:00Z,social,1.1904
tok23,2022-03-20T12:00:00Z,flow,-0.5515
tok23,2022-03-20T12:00:00Z,social,0.6371
tok23,2022-03-27T12:00:00Z,flow,0.0257
tok23,2022-03-27T12:00:00Z,social,-0.7635
tok23,2022-04-03T12:00:00Z,flow,1.2621
tok23,2022-04-03T12:00:00Z,social,0.1056
tok23,2022-04-10T12:00:00Z,flow,-0.8642
tok23,2022-04-10T12:00:00Z,social,0.0441
tok23,2022-04-17T12:00:00Z,flow,1.1526
tok23,2022-04-17T12:00:00Z,social,0.0048
tok23,2022-04-24T12:00:00Z,flow,0.5675
tok23,2022-04-24T12:00:00Z,social,0.713
tok23,2022-05-01T12:00:00Z,flow,-0.3821
tok23,2022-05-01T12:00:00Z,social,-0.4476
tok23,2022-05-08T12:00:00Z,flow,0.42
tok23,2022-05-08T12:00:00Z,social,-0.5522
tok23,2022-05-15T12:00:00Z,flow,-0.7022
tok23,2022-05-15T12:00:00Z,social,0.8792
tok23,2022-05-22T12:00:00Z,flow,1.0662
tok23,2022-05-22T12:00:00Z,social,0.3506
tok23,2022-05-29T12:00:00Z,flow,0.8859
tok23,2022-05-29T12:00:00Z,social,-0.1438
tok23,2022-06-05T12:00:00Z,flow,-0.6669
tok23,2022-06-05T12:00:00Z,social,-0.396
tok23,2022-06-12T12:00:00Z,flow,-0.267
tok23,2022-06-12T12:00:00Z,social,0.4631
tok23,2022-06-19T12:00:00Z,flow,-0.1264
tok23,2022-06-19T12:00:00Z,social,-0.0872
tok23,2022-06-26T12:00:00Z,flow,0.1524
tok23,2022-06-26T12:00:00Z,social,-0.5485
tok23,2022-07-03T12:00:00Z,flow,-1.5664
tok23,2022-07-03T12:00:00Z,social,-1.619
tok23,2022-07-10T12:00:00Z,flow,-0.1574
tok23,2022-07-10T12:00:00Z,social,1.6075
tok23,2022-07-17T12:00:00Z,flow,-0.1887
tok23,2022-07-17T12:00:00Z,social,-1.6318
tok23,2022-07-24T12:00:00Z,flow,-2.2264
tok23,2022-07-24T12:00:00Z,social,1.107
tok23,2022-07-31T12:00:00Z,flow,-0.3694
tok23,2022-07-31T12:00:00Z,social,0.4149
tok23,2022-08-07T12:00:00Z,flow,1.6143
tok23,2022-08-07T12:00:00Z,social,0.5531
tok23,2022-08-14T12:00:00Z,flow,0.2374
tok23,2022-08-14T12:00:00Z,social,-0.9861
tok23,2022-08-21T12:00:00Z,flow,-0.199
tok23,2022-08-21T12:00:00Z,social,1.7717
tok23,2022-08-28T12:00:00Z,flow,-0.0889
tok23,2022-08-28T12:00:00Z,social,1.1936
tok23,2022-09-04T12:00:00Z,flow,0.528
tok23,2022-09-04T12:00:00Z,social,0.2517
tok23,2022-09-11T12:00:00Z,flow,-0.3482
tok23,2022-09-11T12:00:00Z,social,-0.6128
tok23,2022-09-18T12:00:00Z,flow,-0.0361
tok23,2022-09-18T12:00:00Z,social,-1.042
tok23,2022-09-25T12:00:00Z,flow,0.1631
tok23,2022-09-25T12:00:00Z,social,0.3247
tok23,2022-10-02T12:00:00Z,flow,-0.589
tok23,2022-10-02T12:00:00Z,social,-0.8621
tok23,2022-10-09T12:00:00Z,flow,-1.0675
tok23,2022-10-09T12:00:00Z,social,-0.8959
tok23,2022-10-16T12:00:00Z,flow,0.0068
tok23,2022-10-16T12:00:00Z,social,-1.861
tok23,2022-10-23T12:00:00Z,flow,0.6573
tok23,2022-10-23T12:00:00Z,social,-0.3596
tok23,2022-10-30T12:00:00Z,flow,0.4388
tok23,2022-10-30T12:00:00Z,social,0.1572
tok23,2022-11-06T12:00:00Z,flow,-0.2028
tok23,2022-11-06T12:00:00Z,social,0.0773
tok23,2022-11-13T12:00:00Z,flow,0.284
tok23,2022-11-13T12:00:00Z,social,0.2642
tok23,2022-11-20T12:00:00Z,flow,0.0218
tok23,2022-11-20T12:00:00Z,social,0.9873
tok23,2022-11-27T12:00:00Z,flow,-0.643
tok23,2022-11-27T12:00:00Z,social,-1.2954
tok23,2022-12-04T12:00:00Z,flow,-0.6721
tok23,2022-12-04T12:00:00Z,social,1.5808
tok23,2022-12-11T12:00:00Z,flow,-0.5038
tok23,2022-12-11T12:00:00Z,social,-1.3958
tok23,2022-12-18T12:00:00Z,flow,-0.7712
tok23,2022-12-18T12:00:00Z,social,0.3518
tok23,2022-12-25T12:00:00Z,flow,1.0055
tok23,2022-12-25T12:00:00Z,social,-0.9169
tok23,2023-01-01T12:00:00Z,flow,-0.292
tok23,2023-01-01T12:00:00Z,social,-0.9051
tok23,2023-01-08T12:00:00Z,flow,0.1477
tok23,2023-01-08T12:00:00Z,social,-1.4112
tok23,2023-01-15T12:00:00Z,flow,0.0464
tok23,2023-01-15T12:00:00Z,social,0.9566
tok23,2023-01-22T12:00:00Z,flow,-0.608
tok23,2023-01-22T12:00:00Z,social,-1.7224
tok23,2023-01-29T12:00:00Z,flow,0.0108
tok23,2023-01-29T12:00:00Z,social,-0.2712
tok23,2023-02-05T12:00:00Z,flow,-0.2104
tok23,2023-02-05T12:00:00Z,social,0.963
tok23,2023-02-12T12:00:00Z,flow,0.3593
tok23,2023-02-12T12:00:00Z,social,1.1563
tok23,2023-02-19T12:00:00Z,flow,0.3291
tok23,2023-02-19T12:00:00Z,social,0.6112
tok23,2023-02-26T12:00:00Z,flow,1.5899
tok23,2023-02-26T12:00:00Z,social,0.2943
tok23,2023-03-05T12:00:00Z,flow,1.343
tok23,2023-03-05T12:00:00Z,social,1.0129
tok23,2023-03-12T12:00:00Z,flow,-1.0496
tok23,2023-03-12T12:00:00Z,social,0.5664
tok23,2023-03-19T12:00:00Z,flow,0.9357
tok23,2023-03-19T12:00:00Z,social,0.643
tok23,2023-03-26T12:00:00Z,flow,-0.8746
tok23,2023-03-26T12:00:00Z,social,0.0809
tok23,2023-04-02T12:00:00Z,flow,0.9931
tok23,2023-04-02T12:00:00Z,social,1.0573
tok23,2023-04-09T12:00:00Z,flow,-0.3468
tok23,2023-04-09T12:00:00Z,social,-0.6094
tok23,2023-04-16T12:00:00Z,flow,0.0955
tok23,2023-04-16T12:00:00Z,social,-0.1006
tok23,2023-04-23T12:00:00Z,flow,0.065
tok23,2023-04-23T12:00:00Z,social,0.9549
tok23,2023-04-30T12:00:00Z,flow,0.5192
tok23,2023-04-30T12:00:00Z,social,-0.0569
tok23,2023-05-07T12:00:00Z,flow,-0.443
tok23,2023-05-07T12:00:00Z,social,0.5479
tok23,2023-05-14T12:00:00Z,flow,0.1616
tok23,2023-05-14T12:00:00Z,social,-0.8931
tok23,2023-05-21T12:00:00Z,flow,-0.1809
tok23,2023-05-21T12:00:00Z,social,2.5561
tok23,2023-05-28T12:00:00Z,flow,0.3921
tok23,2023-05-28T12:00:00Z,social,1.902
tok23,2023-06-04T12:00:00Z,flow,0.1973
tok23,2023-06-04T12:00:00Z,social,-0.4143
tok23,2023-06-11T12:00:00Z,flow,-0.0982
tok23,2023-06-11T12:00:00Z,social,0.0608
tok23,2023-06-18T12:00:00Z,flow,-0.8036
tok23,2023-06-18T12:00:00Z,social,-0.0942
tok23,2023-06-25T12:00:00Z,flow,-0.3845
tok23,2023-06-25T12:00:00Z,social,0.0082
tok23,2023-07-02T12:00:00Z,flow,0.1985
tok23,2023-07-02T12:00:00Z,social,-0.9114
tok23,2023-07-09T12:00:00Z,flow,-0.197
tok23,2023-07-09T12:00:00Z,social,-1.5228
tok23,2023-07-16T12:00:00Z,flow,0.665
tok23,2023-07-16T12:00:00Z,social,-1.7686
tok23,2023-07-23T12:00:00Z,flow,0.1337
tok23,2023-07-23T12:00:00Z,social,1.7853
tok23,2023-07-30T12:00:00Z,flow,-1.0941
tok23,2023-07-30T12:00:00Z,social,-0.2824
tok23,2023-08-06T12:00:00Z,flow,-1.8447
tok23,2023-08-06T12:00:00Z,social,0.1179
tok23,2023-08-13T12:00:00Z,flow,1.0395
tok23,2023-08-13T12:00:00Z,social,-0.3275
tok23,2023-08-20T12:00:00Z,flow,-0.3025
tok23,2023-08-20T12:00:00Z,social,0.4623
tok23,2023-08-27T12:00:00Z,flow,0.8215
tok23,2023-08-27T12:00:00Z,social,2.5271
tok23,2023-09-03T12:00:00Z,flow,0.5441
tok23,2023-09-03T12:00:00Z,social,-0.167
tok23,2023-09-10T12:00:00Z,flow,1.003
tok23,2023-09-10T12:00:00Z,social,0.8315
tok23,2023-09-17T12:00:00Z,flow,-1.4841
tok23,2023-09-17T12:00:00Z,social,-0.7571
tok23,2023-09-24T12:00:00Z,flow,-0.5553
tok23,2023-09-24T12:00:00Z,social,0.9235
tok23,2023-10-01T12:00:00Z,flow,-0.1925
tok23,2023-10-01T12:00:00Z,social,2.1731
tok23,2023-10-08T12:00:00Z,flow,-0.4803
tok23,2023-10-08T12:00:00Z,social,0.0259
tok23,2023-10-15T12:00:00Z,flow,1.3005
tok23,2023-10-15T12:00:00Z,social,-1.1693
tok23,2023-10-22T12:00:00Z,flow,-1.0368
tok23,2023-10-22T12:00:00Z,social,0.2766
tok23,2023-10-29T12:00:00Z,flow,0.3161
tok23,2023-10-29T12:00:00Z,social,-1.1298
tok23,2023-11-05T12:00:00Z,flow,-1.8582
tok23,2023-11-05T12:00:00Z,social,0.2096
tok23,2023-11-12T12:00:00Z,flow,0.6308
tok23,2023-11-12T12:00:00Z,social,-0.8712
tok23,2023-11-19T12:00:00Z,flow,0.2102
tok23,2023-11-19T12:00:00Z,social,-1.3215
tok23,2023-11-26T12:00:00Z,flow,-0.4562
tok23,2023-11-26T12:00:00Z,social,-2.7161
tok23,2023-12-03T12:00:00Z,flow,0.4276
tok23,2023-12-03T12:00:00Z,social,1.2141
tok23,2023-12-10T12:00:00Z,flow,-1.7411
tok23,2023-12-10T12:00:00Z,social,-1.6313
tok23,2023-12-17T12:00:00Z,flow,-0.1813
tok23,2023-12-17T12:00:00Z,social,0.3443
tok23,2023-12-24T12:00:00Z,flow,0.6363
tok23,2023-12-24T12:00:00Z,social,-1.3983
tok23,2023-12-31T12:00:00Z,flow,-1.6237
tok23,2023-12-31T12:00:00Z,social,-1.0937
tok24,2021-01-03T12:00:00Z,flow,1.0067
tok24,2021-01-03T12:00:00Z,social,-1.1107
tok24,2021-01-10T12:00:00Z,flow,-0.5014
tok24,2021-01-10T12:00:00Z,social,1.2029
tok24,2021-01-17T12:00:00Z,flow,-1.1952
tok24,2021-01-17T12:00:00Z,social,-0.8566
tok24,2021-01-24T12:00:00Z,flow,0.8521
tok24,2021-01-24T12:00:00Z,social,0.0923
tok24,2021-01-31T12:00:00Z,flow,-0.0539
tok24,2021-01-31T12:00:00Z,social,-0.338
tok24,2021-02-07T12:00:00Z,flow,0.174
tok24,2021-02-07T12:00:00Z,social,-1.2218
tok24,2021-02-14T12:00:00Z,flow,0.3728
tok24,2021-02-14T12:00:00Z,social,-1.3922
tok24,2021-02-21T12:00:00Z,flow,-2.0193
tok24,2021-02-21T12:00:00Z,social,-0.1432
tok24,2021-02-28T12:00:00Z,flow,-1.0309
tok24,2021-02-28T12:00:00Z,social,-1.1797
tok24,2021-03-07T12:00:00Z,flow,0.7821
tok24,2021-03-07T12:00:00Z,social,0.5044
tok24,2021-03-14T12:00:00Z,flow,-0.3844
tok24,2021-03-14T12:00:00Z,social,0.6089
tok24,2021-03-21T12:00:00Z,flow,0.4162
tok24,2021-03-21T12:00:00Z,social,0.4611
tok24,2021-03-28T12:00:00Z,flow,0.9902
tok24,2021-03-28T12:00:00Z,social,-2.6893
tok24,2021-04-04T12:00:00Z,flow,-0.3264
tok24,2021-04-04T12:00:00Z,social,0.1997
tok24,2021-04-11T12:00:00Z,flow,1.3755
tok24,2021-04-11T12:00:00Z,social,-0.7685
tok24,2021-04-18T12:00:00Z,flow,-1.5224
tok24,2021-04-18T12:00:00Z,social,-1.164
tok24,2021-04-25T12:00:00Z,flow,-1.0775
tok24,2021-04-25T12:00:00Z,social,1.5015
tok24,2021-05-02T12:00:00Z,flow,0.6073
tok24,2021-05-02T12:00:00Z,social,0.467
tok24,2021-05-09T12:00:00Z,flow,0.9325
tok24,2021-05-09T12:00:00Z,social,1.3829
tok24,2021-05-16T12:00:00Z,flow,-1.4265
tok24,2021-05-16T12:00:00Z,social,-0.979
tok24,2021-05-23T12:00:00Z,flow,-0.6808
tok24,2021-05-23T12:00:00Z,social,-0.2667
tok24,2021-05-30T12:00:00Z,flow,-0.5289
tok24,2021-05-30T12:00:00Z,social,0.8281
tok24,2021-06-06T12:00:00Z,flow,1.4892
tok24,2021-06-06T12:00:00Z,social,-0.3114
tok24,2021-06-13T12:00:00Z,flow,0.2739
tok24,2021-06-13T12:00:00Z,social,0.0219
tok24,2021-06-20T12:00:00Z,flow,-1.0835
tok24,2021-06-20T12:00:00Z,social,-1.0396
tok24,2021-06-27T12:00:00Z,flow,-1.4929
tok24,2021-06-27T12:00:00Z,social,-0.2467
tok24,2021-07-04T12:00:00Z,flow,-1.7766
tok24,2021-07-04T12:00:00Z,social,0.6349
tok24,2021-07-11T12:00:00Z,flow,1.2738
tok24,2021-07-11T12:00:00Z,social,-0.0833
tok24,2021-07-18T12:00:00Z,flow,0.5678
tok24,2021-07-18T12:00:00Z,social,-2.0979
tok24,2021-07-25T12:00:00Z,flow,-0.5043
tok24,2021-07-25T12:00:00Z,social,-1.0783
tok24,2021-08-01T12:00:00Z,flow,-1.3066
tok24,2021-08-01T12:00:00Z,social,-1.9514
tok24,2021-08-08T12:00:00Z,flow,-0.4909
tok24,2021-08-08T12:00:00Z,social,0.9676
tok24,2021-08-15T12:00:00Z,flow,0.271
tok24,2021-08-15T12:00:00Z,social,0.3861
tok24,2021-08-22T12:00:00Z,flow,-1.9275
tok24,2021-08-22T12:00:00Z,social,1.0789
tok24,2021-08-29T12:00:00Z,flow,-2.9052
tok24,2021-08-29T12:00:00Z,social,0.7056
tok24,2021-09-05T12:00:00Z,flow,-1.4106
tok24,2021-09-05T12:00:00Z,social,1.8112
tok24,2021-09-12T12:00:00Z,flow,-0.2212
tok24,2021-09-12T12:00:00Z,social,0.2083
tok24,2021-09-19T12:00:00Z,flow,0.093
tok24,2021-09-19T12:00:00Z,social,-0.9043
tok24,2021-09-26T12:00:00Z,flow,0.5954
tok24,2021-09-26T12:00:00Z,social,-0.4468
tok24,2021-10-03T12:00:00Z,flow,0.6559
tok24,2021-10-03T12:00:00Z,social,-0.1945
tok24,2021-10-10T12:00:00Z,flow,1.4722
tok24,2021-10-10T12:00:00Z,social,-0.2527
tok24,2021-10-17T12:00:00Z,flow,1.2355
tok24,2021-10-17T12:00:00Z,social,0.2251
tok24,2021-10-24T12:00:00Z,flow,0.5681
tok24,2021-10-24T12:00:00Z,social,-0.6707
tok24,2021-10-31T12:00:00Z,flow,0.7554
tok24,2021-10-31T12:00:00Z,social,0.4826
tok24,2021-11-07T12:00:00Z,flow,0.2416
tok24,2021-11-07T12:00:00Z,social,-0.045
tok24,2021-11-14T12:00:00Z,flow,-0.211
tok24,2021-11-14T12:00:00Z,social,1.2254
tok24,2021-11-21T12:00:00Z,flow,-1.8983
tok24,2021-11-21T12:00:00Z,social,1.8317
tok24,2021-11-28T12:00:00Z,flow,-1.2167
tok24,2021-11-28T12:00:00Z,social,0.3145
tok24,2021-12-05T12:00:00Z,flow,0.4076
tok24,2021-12-05T12:00:00Z,social,-0.1806
tok24,2021-12-12T12:00:00Z,flow,-0.9165
tok24,2021-12-12T12:00:00Z,social,1.1792
tok24,2021-12-19T12:00:00Z,flow,-0.6193
tok24,2021-12-19T12:00:00Z,social,1.7223
tok24,2021-12-26T12:00:00Z,flow,1.2898
tok24,2021-12-26T12:00:00Z,social,-0.8779
tok24,2022-01-02T12:00:00Z,flow,0.5498
tok24,2022-01-02T12:00:00Z,social,0.3135
tok24,2022-01-09T12:00:00Z,flow,-1.7688
tok24,2022-01-09T12:00:00Z,social,2.3659
tok24,2022-01-16T12:00:00Z,flow,-0.0642
tok24,2022-01-16T12:00:00Z,social,-0.4255
tok24,2022-01-23T12:00:00Z,flow,0.675
tok24,2022-01-23T12:00:00Z,social,-0.7892
tok24,2022-01-30T12:00:00Z,flow,-0.592
tok24,2022-01-30T12:00:00Z,social,-1.0708
tok24,2022-02-06T12:00:00Z,flow,1.1613
tok24,2022-02-06T12:00:00Z,social,-0.3904
tok24,2022-02-13T12:00:00Z,flow,1.7063
tok24,2022-02-13T12:00:00Z,social,1.9671
tok24,2022-02-20T12:00:00Z,flow,-1.0106
tok24,2022-02-20T12:00:00Z,social,0.4795
tok24,2022-02-27T12:00:00Z,flow,2.6186
tok24,2022-02-27T12:00:00Z,social,1.0915
tok24,2022-03-06T12:00:00Z,flow,1.8621
tok24,2022-03-06T12:00:00Z,social,0.648
tok24,2022-03-13T12:00:00Z,flow,-0.3565
tok24,2022-03-13T12:00:00Z,social,0.0495
tok24,2022-03-20T12:00:00Z,flow,0.5063
tok24,2022-03-20T12:00:00Z,social,0.3496
tok24,2022-03-27T12:00:00Z,flow,-0.0698
tok24,2022-03-27T12:00:00Z,social,0.1912
tok24,2022-04-03T12:00:00Z,flow,-0.257
tok24,2022-04-03T12:00:00Z,social,0.4071
tok24,2022-04-10T12:00:00Z,flow,-0.0528
tok24,2022-04-10T12:00:00Z,social,-1.2179
tok24,2022-04-17T12:00:00Z,flow,0.3228
tok24,2022-04-17T12:00:00Z,social,0.8191
tok24,2022-04-24T12:00:00Z,flow,-0.1411
tok24,2022-04-24T12:00:00Z,social,-0.1509
tok24,2022-05-01T12:00:00Z,flow,-1.2965
tok24,2022-05-01T12:00:00Z,social,0.7695
tok24,2022-05-08T12:00:00Z,flow,-0.1457
tok24,2022-05-08T12:00:00Z,social,0.9795
tok24,2022-05-15T12:00:00Z,flow,1.0263
tok24,2022-05-15T12:00:00Z,social,0.5656
tok24,2022-05-22T12:00:00Z,flow,-1.8805
tok24,2022-05-22T12:00:00Z,social,-1.9039
tok24,2022-05-29T12:00:00Z,flow,-1.8245
tok24,2022-05-29T12:00:00Z,social,0.0179
tok24,2022-06-05T12:00:00Z,flow,-0.0609
tok24,2022-06-05T12:00:00Z,social,-0.4225
tok24,2022-06-12T12:00:00Z,flow,1.151
tok24,2022-06-12T12:00:00Z,social,0.3247
tok24,2022-06-19T12:00:00Z,flow,-1.6933
tok24,2022-06-19T12:00:00Z,social,-0.1753
tok24,2022-06-26T12:00:00Z,flow,0.736
tok24,2022-06-26T12:00:00Z,social,-0.6803
tok24,2022-07-03T12:00:00Z,flow,-1.235
tok24,2022-07-03T12:00:00Z,social,-0.4533
tok24,2022-07-10T12:00:00Z,flow,0.6431
tok24,2022-07-10T12:00:00Z,social,-0.446
tok24,2022-07-17T12:00:00Z,flow,-1.0611
tok24,2022-07-17T12:00:00Z,social,-2.0798
tok24,2022-07-24T12:00:00Z,flow,0.2475
tok24,2022-07-24T12:00:00Z,social,0.2931
tok24,2022-07-31T12:00:00Z,flow,-0.0158
tok24,2022-07-31T12:00:00Z,social,-1.5122
tok24,2022-08-07T12:00:00Z,flow,1.0094
tok24,2022-08-07T12:00:00Z,social,-1.3244
tok24,2022-08-14T12:00:00Z,flow,0.3512
tok24,2022-08-14T12:00:00Z,social,-0.2642
tok24,2022-08-21T12:00:00Z,flow,1.0963
tok24,2022-08-21T12:00:00Z,social,0.2691
tok24,2022-08-28T12:00:00Z,flow,1.0063
tok24,2022-08-28T12:00:00Z,social,-1.5746
tok24,2022-09-04T12:00:00Z,flow,0.1292
tok24,2022-09-04T12:00:00Z,social,2.1019
tok24,2022-09-11T12:00:00Z,flow,0.9722
tok24,2022-09-11T12:00:00Z,social,0.4886
tok24,2022-09-18T12:00:00Z,flow,-0.2541
tok24,2022-09-18T12:00:00Z,social,-0.7025
tok24,2022-09-25T12:00:00Z,flow,0.6823
tok24,2022-09-25T12:00:00Z,social,0.4363
tok24,2022-10-02T12:00:00Z,flow,0.9603
tok24,2022-10-02T12:00:00Z,social,0.5328
tok24,2022-10-09T12:00:00Z,flow,-0.6142
tok24,2022-10-09T12:00:00Z,social,0.137
tok24,2022-10-16T12:00:00Z,flow,-0.5155
tok24,2022-10-16T12:00:00Z,social,-1.673
tok24,2022-10-23T12:00:00Z,flow,-0.7835
tok24,2022-10-23T12:00:00Z,social,-1.1457
tok24,2022-10-30T12:00:00Z,flow,-0.7348
tok24,2022-10-30T12:00:00Z,social,-0.7038
tok24,2022-11-06T12:00:00Z,flow,-0.8847
tok24,2022-11-06T12:00:00Z,social,-1.6381
tok24,2022-11-13T12:00:00Z,flow,-0.925
tok24,2022-11-13T12:00:00Z,social,0.3832
tok24,2022-11-20T12:00:00Z,flow,-0.3279
tok24,2022-11-20T12:00:00Z,social,-1.4642
tok24,2022-11-27T12:00:00Z,flow,-1.6845
tok24,2022-11-27T12:00:00Z,social,1.3807
tok24,2022-12-04T12:00:00Z,flow,2.0271
tok24,2022-12-04T12:00:00Z,social,-0.7557
tok24,2022-12-11T12:00:00Z,flow,2.2693
tok24,2022-12-11T12:00:00Z,social,-0.5475
tok24,2022-12-18T12:00:00Z,flow,2.0806
tok24,2022-12-18T12:00:00Z,social,-2.7228
tok24,2022-12-25T12:00:00Z,flow,-0.7559
tok24,2022-12-25T12:00:00Z,social,-0.1289
tok24,2023-01-01T12:00:00Z,flow,-0.5963
tok24,2023-01-01T12:00:00Z,social,0.4053
tok24,2023-01-08T12:00:00Z,flow,-1.1665
tok24,2023-01-08T12:00:00Z,social,-0.5601
tok24,2023-01-15T12:00:00Z,flow,0.0037
tok24,2023-01-15T12:00:00Z,social,-1.0144
tok24,2023-01-22T12:00:00Z,flow,-0.3116
tok24,2023-01-22T12:00:00Z,social,-1.0218
tok24,2023-01-29T12:00:00Z,flow,0.042
tok24,2023-01-29T12:00:00Z,social,-0.1255
tok24,2023-02-05T12:00:00Z,flow,-0.6971
tok24,2023-02-05T12:00:00Z,social,-2.7098
tok24,2023-02-12T12:00:00Z,flow,1.1258
tok24,2023-02-12T12:00:00Z,social,1.1691
tok24,2023-02-19T12:00:00Z,flow,-0.0986
tok24,2023-02-19T12:00:00Z,social,1.1759
tok24,2023-02-26T12:00:00Z,flow,-1.0559
tok24,2023-02-26T12:00:00Z,social,-0.5576
tok24,2023-03-05T12:00:00Z,flow,0.0459
tok24,2023-03-05T12:00:00Z,social,-0.3571
tok24,2023-03-12T12:00:00Z,flow,-0.1097
tok24,2023-03-12T12:00:00Z,social,0.6103
tok24,2023-03-19T12:00:00Z,flow,-1.0933
tok24,2023-03-19T12:00:00Z,social,0.9616
tok24,2023-03-26T12:00:00Z,flow,-0.2863
tok24,2023-03-26T12:00:00Z,social,-1.3393
tok24,2023-04-02T12:00:00Z,flow,-1.8734
tok24,2023-04-02T12:00:00Z,social,1.3844
tok24,2023-04-09T12:00:00Z,flow,-0.314
tok24,2023-04-09T12:00:00Z,social,2.577
tok24,2023-04-16T12:00:00Z,flow,0.3554
tok24,2023-04-16T12:00:00Z,social,-0.1485
tok24,2023-04-23T12:00:00Z,flow,0.2563
tok24,2023-04-23T12:00:00Z,social,-0.7055
tok24,2023-04-30T12:00:00Z,flow,0.4765
tok24,2023-04-30T12:00:00Z,social,-0.6193
tok24,2023-05-07T12:00:00Z,flow,1.2052
tok24,2023-05-07T12:00:00Z,social,-1.2037
tok24,2023-05-14T12:00:00Z,flow,1.5913
tok24,2023-05-14T12:00:00Z,social,0.4686
tok24,2023-05-21T12:00:00Z,flow,-1.7273
tok24,2023-05-21T12:00:00Z,social,-0.6382
tok24,2023-05-28T12:00:00Z,flow,0.2011
tok24,2023-05-28T12:00:00Z,social,0.6574
tok24,2023-06-04T12:00:00Z,flow,-0.1585
tok24,2023-06-04T12:00:00Z,social,-0.8187
tok24,2023-06-11T12:00:00Z,flow,2.4423
tok24,2023-06-11T12:00:00Z,social,0.976
tok24,2023-06-18T12:00:00Z,flow,1.5673
tok24,2023-06-18T12:00:00Z,social,-0.5796
tok24,2023-06-25T12:00:00Z,flow,-1.4179
tok24,2023-06-25T12:00:00Z,social,-0.0288
tok24,2023-07-02T12:00:00Z,flow,-0.404
tok24,2023-07-02T12:00:00Z,social,1.4918
tok24,2023-07-09T12:00:00Z,flow,-0.4577
tok24,2023-07-09T12:00:00Z,social,1.9408
tok24,2023-07-16T12:00:00Z,flow,-1.9381
tok24,2023-07-16T12:00:00Z,social,-1.355
tok24,2023-07-23T12:00:00Z,flow,-0.2679
tok24,2023-07-23T12:00:00Z,social,-2.2322
tok24,2023-07-30T12:00:00Z,flow,-0.7294
tok24,2023-07-30T12:00:00Z,social,-0.0465
tok24,2023-08-06T12:00:00Z,flow,1.2935
tok24,2023-08-06T12:00:00Z,social,-0.1133
tok24,2023-08-13T12:00:00Z,flow,-1.6186
tok24,2023-08-13T12:00:00Z,social,-0.1396
tok24,2023-08-20T12:00:00Z,flow,0.5147
tok24,2023-08-20T12:00:00Z,social,-1.2279
tok24,2023-08-27T12:00:00Z,flow,0.404
tok24,2023-08-27T12:00:00Z,social,0.3095
tok24,2023-09-03T12:00:00Z,flow,-0.2292
tok24,2023-09-03T12:00:00Z,social,0.1877
tok24,2023-09-10T12:00:00Z,flow,1.0685
tok24,2023-09-10T12:00:00Z,social,0.5181
tok24,2023-09-17T12:00:00Z,flow,1.0781
tok24,2023-09-17T12:00:00Z,social,-2.7209
tok24,2023-09-24T12:00:00Z,flow,0.61
tok24,2023-09-24T12:00:00Z,social,0.6191
tok24,2023-10-01T12:00:00Z,flow,-0.5693
tok24,2023-10-01T12:00:00Z,social,-1.198
tok24,2023-10-08T12:00:00Z,flow,0.0859
tok24,2023-10-08T12:00:00Z,social,0.9842
tok24,2023-10-15T12:00:00Z,flow,-1.1893
tok24,2023-10-15T12:00:00Z,social,-1.146
tok24,2023-10-22T12:00:00Z,flow,-0.9117
tok24,2023-10-22T12:00:00Z,social,0.2103
tok24,2023-10-29T12:00:00Z,flow,-0.6146
tok24,2023-10-29T12:00:00Z,social,-1.0832
tok24,2023-11-05T12:00:00Z,flow,0.5342
tok24,2023-11-05T12:00:00Z,social,0.0652
tok24,2023-11-12T12:00:00Z,flow,-1.7157
tok24,2023-11-12T12:00:00Z,social,-0.479
tok24,2023-11-19T12:00:00Z,flow,1.025
tok24,2023-11-19T12:00:00Z,social,0.115
tok24,2023-11-26T12:00:00Z,flow,-1.7289
tok24,2023-11-26T12:00:00Z,social,-1.3244
tok24,2023-12-03T12:00:00Z,flow,0.9643
tok24,2023-12-03T12:00:00Z,social,0.5378
tok24,2023-12-10T12:00:00Z,flow,-0.0592
tok24,2023-12-10T12:00:00Z,social,-0.4102
tok24,2023-12-17T12:00:00Z,flow,-1.6813
tok24,2023-12-17T12:00:00Z,social,-0.8929
tok24,2023-12-24T12:00:00Z,flow,0.243
tok24,2023-12-24T12:00:00Z,social,-0.8764
tok24,2023-12-31T12:00:00Z,flow,1.5042
tok24,2023-12-31T12:00:00Z,social,0.4914
tok25,2021-01-03T12:00:00Z,flow,-2.7112
tok25,2021-01-03T12:00:00Z,social,0.5063
tok25,2021-01-10T12:00:00Z,flow,0.8792
tok25,2021-01-10T12:00:00Z,social,1.7394
tok25,2021-01-17T12:00:00Z,flow,0.8838
tok25,2021-01-17T12:00:00Z,social,-0.1332
tok25,2021-01-24T12:00:00Z,flow,0.0339
tok25,2021-01-24T12:00:00Z,social,-0.5384
tok25,2021-01-31T12:00:00Z,flow,0.5115
tok25,2021-01-31T12:00:00Z,social,-1.8496
tok25,2021-02-07T12:00:00Z,flow,-1.6709
tok25,2021-02-07T12:00:00Z,social,-0.383
tok25,2021-02-14T12:00:00Z,flow,-0.6733
tok25,2021-02-14T12:00:00Z,social,-0.6391
tok25,2021-02-21T12:00:00Z,flow,0.4205
tok25,2021-02-21T12:00:00Z,social,0.7769
tok25,2021-02-28T12:00:00Z,flow,0.0395
tok25,2021-02-28T12:00:00Z,social,-0.0809
tok25,2021-03-07T12:00:00Z,flow,0.1346
tok25,2021-03-07T12:00:00Z,social,-0.4639
tok25,2021-03-14T12:00:00Z,flow,-0.2231
tok25,2021-03-14T12:00:00Z,social,-0.4166
tok25,2021-03-21T12:00:00Z,flow,0.8734
tok25,2021-03-21T12:00:00Z,social,-0.2405
tok25,2021-03-28T12:00:00Z,flow,-0.9031
tok25,2021-03-28T12:00:00Z,social,-0.1466
tok25,2021-04-04T12:00:00Z,flow,-1.1788
tok25,2021-04-04T12:00:00Z,social,-1.04
tok25,2021-04-11T12:00:00Z,flow,0.8686
tok25,2021-04-11T12:00:00Z,social,-1.6822
tok25,2021-04-18T12:00:00Z,flow,0.2608
tok25,2021-04-18T12:00:00Z,social,-0.4955
tok25,2021-04-25T12:00:00Z,flow,-1.2009
tok25,2021-04-25T12:00:00Z,social,0.5417
tok25,2021-05-02T12:00:00Z,flow,0.2685
tok25,2021-05-02T12:00:00Z,social,1.5658
tok25,2021-05-09T12:00:00Z,flow,-0.5309
tok25,2021-05-09T12:00:00Z,social,-1.362
tok25,2021-05-16T12:00:00Z,flow,-1.4825
tok25,2021-05-16T12:00:00Z,social,0.6323
tok25,2021-05-23T12:00:00Z,flow,-0.8453
tok25,2021-05-23T12:00:00Z,social,0.979
tok25,2021-05-30T12:00:00Z,flow,-0.4037
tok25,2021-05-30T12:00:00Z,social,0.3489
tok25,2021-06-06T12:00:00Z,flow,0.2543
tok25,2021-06-06T12:00:00Z,social,1.0866
tok25,2021-06-13T12:00:00Z,flow,-0.5726
tok25,2021-06-13T12:00:00Z,social,-0.0383
tok25,2021-06-20T12:00:00Z,flow,0.9525
tok25,2021-06-20T12:00:00Z,social,-0.109
tok25,2021-06-27T12:00:00Z,flow,-0.0722
tok25,2021-06-27T12:00:00Z,social,0.6593
tok25,2021-07-04T12:00:00Z,flow,0.8838
tok25,2021-07-04T12:00:00Z,social,-0.1957
tok25,2021-07-11T12:00:00Z,flow,0.5299
tok25,2021-07-11T12:00:00Z,social,1.1826
tok25,2021-07-18T12:00:00Z,flow,0.7272
tok25,2021-07-18T12:00:00Z,social,1.6883
tok25,2021-07-25T12:00:00Z,flow,2.1065
tok25,2021-07-25T12:00:00Z,social,0.2306
tok25,2021-08-01T12:00:00Z,flow,-0.4117
tok25,2021-08-01T12:00:00Z,social,0.93
tok25,2021-08-08T12:00:00Z,flow,0.6644
tok25,2021-08-08T12:00:00Z,social,0.6921
tok25,2021-08-15T12:00:00Z,flow,1.094
tok25,2021-08-15T12:00:00Z,social,0.0735
tok25,2021-08-22T12:00:00Z,flow,-1.3435
tok25,2021-08-22T12:00:00Z,social,0.1122
tok25,2021-08-29T12:00:00Z,flow,0.2871
tok25,2021-08-29T12:00:00Z,social,1.7188
tok25,2021-09-05T12:00:00Z,flow,0.1506
tok25,2021-09-05T12:00:00Z,social,1.3081
tok25,2021-09-12T12:00:00Z,flow,1.5166
tok25,2021-09-12T12:00:00Z,social,-1.1146
tok25,2021-09-19T12:00:00Z,flow,0.8594
tok25,2021-09-19T12:00:00Z,social,1.1773
tok25,2021-09-26T12:00:00Z,flow,0.3133
tok25,2021-09-26T12:00:00Z,social,-0.9206
tok25,2021-10-03T12:00:00Z,flow,1.5403
tok25,2021-10-03T12:00:00Z,social,-0.9703
tok25,2021-10-10T12:00:00Z,flow,0.5195
tok25,2021-10-10T12:00:00Z,social,-1.8025
tok25,2021-10-17T12:00:00Z,flow,-0.355
tok25,2021-10-17T12:00:00Z,social,-0.6377
tok25,2021-10-24T12:00:00Z,flow,-1.4545
tok25,2021-10-24T12:00:00Z,social,0.9714
tok25,2021-10-31T12:00:00Z,flow,-1.4026
tok25,2021-10-31T12:00:00Z,social,0.3088
tok25,2021-11-07T12:00:00Z,flow,-0.1371
tok25,2021-11-07T12:00:00Z,social,0.989
tok25,2021-11-14T12:00:00Z,flow,0.7794
tok25,2021-11-14T12:00:00Z,social,-0.3142
tok25,2021-11-21T12:00:00Z,flow,1.0954
tok25,2021-11-21T12:00:00Z,social,-0.5171
tok25,2021-11-28T12:00:00Z,flow,0.6896
tok25,2021-11-28T12:00:00Z,social,0.2018
tok25,2021-12-05T12:00:00Z,flow,-0.6853
tok25,2021-12-05T12:00:00Z,social,-0.6274
tok25,2021-12-12T12:00:00Z,flow,-2.019
tok25,2021-12-12T12:00:00Z,social,-1.1962
tok25,2021-12-19T12:00:00Z,flow,0.1562
tok25,2021-12-19T12:00:00Z,social,-0.9363
tok25,2021-12-26T12:00:00Z,flow,1.3849
tok25,2021-12-26T12:00:00Z,social,-0.5483
tok25,2022-01-02T12:00:00Z,flow,0.8307
tok25,2022-01-02T12:00:00Z,social,0.5208
tok25,2022-01-09T12:00:00Z,flow,-2.2019
tok25,2022-01-09T12:00:00Z,social,1.4785
tok25,2022-01-16T12:00:00Z,flow,1.2907
tok25,2022-01-16T12:00:00Z,social,1.5906
tok25,2022-01-23T12:00:00Z,flow,1.4642
tok25,2022-01-23T12:00:00Z,social,-0.925
tok25,2022-01-30T12:00:00Z,flow,1.6733
tok25,2022-01-30T12:00:00Z,social,-0.8447
tok25,2022-02-06T12:00:00Z,flow,1.282
tok25,2022-02-06T12:00:00Z,social,0.2737
tok25,2022-02-13T12:00:00Z,flow,0.6401
tok25,2022-02-13T12:00:00Z,social,-0.3591
tok25,2022-02-20T12:00:00Z,flow,-0.0086
tok25,2022-02-20T12:00:00Z,social,-0.0753
tok25,2022-02-27T12:00:00Z,flow,-0.3192
tok25,2022-02-27T12:00:00Z,social,1.115
tok25,2022-03-06T12:00:00Z,flow,0.5519
tok25,2022-03-06T12:00:00Z,social,-0.7763
tok25,2022-03-13T12:00:00Z,flow,-0.8269
tok25,2022-03-13T12:00:00Z,social,0.5142
tok25,2022-03-20T12:00:00Z,flow,-2.7053
tok25,2022-03-20T12:00:00Z,social,0.3693
tok25,2022-03-27T12:00:00Z,flow,0.56
tok25,2022-03-27T12:00:00Z,social,1.4919
tok25,2022-04-03T12:00:00Z,flow,1.3261
tok25,2022-04-03T12:00:00Z,social,0.8892
tok25,2022-04-10T12:00:00Z,flow,0.8386
tok25,2022-04-10T12:00:00Z,social,0.4599
tok25,2022-04-17T12:00:00Z,flow,-0.3033
tok25,2022-04-17T12:00:00Z,social,-0.4087
tok25,2022-04-24T12:00:00Z,flow,-0.3599
tok25,2022-04-24T12:00:00Z,social,-1.751
tok25,2022-05-01T12:00:00Z,flow,1.6397
tok25,2022-05-01T12:00:00Z,social,-0.1955
tok25,2022-05-08T12:00:00Z,flow,-0.6848
tok25,2022-05-08T12:00:00Z,social,0.9081
tok25,2022-05-15T12:00:00Z,flow,1.274
tok25,2022-05-15T12:00:00Z,social,-1.463
tok25,2022-05-22T12:00:00Z,flow,0.156
tok25,2022-05-22T12:00:00Z,social,0.1451
tok25,2022-05-29T12:00:00Z,flow,-1.8638
tok25,2022-05-29T12:00:00Z,social,-1.0308
tok25,2022-06-05T12:00:00Z,flow,-0.4312
tok25,2022-06-05T12:00:00Z,social,0.1217
tok25,2022-06-12T12:00:00Z,flow,-2.7653
tok25,2022-06-12T12:00:00Z,social,0.2903
tok25,2022-06-19T12:00:00Z,flow,-1.7044
tok25,2022-06-19T12:00:00Z,social,-0.6414
tok25,2022-06-26T12:00:00Z,flow,0.292
tok25,2022-06-26T12:00:00Z,social,-0.0228
tok25,2022-07-03T12:00:00Z,flow,0.9817
tok25,2022-07-03T12:00:00Z,social,0.8544
tok25,2022-07-10T12:00:00Z,flow,-0.8212
tok25,2022-07-10T12:00:00Z,social,1.3733
tok25,2022-07-17T12:00:00Z,flow,-0.6615
tok25,2022-07-17T12:00:00Z,social,1.3804
tok25,2022-07-24T12:00:00Z,flow,0.7103
tok25,2022-07-24T12:00:00Z,social,0.378
tok25,2022-07-31T12:00:00Z,flow,-0.3539
tok25,2022-07-31T12:00:00Z,social,-1.6331
tok25,2022-08-07T12:00:00Z,flow,0.0991
tok25,2022-08-07T12:00:00Z,social,-0.6334
tok25,2022-08-14T12:00:00Z,flow,-1.5644
tok25,2022-08-14T12:00:00Z,social,1.1883
tok25,2022-08-21T12:00:00Z,flow,-0.5199
tok25,2022-08-21T12:00:00Z,social,1.2215
tok25,2022-08-28T12:00:00Z,flow,0.34
tok25,2022-08-28T12:00:00Z,social,0.6759
tok25,2022-09-04T12:00:00Z,flow,-0.7683
tok25,2022-09-04T12:00:00Z,social,0.1073
tok25,2022-09-11T12:00:00Z,flow,0.438
tok25,2022-09-11T12:00:00Z,social,1.1007
tok25,2022-09-18T12:00:00Z,flow,0.0876
tok25,2022-09-18T12:00:00Z,social,-0.4465
tok25,2022-09-25T12:00:00Z,flow,1.1924
tok25,2022-09-25T12:00:00Z,social,0.7129
tok25,2022-10-02T12:00:00Z,flow,1.2884
tok25,2022-10-02T12:00:00Z,social,0.4535
tok25,2022-10-09T12:00:00Z,flow,-0.2436
tok25,2022-10-09T12:00:00Z,social,-1.1776
tok25,2022-10-16T12:00:00Z,flow,-1.3627
tok25,2022-10-16T12:00:00Z,social,0.0323
tok25,2022-10-23T12:00:00Z,flow,-1.021
tok25,2022-10-23T12:00:00Z,social,-2.0693
tok25,2022-10-30T12:00:00Z,flow,1.1169
tok25,2022-10-30T12:00:00Z,social,1.0891
tok25,2022-11-06T12:00:00Z,flow,1.5128
tok25,2022-11-06T12:00:00Z,social,0.5538
tok25,2022-11-13T12:00:00Z,flow,-1.1812
tok25,2022-11-13T12:00:00Z,social,1.0169
tok25,2022-11-20T12:00:00Z,flow,-0.91
tok25,2022-11-20T12:00:00Z,social,-1.9845
tok25,2022-11-27T12:00:00Z,flow,0.7185
tok25,2022-11-27T12:00:00Z,social,-0.4732
tok25,2022-12-04T12:00:00Z,flow,-1.4982
tok25,2022-12-04T12:00:00Z,social,0.7066
tok25,2022-12-11T12:00:00Z,flow,-0.6833
tok25,2022-12-11T12:00:00Z,social,-0.3695
tok25,2022-12-18T12:00:00Z,flow,-0.274
tok25,2022-12-18T12:00:00Z,social,-0.9194
tok25,2022-12-25T12:00:00Z,flow,-0.1817
tok25,2022-12-25T12:00:00Z,social,-0.428
tok25,2023-01-01T12:00:00Z,flow,1.819
tok25,2023-01-01T12:00:00Z,social,1.3309
tok25,2023-01-08T12:00:00Z,flow,-1.3998
tok25,2023-01-08T12:00:00Z,social,0.2384
tok25,2023-01-15T12:00:00Z,flow,-1.0471
tok25,2023-01-15T12:00:00Z,social,0.3092
tok25,2023-01-22T12:00:00Z,flow,-0.3104
tok25,2023-01-22T12:00:00Z,social,-0.0808
tok25,2023-01-29T12:00:00Z,flow,1.1924
tok25,2023-01-29T12:00:00Z,social,-0.1718
tok25,2023-02-05T12:00:00Z,flow,1.5762
tok25,2023-02-05T12:00:00Z,social,-1.3202
tok25,2023-02-12T12:00:00Z,flow,0.742
tok25,2023-02-12T12:00:00Z,social,0.5358
tok25,2023-02-19T12:00:00Z,flow,1.4994
tok25,2023-02-19T12:00:00Z,social,-0.3322
tok25,2023-02-26T12:00:00Z,flow,-1.8679
tok25,2023-02-26T12:00:00Z,social,0.7792
tok25,2023-03-05T12:00:00Z,flow,-1.1524
tok25,2023-03-05T12:00:00Z,social,0.674
tok25,2023-03-12T12:00:00Z,flow,-0.3973
tok25,2023-03-12T12:00:00Z,social,0.064
tok25,2023-03-19T12:00:00Z,flow,-1.5572
tok25,2023-03-19T12:00:00Z,social,1.0436
tok25,2023-03-26T12:00:00Z,flow,-0.7843
tok25,2023-03-26T12:00:00Z,social,0.6854
tok25,2023-04-02T12:00:00Z,flow,1.0417
tok25,2023-04-02T12:00:00Z,social,0.2568
tok25,2023-04-09T12:00:00Z,flow,-0.3533
tok25,2023-04-09T12:00:00Z,social,0.6404
tok25,2023-04-16T12:00:00Z,flow,-0.7168
tok25,2023-04-16T12:00:00Z,social,0.9552
tok25,2023-04-23T12:00:00Z,flow,1.3328
tok25,2023-04-23T12:00:00Z,social,-0.03
tok25,2023-04-30T12:00:00Z,flow,-0.5425
tok25,2023-04-30T12:00:00Z,social,0.6642
tok25,2023-05-07T12:00:00Z,flow,-0.6935
tok25,2023-05-07T12:00:00Z,social,1.1851
tok25,2023-05-14T12:00:00Z,flow,-0.8654
tok25,2023-05-14T12:00:00Z,social,0.7104
tok25,2023-05-21T12:00:00Z,flow,0.8757
tok25,2023-05-21T12:00:00Z,social,1.3203
tok25,2023-05-28T12:00:00Z,flow,0.9866
tok25,2023-05-28T12:00:00Z,social,1.2488
tok25,2023-06-04T12:00:00Z,flow,-0.3091
tok25,2023-06-04T12:00:00Z,social,-0.0395
tok25,2023-06-11T12:00:00Z,flow,-0.4406
tok25,2023-06-11T12:00:00Z,social,0.6785
tok25,2023-06-18T12:00:00Z,flow,-0.8687
tok25,2023-06-18T12:00:00Z,social,0.2615
tok25,2023-06-25T12:00:00Z,flow,-1.7238
tok25,2023-06-25T12:00:00Z,social,0.5945
tok25,2023-07-02T12:00:00Z,flow,0.0875
tok25,2023-07-02T12:00:00Z,social,1.6276
tok25,2023-07-09T12:00:00Z,flow,1.0877
tok25,2023-07-09T12:00:00Z,social,0.1736
tok25,2023-07-16T12:00:00Z,flow,1.3056
tok25,2023-07-16T12:00:00Z,social,-1.889
tok25,2023-07-23T12:00:00Z,flow,0.2125
tok25,2023-07-23T12:00:00Z,social,0.6601
tok25,2023-07-30T12:00:00Z,flow,-1.5761
tok25,2023-07-30T12:00:00Z,social,0.9246
tok25,2023-08-06T12:00:00Z,flow,0.1348
tok25,2023-08-06T12:00:00Z,social,-3.4691
tok25,2023-08-13T12:00:00Z,flow,-1.2075
tok25,2023-08-13T12:00:00Z,social,-0.7023
tok25,2023-08-20T12:00:00Z,flow,-1.4436
tok25,2023-08-20T12:00:00Z,social,1.5302
tok25,2023-08-27T12:00:00Z,flow,0.2663
tok25,2023-08-27T12:00:00Z,social,0.0501
tok25,2023-09-03T12:00:00Z,flow,0.3934
tok25,2023-09-03T12:00:00Z,social,1.7836
tok25,2023-09-10T12:00:00Z,flow,-0.2926
tok25,2023-09-10T12:00:00Z,social,-0.5782
tok25,2023-09-17T12:00:00Z,flow,2.7336
tok25,2023-09-17T12:00:00Z,social,0.8239
tok25,2023-09-24T12:00:00Z,flow,-1.7139
tok25,2023-09-24T12:00:00Z,social,-1.1024
tok25,2023-10-01T12:00:00Z,flow,0.8634
tok25,2023-10-01T12:00:00Z,social,1.1944
tok25,2023-10-08T12:00:00Z,flow,0.1113
tok25,2023-10-08T12:00:00Z,social,0.0443
tok25,2023-10-15T12:00:00Z,flow,-0.2532
tok25,2023-10-15T12:00:00Z,social,0.5008
tok25,2023-10-22T12:00:00Z,flow,0.7404
tok25,2023-10-22T12:00:00Z,social,0.9821
tok25,2023-10-29T12:00:00Z,flow,0.0843
tok25,2023-10-29T12:00:00Z,social,-0.4271
tok25,2023-11-05T12:00:00Z,flow,-0.2259
tok25,2023-11-05T12:00:00Z,social,-0.8561
tok25,2023-11-12T12:00:00Z,flow,0.1219
tok25,2023-11-12T12:00:00Z,social,0.4068
tok25,2023-11-19T12:00:00Z,flow,-0.0563
tok25,2023-11-19T12:00:00Z,social,0.5907
tok25,2023-11-26T12:00:00Z,flow,0.8618
tok25,2023-11-26T12:00:00Z,social,1.0872
tok25,2023-12-03T12:00:00Z,flow,-0.8354
tok25,2023-12-03T12:00:00Z,social,1.3795
tok25,2023-12-10T12:00:00Z,flow,-0.5955
tok25,2023-12-10T12:00:00Z,social,1.2706
tok25,2023-12-17T12:00:00Z,flow,-0.9036
tok25,2023-12-17T12:00:00Z,social,-0.9663
tok25,2023-12-24T12:00:00Z,flow,-0.9093
tok25,2023-12-24T12:00:00Z,social,-0.2702
tok25,2023-12-31T12:00:00Z,flow,0.6111
tok25,2023-12-31T12:00:00Z,social,0.8982
tok26,2022-01-02T12:00:00Z,flow,0.4966
tok26,2022-01-02T12:00:00Z,social,0.5539
tok26,2022-01-09T12:00:00Z,flow,0.4765
tok26,2022-01-09T12:00:00Z,social,-0.457
tok26,2022-01-16T12:00:00Z,flow,-1.0148
tok26,2022-01-16T12:00:00Z,social,-0.2247
tok26,2022-01-23T12:00:00Z,flow,0.3334
tok26,2022-01-23T12:00:00Z,social,1.4491
tok26,2022-01-30T12:00:00Z,flow,2.5019
tok26,2022-01-30T12:00:00Z,social,-1.3625
tok26,2022-02-06T12:00:00Z,flow,-0.6508
tok26,2022-02-06T12:00:00Z,social,-0.2469
tok26,2022-02-13T12:00:00Z,flow,-1.1165
tok26,2022-02-13T12:00:00Z,social,-1.0911
tok26,2022-02-20T12:00:00Z,flow,-1.0073
tok26,2022-02-20T12:00:00Z,social,-0.2941
tok26,2022-02-27T12:00:00Z,flow,-1.4588
tok26,2022-02-27T12:00:00Z,social,0.1482
tok26,2022-03-06T12:00:00Z,flow,-0.7358
tok26,2022-03-06T12:00:00Z,social,-1.4035
tok26,2022-03-13T12:00:00Z,flow,0.1962
tok26,2022-03-13T12:00:00Z,social,-0.7766
tok26,2022-03-20T12:00:00Z,flow,1.6533
tok26,2022-03-20T12:00:00Z,social,0.3963
tok26,2022-03-27T12:00:00Z,flow,-0.5286
tok26,2022-03-27T12:00:00Z,social,0.6174
tok26,2022-04-03T12:00:00Z,flow,0.1882
tok26,2022-04-03T12:00:00Z,social,0.3482
tok26,2022-04-10T12:00:00Z,flow,0.3147
tok26,2022-04-10T12:00:00Z,social,-0.3615
tok26,2022-04-17T12:00:00Z,flow,0.7132
tok26,2022-04-17T12:00:00Z,social,-0.5949
tok26,2022-04-24T12:00:00Z,flow,0.7121
tok26,2022-04-24T12:00:00Z,social,-0.2446
tok26,2022-05-01T12:00:00Z,flow,-0.0775
tok26,2022-05-01T12:00:00Z,social,-0.1374
tok26,2022-05-08T12:00:00Z,flow,-1.5076
tok26,2022-05-08T12:00:00Z,social,-0.7368
tok26,2022-05-15T12:00:00Z,flow,-1.0622
tok26,2022-05-15T12:00:00Z,social,-0.2512
tok26,2022-05-22T12:00:00Z,flow,0.4055
tok26,2022-05-22T12:00:00Z,social,-0.6663
tok26,2022-05-29T12:00:00Z,flow,-0.4498
tok26,2022-05-29T12:00:00Z,social,1.1861
tok26,2022-06-05T12:00:00Z,flow,-0.3544
tok26,2022-06-05T12:00:00Z,social,0.4626
tok26,2022-06-12T12:00:00Z,flow,0.2578
tok26,2022-06-12T12:00:00Z,social,0.785
tok26,2022-06-19T12:00:00Z,flow,0.4431
tok26,2022-06-19T12:00:00Z,social,0.2182
tok26,2022-06-26T12:00:00Z,flow,-0.1399
tok26,2022-06-26T12:00:00Z,social,-1.4782
tok26,2022-07-03T12:00:00Z,flow,-0.6937
tok26,2022-07-03T12:00:00Z,social,1.9611
tok26,2022-07-10T12:00:00Z,flow,0.5549
tok26,2022-07-10T12:00:00Z,social,0.16
tok26,2022-07-17T12:00:00Z,flow,-0.8131
tok26,2022-07-17T12:00:00Z,social,0.3192
tok26,2022-07-24T12:00:00Z,flow,-0.6507
tok26,2022-07-24T12:00:00Z,social,-2.1616
tok26,2022-07-31T12:00:00Z,flow,-0.4137
tok26,2022-07-31T12:00:00Z,social,-0.9023
tok26,2022-08-07T12:00:00Z,flow,1.0465
tok26,2022-08-07T12:00:00Z,social,1.6246
tok26,2022-08-14T12:00:00Z,flow,1.3633
tok26,2022-08-14T12:00:00Z,social,0.448
tok26,2022-08-21T12:00:00Z,flow,-0.0572
tok26,2022-08-21T12:00:00Z,social,-0.1341
tok26,2022-08-28T12:00:00Z,flow,-1.0925
tok26,2022-08-28T12:00:00Z,social,-0.2889
tok26,2022-09-04T12:00:00Z,flow,-1.0732
tok26,2022-09-04T12:00:00Z,social,-1.7209
tok26,2022-09-11T12:00:00Z,flow,-0.3475
tok26,2022-09-11T12:00:00Z,social,0.0886
tok26,2022-09-18T12:00:00Z,flow,-0.2742
tok26,2022-09-18T12:00:00Z,social,-0.9064
tok26,2022-09-25T12:00:00Z,flow,-1.2346
tok26,2022-09-25T12:00:00Z,social,-1.1876
tok26,2022-10-02T12:00:00Z,flow,-0.8594
tok26,2022-10-02T12:00:00Z,social,0.2269
tok26,2022-10-09T12:00:00Z,flow,-0.345
tok26,2022-10-09T12:00:00Z,social,-0.964
tok26,2022-10-16T12:00:00Z,flow,0.1539
tok26,2022-10-16T12:00:00Z,social,-0.93
tok26,2022-10-23T12:00:00Z,flow,-0.8176
tok26,2022-10-23T12:00:00Z,social,0.276
tok26,2022-10-30T12:00:00Z,flow,-0.0671
tok26,2022-10-30T12:00:00Z,social,0.5288
tok26,2022-11-06T12:00:00Z,flow,0.7413
tok26,2022-11-06T12:00:00Z,social,-0.6888
tok26,2022-11-13T12:00:00Z,flow,0.1475
tok26,2022-11-13T12:00:00Z,social,-0.9572
tok26,2022-11-20T12:00:00Z,flow,0.0626
tok26,2022-11-20T12:00:00Z,social,1.4509
tok26,2022-11-27T12:00:00Z,flow,0.1645
tok26,2022-11-27T12:00:00Z,social,-0.0521
tok26,2022-12-04T12:00:00Z,flow,-1.9424
tok26,2022-12-04T12:00:00Z,social,-1.5646
tok26,2022-12-11T12:00:00Z,flow,-0.7323
tok26,2022-12-11T12:00:00Z,social,0.9622
tok26,2022-12-18T12:00:00Z,flow,-0.0682
tok26,2022-12-18T12:00:00Z,social,-0.1068
tok26,2022-12-25T12:00:00Z,flow,-0.6856
tok26,2022-12-25T12:00:00Z,social,-1.0186
tok26,2023-01-01T12:00:00Z,flow,1.481
tok26,2023-01-01T12:00:00Z,social,0.6517
tok26,2023-01-08T12:00:00Z,flow,-1.4718
tok26,2023-01-08T12:00:00Z,social,0.4838
tok26,2023-01-15T12:00:00Z,flow,0.0635
tok26,2023-01-15T12:00:00Z,social,0.6083
tok26,2023-01-22T12:00:00Z,flow,-0.0154
tok26,2023-01-22T12:00:00Z,social,-0.564
tok26,2023-01-29T12:00:00Z,flow,-0.9461
tok26,2023-01-29T12:00:00Z,social,0.5636
tok26,2023-02-05T12:00:00Z,flow,1.0907
tok26,2023-02-05T12:00:00Z,social,-0.3382
tok26,2023-02-12T12:00:00Z,flow,-1.556
tok26,2023-02-12T12:00:00Z,social,-1.8336
tok26,2023-02-19T12:00:00Z,flow,-0.7765
tok26,2023-02-19T12:00:00Z,social,0.4467
tok26,2023-02-26T12:00:00Z,flow,-0.2746
tok26,2023-02-26T12:00:00Z,social,-0.2452
tok26,2023-03-05T12:00:00Z,flow,1.0687
tok26,2023-03-05T12:00:00Z,social,-0.9614
tok26,2023-03-12T12:00:00Z,flow,-2.518
tok26,2023-03-12T12:00:00Z,social,-0.1494
tok26,2023-03-19T12:00:00Z,flow,-0.7632
tok26,2023-03-19T12:00:00Z,social,-0.5921
tok26,2023-03-26T12:00:00Z,flow,1.7579
tok26,2023-03-26T12:00:00Z,social,0.3348
tok26,2023-04-02T12:00:00Z,flow,1.4183
tok26,2023-04-02T12:00:00Z,social,-0.2651
tok26,2023-04-09T12:00:00Z,flow,-1.6184
tok26,2023-04-09T12:00:00Z,social,-1.0632
tok26,2023-04-16T12:00:00Z,flow,0.797
tok26,2023-04-16T12:00:00Z,social,-1.1665
tok26,2023-04-23T12:00:00Z,flow,-0.4097
tok26,2023-04-23T12:00:00Z,social,1.049
tok26,2023-04-30T12:00:00Z,flow,1.9107
tok26,2023-04-30T12:00:00Z,social,-0.7202
tok26,2023-05-07T12:00:00Z,flow,0.0714
tok26,2023-05-07T12:00:00Z,social,-1.5464
tok26,2023-05-14T12:00:00Z,flow,-0.6514
tok26,2023-05-14T12:00:00Z,social,0.7195
tok26,2023-05-21T12:00:00Z,flow,-0.6986
tok26,2023-05-21T12:00:00Z,social,-0.1519
tok26,2023-05-28T12:00:00Z,flow,1.6821
tok26,2023-05-28T12:00:00Z,social,0.204
tok26,2023-06-04T12:00:00Z,flow,-0.5055
tok26,2023-06-04T12:00:00Z,social,-0.2371
tok26,2023-06-11T12:00:00Z,flow,0.0227
tok26,2023-06-11T12:00:00Z,social,0.3124
tok26,2023-06-18T12:00:00Z,flow,0.6321
tok26,2023-06-18T12:00:00Z,social,0.1881
tok26,2023-06-25T12:00:00Z,flow,-0.498
tok26,2023-06-25T12:00:00Z,social,0.7322
tok26,2023-07-02T12:00:00Z,flow,-1.7951
tok26,2023-07-02T12:00:00Z,social,-0.3069
tok26,2023-07-09T12:00:00Z,flow,0.8879
tok26,2023-07-09T12:00:00Z,social,-0.0237
tok26,2023-07-16T12:00:00Z,flow,1.3423
tok26,2023-07-16T12:00:00Z,social,-1.272
tok26,2023-07-23T12:00:00Z,flow,0.4022
tok26,2023-07-23T12:00:00Z,social,-1.1798
tok26,2023-07-30T12:00:00Z,flow,-0.2037
tok26,2023-07-30T12:00:00Z,social,-1.1063
tok26,2023-08-06T12:00:00Z,flow,-1.0254
tok26,2023-08-06T12:00:00Z,social,0.7119
tok26,2023-08-13T12:00:00Z,flow,0.5803
tok26,2023-08-13T12:00:00Z,social,1.8039
tok26,2023-08-20T12:00:00Z,flow,1.0238
tok26,2023-08-20T12:00:00Z,social,-0.4055
tok26,2023-08-27T12:00:00Z,flow,1.7921
tok26,2023-08-27T12:00:00Z,social,0.1335
tok26,2023-09-03T12:00:00Z,flow,1.7817
tok26,2023-09-03T12:00:00Z,social,1.0082
tok26,2023-09-10T12:00:00Z,flow,0.1272
tok26,2023-09-10T12:00:00Z,social,-0.7281
tok26,2023-09-17T12:00:00Z,flow,-1.1835
tok26,2023-09-17T12:00:00Z,social,1.0611
tok26,2023-09-24T12:00:00Z,flow,0.7673
tok26,2023-09-24T12:00:00Z,social,-1.8144
tok26,2023-10-01T12:00:00Z,flow,-1.4336
tok26,2023-10-01T12:00:00Z,social,0.0996
tok26,2023-10-08T12:00:00Z,flow,1.2476
tok26,2023-10-08T12:00:00Z,social,0.0106
tok26,2023-10-15T12:00:00Z,flow,-1.9718
tok26,2023-10-15T12:00:00Z,social,-0.1771
tok26,2023-10-22T12:00:00Z,flow,-0.4624
tok26,2023-10-22T12:00:00Z,social,1.6072
tok26,2023-10-29T12:00:00Z,flow,-1.6373
tok26,2023-10-29T12:00:00Z,social,-0.7854
tok26,2023-11-05T12:00:00Z,flow,0.4094
tok26,2023-11-05T12:00:00Z,social,0.9796
tok26,2023-11-12T12:00:00Z,flow,-0.2257
tok26,2023-11-12T12:00:00Z,social,0.4222
tok26,2023-11-19T12:00:00Z,flow,1.2412
tok26,2023-11-19T12:00:00Z,social,-0.6175
tok26,2023-11-26T12:00:00Z,flow,-1.1334
tok26,2023-11-26T12:00:00Z,social,0.6514
tok26,2023-12-03T12:00:00Z,flow,0.5349
tok26,2023-12-03T12:00:00Z,social,-1.6811
tok26,2023-12-10T12:00:00Z,flow,0.6279
tok26,2023-12-10T12:00:00Z,social,0.1992
tok26,2023-12-17T12:00:00Z,flow,0.8299
tok26,2023-12-17T12:00:00Z,social,-1.6494
tok26,2023-12-24T12:00:00Z,flow,0.5616
tok26,2023-12-24T12:00:00Z,social,0.9365
tok26,2023-12-31T12:00:00Z,flow,-0.1073
tok26,2023-12-31T12:00:00Z,social,-1.4681
tok27,2022-03-06T12:00:00Z,flow,0.2865
tok27,2022-03-06T12:00:00Z,social,-0.275
tok27,2022-03-13T12:00:00Z,flow,-0.4673
tok27,2022-03-13T12:00:00Z,social,-1.0045
tok27,2022-03-20T12:00:00Z,flow,-0.475
tok27,2022-03-20T12:00:00Z,social,-0.9384
tok27,2022-03-27T12:00:00Z,flow,-0.1303
tok27,2022-03-27T12:00:00Z,social,0.816
tok27,2022-04-03T12:00:00Z,flow,-0.0017
tok27,2022-04-03T12:00:00Z,social,1.0516
tok27,2022-04-10T12:00:00Z,flow,-1.2439
tok27,2022-04-10T12:00:00Z,social,0.8109
tok27,2022-04-17T12:00:00Z,flow,-0.3185
tok27,2022-04-17T12:00:00Z,social,0.2959
tok27,2022-04-24T12:00:00Z,flow,-0.0236
tok27,2022-04-24T12:00:00Z,social,0.4724
tok27,2022-05-01T12:00:00Z,flow,0.117
tok27,2022-05-01T12:00:00Z,social,0.6598
tok27,2022-05-08T12:00:00Z,flow,-0.8681
tok27,2022-05-08T12:00:00Z,social,1.4846
tok27,2022-05-15T12:00:00Z,flow,0.4406
tok27,2022-05-15T12:00:00Z,social,1.6531
tok27,2022-05-22T12:00:00Z,flow,0.9501
tok27,2022-05-22T12:00:00Z,social,-1.4828
tok27,2022-05-29T12:00:00Z,flow,1.6467
tok27,2022-05-29T12:00:00Z,social,-0.0116
tok27,2022-06-05T12:00:00Z,flow,-0.9269
tok27,2022-06-05T12:00:00Z,social,-0.9993
tok27,2022-06-12T12:00:00Z,flow,-1.9925
tok27,2022-06-12T12:00:00Z,social,0.4786
tok27,2022-06-19T12:00:00Z,flow,-0.082
tok27,2022-06-19T12:00:00Z,social,2.8342
tok27,2022-06-26T12:00:00Z,flow,1.177
tok27,2022-06-26T12:00:00Z,social,-1.4278
tok27,2022-07-03T12:00:00Z,flow,0.8791
tok27,2022-07-03T12:00:00Z,social,-0.9454
tok27,2022-07-10T12:00:00Z,flow,0.4063
tok27,2022-07-10T12:00:00Z,social,-0.721
tok27,2022-07-17T12:00:00Z,flow,-1.181
tok27,2022-07-17T12:00:00Z,social,0.4947
tok27,2022-07-24T12:00:00Z,flow,-0.2291
tok27,2022-07-24T12:00:00Z,social,0.2108
tok27,2022-07-31T12:00:00Z,flow,-1.6323
tok27,2022-07-31T12:00:00Z,social,1.2992
tok27,2022-08-07T12:00:00Z,flow,-0.1478
tok27,2022-08-07T12:00:00Z,social,-0.9109
tok27,2022-08-14T12:00:00Z,flow,0.3628
tok27,2022-08-14T12:00:00Z,social,0.7117
tok27,2022-08-21T12:00:00Z,flow,1.8007
tok27,2022-08-21T12:00:00Z,social,-0.8139
tok27,2022-08-28T12:00:00Z,flow,-2.3707
tok27,2022-08-28T12:00:00Z,social,1.5365
tok27,2022-09-04T12:00:00Z,flow,0.2813
tok27,2022-09-04T12:00:00Z,social,-0.0737
tok27,2022-09-11T12:00:00Z,flow,1.6649
tok27,2022-09-11T12:00:00Z,social,-0.4099
tok27,2022-09-18T12:00:00Z,flow,-0.6421
tok27,2022-09-18T12:00:00Z,social,0.7434
tok27,2022-09-25T12:00:00Z,flow,0.6113
tok27,2022-09-25T12:00:00Z,social,-3.0813
tok27,2022-10-02T12:00:00Z,flow,-0.7332
tok27,2022-10-02T12:00:00Z,social,-0.382
tok27,2022-10-09T12:00:00Z,flow,0.6343
tok27,2022-10-09T12:00:00Z,social,-2.5891
tok27,2022-10-16T12:00:00Z,flow,-0.1587
tok27,2022-10-16T12:00:00Z,social,-0.9066
tok27,2022-10-23T12:00:00Z,flow,1.2033
tok27,2022-10-23T12:00:00Z,social,-1.2811
tok27,2022-10-30T12:00:00Z,flow,0.6009
tok27,2022-10-30T12:00:00Z,social,0.2022
tok27,2022-11-06T12:00:00Z,flow,-0.358
tok27,2022-11-06T12:00:00Z,social,0.0217
tok27,2022-11-13T12:00:00Z,flow,-1.5023
tok27,2022-11-13T12:00:00Z,social,1.0355
tok27,2022-11-20T12:00:00Z,flow,0.3189
tok27,2022-11-20T12:00:00Z,social,-0.3296
tok27,2022-11-27T12:00:00Z,flow,1.1272
tok27,2022-11-27T12:00:00Z,social,0.1503
tok27,2022-12-04T12:00:00Z,flow,-0.392
tok27,2022-12-04T12:00:00Z,social,-2.3174
tok27,2022-12-11T12:00:00Z,flow,-0.3993
tok27,2022-12-11T12:00:00Z,social,0.822
tok27,2022-12-18T12:00:00Z,flow,-1.3185
tok27,2022-12-18T12:00:00Z,social,0.4302
tok27,2022-12-25T12:00:00Z,flow,1.0309
tok27,2022-12-25T12:00:00Z,social,-0.6455
tok27,2023-01-01T12:00:00Z,flow,-0.6758
tok27,2023-01-01T12:00:00Z,social,0.2259
tok27,2023-01-08T12:00:00Z,flow,-0.6325
tok27,2023-01-08T12:00:00Z,social,-0.0582
tok27,2023-01-15T12:00:00Z,flow,0.5961
tok27,2023-01-15T12:00:00Z,social,0.9788
tok27,2023-01-22T12:00:00Z,flow,-0.3617
tok27,2023-01-22T12:00:00Z,social,-0.2857
tok27,2023-01-29T12:00:00Z,flow,-0.8001
tok27,2023-01-29T12:00:00Z,social,-0.7845
tok27,2023-02-05T12:00:00Z,flow,-2.9542
tok27,2023-02-05T12:00:00Z,social,-1.1785
tok27,2023-02-12T12:00:00Z,flow,-1.5402
tok27,2023-02-12T12:00:00Z,social,-0.7565
tok27,2023-02-19T12:00:00Z,flow,1.9151
tok27,2023-02-19T12:00:00Z,social,0.4062
tok27,2023-02-26T12:00:00Z,flow,-0.5051
tok27,2023-02-26T12:00:00Z,social,-0.2737
tok27,2023-03-05T12:00:00Z,flow,-1.3292
tok27,2023-03-05T12:00:00Z,social,1.4496
tok27,2023-03-12T12:00:00Z,flow,2.6856
tok27,2023-03-12T12:00:00Z,social,-0.4759
tok27,2023-03-19T12:00:00Z,flow,-2.3415
tok27,2023-03-19T12:00:00Z,social,-0.5006
tok27,2023-03-26T12:00:00Z,flow,-1.4075
tok27,2023-03-26T12:00:00Z,social,-0.9355
tok27,2023-04-02T12:00:00Z,flow,0.5624
tok27,2023-04-02T12:00:00Z,social,-0.1335
tok27,2023-04-09T12:00:00Z,flow,-1.9253
tok27,2023-04-09T12:00:00Z,social,-0.7977
tok27,2023-04-16T12:00:00Z,flow,0.0335
tok27,2023-04-16T12:00:00Z,social,1.2341
tok27,2023-04-23T12:00:00Z,flow,0.0433
tok27,2023-04-23T12:00:00Z,social,0.1026
tok27,2023-04-30T12:00:00Z,flow,0.8663
tok27,2023-04-30T12:00:00Z,social,0.0426
tok27,2023-05-07T12:00:00Z,flow,-0.5005
tok27,2023-05-07T12:00:00Z,social,-1.7735
tok27,2023-05-14T12:00:00Z,flow,-0.0397
tok27,2023-05-14T12:00:00Z,social,0.611
tok27,2023-05-21T12:00:00Z,flow,0.4065
tok27,2023-05-21T12:00:00Z,social,-0.3837
tok27,2023-05-28T12:00:00Z,flow,0.5475
tok27,2023-05-28T12:00:00Z,social,0.0749
tok27,2023-06-04T12:00:00Z,flow,0.9824
tok27,2023-06-04T12:00:00Z,social,0.1116
tok27,2023-06-11T12:00:00Z,flow,1.371
tok27,2023-06-11T12:00:00Z,social,-0.7014
tok27,2023-06-18T12:00:00Z,flow,-0.6299
tok27,2023-06-18T12:00:00Z,social,0.3834
tok27,2023-06-25T12:00:00Z,flow,0.1587
tok27,2023-06-25T12:00:00Z,social,-0.6355
tok27,2023-07-02T12:00:00Z,flow,-1.6483
tok27,2023-07-02T12:00:00Z,social,-1.316
tok27,2023-07-09T12:00:00Z,flow,-0.7871
tok27,2023-07-09T12:00:00Z,social,-1.2737
tok27,2023-07-16T12:00:00Z,flow,1.8633
tok27,2023-07-16T12:00:00Z,social,-1.9126
tok27,2023-07-23T12:00:00Z,flow,0.8155
tok27,2023-07-23T12:00:00Z,social,0.0521
tok27,2023-07-30T12:00:00Z,flow,-1.0304
tok27,2023-07-30T12:00:00Z,social,-1.2325
tok27,2023-08-06T12:00:00Z,flow,1.3357
tok27,2023-08-06T12:00:00Z,social,0.1829
tok27,2023-08-13T12:00:00Z,flow,-0.8553
tok27,2023-08-13T12:00:00Z,social,0.5422
tok27,2023-08-20T12:00:00Z,flow,-0.8461
tok27,2023-08-20T12:00:00Z,social,0.3207
tok27,2023-08-27T12:00:00Z,flow,-0.8718
tok27,2023-08-27T12:00:00Z,social,-1.3795
tok27,2023-09-03T12:00:00Z,flow,0.3772
tok27,2023-09-03T12:00:00Z,social,-0.2872
tok27,2023-09-10T12:00:00Z,flow,0.5778
tok27,2023-09-10T12:00:00Z,social,1.2177
tok27,2023-09-17T12:00:00Z,flow,-0.0004
tok27,2023-09-17T12:00:00Z,social,1.5574
tok27,2023-09-24T12:00:00Z,flow,0.1575
tok27,2023-09-24T12:00:00Z,social,-0.1224
tok27,2023-10-01T12:00:00Z,flow,0.2738
tok27,2023-10-01T12:00:00Z,social,0.5586
tok27,2023-10-08T12:00:00Z,flow,0.8418
tok27,2023-10-08T12:00:00Z,social,-1.6174
tok27,2023-10-15T12:00:00Z,flow,1.8142
tok27,2023-10-15T12:00:00Z,social,-0.3393
tok27,2023-10-22T12:00:00Z,flow,0.2939
tok27,2023-10-22T12:00:00Z,social,-1.0363
tok27,2023-10-29T12:00:00Z,flow,1.6878
tok27,2023-10-29T12:00:00Z,social,0.0701
tok27,2023-11-05T12:00:00Z,flow,0.6333
tok27,2023-11-05T12:00:00Z,social,-3.6642
tok27,2023-11-12T12:00:00Z,flow,0.9104
tok27,2023-11-12T12:00:00Z,social,-0.1324
tok27,2023-11-19T12:00:00Z,flow,-0.593
tok27,2023-11-19T12:00:00Z,social,1.4996
tok27,2023-11-26T12:00:00Z,flow,0.6708
tok27,2023-11-26T12:00:00Z,social,0.4064
tok27,2023-12-03T12:00:00Z,flow,0.6797
tok27,2023-12-03T12:00:00Z,social,-0.6775
tok27,2023-12-10T12:00:00Z,flow,2.1532
tok27,2023-12-10T12:00:00Z,social,-0.7348
tok27,2023-12-17T12:00:00Z,flow,-2.1351
tok27,2023-12-17T12:00:00Z,social,-0.2695
tok27,2023-12-24T12:00:00Z,flow,0.1327
tok27,2023-12-24T12:00:00Z,social,0.2606
tok27,2023-12-31T12:00:00Z,flow,-2.0382
tok27,2023-12-31T12:00:00Z,social,1.0654
tok28,2021-01-03T12:00:00Z,flow,-0.4222
tok28,2021-01-03T12:00:00Z,social,-1.523
tok28,2021-01-10T12:00:00Z,flow,-0.0201
tok28,2021-01-10T12:00:00Z,social,-0.0536
tok28,2021-01-17T12:00:00Z,flow,-0.001
tok28,2021-01-17T12:00:00Z,social,0.1442
tok28,2021-01-24T12:00:00Z,flow,0.4696
tok28,2021-01-24T12:00:00Z,social,1.6151
tok28,2021-01-31T12:00:00Z,flow,0.4251
tok28,2021-01-31T12:00:00Z,social,1.1812
tok28,2021-02-07T12:00:00Z,flow,-1.1732
tok28,2021-02-07T12:00:00Z,social,0.5436
tok28,2021-02-14T12:00:00Z,flow,1.8671
tok28,2021-02-14T12:00:00Z,social,1.2531
tok28,2021-02-21T12:00:00Z,flow,0.7703
tok28,2021-02-21T12:00:00Z,social,-0.9196
tok28,2021-02-28T12:00:00Z,flow,-0.0549
tok28,2021-02-28T12:00:00Z,social,-0.5157
tok28,2021-03-07T12:00:00Z,flow,0.668
tok28,2021-03-07T12:00:00Z,social,-0.2442
tok28,2021-03-14T12:00:00Z,flow,-0.1872
tok28,2021-03-14T12:00:00Z,social,0.0232
tok28,2021-03-21T12:00:00Z,flow,-1.0611
tok28,2021-03-21T12:00:00Z,social,2.056
tok28,2021-03-28T12:00:00Z,flow,1.1391
tok28,2021-03-28T12:00:00Z,social,0.8257
tok28,2021-04-04T12:00:00Z,flow,-0.7201
tok28,2021-04-04T12:00:00Z,social,2.2778
tok28,2021-04-11T12:00:00Z,flow,0.0545
tok28,2021-04-11T12:00:00Z,social,-0.2396
tok28,2021-04-18T12:00:00Z,flow,0.2859
tok28,2021-04-18T12:00:00Z,social,0.2247
tok28,2021-04-25T12:00:00Z,flow,0.6687
tok28,2021-04-25T12:00:00Z,social,-1.5609
tok28,2021-05-02T12:00:00Z,flow,1.8741
tok28,2021-05-02T12:00:00Z,social,-1.0307
tok28,2021-05-09T12:00:00Z,flow,1.7886
tok28,2021-05-09T12:00:00Z,social,-0.4905
tok28,2021-05-16T12:00:00Z,flow,1.2599
tok28,2021-05-16T12:00:00Z,social,1.0082
tok28,2021-05-23T12:00:00Z,flow,2.7292
tok28,2021-05-23T12:00:00Z,social,0.5767
tok28,2021-05-30T12:00:00Z,flow,-0.4758
tok28,2021-05-30T12:00:00Z,social,1.2522
tok28,2021-06-06T12:00:00Z,flow,-0.4761
tok28,2021-06-06T12:00:00Z,social,0.1729
tok28,2021-06-13T12:00:00Z,flow,0.2607
tok28,2021-06-13T12:00:00Z,social,0.6599
tok28,2021-06-20T12:00:00Z,flow,0.1305
tok28,2021-06-20T12:00:00Z,social,0.6672
tok28,2021-06-27T12:00:00Z,flow,-2.2109
tok28,2021-06-27T12:00:00Z,social,-0.268
tok28,2021-07-04T12:00:00Z,flow,-1.0537
tok28,2021-07-04T12:00:00Z,social,-0.9308
tok28,2021-07-11T12:00:00Z,flow,-0.9527
tok28,2021-07-11T12:00:00Z,social,-2.6936
tok28,2021-07-18T12:00:00Z,flow,1.4438
tok28,2021-07-18T12:00:00Z,social,-0.4952
tok28,2021-07-25T12:00:00Z,flow,-2.1666
tok28,2021-07-25T12:00:00Z,social,0.4131
tok28,2021-08-01T12:00:00Z,flow,1.3376
tok28,2021-08-01T12:00:00Z,social,-0.6206
tok28,2021-08-08T12:00:00Z,flow,1.8592
tok28,2021-08-08T12:00:00Z,social,0.4697
tok28,2021-08-15T12:00:00Z,flow,-0.8354
tok28,2021-08-15T12:00:00Z,social,-0.5856
tok28,2021-08-22T12:00:00Z,flow,-0.3319
tok28,2021-08-22T12:00:00Z,social,0.2857
tok28,2021-08-29T12:00:00Z,flow,-1.2151
tok28,2021-08-29T12:00:00Z,social,-1.9132
tok28,2021-09-05T12:00:00Z,flow,-0.5071
tok28,2021-09-05T12:00:00Z,social,-1.155
tok28,2021-09-12T12:00:00Z,flow,-0.8578
tok28,2021-09-12T12:00:00Z,social,0.5687
tok28,2021-09-19T12:00:00Z,flow,-0.19
tok28,2021-09-19T12:00:00Z,social,0.6699
tok28,2021-09-26T12:00:00Z,flow,1.2634
tok28,2021-09-26T12:00:00Z,social,0.8377
tok28,2021-10-03T12:00:00Z,flow,-1.6238
tok28,2021-10-03T12:00:00Z,social,-0.8947
tok28,2021-10-10T12:00:00Z,flow,0.4056
tok28,2021-10-10T12:00:00Z,social,-0.8344
tok28,2021-10-17T12:00:00Z,flow,0.6949
tok28,2021-10-17T12:00:00Z,social,1.2191
tok28,2021-10-24T12:00:00Z,flow,0.7614
tok28,2021-10-24T12:00:00Z,social,0.8042
tok28,2021-10-31T12:00:00Z,flow,-0.1085
tok28,2021-10-31T12:00:00Z,social,-0.0336
tok28,2021-11-07T12:00:00Z,flow,0.9994
tok28,2021-11-07T12:00:00Z,social,0.8996
tok28,2021-11-14T12:00:00Z,flow,-1.016
tok28,2021-11-14T12:00:00Z,social,-0.5171
tok28,2021-11-21T12:00:00Z,flow,-0.0967
tok28,2021-11-21T12:00:00Z,social,0.1725
tok28,2021-11-28T12:00:00Z,flow,-2.4581
tok28,2021-11-28T12:00:00Z,social,-2.111
tok28,2021-12-05T12:00:00Z,flow,0.758
tok28,2021-12-05T12:00:00Z,social,-0.1424
tok28,2021-12-12T12:00:00Z,flow,0.3299
tok28,2021-12-12T12:00:00Z,social,-0.3382
tok28,2021-12-19T12:00:00Z,flow,-0.7735
tok28,2021-12-19T12:00:00Z,social,-0.973
tok28,2021-12-26T12:00:00Z,flow,1.2977
tok28,2021-12-26T12:00:00Z,social,1.5189
tok28,2022-01-02T12:00:00Z,flow,-0.2681
tok28,2022-01-02T12:00:00Z,social,2.231
tok28,2022-01-09T12:00:00Z,flow,1.0022
tok28,2022-01-09T12:00:00Z,social,1.0331
tok28,2022-01-16T12:00:00Z,flow,-0.5076
tok28,2022-01-16T12:00:00Z,social,0.3124
tok28,2022-01-23T12:00:00Z,flow,-0.2932
tok28,2022-01-23T12:00:00Z,social,0.5658
tok28,2022-01-30T12:00:00Z,flow,0.9439
tok28,2022-01-30T12:00:00Z,social,-2.6927
tok28,2022-02-06T12:00:00Z,flow,-0.1043
tok28,2022-02-06T12:00:00Z,social,-1.2284
tok28,2022-02-13T12:00:00Z,flow,1.151
tok28,2022-02-13T12:00:00Z,social,-1.1803
tok28,2022-02-20T12:00:00Z,flow,0.5873
tok28,2022-02-20T12:00:00Z,social,0.3812
tok28,2022-02-27T12:00:00Z,flow,0.9391
tok28,2022-02-27T12:00:00Z,social,-0.4839
tok28,2022-03-06T12:00:00Z,flow,0.0293
tok28,2022-03-06T12:00:00Z,social,1.1823
tok28,2022-03-13T12:00:00Z,flow,-0.37
tok28,2022-03-13T12:00:00Z,social,1.5941
tok28,2022-03-20T12:00:00Z,flow,-1.3786
tok28,2022-03-20T12:00:00Z,social,-0.3234
tok28,2022-03-27T12:00:00Z,flow,2.9991
tok28,2022-03-27T12:00:00Z,social,1.279
tok28,2022-04-03T12:00:00Z,flow,-1.4392
tok28,2022-04-03T12:00:00Z,social,0.414
tok28,2022-04-10T12:00:00Z,flow,-1.1273
tok28,2022-04-10T12:00:00Z,social,0.5712
tok28,2022-04-17T12:00:00Z,flow,-1.831
tok28,2022-04-17T12:00:00Z,social,-0.6784
tok28,2022-04-24T12:00:00Z,flow,-0.5269
tok28,2022-04-24T12:00:00Z,social,0.2926
tok28,2022-05-01T12:00:00Z,flow,0.2004
tok28,2022-05-01T12:00:00Z,social,-0.2069
tok28,2022-05-08T12:00:00Z,flow,-0.3793
tok28,2022-05-08T12:00:00Z,social,-0.255
tok28,2022-05-15T12:00:00Z,flow,-0.1121
tok28,2022-05-15T12:00:00Z,social,0.8072
tok29,2021-01-03T12:00:00Z,flow,0.2136
tok29,2021-01-03T12:00:00Z,social,0.404
tok29,2021-01-10T12:00:00Z,flow,-1.2487
tok29,2021-01-10T12:00:00Z,social,-0.646
tok29,2021-01-17T12:00:00Z,flow,0.4456
tok29,2021-01-17T12:00:00Z,social,-0.1145
tok29,2021-01-24T12:00:00Z,flow,-1.0339
tok29,2021-01-24T12:00:00Z,social,-0.1039
tok29,2021-01-31T12:00:00Z,flow,0.2824
tok29,2021-01-31T12:00:00Z,social,0.5769
tok29,2021-02-07T12:00:00Z,flow,0.6378
tok29,2021-02-07T12:00:00Z,social,-0.0092
tok29,2021-02-14T12:00:00Z,flow,-0.9692
tok29,2021-02-14T12:00:00Z,social,0.2866
tok29,2021-02-21T12:00:00Z,flow,-0.7011
tok29,2021-02-21T12:00:00Z,social,-0.1044
tok29,2021-02-28T12:00:00Z,flow,0.8987
tok29,2021-02-28T12:00:00Z,social,0.5729
tok29,2021-03-07T12:00:00Z,flow,1.7847
tok29,2021-03-07T12:00:00Z,social,0.0768
tok29,2021-03-14T12:00:00Z,flow,-0.5208
tok29,2021-03-14T12:00:00Z,social,-0.0584
tok29,2021-03-21T12:00:00Z,flow,0.57
tok29,2021-03-21T12:00:00Z,social,0.9866
tok29,2021-03-28T12:00:00Z,flow,0.5796
tok29,2021-03-28T12:00:00Z,social,0.7709
tok29,2021-04-04T12:00:00Z,flow,0.9035
tok29,2021-04-04T12:00:00Z,social,0.2223
tok29,2021-04-11T12:00:00Z,flow,0.8847
tok29,2021-04-11T12:00:00Z,social,0.1903
tok29,2021-04-18T12:00:00Z,flow,0.5899
tok29,2021-04-18T12:00:00Z,social,1.5424
tok29,2021-04-25T12:00:00Z,flow,0.5875
tok29,2021-04-25T12:00:00Z,social,-2.5648
tok29,2021-05-02T12:00:00Z,flow,1.1971
tok29,2021-05-02T12:00:00Z,social,0.1761
tok29,2021-05-09T12:00:00Z,flow,0.1797
tok29,2021-05-09T12:00:00Z,social,0.3634
tok29,2021-05-16T12:00:00Z,flow,0.3749
tok29,2021-05-16T12:00:00Z,social,-0.9207
tok29,2021-05-23T12:00:00Z,flow,1.8424
tok29,2021-05-23T12:00:00Z,social,0.3605
tok29,2021-05-30T12:00:00Z,flow,1.0171
tok29,2021-05-30T12:00:00Z,social,2.1408
tok29,2021-06-06T12:00:00Z,flow,0.8397
tok29,2021-06-06T12:00:00Z,social,0.0104
tok29,2021-06-13T12:00:00Z,flow,0.003
tok29,2021-06-13T12:00:00Z,social,-1.289
tok29,2021-06-20T12:00:00Z,flow,-1.2981
tok29,2021-06-20T12:00:00Z,social,2.1861
tok29,2021-06-27T12:00:00Z,flow,-0.2679
tok29,2021-06-27T12:00:00Z,social,-0.2135
tok29,2021-07-04T12:00:00Z,flow,0.5353
tok29,2021-07-04T12:00:00Z,social,0.3937
tok29,2021-07-11T12:00:00Z,flow,-0.2733
tok29,2021-07-11T12:00:00Z,social,-1.4467
tok29,2021-07-18T12:00:00Z,flow,0.0258
tok29,2021-07-18T12:00:00Z,social,1.085
tok29,2021-07-25T12:00:00Z,flow,0.7238
tok29,2021-07-25T12:00:00Z,social,1.99
tok29,2021-08-01T12:00:00Z,flow,0.1757
tok29,2021-08-01T12:00:00Z,social,0.8431
tok29,2021-08-08T12:00:00Z,flow,-0.9955
tok29,2021-08-08T12:00:00Z,social,0.5736
tok29,2021-08-15T12:00:00Z,flow,-1.0084
tok29,2021-08-15T12:00:00Z,social,0.8087
tok29,2021-08-22T12:00:00Z,flow,0.3143
tok29,2021-08-22T12:00:00Z,social,-0.7441
tok29,2021-08-29T12:00:00Z,flow,0.945
tok29,2021-08-29T12:00:00Z,social,0.297
tok29,2021-09-05T12:00:00Z,flow,1.5805
tok29,2021-09-05T12:00:00Z,social,-0.2338
tok29,2021-09-12T12:00:00Z,flow,-0.1631
tok29,2021-09-12T12:00:00Z,social,1.4933
tok29,2021-09-19T12:00:00Z,flow,-1.6386
tok29,2021-09-19T12:00:00Z,social,-0.0656
tok29,2021-09-26T12:00:00Z,flow,0.8889
tok29,2021-09-26T12:00:00Z,social,-1.0843
tok29,2021-10-03T12:00:00Z,flow,-0.7554
tok29,2021-10-03T12:00:00Z,social,0.476
tok29,2021-10-10T12:00:00Z,flow,0.3949
tok29,2021-10-10T12:00:00Z,social,-0.4025
tok29,2021-10-17T12:00:00Z,flow,1.8419
tok29,2021-10-17T12:00:00Z,social,-0.8282
tok29,2021-10-24T12:00:00Z,flow,0.7323
tok29,2021-10-24T12:00:00Z,social,0.5235
tok29,2021-10-31T12:00:00Z,flow,0.0215
tok29,2021-10-31T12:00:00Z,social,-2.0007
tok29,2021-11-07T12:00:00Z,flow,-0.4595
tok29,2021-11-07T12:00:00Z,social,0.4415
tok29,2021-11-14T12:00:00Z,flow,-1.3971
tok29,2021-11-14T12:00:00Z,social,-0.2038
tok29,2021-11-21T12:00:00Z,flow,3.1861
tok29,2021-11-21T12:00:00Z,social,1.3478
tok29,2021-11-28T12:00:00Z,flow,-1.1048
tok29,2021-11-28T12:00:00Z,social,-0.1884
tok29,2021-12-05T12:00:00Z,flow,0.847
tok29,2021-12-05T12:00:00Z,social,0.4872
tok29,2021-12-12T12:00:00Z,flow,-0.886
tok29,2021-12-12T12:00:00Z,social,-1.0648
tok29,2021-12-19T12:00:00Z,flow,-1.536
tok29,2021-12-19T12:00:00Z,social,0.9092
tok29,2021-12-26T12:00:00Z,flow,-0.5322
tok29,2021-12-26T12:00:00Z,social,0.0381
tok29,2022-01-02T12:00:00Z,flow,1.2482
tok29,2022-01-02T12:00:00Z,social,0.7994
tok29,2022-01-09T12:00:00Z,flow,2.1404
tok29,2022-01-09T12:00:00Z,social,-1.025
tok29,2022-01-16T12:00:00Z,flow,1.3651
tok29,2022-01-16T12:00:00Z,social,-0.4996
tok29,2022-01-23T12:00:00Z,flow,-1.0224
tok29,2022-01-23T12:00:00Z,social,-0.5063
tok29,2022-01-30T12:00:00Z,flow,1.4012
tok29,2022-01-30T12:00:00Z,social,1.4632
tok29,2022-02-06T12:00:00Z,flow,-1.2018
tok29,2022-02-06T12:00:00Z,social,-1.5387
tok29,2022-02-13T12:00:00Z,flow,-0.8749
tok29,2022-02-13T12:00:00Z,social,-0.1825
tok29,2022-02-20T12:00:00Z,flow,0.5287
tok29,2022-02-20T12:00:00Z,social,0.091
tok29,2022-02-27T12:00:00Z,flow,-0.3186
tok29,2022-02-27T12:00:00Z,social,0.8451
tok29,2022-03-06T12:00:00Z,flow,1.2606
tok29,2022-03-06T12:00:00Z,social,-1.5244
tok29,2022-03-13T12:00:00Z,flow,0.7969
tok29,2022-03-13T12:00:00Z,social,1.0733
tok29,2022-03-20T12:00:00Z,flow,0.5954
tok29,2022-03-20T12:00:00Z,social,-0.2154
tok29,2022-03-27T12:00:00Z,flow,-0.0994
tok29,2022-03-27T12:00:00Z,social,0.5562
tok29,2022-04-03T12:00:00Z,flow,1.2328
tok29,2022-04-03T12:00:00Z,social,0.9485
tok29,2022-04-10T12:00:00Z,flow,-1.5867
tok29,2022-04-10T12:00:00Z,social,1.835
tok29,2022-04-17T12:00:00Z,flow,1.3668
tok29,2022-04-17T12:00:00Z,social,-0.856
tok29,2022-04-24T12:00:00Z,flow,0.0827
tok29,2022-04-24T12:00:00Z,social,-0.8771
tok29,2022-05-01T12:00:00Z,flow,1.2617
tok29,2022-05-01T12:00:00Z,social,0.2934
tok29,2022-05-08T12:00:00Z,flow,0.7644
tok29,2022-05-08T12:00:00Z,social,-0.2383
tok29,2022-05-15T12:00:00Z,flow,2.0277
tok29,2022-05-15T12:00:00Z,social,-0.6836
tok29,2022-05-22T12:00:00Z,flow,-1.1007
tok29,2022-05-22T12:00:00Z,social,1.9699
tok29,2022-05-29T12:00:00Z,flow,-0.6083
tok29,2022-05-29T12:00:00Z,social,-0.2615
tok29,2022-06-05T12:00:00Z,flow,0.8472
tok29,2022-06-05T12:00:00Z,social,0.7217
tok29,2022-06-12T12:00:00Z,flow,1.3245
tok29,2022-06-12T12:00:00Z,social,-0.539
tok29,2022-06-19T12:00:00Z,flow,0.5919
tok29,2022-06-19T12:00:00Z,social,-0.3675
tok29,2022-06-26T12:00:00Z,flow,-0.4331
tok29,2022-06-26T12:00:00Z,social,0.5631
tok29,2022-07-03T12:00:00Z,flow,0.5794
tok29,2022-07-03T12:00:00Z,social,0.3316
tok29,2022-07-10T12:00:00Z,flow,-2.6241
tok29,2022-07-10T12:00:00Z,social,-0.8945
tok29,2022-07-17T12:00:00Z,flow,0.4224
tok29,2022-07-17T12:00:00Z,social,0.0684
tok29,2022-07-24T12:00:00Z,flow,0.8948
tok29,2022-07-24T12:00:00Z,social,0.9414
tok29,2022-07-31T12:00:00Z,flow,0.149
tok29,2022-07-31T12:00:00Z,social,1.8333
tok29,2022-08-07T12:00:00Z,flow,1.8671
tok29,2022-08-07T12:00:00Z,social,1.5122
tok29,2022-08-14T12:00:00Z,flow,0.7563
tok29,2022-08-14T12:00:00Z,social,-0.6919
tok30,2021-01-03T12:00:00Z,flow,0.2173
tok30,2021-01-03T12:00:00Z,social,0.0726
tok30,2021-01-10T12:00:00Z,flow,-0.3139
tok30,2021-01-10T12:00:00Z,social,-1.179
tok30,2021-01-17T12:00:00Z,flow,0.4684
tok30,2021-01-17T12:00:00Z,social,0.6178
tok30,2021-01-24T12:00:00Z,flow,0.6659
tok30,2021-01-24T12:00:00Z,social,-0.682
tok30,2021-01-31T12:00:00Z,flow,-1.1593
tok30,2021-01-31T12:00:00Z,social,0.447
tok30,2021-02-07T12:00:00Z,flow,1.3173
tok30,2021-02-07T12:00:00Z,social,-0.8116
tok30,2021-02-14T12:00:00Z,flow,-0.2961
tok30,2021-02-14T12:00:00Z,social,0.4625
tok30,2021-02-21T12:00:00Z,flow,-1.1262
tok30,2021-02-21T12:00:00Z,social,-0.3049
tok30,2021-02-28T12:00:00Z,flow,-0.9148
tok30,2021-02-28T12:00:00Z,social,0.9649
tok30,2021-03-07T12:00:00Z,flow,-0.3097
tok30,2021-03-07T12:00:00Z,social,1.45
tok30,2021-03-14T12:00:00Z,flow,0.9392
tok30,2021-03-14T12:00:00Z,social,-0.3473
tok30,2021-03-21T12:00:00Z,flow,-0.4904
tok30,2021-03-21T12:00:00Z,social,-1.0928
tok30,2021-03-28T12:00:00Z,flow,-0.7518
tok30,2021-03-28T12:00:00Z,social,0.1041
tok30,2021-04-04T12:00:00Z,flow,0.1213
tok30,2021-04-04T12:00:00Z,social,1.5671
tok30,2021-04-11T12:00:00Z,flow,2.131
tok30,2021-04-11T12:00:00Z,social,1.8981
tok30,2021-04-18T12:00:00Z,flow,-0.6651
tok30,2021-04-18T12:00:00Z,social,-0.0001
tok30,2021-04-25T12:00:00Z,flow,0.2597
tok30,2021-04-25T12:00:00Z,social,1.0773
tok30,2021-05-02T12:00:00Z,flow,0.9911
tok30,2021-05-02T12:00:00Z,social,-0.1438
tok30,2021-05-09T12:00:00Z,flow,-1.8821
tok30,2021-05-09T12:00:00Z,social,0.6372
tok30,2021-05-16T12:00:00Z,flow,-1.5809
tok30,2021-05-16T12:00:00Z,social,0.7944
tok30,2021-05-23T12:00:00Z,flow,-0.2145
tok30,2021-05-23T12:00:00Z,social,0.0409
tok30,2021-05-30T12:00:00Z,flow,-2.1746
tok30,2021-05-30T12:00:00Z,social,0.6937
tok30,2021-06-06T12:00:00Z,flow,-2.7437
tok30,2021-06-06T12:00:00Z,social,-1.512
tok30,2021-06-13T12:00:00Z,flow,0.532
tok30,2021-06-13T12:00:00Z,social,-0.8642
tok30,2021-06-20T12:00:00Z,flow,-0.379
tok30,2021-06-20T12:00:00Z,social,-0.2754
tok30,2021-06-27T12:00:00Z,flow,-2.1514
tok30,2021-06-27T12:00:00Z,social,-0.4851
tok30,2021-07-04T12:00:00Z,flow,1.7259
tok30,2021-07-04T12:00:00Z,social,0.446
tok30,2021-07-11T12:00:00Z,flow,0.0839
tok30,2021-07-11T12:00:00Z,social,0.0006
tok30,2021-07-18T12:00:00Z,flow,1.5105
tok30,2021-07-18T12:00:00Z,social,-0.3248
tok30,2021-07-25T12:00:00Z,flow,-1.0715
tok30,2021-07-25T12:00:00Z,social,-0.2561
tok30,2021-08-01T12:00:00Z,flow,-0.7196
tok30,2021-08-01T12:00:00Z,social,1.8146
tok30,2021-08-08T12:00:00Z,flow,0.9111
tok30,2021-08-08T12:00:00Z,social,0.5138
tok30,2021-08-15T12:00:00Z,flow,2.1957
tok30,2021-08-15T12:00:00Z,social,0.0788
tok30,2021-08-22T12:00:00Z,flow,-1.0499
tok30,2021-08-22T12:00:00Z,social,-2.3311
tok30,2021-08-29T12:00:00Z,flow,-0.8739
tok30,2021-08-29T12:00:00Z,social,1.0934
tok30,2021-09-05T12:00:00Z,flow,0.1783
tok30,2021-09-05T12:00:00Z,social,0.4253
tok30,2021-09-12T12:00:00Z,flow,0.364
tok30,2021-09-12T12:00:00Z,social,0.5797
tok30,2021-09-19T12:00:00Z,flow,0.4325
tok30,2021-09-19T12:00:00Z,social,1.1778
tok30,2021-09-26T12:00:00Z,flow,-0.2867
tok30,2021-09-26T12:00:00Z,social,-0.033
tok30,2021-10-03T12:00:00Z,flow,1.0532
tok30,2021-10-03T12:00:00Z,social,0.9829
tok30,2021-10-10T12:00:00Z,flow,2.3979
tok30,2021-10-10T12:00:00Z,social,0.0842
tok30,2021-10-17T12:00:00Z,flow,1.5334
tok30,2021-10-17T12:00:00Z,social,-0.7523
tok30,2021-10-24T12:00:00Z,flow,-0.4875
tok30,2021-10-24T12:00:00Z,social,0.6643
tok30,2021-10-31T12:00:00Z,flow,-0.3395
tok30,2021-10-31T12:00:00Z,social,0.1148
tok30,2021-11-07T12:00:00Z,flow,0.8553
tok30,2021-11-07T12:00:00Z,social,2.8543
tok30,2021-11-14T12:00:00Z,flow,-1.8742
tok30,2021-11-14T12:00:00Z,social,0.0186
tok30,2021-11-21T12:00:00Z,flow,-0.763
tok30,2021-11-21T12:00:00Z,social,2.5638
tok30,2021-11-28T12:00:00Z,flow,-0.339
tok30,2021-11-28T12:00:00Z,social,-0.4251
tok30,2021-12-05T12:00:00Z,flow,0.0437
tok30,2021-12-05T12:00:00Z,social,0.4707
tok30,2021-12-12T12:00:00Z,flow,0.5348
tok30,2021-12-12T12:00:00Z,social,0.6274
tok30,2021-12-19T12:00:00Z,flow,-0.9372
tok30,2021-12-19T12:00:00Z,social,0.7458
tok30,2021-12-26T12:00:00Z,flow,1.0374
tok30,2021-12-26T12:00:00Z,social,0.9699
tok30,2022-01-02T12:00:00Z,flow,-1.0467
tok30,2022-01-02T12:00:00Z,social,-0.8129
tok30,2022-01-09T12:00:00Z,flow,-0.5827
tok30,2022-01-09T12:00:00Z,social,-1.8064
tok30,2022-01-16T12:00:00Z,flow,2.5277
tok30,2022-01-16T12:00:00Z,social,0.1787
tok30,2022-01-23T12:00:00Z,flow,0.3065
tok30,2022-01-23T12:00:00Z,social,0.0084
tok30,2022-01-30T12:00:00Z,flow,1.2845
tok30,2022-01-30T12:00:00Z,social,-0.3619
tok30,2022-02-06T12:00:00Z,flow,0.3778
tok30,2022-02-06T12:00:00Z,social,-0.0123
tok30,2022-02-13T12:00:00Z,flow,0.6845
tok30,2022-02-13T12:00:00Z,social,0.2284
tok30,2022-02-20T12:00:00Z,flow,-0.4369
tok30,2022-02-20T12:00:00Z,social,-0.1792
tok30,2022-02-27T12:00:00Z,flow,1.4249
tok30,2022-02-27T12:00:00Z,social,-1.25
tok30,2022-03-06T12:00:00Z,flow,0.4202
tok30,2022-03-06T12:00:00Z,social,-0.1357
tok30,2022-03-13T12:00:00Z,flow,-0.0601
tok30,2022-03-13T12:00:00Z,social,-1.0048
tok30,2022-03-20T12:00:00Z,flow,-1.3552
tok30,2022-03-20T12:00:00Z,social,0.7563
tok30,2022-03-27T12:00:00Z,flow,0.7663
tok30,2022-03-27T12:00:00Z,social,0.1152
tok30,2022-04-03T12:00:00Z,flow,0.5623
tok30,2022-04-03T12:00:00Z,social,0.6198
tok30,2022-04-10T12:00:00Z,flow,1.8331
tok30,2022-04-10T12:00:00Z,social,0.7327
tok30,2022-04-17T12:00:00Z,flow,-1.2544
tok30,2022-04-17T12:00:00Z,social,0.35
tok30,2022-04-24T12:00:00Z,flow,-1.9704
tok30,2022-04-24T12:00:00Z,social,0.9905
tok30,2022-05-01T12:00:00Z,flow,0.7691
tok30,2022-05-01T12:00:00Z,social,-1.4029
tok30,2022-05-08T12:00:00Z,flow,-1.6849
tok30,2022-05-08T12:00:00Z,social,1.0837
tok30,2022-05-15T12:00:00Z,flow,0.838
tok30,2022-05-15T12:00:00Z,social,-0.1914
tok30,2022-05-22T12:00:00Z,flow,-0.5806
tok30,2022-05-22T12:00:00Z,social,1.2469
tok30,2022-05-29T12:00:00Z,flow,0.9995
tok30,2022-05-29T12:00:00Z,social,0.2951
tok30,2022-06-05T12:00:00Z,flow,0.9504
tok30,2022-06-05T12:00:00Z,social,2.185
tok30,2022-06-12T12:00:00Z,flow,-0.9109
tok30,2022-06-12T12:00:00Z,social,0.9798
tok30,2022-06-19T12:00:00Z,flow,0.35
tok30,2022-06-19T12:00:00Z,social,0.6755
tok30,2022-06-26T12:00:00Z,flow,-0.9556
tok30,2022-06-26T12:00:00Z,social,-0.1397
tok30,2022-07-03T12:00:00Z,flow,0.7615
tok30,2022-07-03T12:00:00Z,social,-0.3054
tok30,2022-07-10T12:00:00Z,flow,-0.1172
tok30,2022-07-10T12:00:00Z,social,-0.1961
tok30,2022-07-17T12:00:00Z,flow,1.1095
tok30,2022-07-17T12:00:00Z,social,0.7934
tok30,2022-07-24T12:00:00Z,flow,-3.1722
tok30,2022-07-24T12:00:00Z,social,-0.1115
tok30,2022-07-31T12:00:00Z,flow,-1.4533
tok30,2022-07-31T12:00:00Z,social,1.3333
tok30,2022-08-07T12:00:00Z,flow,1.1065
tok30,2022-08-07T12:00:00Z,social,-0.0393
tok30,2022-08-14T12:00:00Z,flow,-0.2606
tok30,2022-08-14T12:00:00Z,social,0.1759
tok30,2022-08-21T12:00:00Z,flow,-0.0353
tok30,2022-08-21T12:00:00Z,social,0.4533
tok30,2022-08-28T12:00:00Z,flow,-1.9083
tok30,2022-08-28T12:00:00Z,social,-0.2803
tok30,2022-09-04T12:00:00Z,flow,-0.0689
tok30,2022-09-04T12:00:00Z,social,-0.2538
tok30,2022-09-11T12:00:00Z,flow,-0.7775
tok30,2022-09-11T12:00:00Z,social,0.7929
tok30,2022-09-18T12:00:00Z,flow,-0.848
tok30,2022-09-18T12:00:00Z,social,0.379
tok30,2022-09-25T12:00:00Z,flow,-0.778
tok30,2022-09-25T12:00:00Z,social,0.2715
tok30,2022-10-02T12:00:00Z,flow,0.082
tok30,2022-10-02T12:00:00Z,social,0.977
tok30,2022-10-09T12:00:00Z,flow,0.9598
tok30,2022-10-09T12:00:00Z,social,-0.4686
tok30,2022-10-16T12:00:00Z,flow,-1.2954
tok30,2022-10-16T12:00:00Z,social,2.2546
tok30,2022-10-23T12:00:00Z,flow,0.8487
tok30,2022-10-23T12:00:00Z,social,-0.0985
tok30,2022-10-30T12:00:00Z,flow,0.7322
tok30,2022-10-30T12:00:00Z,social,1.0899
tok30,2022-11-06T12:00:00Z,flow,0.533
tok30,2022-11-06T12:00:00Z,social,-0.314
